material_id,formula,ehull,gap,is_stable,spg_number,spg_symbol,x_site,anti_perovskite,perovskite_type,b_site,dimensionality,reason,space_group_rule,toxic_element,elements,in_main_window,in_main_ehull
mp-36600,Ag3SBr,0.06829638599999699,0.39769999999999994,False,42,Fmm2,Ag,True,False,,,the element present three times is more electropositive than both others (anti-perovskite),False,False,Ag Br S,True,False
mp-1105645,Ag3SBr,0.09831240649999673,0.2964,False,63,Cmcm,Ag,True,False,,,the element present three times is more electropositive than both others (anti-perovskite),True,False,Ag Br S,True,False
mp-1229116,Ag3SBr,0.06369864099999667,0.39870000000000005,False,6,Pm,Ag,True,False,,,the element present three times is more electropositive than both others (anti-perovskite),False,False,Ag Br S,True,False
mp-22995,Ag3SI,0.06681819699999636,0.5390000000000001,False,146,R3,Ag,True,False,,,the element present three times is more electropositive than both others (anti-perovskite),False,False,Ag I S,True,False
mp-632480,Ag3SI,0.07368223299999643,0.16759999999999975,False,1,P1,Ag,True,False,,,the element present three times is more electropositive than both others (anti-perovskite),False,False,Ag I S,True,False
mp-673825,Ag3SI,0.08476500199999659,0.2569999999999997,False,1,P1,Ag,True,False,,,the element present three times is more electropositive than both others (anti-perovskite),False,False,Ag I S,True,False
mp-674981,Ag3SI,0.07722502499999662,0.26239999999999997,False,6,Pm,Ag,True,False,,,the element present three times is more electropositive than both others (anti-perovskite),False,False,Ag I S,True,False
mp-675879,Ag3SI,0.07550974299999647,0.2850999999999999,False,4,P2_1,Ag,True,False,,,the element present three times is more electropositive than both others (anti-perovskite),False,False,Ag I S,True,False
mp-676121,Ag3SI,0.07393431999999667,0.3738999999999999,False,1,P1,Ag,True,False,,,the element present three times is more electropositive than both others (anti-perovskite),False,False,Ag I S,True,False
mp-676561,Ag3SI,0.07761220499999677,0.3330000000000002,False,155,R32,Ag,True,False,,,the element present three times is more electropositive than both others (anti-perovskite),False,False,Ag I S,True,False
mp-1173025,Ag3SI,0.08667530199999662,0.3526875971307706,False,42,Fmm2,Ag,True,False,,,the element present three times is more electropositive than both others (anti-perovskite),False,False,Ag I S,True,False
mp-558950,AgAsO3,0.02576531425000006,0.49849999999999994,False,29,Pca2_1,O,False,False,,,B=Ag: Ag site 0 is not octahedrally coordinated by O; B=As: As site 26 is not octahedrally coordinated by O,False,True,Ag As O,True,True
mp-775767,AgAsO3,0.037267864500000414,0.5616999999999999,False,15,C2/c,O,False,False,,,B=Ag: Ag site 0 is not octahedrally coordinated by O; B=As: As site 4 is not octahedrally coordinated by O,False,True,Ag As O,True,True
mp-1178563,AgAsO3,0.0,0.2921,True,148,R-3,O,False,False,,,B=Ag: two B atoms share more than one X atom (edge- or face-sharing octahedra); B=As: two B atoms share more than one X atom (edge- or face-sharing octahedra),False,True,Ag As O,True,True
mp-776165,AgAuO3,0.05942440183333275,0.24230000000000018,False,227,Fd-3m,O,False,True,Ag,3.0,,False,False,Ag Au O,True,False
mp-1178562,AgBrO3,0.0016533185833340625,2.383,False,160,R3m,O,False,False,,,B=Ag: Ag site 0 is not octahedrally coordinated by O; B=Br: Br site 1 is not octahedrally coordinated by O,False,False,Ag Br O,True,True
mp-27941,AgClO3,0.03828472649999792,2.3983,False,87,I4/m,O,False,False,,,B=Ag: Ag site 0 is not octahedrally coordinated by O; B=Cl: Cl site 4 is not octahedrally coordinated by O,False,False,Ag Cl O,True,True
mp-775761,AgClO3,0.03158415249999713,2.925,False,198,P2_13,O,False,True,Ag,3.0,,False,False,Ag Cl O,True,True
mp-776199,AgClO3,0.04860494549999839,3.1130999999999998,False,14,P2_1/c,O,False,False,,,B=Ag: Ag site 0 is not octahedrally coordinated by O; B=Cl: Cl site 4 is not octahedrally coordinated by O,False,False,Ag Cl O,False,True
mp-1178561,AgClO3,0.09281757449999795,2.7117,False,160,R3m,O,False,False,,,B=Ag: Ag site 0 is not octahedrally coordinated by O; B=Cl: Cl site 1 is not octahedrally coordinated by O,False,False,Ag Cl O,True,False
mp-27384,AgIO3,0.0,2.4375,True,29,Pca2_1,O,False,False,,,B=Ag: Ag site 0 is not octahedrally coordinated by O; B=I: I site 8 is not octahedrally coordinated by O,False,False,Ag I O,True,True
mp-849271,AgIO3,0.027469873500000297,1.9765000000000001,False,62,Pnma,O,False,True,Ag,3.0,,True,False,Ag I O,True,True
mp-1202188,AgIO3,0.010943250000000404,1.8079435668012565,False,61,Pbca,O,False,False,,,B=Ag: Ag site 0 is not octahedrally coordinated by O; B=I: I site 8 is not octahedrally coordinated by O,False,False,Ag I O,True,True
mp-8196,AgNO3,0.031171343000000462,1.7204,False,160,R3m,O,False,False,,,B=Ag: Ag site 0 is not octahedrally coordinated by O; B=N: N site 1 is not octahedrally coordinated by O,False,False,Ag N O,True,True
mp-552185,AgNO3,0.0,1.8635,True,161,R3c,O,False,True,Ag,3.0,,False,False,Ag N O,True,True
mp-638686,AgNO3,0.002379382500000027,2.0088999999999997,False,61,Pbca,O,False,False,,,B=Ag: Ag site 0 is not octahedrally coordinated by O; B=N: N site 8 is not octahedrally coordinated by O,False,False,Ag N O,True,True
mp-669466,AgNO3,0.005029587999999308,2.0035935215150227,False,19,P2_12_12_1,O,False,False,,,B=Ag: Ag site 0 is not octahedrally coordinated by O; B=N: N site 8 is not octahedrally coordinated by O,False,False,Ag N O,True,True
mp-18702,AgPO3,0.0,2.0246000000000004,True,14,P2_1/c,O,False,False,,,B=Ag: Ag site 0 is not octahedrally coordinated by O; B=P: P site 8 is not octahedrally coordinated by O,False,False,Ag O P,True,True
mp-775762,AgPO3,0.04544482850000975,2.1167999999999996,False,14,P2_1/c,O,False,False,,,B=Ag: Ag site 0 is not octahedrally coordinated by O; B=P: P site 4 is not octahedrally coordinated by O,False,False,Ag O P,True,True
mp-5470,AgPS3,0.004740131833317562,1.3228,False,12,C2/m,S,False,False,,,B=Ag: Ag site 0 is not octahedrally coordinated by S; B=P: P site 2 is not octahedrally coordinated by S,False,False,Ag P S,True,True
mp-545999,AgSbO3,0.01676315999999911,0.13329999999999975,False,148,R-3,O,False,False,,,B=Ag: two B atoms share more than one X atom (edge- or face-sharing octahedra); B=Sb: two B atoms share more than one X atom (edge- or face-sharing octahedra),False,False,Ag O Sb,True,True
mp-860791,AgSbO3,0.0604233523333324,0.28869999999999996,False,5,C2,O,False,False,,,B=Ag: Ag site 0 is not octahedrally coordinated by O; B=Sb: two B atoms share more than one X atom (edge- or face-sharing octahedra),False,False,Ag O Sb,True,False
mp-558637,AgTeO3,0.02047434975000062,1.6662000000000003,False,14,P2_1/c,O,False,False,,,B=Ag: Ag site 0 is not octahedrally coordinated by O; B=Te: Te site 9 is not octahedrally coordinated by O,False,False,Ag O Te,True,True
mp-559257,AgTeO3,0.0,1.4211,True,14,P2_1/c,O,False,False,,,B=Ag: Ag site 0 is not octahedrally coordinated by O; B=Te: Te site 9 is not octahedrally coordinated by O,False,False,Ag O Te,True,True
mp-561489,AgTeO3,0.020124158499999822,1.1630000000000003,False,11,P2_1/m,O,False,False,,,B=Ag: Ag site 2 is not octahedrally coordinated by O; B=Te: Te site 4 is not octahedrally coordinated by O,False,False,Ag O Te,True,True
mp-1228446,Al3BC,0.0,0.4530000000000003,True,194,P6_3/mmc,Al,True,False,,,the element present three times is more electropositive than both others (anti-perovskite),False,False,Al B C,True,True
mp-551918,AlBiO3,0.05333506424998369,2.8716,False,161,R3c,O,False,True,Al,3.0,,False,False,Al Bi O,True,False
mp-775763,AlBiO3,0.07829417874998335,3.0461,False,14,P2_1/c,O,False,False,,,B=Al: Al site 0 is not octahedrally coordinated by O; B=Bi: Bi site 4 is not octahedrally coordinated by O,False,False,Al Bi O,False,False
mp-1178576,AlCoO3,0.031363284499999367,2.5824999999999996,False,148,R-3,O,False,False,,,B=Al: two B atoms share more than one X atom (edge- or face-sharing octahedra); B=Co: two B atoms share more than one X atom (edge- or face-sharing octahedra),False,False,Al Co O,True,True
mp-776172,AlCuO3,0.08331138212500022,0.35000000000000053,False,14,P2_1/c,O,False,False,,,B=Al: Al site 0 is not octahedrally coordinated by O; B=Cu: Cu site 4 is not octahedrally coordinated by O,False,False,Al Cu O,True,False
mp-21216,AlFeO3,0.04395583499999933,2.0193000000000003,False,33,Pna2_1,O,False,False,,,"B=Al: Al site 4 is not octahedrally coordinated by O; B=Fe: an O atom bridges 1 Fe atoms, not two",False,False,Al Fe O,True,True
mp-776154,AlFeO3,0.08031608349999964,2.1089,False,62,Pnma,O,False,True,Al,3.0,,True,False,Al Fe O,True,False
mp-1178577,AlFeO3,0.03255285249999851,2.1956,False,148,R-3,O,False,False,,,B=Al: two B atoms share more than one X atom (edge- or face-sharing octahedra); B=Fe: two B atoms share more than one X atom (edge- or face-sharing octahedra),False,False,Al Fe O,True,True
mp-772187,AlGaO3,0.028743235249999444,3.1117000000000004,False,33,Pna2_1,O,False,False,,,B=Al: Al site 0 is not octahedrally coordinated by O; B=Ga: Ga site 8 is not octahedrally coordinated by O,False,False,Al Ga O,False,True
mp-772898,AlGaO3,0.027670599999999546,3.2132,False,33,Pna2_1,O,False,False,,,B=Al: Al site 0 is not octahedrally coordinated by O; B=Ga: Ga site 9 is not octahedrally coordinated by O,False,False,Al Ga O,False,True
mp-754157,AlInO3,0.03466006749999995,2.162,False,194,P6_3/mmc,O,False,False,,,"B=Al: Al site 0 is not octahedrally coordinated by O; B=In: an O atom bridges 0 In atoms, not two",False,False,Al In O,True,True
mp-504482,AlInS3,0.0,2.3613999999999997,True,169,P6_1,S,False,False,,,B=Al: Al site 0 is not octahedrally coordinated by S; B=In: In site 6 is not octahedrally coordinated by S,False,False,Al In S,True,True
mp-862787,AlInSe3,0.0,1.6095999999999995,True,169,P6_1,Se,False,False,,,B=Al: Al site 0 is not octahedrally coordinated by Se; B=In: In site 6 is not octahedrally coordinated by Se,False,False,Al In Se,True,True
mp-1178547,AlRhO3,0.03879659574999561,1.7659000000000002,False,194,P6_3/mmc,O,False,False,,,"B=Al: Al site 0 is not octahedrally coordinated by O; B=Rh: an O atom bridges 3 Rh atoms, not two",False,False,Al O Rh,True,True
mp-1261047,AlSbO3,0.06185240350000498,3.9107000000000003,False,4,P2_1,O,False,False,,,B=Al: Al site 0 is not octahedrally coordinated by O; B=Sb: Sb site 4 is not octahedrally coordinated by O,False,False,Al O Sb,False,False
mp-5168,AlSiP3,0.007223912499998875,0.28859999999999975,False,62,Pnma,P,False,True,Al,3.0,,True,False,Al P Si,True,True
mp-31220,AlSiTe3,0.0,1.2309,True,162,P-31m,Te,False,False,,,B=Al: two B atoms share more than one X atom (edge- or face-sharing octahedra); B=Si: Si site 2 is not octahedrally coordinated by Te,False,False,Al Si Te,True,True
mp-768539,AlTlO3,0.0753195514999998,0.7376999999999994,False,62,Pnma,O,False,True,Al,3.0,,True,True,Al O Tl,True,False
mp-756082,AlVO3,0.08644308012499735,2.1441999999999997,False,62,Pnma,O,False,True,Al,3.0,,True,False,Al O V,True,False
mp-765647,AlVO3,0.08873259612499673,1.1677,False,8,Cm,O,False,False,,,"B=Al: Al site 0 is not octahedrally coordinated by O; B=V: an O atom bridges 1 V atoms, not two",False,False,Al O V,True,False
mp-1178549,AlVO3,0.019815870624997345,1.569,False,148,R-3,O,False,False,,,B=Al: two B atoms share more than one X atom (edge- or face-sharing octahedra); B=V: two B atoms share more than one X atom (edge- or face-sharing octahedra),False,False,Al O V,True,True
mp-753806,BSbO3,0.04801483816666874,3.7698,False,2,P-1,O,False,False,,,B=B: B site 0 is not octahedrally coordinated by O; B=Sb: Sb site 2 is not octahedrally coordinated by O,False,False,B O Sb,False,True
mp-755829,BSbO3,0.04718943866666869,3.6549000000000005,False,15,C2/c,O,False,False,,,B=B: B site 0 is not octahedrally coordinated by O; B=Sb: Sb site 4 is not octahedrally coordinated by O,False,False,B O Sb,False,True
mp-567666,Ba3BiN,0.0,0.6473,True,194,P6_3/mmc,Ba,True,False,,,the element present three times is more electropositive than both others (anti-perovskite),False,False,Ba Bi N,True,True
mp-17833,Ba3GeO,0.0,0.3565999999999998,True,62,Pnma,Ba,True,False,,,the element present three times is more electropositive than both others (anti-perovskite),True,False,Ba Ge O,True,True
mp-12814,Ba3SbN,0.0,0.6988000000000003,True,194,P6_3/mmc,Ba,True,False,,,the element present three times is more electropositive than both others (anti-perovskite),False,False,Ba N Sb,True,True
mp-755363,Ba3SiO,0.0,0.42169999999999996,True,62,Pnma,Ba,True,False,,,the element present three times is more electropositive than both others (anti-perovskite),True,False,Ba O Si,True,True
mp-27365,BaBiSe3,0.0,0.7321,True,19,P2_12_12_1,Se,False,False,,,B=Ba: Ba site 0 is not octahedrally coordinated by Se; B=Bi: Bi site 8 is not octahedrally coordinated by Se,False,False,Ba Bi Se,True,True
mp-4559,BaCO3,0.021844735000008164,4.4228,False,160,R3m,O,False,False,,,B=Ba: Ba site 0 is not octahedrally coordinated by O; B=C: C site 1 is not octahedrally coordinated by O,False,False,Ba C O,False,True
mp-5504,BaCO3,0.0,4.397399999999999,True,62,Pnma,O,False,False,,,B=Ba: Ba site 0 is not octahedrally coordinated by O; B=C: C site 4 is not octahedrally coordinated by O,True,False,Ba C O,False,True
mp-34195,BaCO3,0.03535959000000766,4.354299999999999,False,11,P2_1/m,O,False,False,,,B=Ba: Ba site 0 is not octahedrally coordinated by O; B=C: C site 2 is not octahedrally coordinated by O,False,False,Ba C O,False,True
mp-674478,BaCO3,0.049906871000008124,4.1702,False,167,R-3c,O,False,True,Ba,3.0,,True,False,Ba C O,False,True
mp-675324,BaCO3,0.07582380200000838,4.0966000000000005,False,34,Pnn2,O,False,True,Ba,3.0,,False,False,Ba C O,False,False
mp-676020,BaCO3,0.03376590800000745,4.0287,False,12,C2/m,O,False,False,,,B=Ba: Ba site 0 is not octahedrally coordinated by O; B=C: C site 2 is not octahedrally coordinated by O,False,False,Ba C O,False,True
mp-762225,BaCO3,0.013236834000007747,4.474,False,4,P2_1,O,False,False,,,B=Ba: Ba site 0 is not octahedrally coordinated by O; B=C: C site 2 is not octahedrally coordinated by O,False,False,Ba C O,False,True
mp-1227982,BaCO3,0.049050461000008205,4.1409,False,155,R32,O,False,True,Ba,3.0,,False,False,Ba C O,False,True
mp-2626703,BaCO3,0.04385683600000867,4.1813,False,44,Imm2,O,False,False,,,B=Ba: Ba site 0 is not octahedrally coordinated by O; B=C: C site 2 is not octahedrally coordinated by O,False,False,Ba C O,False,True
mp-3187,BaCeO3,0.0,2.4469,True,62,Pnma,O,False,True,Ce,3.0,,True,False,Ba Ce O,True,True
mp-3316,BaCeO3,0.000642611000001736,2.4637000000000002,False,74,Imma,O,False,True,Ce,3.0,,True,False,Ba Ce O,True,True
mp-4900,BaCeO3,0.0025211640000009083,2.4505,False,167,R-3c,O,False,True,Ce,3.0,,True,False,Ba Ce O,True,True
mp-5663,BaCeO3,0.0403338960000017,2.2990000000000004,False,221,Pm-3m,O,False,True,Ce,3.0,,True,False,Ba Ce O,True,True
mp-1283250,BaCoO3,0.0010551950000010635,1.1424000000000003,False,12,C2/m,O,False,False,,,B=Ba: Ba site 0 is not octahedrally coordinated by O; B=Co: two B atoms share more than one X atom (edge- or face-sharing octahedra),False,False,Ba Co O,True,True
mp-13863,BaGeO3,0.0,3.5515,True,19,P2_12_12_1,O,False,False,,,B=Ba: Ba site 0 is not octahedrally coordinated by O; B=Ge: Ge site 4 is not octahedrally coordinated by O,False,False,Ba Ge O,False,True
mp-1195469,BaGeS3,0.0,2.9958000000000005,True,14,P2_1/c,S,False,False,,,B=Ba: Ba site 0 is not octahedrally coordinated by S; B=Ge: Ge site 8 is not octahedrally coordinated by S,False,False,Ba Ge S,True,True
mp-998552,BaHfO3,0.0,3.5394,True,221,Pm-3m,O,False,True,Hf,3.0,,True,False,Ba Hf O,False,True
mp-998352,BaHfS3,0.02835506049999914,0.8438999999999997,False,160,R3m,S,False,True,Hf,3.0,,False,False,Ba Hf S,True,True
mp-998419,BaHfS3,0.007506210999999041,0.8664999999999998,False,62,Pnma,S,False,False,,,"B=Ba: Ba site 0 is not octahedrally coordinated by S; B=Hf: an S atom bridges 3 Hf atoms, not two",True,False,Ba Hf S,True,True
mp-1105549,BaHfS3,0.0,1.2523999999999997,True,62,Pnma,S,False,True,Hf,3.0,,True,False,Ba Hf S,True,True
mp-1383356,BaHfS3,0.02826270449999857,0.7077999999999998,False,221,Pm-3m,S,False,True,Hf,3.0,,True,False,Ba Hf S,True,True
mp-23818,BaLiH3,0.0,2.2146,True,221,Pm-3m,H,False,True,Li,3.0,,True,False,Ba H Li,True,True
mp-18840,BaMnO3,0.0,0.9340999999999999,True,166,R-3m,O,False,False,,,B=Ba: Ba site 0 is not octahedrally coordinated by O; B=Mn: two B atoms share more than one X atom (edge- or face-sharing octahedra),False,False,Ba Mn O,True,True
mp-19267,BaMnO3,0.005607107666667055,2.0603,False,185,P6_3cm,O,False,False,,,B=Ba: Ba site 0 is not octahedrally coordinated by O; B=Mn: two B atoms share more than one X atom (edge- or face-sharing octahedra),False,False,Ba Mn O,True,True
mp-35078,BaMnO3,0.013227351166666068,0.7543000000000002,False,194,P6_3/mmc,O,False,False,,,B=Ba: Ba site 0 is not octahedrally coordinated by O; B=Mn: two B atoms share more than one X atom (edge- or face-sharing octahedra),False,False,Ba Mn O,True,True
mp-557535,BaMnO3,0.0012205596666667873,0.7427999999999999,False,194,P6_3/mmc,O,False,False,,,B=Ba: Ba site 0 is not octahedrally coordinated by O; B=Mn: two B atoms share more than one X atom (edge- or face-sharing octahedra),False,False,Ba Mn O,True,True
mp-675227,BaMnO3,0.0017817334666663243,0.8679000000000001,False,166,R-3m,O,False,False,,,B=Ba: Ba site 0 is not octahedrally coordinated by O; B=Mn: two B atoms share more than one X atom (edge- or face-sharing octahedra),False,False,Ba Mn O,True,True
mp-757501,BaMnO3,0.005214321999998717,0.8081,False,187,P-6m2,O,False,False,,,B=Ba: Ba site 0 is not octahedrally coordinated by O; B=Mn: two B atoms share more than one X atom (edge- or face-sharing octahedra),False,False,Ba Mn O,True,True
mp-1205336,BaMnO3,0.007626374666666713,1.8948,False,186,P6_3mc,O,False,False,,,B=Ba: Ba site 0 is not octahedrally coordinated by O; B=Mn: two B atoms share more than one X atom (edge- or face-sharing octahedra),False,False,Ba Mn O,True,True
mp-19138,BaNiO3,0.0,1.5107000000000004,True,194,P6_3/mmc,O,False,False,,,B=Ba: Ba site 0 is not octahedrally coordinated by O; B=Ni: two B atoms share more than one X atom (edge- or face-sharing octahedra),False,False,Ba Ni O,True,True
mp-19241,BaNiO3,8.089700000013522e-05,1.5157000000000003,False,186,P6_3mc,O,False,False,,,B=Ba: Ba site 0 is not octahedrally coordinated by O; B=Ni: two B atoms share more than one X atom (edge- or face-sharing octahedra),False,False,Ba Ni O,True,True
mp-11006,BaPS3,0.0,3.1164000000000005,True,14,P2_1/c,S,False,False,,,B=Ba: Ba site 0 is not octahedrally coordinated by S; B=P: P site 4 is not octahedrally coordinated by S,False,False,Ba P S,False,True
mp-11008,BaPSe3,0.0,2.1651000000000002,True,14,P2_1/c,Se,False,False,,,B=Ba: Ba site 0 is not octahedrally coordinated by Se; B=P: P site 4 is not octahedrally coordinated by Se,False,False,Ba P Se,True,True
mp-1214788,BaPtO3,0.004715041123821706,0.44200000000000017,False,194,P6_3/mmc,O,False,False,,,B=Ba: Ba site 0 is not octahedrally coordinated by O; B=Pt: two B atoms share more than one X atom (edge- or face-sharing octahedra),False,False,Ba O Pt,True,True
mp-989637,BaReN3,0.0,1.7855000000000003,True,15,C2/c,N,False,False,,,B=Ba: Ba site 0 is not octahedrally coordinated by N; B=Re: Re site 4 is not octahedrally coordinated by N,False,False,Ba N Re,True,True
mp-768307,BaSO3,0.0694253275000003,4.4264,False,11,P2_1/m,O,False,False,,,B=Ba: Ba site 0 is not octahedrally coordinated by O; B=S: S site 2 is not octahedrally coordinated by O,False,False,Ba O S,False,False
mp-18291,BaSbTe3,0.0,0.37429999999999986,True,19,P2_12_12_1,Te,False,False,,,B=Ba: Ba site 0 is not octahedrally coordinated by Te; B=Sb: Sb site 8 is not octahedrally coordinated by Te,False,False,Ba Sb Te,True,True
mp-6989,BaSeO3,0.0,3.8865999999999996,True,11,P2_1/m,O,False,False,,,B=Ba: Ba site 0 is not octahedrally coordinated by O; B=Se: Se site 2 is not octahedrally coordinated by O,False,False,Ba O Se,False,True
mp-3163,BaSnO3,0.0,0.3730000000000002,True,221,Pm-3m,O,False,True,Sn,3.0,,True,False,Ba O Sn,True,True
mp-1178513,BaSnO3,0.0006460229999962763,0.6650999999999998,False,74,Imma,O,False,True,Sn,3.0,,True,False,Ba O Sn,True,True
mp-1183370,BaSnS3,0.01567484261111307,1.2098,False,62,Pnma,S,False,False,,,"B=Ba: Ba site 0 is not octahedrally coordinated by S; B=Sn: an S atom bridges 3 Sn atoms, not two",True,False,Ba S Sn,True,True
mp-5431,BaTeO3,0.0,2.7149,True,11,P2_1/m,O,False,False,,,B=Ba: Ba site 0 is not octahedrally coordinated by O; B=Te: Te site 2 is not octahedrally coordinated by O,False,False,Ba O Te,True,True
mp-556021,BaTeO3,0.009339549666666613,3.1676,False,62,Pnma,O,False,False,,,B=Ba: Ba site 0 is not octahedrally coordinated by O; B=Te: Te site 12 is not octahedrally coordinated by O,True,False,Ba O Te,False,True
mp-27499,BaTeS3,0.0,1.9176000000000006,True,62,Pnma,S,False,False,,,B=Ba: Ba site 0 is not octahedrally coordinated by S; B=Te: Te site 4 is not octahedrally coordinated by S,True,False,Ba S Te,True,True
mp-2998,BaTiO3,0.014779579999999015,1.6675,False,221,Pm-3m,O,False,True,Ti,3.0,,True,False,Ba O Ti,True,True
mp-5020,BaTiO3,4.0989999998686244e-05,2.5526999999999997,False,160,R3m,O,False,True,Ti,3.0,,False,False,Ba O Ti,True,True
mp-5777,BaTiO3,0.0,2.2933999999999997,True,38,Amm2,O,False,True,Ti,3.0,,False,False,Ba O Ti,True,True
mp-5933,BaTiO3,0.002619442000000305,1.7260999999999997,False,194,P6_3/mmc,O,False,False,,,B=Ba: Ba site 0 is not octahedrally coordinated by O; B=Ti: two B atoms share more than one X atom (edge- or face-sharing octahedra),False,False,Ba O Ti,True,True
mp-5986,BaTiO3,0.0019565740000011544,1.7236999999999996,False,99,P4mm,O,False,True,Ti,3.0,,False,False,Ba O Ti,True,True
mp-558125,BaTiO3,0.0012968303333327214,2.0811,False,20,C222_1,O,False,False,,,B=Ba: Ba site 0 is not octahedrally coordinated by O; B=Ti: two B atoms share more than one X atom (edge- or face-sharing octahedra),False,False,Ba O Ti,True,True
mp-989622,BaWN3,0.0,1.505,True,14,P2_1/c,N,False,False,,,B=Ba: Ba site 0 is not octahedrally coordinated by N; B=W: W site 4 is not octahedrally coordinated by N,False,False,Ba N W,True,True
mp-989636,BaWN3,0.010014474500012582,1.0703999999999998,False,12,C2/m,N,False,False,,,B=Ba: Ba site 0 is not octahedrally coordinated by N; B=W: W site 2 is not octahedrally coordinated by N,False,False,Ba N W,True,True
mp-3834,BaZrO3,7.172199999949669e-05,3.0441000000000003,False,221,Pm-3m,O,False,True,Zr,3.0,,True,False,Ba O Zr,False,True
mp-1019544,BaZrO3,0.0,3.1163,True,140,I4/mcm,O,False,True,Zr,3.0,,True,False,Ba O Zr,False,True
mp-540771,BaZrS3,0.0,0.9900000000000002,True,62,Pnma,S,False,True,Zr,3.0,,True,False,Ba S Zr,True,True
mp-998350,BaZrSe3,0.07750391049999994,0.2023999999999999,False,1,P1,Se,False,True,Zr,3.0,,False,False,Ba Se Zr,True,False
mp-998427,BaZrSe3,0.0,0.3725999999999998,True,62,Pnma,Se,False,False,,,"B=Ba: Ba site 0 is not octahedrally coordinated by Se; B=Zr: an Se atom bridges 3 Zr atoms, not two",True,False,Ba Se Zr,True,True
mp-31250,BiBO3,0.0,3.0096,True,14,P2_1/c,O,False,False,,,B=B: B site 4 is not octahedrally coordinated by O; B=Bi: two B atoms share more than one X atom (edge- or face-sharing octahedra),False,False,B Bi O,False,True
mp-1178485,BiCO3,0.08011582499999559,1.4110999999999998,False,2,P-1,O,False,False,,,B=Bi: Bi site 0 is not octahedrally coordinated by O; B=C: C site 4 is not octahedrally coordinated by O,False,False,Bi C O,True,False
mp-573119,BiRhO3,0.061984177375000726,0.37729999999999997,False,62,Pnma,O,False,True,Rh,3.0,,True,False,Bi O Rh,True,False
mp-755382,BiSbO3,0.08622094899999944,2.1066000000000003,False,148,R-3,O,False,False,,,B=Bi: two B atoms share more than one X atom (edge- or face-sharing octahedra); B=Sb: Sb site 2 is not octahedrally coordinated by O,False,False,Bi O Sb,True,False
mp-1227486,BiSbS3,0.0023040867499979356,1.3483999999999998,False,62,Pnma,S,False,False,,,"B=Bi: an S atom bridges 3 Bi atoms, not two; B=Sb: Sb site 4 is not octahedrally coordinated by S",True,False,Bi S Sb,True,True
mp-1227508,BiSbSe3,0.015028588499998108,1.0106000000000002,False,62,Pnma,Se,False,False,,,"B=Bi: an Se atom bridges 3 Bi atoms, not two; B=Sb: Sb site 4 is not octahedrally coordinated by Se",True,False,Bi Sb Se,True,True
mp-1227340,BiSbTe3,0.0045406440000048676,0.21329999999999938,False,160,R3m,Te,False,False,,,"B=Bi: an Te atom bridges 3 Bi atoms, not two; B=Sb: an Te atom bridges 3 Sb atoms, not two",False,False,Bi Sb Te,True,True
mp-29526,BrNO3,0.0,2.208,True,19,P2_12_12_1,O,False,False,,,B=Br: Br site 0 is not octahedrally coordinated by O; B=N: N site 4 is not octahedrally coordinated by O,False,False,Br N O,True,True
mp-4192,Ca3AsN,0.0,0.8949999999999996,True,62,Pnma,Ca,True,False,,,the element present three times is more electropositive than both others (anti-perovskite),True,True,As Ca N,True,True
mp-7223,Ca3AsN,0.008043499999999426,0.7169999999999996,False,221,Pm-3m,Ca,True,False,,,the element present three times is more electropositive than both others (anti-perovskite),True,True,As Ca N,True,True
mp-31149,Ca3BiN,0.0,0.3691000000000004,True,221,Pm-3m,Ca,True,False,,,the element present three times is more electropositive than both others (anti-perovskite),True,False,Bi Ca N,True,True
mp-17193,Ca3GeO,0.0,0.14019999999999921,True,74,Imma,Ca,True,False,,,the element present three times is more electropositive than both others (anti-perovskite),True,False,Ca Ge O,True,True
mp-11824,Ca3PN,0.0,0.8055999999999996,True,221,Pm-3m,Ca,True,False,,,the element present three times is more electropositive than both others (anti-perovskite),True,False,Ca N P,True,True
mp-1013548,Ca3SbN,0.0,0.40750000000000064,True,221,Pm-3m,Ca,True,False,,,the element present three times is more electropositive than both others (anti-perovskite),True,False,Ca N Sb,True,True
mp-1013550,Ca3SbP,0.020030912999999373,0.6583000000000001,False,221,Pm-3m,Ca,True,False,,,the element present three times is more electropositive than both others (anti-perovskite),True,False,Ca P Sb,True,True
mp-11649,Ca3SiO,0.0007115155000008144,0.18660000000000032,False,62,Pnma,Ca,True,False,,,the element present three times is more electropositive than both others (anti-perovskite),True,False,Ca O Si,True,True
mp-1183521,Ca3SiO,0.00025532200000100147,0.3016999999999994,False,62,Pnma,Ca,True,False,,,the element present three times is more electropositive than both others (anti-perovskite),True,False,Ca O Si,True,True
mp-755893,CaBiO3,0.0,0.6655289785034206,True,14,P2_1/c,O,False,True,Bi,3.0,,False,False,Bi Ca O,True,True
mp-867749,CaBiO3,0.020840419499998042,0.17030000000000012,False,148,R-3,O,False,False,,,B=Bi: two B atoms share more than one X atom (edge- or face-sharing octahedra); B=Ca: two B atoms share more than one X atom (edge- or face-sharing octahedra),False,False,Bi Ca O,True,True
mp-4626,CaCO3,0.000996054500003396,4.1871,False,62,Pnma,O,False,False,,,B=C: C site 4 is not octahedrally coordinated by O; B=Ca: Ca site 0 is not octahedrally coordinated by O,True,False,C Ca O,False,True
mp-1197939,CaCO3,0.008156122000008814,4.0435,False,2,P-1,O,False,False,,,B=C: C site 18 is not octahedrally coordinated by O; B=Ca: Ca site 0 is not octahedrally coordinated by O,False,False,C Ca O,False,True
mp-756365,CaCeO3,0.059074767000012685,2.3372999999999995,False,62,Pnma,O,False,True,Ce,3.0,,True,False,Ca Ce O,True,False
mp-20772,CaCrO3,0.06511405800000158,0.3943000000000003,False,62,Pnma,O,False,True,Cr,3.0,,True,False,Ca Cr O,True,False
mp-17761,CaGeO3,0.0,3.4812999999999996,True,2,P-1,O,False,False,,,B=Ca: Ca site 0 is not octahedrally coordinated by O; B=Ge: Ge site 6 is not octahedrally coordinated by O,False,False,Ca Ge O,False,True
mp-554549,CaGeO3,0.014406481708333807,2.5120999999999998,False,88,I4_1/a,O,False,False,,,B=Ca: Ca site 0 is not octahedrally coordinated by O; B=Ge: Ge site 16 is not octahedrally coordinated by O,False,False,Ca Ge O,True,True
mp-776074,CaGeO3,0.030071428999999483,3.2925,False,15,C2/c,O,False,False,,,B=Ca: Ca site 0 is not octahedrally coordinated by O; B=Ge: Ge site 6 is not octahedrally coordinated by O,False,False,Ca Ge O,False,True
mp-776086,CaGeO3,0.02091152766666582,3.3911,False,2,P-1,O,False,False,,,B=Ca: Ca site 1 is not octahedrally coordinated by O; B=Ge: Ge site 6 is not octahedrally coordinated by O,False,False,Ca Ge O,False,True
mp-754853,CaHfO3,0.0,4.4855,True,62,Pnma,O,False,True,Hf,3.0,,True,False,Ca Hf O,False,True
mp-1190098,CaHfS3,0.037140437999998,1.5238,False,62,Pnma,S,False,True,Hf,3.0,,True,False,Ca Hf S,True,True
mp-28534,CaInBr3,0.0,3.1361999999999997,True,63,Cmcm,Br,False,False,,,B=Ca: two B atoms share more than one X atom (edge- or face-sharing octahedra); B=In: In site 2 is not octahedrally coordinated by Br,True,False,Br Ca In,False,True
mp-1206105,CaInI3,0.02131037200000163,2.784509231480061,False,63,Cmcm,I,False,False,,,B=Ca: two B atoms share more than one X atom (edge- or face-sharing octahedra); B=In: In site 2 is not octahedrally coordinated by I,True,False,Ca I In,True,True
mp-19201,CaMnO3,0.03507494383333665,0.4685999999999999,False,62,Pnma,O,False,True,Mn,3.0,,True,False,Ca Mn O,True,True
mp-989635,CaMoN3,0.0,0.8725999999999994,True,12,C2/m,N,False,False,,,B=Ca: Ca site 0 is not octahedrally coordinated by N; B=Mo: Mo site 2 is not octahedrally coordinated by N,False,False,Ca Mo N,True,True
mp-607467,CaMoO3,0.0,1.1050000000000004,True,14,P2_1/c,O,False,True,Mo,3.0,,False,False,Ca Mo O,True,True
mp-1045305,CaMoO3,0.009694809500002677,1.0948000000000002,False,2,P-1,O,False,True,Mo,3.0,,False,False,Ca Mo O,True,True
mp-754103,CaNiO3,0.07267682124999908,1.2293000000000003,False,186,P6_3mc,O,False,False,,,B=Ca: Ca site 0 is not octahedrally coordinated by O; B=Ni: two B atoms share more than one X atom (edge- or face-sharing octahedra),False,False,Ca Ni O,True,False
mp-9789,CaPS3,0.0,3.0848000000000004,True,14,P2_1/c,S,False,False,,,B=Ca: Ca site 0 is not octahedrally coordinated by S; B=P: P site 4 is not octahedrally coordinated by S,False,False,Ca P S,False,True
mp-11007,CaPSe3,0.0,2.1335,True,14,P2_1/c,Se,False,False,,,B=Ca: Ca site 0 is not octahedrally coordinated by Se; B=P: P site 4 is not octahedrally coordinated by Se,False,False,Ca P Se,True,True
mp-4784,CaPtO3,0.010547281666654307,1.2767999999999997,False,63,Cmcm,O,False,False,,,B=Ca: Ca site 0 is not octahedrally coordinated by O; B=Pt: two B atoms share more than one X atom (edge- or face-sharing octahedra),True,False,Ca O Pt,True,True
mp-989606,CaReN3,0.0,1.8056,True,15,C2/c,N,False,False,,,B=Ca: Ca site 1 is not octahedrally coordinated by N; B=Re: Re site 4 is not octahedrally coordinated by N,False,False,Ca N Re,True,True
mp-557997,CaSeO3,0.0,4.2427,True,14,P2_1/c,O,False,False,,,B=Ca: Ca site 0 is not octahedrally coordinated by O; B=Se: Se site 4 is not octahedrally coordinated by O,False,False,Ca O Se,False,True
mp-754140,CaSeO3,0.021825945000002456,4.1407,False,62,Pnma,O,False,True,Ca,3.0,,True,False,Ca O Se,False,True
mp-4190,CaSnO3,0.014870770500000852,2.9217999999999997,False,148,R-3,O,False,False,,,B=Ca: two B atoms share more than one X atom (edge- or face-sharing octahedra); B=Sn: two B atoms share more than one X atom (edge- or face-sharing octahedra),False,False,Ca O Sn,True,True
mp-4438,CaSnO3,0.0,2.3327,True,62,Pnma,O,False,True,Sn,3.0,,True,False,Ca O Sn,True,True
mp-866811,CaSnS3,0.07383773175000385,0.7503000000000002,False,62,Pnma,S,False,False,,,"B=Ca: Ca site 0 is not octahedrally coordinated by S; B=Sn: an S atom bridges 3 Sn atoms, not two",True,False,Ca S Sn,True,False
mp-866826,CaSnS3,0.07237559925000436,1.6324,False,148,R-3,S,False,False,,,B=Ca: two B atoms share more than one X atom (edge- or face-sharing octahedra); B=Sn: two B atoms share more than one X atom (edge- or face-sharing octahedra),False,False,Ca S Sn,True,False
mp-866850,CaSnS3,0.08896677525000385,0.42469999999999963,False,63,Cmcm,S,False,False,,,B=Ca: Ca site 0 is not octahedrally coordinated by S; B=Sn: two B atoms share more than one X atom (edge- or face-sharing octahedra),True,False,Ca S Sn,True,False
mp-866941,CaSnS3,0.08336301025000381,1.3700999999999999,False,14,P2_1/c,S,False,False,,,B=Ca: Ca site 0 is not octahedrally coordinated by S; B=Sn: Sn site 4 is not octahedrally coordinated by S,False,False,Ca S Sn,True,False
mp-1100335,CaSnS3,0.0901632422500045,1.8766999999999996,False,2,P-1,S,False,False,,,B=Ca: Ca site 0 is not octahedrally coordinated by S; B=Sn: Sn site 6 is not octahedrally coordinated by S,False,False,Ca S Sn,True,False
mp-1100381,CaSnS3,0.06697506375000373,0.8106999999999998,False,88,I4_1/a,S,False,False,,,B=Ca: Ca site 0 is not octahedrally coordinated by S; B=Sn: Sn site 20 is not octahedrally coordinated by S,False,False,Ca S Sn,True,False
mp-2981,CaTeO3,0.011534739155556473,2.9425,False,2,P-1,O,False,False,,,B=Ca: Ca site 4 is not octahedrally coordinated by O; B=Te: Te site 18 is not octahedrally coordinated by O,False,False,Ca O Te,True,True
mp-17008,CaTeO3,0.015751788466668692,3.2993000000000006,False,4,P2_1,O,False,False,,,B=Ca: Ca site 2 is not octahedrally coordinated by O; B=Te: Te site 6 is not octahedrally coordinated by O,False,False,Ca O Te,False,True
mp-560097,CaTeO3,0.013229042933333268,3.2538,False,14,P2_1/c,O,False,False,,,B=Ca: Ca site 0 is not octahedrally coordinated by O; B=Te: Te site 12 is not octahedrally coordinated by O,False,False,Ca O Te,False,True
mp-560656,CaTeO3,0.0027762730000011615,2.9142,False,78,P4_3,O,False,False,,,B=Ca: Ca site 0 is not octahedrally coordinated by O; B=Te: Te site 20 is not octahedrally coordinated by O,False,False,Ca O Te,True,True
mp-561374,CaTeO3,0.013546894488890793,3.1241000000000003,False,1,P1,O,False,False,,,B=Ca: Ca site 0 is not octahedrally coordinated by O; B=Te: Te site 18 is not octahedrally coordinated by O,False,False,Ca O Te,False,True
mp-1195263,CaTeO3,0.02708040310000115,3.5195,False,29,Pca2_1,O,False,False,,,B=Ca: Ca site 0 is not octahedrally coordinated by O; B=Te: Te site 8 is not octahedrally coordinated by O,False,False,Ca O Te,False,True
mp-1228456,CaTeO3,0.01549402560000157,3.1557000000000004,False,2,P-1,O,False,False,,,B=Ca: Ca site 0 is not octahedrally coordinated by O; B=Te: Te site 18 is not octahedrally coordinated by O,False,False,Ca O Te,False,True
mp-1366217,CaTeO3,0.0,3.2669,True,76,P4_1,O,False,False,,,B=Ca: Ca site 0 is not octahedrally coordinated by O; B=Te: Te site 20 is not octahedrally coordinated by O,False,False,Ca O Te,False,True
mp-3442,CaTiO3,0.017396585500002004,2.2416999999999994,False,140,I4/mcm,O,False,True,Ti,3.0,,True,False,Ca O Ti,True,True
mp-4019,CaTiO3,0.0,2.3053,True,62,Pnma,O,False,True,Ti,3.0,,True,False,Ca O Ti,True,True
mp-5827,CaTiO3,0.0644675975000002,1.8272,False,221,Pm-3m,O,False,True,Ti,3.0,,True,False,Ca O Ti,True,False
mp-556003,CaTiO3,0.011411810500000286,2.1586,False,74,Imma,O,False,True,Ti,3.0,,True,False,Ca O Ti,True,True
mp-754701,CaTiO3,0.028352688500000056,3.5666,False,148,R-3,O,False,False,,,B=Ca: two B atoms share more than one X atom (edge- or face-sharing octahedra); B=Ti: two B atoms share more than one X atom (edge- or face-sharing octahedra),False,False,Ca O Ti,False,True
mp-1205364,CaTiO3,0.011449592499999994,2.1378,False,63,Cmcm,O,False,True,Ti,3.0,,True,False,Ca O Ti,True,True
mp-1205521,CaTlBr3,0.0,3.725386510785899,True,63,Cmcm,Br,False,False,,,B=Ca: two B atoms share more than one X atom (edge- or face-sharing octahedra); B=Tl: Tl site 2 is not octahedrally coordinated by Br,True,True,Br Ca Tl,False,True
mp-998151,CaTlCl3,0.038755097000015226,3.9626,False,8,Cm,Cl,False,True,Ca,3.0,,False,True,Ca Cl Tl,False,True
mp-998787,CaTlCl3,0.0,4.2088,True,63,Cmcm,Cl,False,False,,,B=Ca: two B atoms share more than one X atom (edge- or face-sharing octahedra); B=Tl: Tl site 2 is not octahedrally coordinated by Cl,True,True,Ca Cl Tl,False,True
mp-998150,CaTlF3,0.01816139950000384,4.4563999999999995,False,38,Amm2,F,False,True,Ca,3.0,,False,True,Ca F Tl,False,True
mp-998615,CaTlF3,0.011281006500000856,4.4687,False,161,R3c,F,False,True,Ca,3.0,,False,True,Ca F Tl,False,True
mp-1097061,CaTlF3,0.018102339500002174,4.4565,False,8,Cm,F,False,True,Ca,3.0,,False,True,Ca F Tl,False,True
mp-1206188,CaTlI3,0.016393085000001584,3.226101043110753,False,63,Cmcm,I,False,False,,,B=Ca: two B atoms share more than one X atom (edge- or face-sharing octahedra); B=Tl: Tl site 2 is not octahedrally coordinated by I,True,True,Ca I Tl,False,True
mp-22608,CaVO3,0.001156626410708128,0.43389999999999995,False,62,Pnma,O,False,True,V,3.0,,True,False,Ca O V,True,True
mp-1435359,CaVO3,0.008814690910707412,0.26060000000000016,False,14,P2_1/c,O,False,True,V,3.0,,False,False,Ca O V,True,True
mp-989616,CaWN3,0.09130367112501148,0.5612000000000004,False,12,C2/m,N,False,False,,,B=Ca: Ca site 0 is not octahedrally coordinated by N; B=W: W site 2 is not octahedrally coordinated by N,False,False,Ca N W,True,False
mp-1342410,CaWO3,0.05364628233333768,1.9784000000000006,False,62,Pnma,O,False,True,W,3.0,,True,False,Ca O W,True,False
mp-4571,CaZrO3,0.0,3.8260000000000005,True,62,Pnma,O,False,True,Zr,3.0,,True,False,Ca O Zr,False,True
mp-776024,CaZrO3,0.02536537675000794,3.4707,False,32,Pba2,O,False,True,Zr,3.0,,False,False,Ca O Zr,False,True
mp-7781,CaZrS3,0.03657248249999423,1.1878000000000002,False,62,Pnma,S,False,True,Zr,3.0,,True,False,Ca S Zr,True,True
mp-755478,CdBiO3,0.0,0.8138999999999998,True,146,R3,O,False,False,,,B=Bi: two B atoms share more than one X atom (edge- or face-sharing octahedra); B=Cd: two B atoms share more than one X atom (edge- or face-sharing octahedra),False,True,Bi Cd O,True,True
mp-4385,CdCO3,0.0,2.6293,True,167,R-3c,O,False,True,Cd,3.0,,True,True,C Cd O,True,True
mp-768578,CdCoO3,0.052238621499999915,0.13310000000000022,False,15,C2/c,O,False,False,,,"B=Cd: Cd site 0 is not octahedrally coordinated by O; B=Co: an O atom bridges 3 Co atoms, not two",False,True,Cd Co O,True,False
mp-2951,CdGeO3,0.0231605742499994,1.5009000000000001,False,15,C2/c,O,False,False,,,"B=Cd: an O atom bridges 1 Cd atoms, not two; B=Ge: Ge site 4 is not octahedrally coordinated by O",False,True,Cd Ge O,True,True
mp-7588,CdGeO3,0.03876408387499808,1.301,False,88,I4_1/a,O,False,False,,,B=Cd: Cd site 4 is not octahedrally coordinated by O; B=Ge: Ge site 16 is not octahedrally coordinated by O,False,True,Cd Ge O,True,True
mp-8275,CdGeO3,0.04403527874999824,1.4264999999999999,False,148,R-3,O,False,False,,,B=Cd: two B atoms share more than one X atom (edge- or face-sharing octahedra); B=Ge: two B atoms share more than one X atom (edge- or face-sharing octahedra),False,True,Cd Ge O,True,True
mp-505222,CdInBr3,0.008280995999998986,2.2208,False,62,Pnma,Br,False,False,,,"B=Cd: an Br atom bridges 1 Cd atoms, not two; B=In: In site 4 is not octahedrally coordinated by Br",True,True,Br Cd In,True,True
mp-5328,CdPS3,0.0,1.7561999999999998,True,12,C2/m,S,False,False,,,B=Cd: two B atoms share more than one X atom (edge- or face-sharing octahedra); B=P: P site 2 is not octahedrally coordinated by S,False,True,Cd P S,True,True
mp-9330,CdPS3,0.000803158000007187,1.9429000000000003,False,148,R-3,S,False,False,,,B=Cd: two B atoms share more than one X atom (edge- or face-sharing octahedra); B=P: P site 2 is not octahedrally coordinated by S,False,True,Cd P S,True,True
mp-1079559,CdPSe3,0.0,1.2145,True,148,R-3,Se,False,False,,,B=Cd: two B atoms share more than one X atom (edge- or face-sharing octahedra); B=P: P site 2 is not octahedrally coordinated by Se,False,True,Cd P Se,True,True
mp-8516,CdSO3,0.09627692975000013,3.2550000000000003,False,14,P2_1/c,O,False,False,,,B=Cd: Cd site 0 is not octahedrally coordinated by O; B=S: S site 4 is not octahedrally coordinated by O,False,True,Cd O S,False,False
mp-18634,CdSO3,0.09906163908333365,3.0476,False,148,R-3,O,False,False,,,B=Cd: two B atoms share more than one X atom (edge- or face-sharing octahedra); B=S: S site 6 is not octahedrally coordinated by O,False,True,Cd O S,False,False
mp-556680,CdSO3,0.09623067275000086,3.2201710206998833,False,14,P2_1/c,O,False,False,,,B=Cd: Cd site 0 is not octahedrally coordinated by O; B=S: S site 8 is not octahedrally coordinated by O,False,True,Cd O S,False,False
mp-9186,CdSeO3,0.0,3.0904000000000007,True,62,Pnma,O,False,True,Cd,3.0,,True,True,Cd O Se,False,True
mp-559203,CdSeO3,0.005526024750001746,3.4047,False,14,P2_1/c,O,False,False,,,B=Cd: Cd site 0 is not octahedrally coordinated by O; B=Se: Se site 8 is not octahedrally coordinated by O,False,True,Cd O Se,False,True
mp-560560,CdSiO3,0.0,2.573,True,14,P2_1/c,O,False,False,,,B=Cd: Cd site 1 is not octahedrally coordinated by O; B=Si: Si site 12 is not octahedrally coordinated by O,False,True,Cd O Si,True,True
mp-776023,CdSiO3,0.026798932500001094,2.5256,False,60,Pbcn,O,False,False,,,"B=Cd: an O atom bridges 3 Cd atoms, not two; B=Si: Si site 8 is not octahedrally coordinated by O",False,True,Cd O Si,True,True
mp-754329,CdSnO3,0.0,0.9815,True,148,R-3,O,False,False,,,B=Cd: two B atoms share more than one X atom (edge- or face-sharing octahedra); B=Sn: two B atoms share more than one X atom (edge- or face-sharing octahedra),False,True,Cd O Sn,True,True
mp-849371,CdSnO3,0.030383252500001845,0.6937000000000002,False,62,Pnma,O,False,True,Sn,3.0,,True,True,Cd O Sn,True,True
mp-1182642,CdSnO3,0.079610972000002,0.7079,False,11,P2_1/m,O,False,False,,,"B=Cd: Cd site 0 is not octahedrally coordinated by O; B=Sn: an O atom bridges 3 Sn atoms, not two",False,True,Cd O Sn,True,False
mp-28290,CdTeO3,0.0,3.0793,True,14,P2_1/c,O,False,False,,,B=Cd: Cd site 0 is not octahedrally coordinated by O; B=Te: Te site 8 is not octahedrally coordinated by O,False,True,Cd O Te,False,True
mp-1195015,CeAsO3,0.07951850091667012,0.28609999999999935,False,14,P2_1/c,O,False,False,,,B=As: As site 8 is not octahedrally coordinated by O; B=Ce: Ce site 0 is not octahedrally coordinated by O,False,True,As Ce O,True,False
mp-756062,CeFeO3,0.0797908600000028,0.6735999999999995,False,62,Pnma,O,False,True,Fe,3.0,,True,False,Ce Fe O,True,False
mp-1213810,CeLuO3,0.05702418274999843,0.11220000000000052,False,62,Pnma,O,False,True,Lu,3.0,,True,False,Ce Lu O,True,False
mp-1232253,CeMgS3,0.07575495016666167,1.0618000000000003,False,148,R-3,S,False,False,,,B=Ce: two B atoms share more than one X atom (edge- or face-sharing octahedra); B=Mg: two B atoms share more than one X atom (edge- or face-sharing octahedra),False,False,Ce Mg S,True,False
mp-776207,CeNiO3,0.09525672350000391,0.9323000000000006,False,62,Pnma,O,False,True,Ni,3.0,,True,False,Ce Ni O,True,False
mp-753945,ClOF3,0.0,3.6498999999999997,True,2,P-1,F,False,False,,,B=Cl: Cl site 0 is not octahedrally coordinated by F; B=O: O site 4 is not octahedrally coordinated by F,False,False,Cl F O,False,True
mp-1188346,CoBiO3,0.08222879499999891,0.38780000000000037,False,62,Pnma,O,False,True,Co,3.0,,True,False,Bi Co O,True,False
mp-550220,CoGeO3,0.01876324450000144,1.6038999999999999,False,5,C2,O,False,False,,,"B=Co: an O atom bridges 1 Co atoms, not two; B=Ge: Ge site 4 is not octahedrally coordinated by O",False,False,Co Ge O,True,True
mp-1272234,CoNiO3,0.0236176609999994,0.7645,False,1,P1,O,False,False,,,B=Co: two B atoms share more than one X atom (edge- or face-sharing octahedra); B=Ni: two B atoms share more than one X atom (edge- or face-sharing octahedra),False,False,Co Ni O,True,True
mp-1279343,CoNiO3,0.00036671099999896484,1.0203000000000002,False,2,P-1,O,False,False,,,B=Co: two B atoms share more than one X atom (edge- or face-sharing octahedra); B=Ni: two B atoms share more than one X atom (edge- or face-sharing octahedra),False,False,Co Ni O,True,True
mp-22616,CoSeO3,0.029257131125000058,1.8519999999999999,False,62,Pnma,O,False,True,Co,3.0,,True,False,Co O Se,True,True
mp-562826,CoSeO3,0.0,2.6311,True,15,C2/c,O,False,False,,,"B=Co: an O atom bridges 3 Co atoms, not two; B=Se: Se site 16 is not octahedrally coordinated by O",False,False,Co O Se,True,True
mp-699575,CoSiO3,0.02191650058333572,2.6041,False,61,Pbca,O,False,False,,,B=Co: Co site 1 is not octahedrally coordinated by O; B=Si: Si site 16 is not octahedrally coordinated by O,False,False,Co O Si,True,True
mp-752613,CoSnO3,0.07626595650000212,0.9832000000000001,False,62,Pnma,O,False,True,Sn,3.0,,True,False,Co O Sn,True,False
mp-23456,CrBiO3,0.022682788000000897,1.3450000000000006,False,15,C2/c,O,False,True,Cr,3.0,,False,False,Bi Cr O,True,True
mp-546027,CrBiO3,0.014705041000002694,1.9845999999999995,False,161,R3c,O,False,True,Cr,3.0,,False,False,Bi Cr O,True,True
mp-559851,CrBiO3,0.011202689999999293,1.7904999999999998,False,62,Pnma,O,False,True,Cr,3.0,,True,False,Bi Cr O,True,True
mp-756147,CrInO3,0.05128290449999984,1.4521000000000006,False,62,Pnma,O,False,True,Cr,3.0,,True,False,Cr In O,True,False
mp-505212,Cs3AuO,0.0,1.3230999999999997,True,194,P6_3/mmc,Cs,True,False,,,the element present three times is more electropositive than both others (anti-perovskite),False,False,Au Cs O,True,True
mp-1205638,Cs3BrO,0.08806949700000155,1.5608500221724246,False,194,P6_3/mmc,Cs,True,False,,,the element present three times is more electropositive than both others (anti-perovskite),False,False,Br Cs O,True,False
mp-1206444,Cs3IO,0.024388597000001955,2.0802000000000005,False,194,P6_3/mmc,Cs,True,False,,,the element present three times is more electropositive than both others (anti-perovskite),False,False,Cs I O,True,True
mp-1189272,CsAlTe3,0.0,1.3087999999999997,True,14,P2_1/c,Te,False,False,,,B=Al: Al site 4 is not octahedrally coordinated by Te; B=Cs: Cs site 0 is not octahedrally coordinated by Te,False,False,Al Cs Te,True,True
mp-776093,CsAsO3,0.0,2.6306,True,57,Pbcm,O,False,False,,,B=As: As site 4 is not octahedrally coordinated by O; B=Cs: Cs site 0 is not octahedrally coordinated by O,False,True,As Cs O,True,True
mp-569548,CsAuBr3,0.0,0.653,True,139,I4/mmm,Br,False,False,,,B=Au: Au site 2 is not octahedrally coordinated by Br; B=Cs: Cs site 0 is not octahedrally coordinated by Br,False,False,Au Br Cs,True,True
mp-23484,CsAuCl3,0.0,0.8112,True,139,I4/mmm,Cl,False,False,,,B=Au: Au site 2 is not octahedrally coordinated by Cl; B=Cs: Cs site 0 is not octahedrally coordinated by Cl,False,False,Au Cl Cs,True,True
mp-28453,CsAuI3,0.0,0.7337,True,139,I4/mmm,I,False,False,,,B=Au: Au site 2 is not octahedrally coordinated by I; B=Cs: Cs site 0 is not octahedrally coordinated by I,False,False,Au Cs I,True,True
mp-567913,CsAuSe3,0.0,1.0546999999999997,True,15,C2/c,Se,False,False,,,B=Au: Au site 2 is not octahedrally coordinated by Se; B=Cs: Cs site 0 is not octahedrally coordinated by Se,False,False,Au Cs Se,True,True
mp-573358,CsBSe3,0.0,1.6408,True,14,P2_1/c,Se,False,False,,,B=B: B site 4 is not octahedrally coordinated by Se; B=Cs: Cs site 0 is not octahedrally coordinated by Se,False,False,B Cs Se,True,True
mp-1096925,CsBaI3,0.0,3.9797,True,62,Pnma,I,False,False,,,"B=Ba: an I atom bridges 3 Ba atoms, not two; B=Cs: Cs site 0 is not octahedrally coordinated by I",True,False,Ba Cs I,False,True
mp-24341,CsBeH3,0.0,3.2298,True,11,P2_1/m,H,False,False,,,B=Be: Be site 2 is not octahedrally coordinated by H; B=Cs: Cs site 0 is not octahedrally coordinated by H,False,True,Be Cs H,False,True
mp-28873,CsBrO3,0.0,4.1681,True,160,R3m,O,False,False,,,B=Br: Br site 1 is not octahedrally coordinated by O; B=Cs: Cs site 0 is not octahedrally coordinated by O,False,False,Br Cs O,False,True
mp-30056,CsCaBr3,0.0,4.3923,True,221,Pm-3m,Br,False,True,Ca,3.0,,True,False,Br Ca Cs,False,True
mp-644203,CsCaH3,0.012165698000002223,3.1408,False,221,Pm-3m,H,False,True,Ca,3.0,,True,False,Ca Cs H,False,True
mp-998333,CsCaI3,0.02080268149999842,3.7149,False,8,Cm,I,False,True,Ca,3.0,,False,False,Ca Cs I,False,True
mp-998428,CsCaI3,0.0,3.6642,True,62,Pnma,I,False,False,,,"B=Ca: an I atom bridges 3 Ca atoms, not two; B=Cs: Cs site 0 is not octahedrally coordinated by I",True,False,Ca Cs I,False,True
mp-1213688,CsCaI3,0.010001139500001255,3.9817861420713023,False,62,Pnma,I,False,True,Ca,3.0,,True,False,Ca Cs I,False,True
mp-2898987,CsCaI3,0.0215701514999993,4.3729000000000005,False,221,Pm-3m,I,False,True,Ca,3.0,,True,False,Ca Cs I,False,True
mp-541899,CsCdBr3,0.0,2.9010000000000002,True,194,P6_3/mmc,Br,False,False,,,B=Cd: two B atoms share more than one X atom (edge- or face-sharing octahedra); B=Cs: Cs site 0 is not octahedrally coordinated by Br,False,True,Br Cd Cs,True,True
mp-570231,CsCdBr3,0.03267522700000214,0.6965999999999999,False,221,Pm-3m,Br,False,True,Cd,3.0,,True,True,Br Cd Cs,True,True
mp-568544,CsCdCl3,0.0026339560000003814,1.7417,False,221,Pm-3m,Cl,False,True,Cd,3.0,,True,True,Cd Cl Cs,True,True
mp-619015,CsCdCl3,0.0,3.216,True,194,P6_3/mmc,Cl,False,False,,,B=Cd: two B atoms share more than one X atom (edge- or face-sharing octahedra); B=Cs: Cs site 0 is not octahedrally coordinated by Cl,False,True,Cd Cl Cs,False,True
mp-8399,CsCdF3,0.0,3.2804,True,221,Pm-3m,F,False,True,Cd,3.0,,True,True,Cd Cs F,False,True
mp-29616,CsCrCl3,0.06792550633333327,0.15329999999999977,False,12,C2/m,Cl,False,False,,,B=Cr: two B atoms share more than one X atom (edge- or face-sharing octahedra); B=Cs: Cs site 0 is not octahedrally coordinated by Cl,False,False,Cl Cr Cs,True,False
mp-27336,CsCuBr3,0.0,0.37359999999999993,True,20,C222_1,Br,False,False,,,B=Cs: Cs site 0 is not octahedrally coordinated by Br; B=Cu: Cu site 4 is not octahedrally coordinated by Br,False,False,Br Cs Cu,True,True
mp-23032,CsCuCl3,0.0,1.0131000000000001,True,178,P6_122,Cl,False,False,,,B=Cs: Cs site 0 is not octahedrally coordinated by Cl; B=Cu: two B atoms share more than one X atom (edge- or face-sharing octahedra),False,False,Cl Cs Cu,True,True
mp-2456411,CsCuCl3,0.002745336333335402,0.5132000000000001,False,15,C2/c,Cl,False,False,,,B=Cs: Cs site 0 is not octahedrally coordinated by Cl; B=Cu: Cu site 2 is not octahedrally coordinated by Cl,False,False,Cl Cs Cu,True,True
mp-638685,CsEuBr3,0.0,1.0355000000000003,True,62,Pnma,Br,False,True,Eu,3.0,,True,False,Br Cs Eu,True,True
mp-1068377,CsEuCl3,0.01053776200000378,0.8369,False,221,Pm-3m,Cl,False,True,Eu,3.0,,True,False,Cl Cs Eu,True,True
mp-555302,CsFeF3,0.007480315583331176,3.4246999999999996,False,194,P6_3/mmc,F,False,False,,,B=Cs: Cs site 0 is not octahedrally coordinated by F; B=Fe: two B atoms share more than one X atom (edge- or face-sharing octahedra),False,False,Cs F Fe,False,True
mp-2767575,CsFeF3,0.032060795809512044,0.9184999999999999,False,15,C2/c,F,False,False,,,B=Cs: Cs site 0 is not octahedrally coordinated by F; B=Fe: two B atoms share more than one X atom (edge- or face-sharing octahedra),False,False,Cs F Fe,True,True
mp-562726,CsGaS3,0.0,2.4691,True,14,P2_1/c,S,False,False,,,B=Cs: Cs site 0 is not octahedrally coordinated by S; B=Ga: Ga site 4 is not octahedrally coordinated by S,False,False,Cs Ga S,True,True
mp-510283,CsGaSe3,0.0,1.6866,True,14,P2_1/c,Se,False,False,,,B=Cs: Cs site 0 is not octahedrally coordinated by Se; B=Ga: Ga site 4 is not octahedrally coordinated by Se,False,False,Cs Ga Se,True,True
mp-570223,CsGeBr3,0.01684547200000175,0.7484000000000002,False,221,Pm-3m,Br,False,True,Ge,3.0,,True,False,Br Cs Ge,True,True
mp-642739,CsGeBr3,0.0006243900000026947,1.4434000000000002,False,8,Cm,Br,False,False,,,B=Cs: Cs site 0 is not octahedrally coordinated by Br; B=Ge: Ge site 1 is not octahedrally coordinated by Br,False,False,Br Cs Ge,True,True
mp-1068340,CsGeBr3,0.0,1.1965000000000001,True,160,R3m,Br,False,True,Ge,3.0,,False,False,Br Cs Ge,True,True
mp-22988,CsGeCl3,0.0,2.1558,True,160,R3m,Cl,False,False,,,B=Cs: Cs site 0 is not octahedrally coordinated by Cl; B=Ge: Ge site 1 is not octahedrally coordinated by Cl,False,False,Cl Cs Ge,True,True
mp-28377,CsGeI3,0.0,0.9905000000000002,True,160,R3m,I,False,False,,,B=Cs: Cs site 0 is not octahedrally coordinated by I; B=Ge: Ge site 1 is not octahedrally coordinated by I,False,False,Cs Ge I,True,True
mp-642690,CsGeI3,0.00863977400000282,1.1901,False,8,Cm,I,False,False,,,B=Cs: Cs site 0 is not octahedrally coordinated by I; B=Ge: Ge site 1 is not octahedrally coordinated by I,False,False,Cs Ge I,True,True
mp-1194175,CsHgBr3,0.0033698473333303447,1.8887,False,15,C2/c,Br,False,False,,,B=Cs: Cs site 0 is not octahedrally coordinated by Br; B=Hg: Hg site 6 is not octahedrally coordinated by Br,False,True,Br Cs Hg,True,True
mp-29845,CsHgCl3,0.0,1.9882,True,145,P3_2,Cl,False,False,,,B=Cs: Cs site 0 is not octahedrally coordinated by Cl; B=Hg: Hg site 9 is not octahedrally coordinated by Cl,False,True,Cl Cs Hg,True,True
mp-675010,CsHgCl3,0.07932834733333571,2.0663,False,113,P-42_1m,Cl,False,False,,,B=Cs: Cs site 0 is not octahedrally coordinated by Cl; B=Hg: Hg site 2 is not octahedrally coordinated by Cl,False,True,Cl Cs Hg,True,False
mp-1197432,CsHgCl3,0.018041189333335872,0.9505,False,14,P2_1/c,Cl,False,False,,,B=Cs: Cs site 0 is not octahedrally coordinated by Cl; B=Hg: Hg site 8 is not octahedrally coordinated by Cl,False,True,Cl Cs Hg,True,True
mp-1546519,CsHgCl3,0.007181699111113549,1.0764,False,64,Cmce,Cl,False,True,Hg,3.0,,False,True,Cl Cs Hg,True,True
mp-561947,CsHgF3,0.0,0.7167,True,221,Pm-3m,F,False,True,Hg,3.0,,True,True,Cs F Hg,True,True
mp-28295,CsIO3,0.0,3.1020000000000003,True,31,Pmn2_1,O,False,False,,,B=Cs: Cs site 0 is not octahedrally coordinated by O; B=I: I site 2 is not octahedrally coordinated by O,False,False,Cs I O,False,True
mp-1112338,CsInBr3,0.0,1.3782043565395825,True,225,Fm-3m,Br,False,True,In,3.0,,False,False,Br Cs In,True,True
mp-1112961,CsInCl3,0.0,1.7757115012201825,True,225,Fm-3m,Cl,False,True,In,3.0,,False,False,Cl Cs In,True,True
mp-1112960,CsInF3,0.0,3.0609122425859545,True,225,Fm-3m,F,False,True,In,3.0,,False,False,Cs F In,False,True
mp-998430,CsInI3,0.01784049775000307,1.4545000000000001,False,2,P-1,I,False,False,,,B=Cs: Cs site 0 is not octahedrally coordinated by I; B=In: In site 4 is not octahedrally coordinated by I,False,False,Cs I In,True,True
mp-1112643,CsInI3,0.02183132625000006,0.7619999999999998,False,225,Fm-3m,I,False,True,In,3.0,,False,False,Cs I In,True,True
mp-29750,CsMgBr3,0.0,4.0445,True,194,P6_3/mmc,Br,False,False,,,B=Cs: Cs site 0 is not octahedrally coordinated by Br; B=Mg: two B atoms share more than one X atom (edge- or face-sharing octahedra),False,False,Br Cs Mg,False,True
mp-23751,CsMgH3,0.002973087999999624,2.6161000000000003,False,166,R-3m,H,False,False,,,B=Cs: Cs site 0 is not octahedrally coordinated by H; B=Mg: two B atoms share more than one X atom (edge- or face-sharing octahedra),False,False,Cs H Mg,True,True
mp-571020,CsMgH3,0.0,2.9046999999999996,True,59,Pmmn,H,False,False,,,"B=Cs: Cs site 0 is not octahedrally coordinated by H; B=Mg: an H atom bridges 3 Mg atoms, not two",False,False,Cs H Mg,True,True
mp-29751,CsMgI3,0.0,3.152841311191894,True,194,P6_3/mmc,I,False,False,,,B=Cs: Cs site 0 is not octahedrally coordinated by I; B=Mg: two B atoms share more than one X atom (edge- or face-sharing octahedra),False,False,Cs I Mg,False,True
mp-23336,CsMnCl3,0.0,1.4829,True,166,R-3m,Cl,False,False,,,B=Cs: Cs site 0 is not octahedrally coordinated by Cl; B=Mn: two B atoms share more than one X atom (edge- or face-sharing octahedra),False,False,Cl Cs Mn,True,True
mp-558702,CsMnF3,0.0,3.4556,True,194,P6_3/mmc,F,False,False,,,B=Cs: Cs site 0 is not octahedrally coordinated by F; B=Mn: two B atoms share more than one X atom (edge- or face-sharing octahedra),False,False,Cs F Mn,False,True
mp-22628,CsNO3,0.004369773555554346,3.0919,False,59,Pmmn,O,False,False,,,B=Cs: Cs site 0 is not octahedrally coordinated by O; B=N: N site 2 is not octahedrally coordinated by O,False,False,Cs N O,False,True
mp-561851,CsNO3,0.0,3.897,True,144,P3_1,O,False,False,,,B=Cs: Cs site 0 is not octahedrally coordinated by O; B=N: N site 9 is not octahedrally coordinated by O,False,False,Cs N O,False,True
mp-1196533,CsNO3,0.02167331633333447,3.2875,False,205,Pa-3,O,False,False,,,B=Cs: Cs site 0 is not octahedrally coordinated by O; B=N: N site 8 is not octahedrally coordinated by O,False,False,Cs N O,False,True
mp-2031146,CsNaF3,0.002506903374996483,0.9959000000000001,False,62,Pnma,F,False,False,,,B=Cs: Cs site 0 is not octahedrally coordinated by F; B=Na: Na site 4 is not octahedrally coordinated by F,True,False,Cs F Na,True,True
mp-27556,CsNbO3,0.0,3.319,True,14,P2_1/c,O,False,False,,,B=Cs: Cs site 0 is not octahedrally coordinated by O; B=Nb: Nb site 8 is not octahedrally coordinated by O,False,False,Cs Nb O,False,True
mp-22950,CsNiCl3,0.0,0.8049000000000002,True,194,P6_3/mmc,Cl,False,False,,,B=Cs: Cs site 0 is not octahedrally coordinated by Cl; B=Ni: two B atoms share more than one X atom (edge- or face-sharing octahedra),False,False,Cl Cs Ni,True,True
mp-611601,CsNiF3,0.09476461999999941,4.409,False,194,P6_3/mmc,F,False,False,,,B=Cs: Cs site 0 is not octahedrally coordinated by F; B=Ni: two B atoms share more than one X atom (edge- or face-sharing octahedra),False,False,Cs F Ni,False,False
mp-504838,CsPS3,0.0,1.9176,True,71,Immm,S,False,False,,,B=Cs: Cs site 0 is not octahedrally coordinated by S; B=P: P site 2 is not octahedrally coordinated by S,False,False,Cs P S,True,True
mp-29882,CsPdCl3,0.00971832199999767,1.6294,False,72,Ibam,Cl,False,False,,,B=Cs: Cs site 0 is not octahedrally coordinated by Cl; B=Pd: Pd site 4 is not octahedrally coordinated by Cl,False,False,Cl Cs Pd,True,True
mp-1213644,CsScBr3,0.013903533333331275,0.2637999999999998,False,194,P6_3/mmc,Br,False,False,,,B=Cs: Cs site 0 is not octahedrally coordinated by Br; B=Sc: two B atoms share more than one X atom (edge- or face-sharing octahedra),False,False,Br Cs Sc,True,True
mp-1206489,CsScI3,0.0,0.29859999999999953,True,194,P6_3/mmc,I,False,False,,,B=Cs: Cs site 0 is not octahedrally coordinated by I; B=Sc: two B atoms share more than one X atom (edge- or face-sharing octahedra),False,False,Cs I Sc,True,True
mp-998413,CsSeBr3,0.01714915532894734,1.1982,False,11,P2_1/m,Br,False,False,,,B=Cs: Cs site 0 is not octahedrally coordinated by Br; B=Se: Se site 2 is not octahedrally coordinated by Br,False,False,Br Cs Se,True,True
mp-2014596,CsSeBr3,0.0,1.8330000000000002,True,4,P2_1,Br,False,False,,,B=Cs: Cs site 0 is not octahedrally coordinated by Br; B=Se: Se site 2 is not octahedrally coordinated by Br,False,False,Br Cs Se,True,True
mp-570957,CsSiTe3,0.0,1.2612999999999999,True,9,Cc,Te,False,False,,,B=Cs: Cs site 0 is not octahedrally coordinated by Te; B=Si: Si site 4 is not octahedrally coordinated by Te,False,False,Cs Si Te,True,True
mp-27214,CsSnBr3,0.011195139500002504,0.5984,False,221,Pm-3m,Br,False,True,Sn,3.0,,True,False,Br Cs Sn,True,True
mp-1247749,CsSnBr3,0.0,1.0107,True,62,Pnma,Br,False,True,Sn,3.0,,True,False,Br Cs Sn,True,True
mp-27394,CsSnCl3,0.0,2.9154,True,14,P2_1/c,Cl,False,False,,,B=Cs: Cs site 0 is not octahedrally coordinated by Cl; B=Sn: Sn site 4 is not octahedrally coordinated by Cl,False,False,Cl Cs Sn,True,True
mp-1070375,CsSnCl3,0.022686821500001564,0.9752999999999998,False,221,Pm-3m,Cl,False,True,Sn,3.0,,True,False,Cl Cs Sn,True,True
mp-998298,CsSnF3,0.026475629500002817,3.099,False,1,P1,F,False,False,,,B=Cs: Cs site 0 is not octahedrally coordinated by F; B=Sn: Sn site 1 is not octahedrally coordinated by F,False,False,Cs F Sn,False,True
mp-998457,CsSnF3,0.01356690050000342,3.828085456040323,False,161,R3c,F,False,False,,,B=Cs: Cs site 0 is not octahedrally coordinated by F; B=Sn: Sn site 2 is not octahedrally coordinated by F,False,False,Cs F Sn,False,True
mp-1105915,CsSnF3,0.0,3.7732000000000006,True,14,P2_1/c,F,False,False,,,B=Cs: Cs site 0 is not octahedrally coordinated by F; B=Sn: Sn site 4 is not octahedrally coordinated by F,False,False,Cs F Sn,False,True
mp-2758979,CsSnF3,0.003436602999999039,4.1665,False,62,Pnma,F,False,False,,,B=Cs: Cs site 0 is not octahedrally coordinated by F; B=Sn: Sn site 4 is not octahedrally coordinated by F,True,False,Cs F Sn,False,True
mp-27381,CsSnI3,0.0032493385000011976,2.0632626904348133,False,62,Pnma,I,False,False,,,"B=Cs: Cs site 0 is not octahedrally coordinated by I; B=Sn: an I atom bridges 3 Sn atoms, not two",True,False,Cs I Sn,True,True
mp-568570,CsSnI3,0.011059161000003481,0.6097000000000001,False,62,Pnma,I,False,True,Sn,3.0,,True,False,Cs I Sn,True,True
mp-614013,CsSnI3,0.0,0.44999999999999973,True,221,Pm-3m,I,False,True,Sn,3.0,,True,False,Cs I Sn,True,True
mp-616378,CsSnI3,0.011843993999997693,0.5435000000000003,False,127,P4/mbm,I,False,True,Sn,3.0,,True,False,Cs I Sn,True,True
mp-561710,CsSnS3,0.0,1.6557000000000002,True,2,P-1,S,False,False,,,B=Cs: Cs site 0 is not octahedrally coordinated by S; B=Sn: Sn site 2 is not octahedrally coordinated by S,False,False,Cs S Sn,True,True
mp-613162,CsSnSe3,0.003953939000005846,1.0499000000000003,False,2,P-1,Se,False,False,,,B=Cs: Cs site 0 is not octahedrally coordinated by Se; B=Sn: Sn site 2 is not octahedrally coordinated by Se,False,False,Cs Se Sn,True,True
mp-1542038,CsSnSe3,0.0,1.1908842789593752,True,2,P-1,Se,False,False,,,B=Cs: Cs site 0 is not octahedrally coordinated by Se; B=Sn: Sn site 2 is not octahedrally coordinated by Se,False,False,Cs Se Sn,True,True
mp-998297,CsSrBr3,0.021612656000001174,4.1683,False,8,Cm,Br,False,True,Sr,3.0,,False,False,Br Cs Sr,False,True
mp-998433,CsSrBr3,0.0022995230000009137,4.4089,False,63,Cmcm,Br,False,False,,,B=Cs: Cs site 0 is not octahedrally coordinated by Br; B=Sr: two B atoms share more than one X atom (edge- or face-sharing octahedra),True,False,Br Cs Sr,False,True
mp-998417,CsSrI3,0.03169301799999902,3.6132,False,8,Cm,I,False,True,Sr,3.0,,False,False,Cs I Sr,False,True
mp-1080232,CsSrI3,0.0,4.2962,True,63,Cmcm,I,False,False,,,B=Cs: Cs site 0 is not octahedrally coordinated by I; B=Sr: two B atoms share more than one X atom (edge- or face-sharing octahedra),True,False,Cs I Sr,False,True
mp-1225870,CsTaS3,0.0,0.5164071412257751,True,186,P6_3mc,S,False,False,,,B=Cs: Cs site 0 is not octahedrally coordinated by S; B=Ta: two B atoms share more than one X atom (edge- or face-sharing octahedra),False,False,Cs S Ta,True,True
mp-685607,CsTaSe3,0.0,0.35129999999999995,True,62,Pnma,Se,False,False,,,B=Cs: Cs site 0 is not octahedrally coordinated by Se; B=Ta: two B atoms share more than one X atom (edge- or face-sharing octahedra),True,False,Cs Se Ta,True,True
mp-1225880,CsTaSe3,0.006590421999999485,0.12155155845313215,False,186,P6_3mc,Se,False,False,,,B=Cs: Cs site 0 is not octahedrally coordinated by Se; B=Ta: two B atoms share more than one X atom (edge- or face-sharing octahedra),False,False,Cs Se Ta,True,True
mp-9462,CsTeSe3,0.043098774156248965,0.7398000000000002,False,14,P2_1/c,Se,False,False,,,B=Cs: Cs site 0 is not octahedrally coordinated by Se; B=Te: Te site 4 is not octahedrally coordinated by Se,False,False,Cs Se Te,True,True
mp-1112177,CsTlBr3,0.01224176974999791,0.9985047740444737,False,225,Fm-3m,Br,False,True,Tl,3.0,,False,True,Br Cs Tl,True,True
mp-1112176,CsTlCl3,0.00036208099999957,1.2584148670507163,False,225,Fm-3m,Cl,False,True,Tl,3.0,,False,True,Cl Cs Tl,True,True
mp-1078203,CsTlF3,0.0,2.1858244764135537,True,225,Fm-3m,F,False,True,Tl,3.0,,False,True,Cs F Tl,True,True
mp-1112542,CsTlI3,0.06025467974999987,0.49829999999999997,False,225,Fm-3m,I,False,True,Tl,3.0,,False,True,Cs I Tl,True,False
mp-23038,CsVBr3,0.0,0.6539999999999999,True,194,P6_3/mmc,Br,False,False,,,B=Cs: Cs site 0 is not octahedrally coordinated by Br; B=V: two B atoms share more than one X atom (edge- or face-sharing octahedra),False,False,Br Cs V,True,True
mp-22977,CsVCl3,0.0,0.47730000000000006,True,194,P6_3/mmc,Cl,False,False,,,B=Cs: Cs site 0 is not octahedrally coordinated by Cl; B=V: two B atoms share more than one X atom (edge- or face-sharing octahedra),False,False,Cl Cs V,True,True
mp-22991,CsVI3,0.0,0.5943000000000005,True,194,P6_3/mmc,I,False,False,,,B=Cs: Cs site 0 is not octahedrally coordinated by I; B=V: two B atoms share more than one X atom (edge- or face-sharing octahedra),False,False,Cs I V,True,True
mp-504651,CsVO3,0.0,3.1105,True,57,Pbcm,O,False,False,,,B=Cs: Cs site 0 is not octahedrally coordinated by O; B=V: V site 4 is not octahedrally coordinated by O,False,False,Cs O V,False,True
mp-2763763,CuAgF3,0.0,1.2734999999999999,True,14,P2_1/c,F,False,True,Cu,3.0,,False,False,Ag Cu F,True,True
mp-554624,CuGeO3,0.07249802987500331,0.44750000000000023,False,58,Pnnm,O,False,False,,,B=Cu: Cu site 0 is not octahedrally coordinated by O; B=Ge: Ge site 16 is not octahedrally coordinated by O,False,False,Cu Ge O,True,False
mp-561216,CuGeO3,0.06874284150000332,0.6776,False,64,Cmce,O,False,False,,,B=Cu: Cu site 0 is not octahedrally coordinated by O; B=Ge: Ge site 8 is not octahedrally coordinated by O,False,False,Cu Ge O,True,False
mp-1181636,CuGeO3,0.08741709300000267,0.20409999999999995,False,53,Pmna,O,False,False,,,B=Cu: Cu site 0 is not octahedrally coordinated by O; B=Ge: Ge site 4 is not octahedrally coordinated by O,False,False,Cu Ge O,True,False
mp-772192,CuPO3,0.08834415474999702,1.5598999999999998,False,14,P2_1/c,O,False,False,,,B=Cu: Cu site 0 is not octahedrally coordinated by O; B=P: P site 8 is not octahedrally coordinated by O,False,False,Cu O P,True,False
mp-772255,CuPO3,0.02798113283333059,1.8792000000000002,False,148,R-3,O,False,False,,,B=Cu: Cu site 0 is not octahedrally coordinated by O; B=P: P site 6 is not octahedrally coordinated by O,False,False,Cu O P,True,True
mp-1105187,CuPS3,0.0,1.1555,True,136,P4_2/mnm,S,False,False,,,B=Cu: Cu site 0 is not octahedrally coordinated by S; B=P: P site 4 is not octahedrally coordinated by S,False,False,Cu P S,True,True
mp-22688,CuSeO3,0.012697126749998233,0.2102000000000004,False,61,Pbca,O,False,False,,,B=Cu: Cu site 0 is not octahedrally coordinated by O; B=Se: Se site 8 is not octahedrally coordinated by O,False,False,Cu O Se,True,True
mp-16053,CuSiO3,0.0912007643333359,0.1120000000000001,False,51,Pmma,O,False,False,,,B=Cu: Cu site 0 is not octahedrally coordinated by O; B=Si: Si site 2 is not octahedrally coordinated by O,False,False,Cu O Si,True,False
mp-22137,DyCoO3,0.009307952214286708,1.1903999999999995,False,62,Pnma,O,False,True,Co,3.0,,True,False,Co Dy O,True,True
mp-19381,DyCrO3,0.0,2.5405999999999995,True,62,Pnma,O,False,True,Cr,3.0,,True,False,Cr Dy O,True,True
mp-1212890,DyCrSe3,0.03751985500000554,0.11660000000000004,False,62,Pnma,Se,False,False,,,"B=Cr: an Se atom bridges 3 Cr atoms, not two; B=Dy: Dy site 0 is not octahedrally coordinated by Se",True,False,Cr Dy Se,True,True
mp-772188,DyErO3,0.08419320666666863,3.0896,False,185,P6_3cm,O,False,False,,,B=Dy: Dy site 0 is not octahedrally coordinated by O; B=Er: Er site 6 is not octahedrally coordinated by O,False,False,Dy Er O,False,False
mp-22283,DyFeO3,0.0063256709999990335,0.9134000000000002,False,62,Pnma,O,False,True,Fe,3.0,,True,False,Dy Fe O,True,True
mp-755612,DyGaO3,0.04817002259999903,3.6448000000000005,False,62,Pnma,O,False,True,Ga,3.0,,True,False,Dy Ga O,False,True
mp-769015,DyGaO3,0.024861314766665643,2.8659,False,185,P6_3cm,O,False,False,,,B=Dy: Dy site 0 is not octahedrally coordinated by O; B=Ga: Ga site 6 is not octahedrally coordinated by O,False,False,Dy Ga O,True,True
mp-768145,DyHoO3,0.09010367654166807,3.0511999999999997,False,185,P6_3cm,O,False,False,,,B=Dy: Dy site 0 is not octahedrally coordinated by O; B=Ho: Ho site 6 is not octahedrally coordinated by O,False,False,Dy Ho O,False,False
mp-768149,DyInO3,0.004321802999998958,1.9870999999999999,False,185,P6_3cm,O,False,False,,,B=Dy: Dy site 0 is not octahedrally coordinated by O; B=In: In site 6 is not octahedrally coordinated by O,False,False,Dy In O,True,True
mp-1178360,DyInO3,0.06403290699999964,2.6229999999999998,False,62,Pnma,O,False,True,In,3.0,,True,False,Dy In O,True,False
mp-22103,DyMnO3,0.02230257116666401,0.9994999999999998,False,62,Pnma,O,False,True,Mn,3.0,,True,False,Dy Mn O,True,True
mp-542479,DyMnO3,0.0,1.1543999999999999,True,185,P6_3cm,O,False,False,,,B=Dy: Dy site 0 is not octahedrally coordinated by O; B=Mn: Mn site 6 is not octahedrally coordinated by O,False,False,Dy Mn O,True,True
mp-1212884,DyRhO3,0.0,0.8884318524889769,True,62,Pnma,O,False,True,Rh,3.0,,True,False,Dy O Rh,True,True
mp-1225550,DySbTe3,0.029413949000000272,0.8479000000000001,False,160,R3m,Te,False,False,,,"B=Dy: an Te atom bridges 3 Dy atoms, not two; B=Sb: an Te atom bridges 3 Sb atoms, not two",False,False,Dy Sb Te,True,True
mp-31120,DyScO3,0.025833509374999508,4.4597999999999995,False,62,Pnma,O,False,True,Sc,3.0,,True,False,Dy O Sc,False,True
mp-1184176,DyScS3,0.0,1.7736999999999994,True,62,Pnma,S,False,True,Sc,3.0,,True,False,Dy S Sc,True,True
mp-769393,DySeO3,0.0,1.7860999999999998,True,14,P2_1/c,O,False,False,,,B=Dy: Dy site 0 is not octahedrally coordinated by O; B=Se: Se site 8 is not octahedrally coordinated by O,False,False,Dy O Se,True,True
mp-22789,DyVO3,0.0,1.6567999999999996,True,62,Pnma,O,False,True,V,3.0,,True,False,Dy O V,True,True
mp-768333,DyYO3,0.0966044345416659,3.028,False,185,P6_3cm,O,False,False,,,B=Dy: Dy site 0 is not octahedrally coordinated by O; B=Y: Y site 6 is not octahedrally coordinated by O,False,False,Dy O Y,False,False
mp-754184,ErAlO3,0.08564275720000047,3.5603999999999996,False,194,P6_3/mmc,O,False,False,,,"B=Al: Al site 2 is not octahedrally coordinated by O; B=Er: an O atom bridges 3 Er atoms, not two",False,False,Al Er O,False,False
mp-754636,ErBiO3,0.05151718000000116,2.47,False,148,R-3,O,False,False,,,B=Bi: two B atoms share more than one X atom (edge- or face-sharing octahedra); B=Er: two B atoms share more than one X atom (edge- or face-sharing octahedra),False,False,Bi Er O,True,False
mp-754943,ErBiO3,0.030865552000001628,3.1148000000000002,False,161,R3c,O,False,True,Bi,3.0,,False,False,Bi Er O,False,True
mp-562779,ErCoO3,0.0,1.4471000000000003,True,62,Pnma,O,False,True,Co,3.0,,True,False,Co Er O,True,True
mp-19063,ErCrO3,0.0,0.2483000000000004,True,62,Pnma,O,False,True,Cr,3.0,,True,False,Cr Er O,True,True
mp-19935,ErFeO3,0.017954620499999407,1.5929000000000002,False,62,Pnma,O,False,True,Fe,3.0,,True,False,Er Fe O,True,True
mp-1213082,ErGaO3,0.05067488629999861,3.6630999999999996,False,62,Pnma,O,False,True,Ga,3.0,,True,False,Er Ga O,False,False
mp-1213088,ErGaO3,0.01351073163333183,3.6477,False,185,P6_3cm,O,False,False,,,B=Er: Er site 0 is not octahedrally coordinated by O; B=Ga: Ga site 6 is not octahedrally coordinated by O,False,False,Er Ga O,False,True
mp-754208,ErInO3,0.07976449299999988,2.5532,False,62,Pnma,O,False,True,In,3.0,,True,False,Er In O,True,False
mp-772217,ErInO3,0.015370493333330515,1.9560000000000004,False,185,P6_3cm,O,False,False,,,B=Er: Er site 0 is not octahedrally coordinated by O; B=In: In site 6 is not octahedrally coordinated by O,False,False,Er In O,True,True
mp-19319,ErMnO3,0.03440518066666698,1.0455,False,62,Pnma,O,False,True,Mn,3.0,,True,False,Er Mn O,True,True
mp-1189736,ErNiO3,0.0015767070000007877,0.37260000000000026,False,14,P2_1/c,O,False,True,Ni,3.0,,False,False,Er Ni O,True,True
mp-1213022,ErRhO3,0.0,0.9643714818411082,True,62,Pnma,O,False,True,Rh,3.0,,True,False,Er O Rh,True,True
mp-1212985,ErScO3,0.040889039374999214,4.417918120087519,False,62,Pnma,O,False,True,Sc,3.0,,True,False,Er O Sc,False,True
mp-1190244,ErScS3,0.017259182583330812,1.7554999999999996,False,33,Pna2_1,S,False,True,Sc,3.0,,False,False,Er S Sc,True,True
mp-2763526,ErScS3,0.01253586233333337,2.1519999999999997,False,62,Pnma,S,False,True,Sc,3.0,,True,False,Er S Sc,True,True
mp-19205,ErVO3,0.0,1.5838,True,62,Pnma,O,False,True,V,3.0,,True,False,Er O V,True,True
mp-554518,EuCO3,0.0,0.42929999999999957,True,62,Pnma,O,False,False,,,B=C: C site 4 is not octahedrally coordinated by O; B=Eu: Eu site 0 is not octahedrally coordinated by O,True,False,C Eu O,True,True
mp-753781,EuHfO3,0.0,0.5973000000000006,True,221,Pm-3m,O,False,True,Hf,3.0,,True,False,Eu Hf O,True,True
mp-1190059,EuHfS3,0.0,0.12870000000000026,True,62,Pnma,S,False,True,Hf,3.0,,True,False,Eu Hf S,True,True
mp-20217,EuPS3,0.0,0.8436000000000003,True,14,P2_1/c,S,False,False,,,B=Eu: Eu site 0 is not octahedrally coordinated by S; B=P: P site 4 is not octahedrally coordinated by S,False,False,Eu P S,True,True
mp-20742,EuPSe3,0.0,0.4916999999999998,True,14,P2_1/c,Se,False,False,,,B=Eu: Eu site 0 is not octahedrally coordinated by Se; B=P: P site 4 is not octahedrally coordinated by Se,False,False,Eu P Se,True,True
mp-771055,EuZrO3,0.09331918650001114,0.3877000000000006,False,221,Pm-3m,O,False,True,Zr,3.0,,True,False,Eu O Zr,True,False
mp-1106293,EuZrO3,0.0,0.5096999999999996,True,62,Pnma,O,False,True,Zr,3.0,,True,False,Eu O Zr,True,True
mp-1178354,EuZrO3,0.08439294925001128,0.4662999999999995,False,198,P2_13,O,False,True,Zr,3.0,,False,False,Eu O Zr,True,False
mp-1189927,EuZrS3,0.0,0.14529999999999976,True,62,Pnma,S,False,True,Zr,3.0,,True,False,Eu S Zr,True,True
mp-19097,FeBO3,0.0,1.4815999999999998,True,167,R-3c,O,False,True,Fe,3.0,,True,False,B Fe O,True,True
mp-1199904,FeBO3,0.0919413762500021,1.5127000000000002,False,14,P2_1/c,O,False,False,,,"B=B: B site 8 is not octahedrally coordinated by O; B=Fe: an O atom bridges 3 Fe atoms, not two",False,False,B Fe O,True,False
mp-22949,FeBiO3,0.03357941100000161,1.8064,False,160,R3m,O,False,True,Fe,3.0,,False,False,Bi Fe O,True,True
mp-23501,FeBiO3,0.0016325030000015062,1.2984,False,161,R3c,O,False,True,Bi,3.0,,False,False,Bi Fe O,True,True
mp-645159,FeBiO3,0.011605766000001516,1.5419999999999998,False,62,Pnma,O,False,True,Fe,3.0,,True,False,Bi Fe O,True,True
mp-1069079,FeBiO3,0.026811494000001268,1.4269999999999996,False,99,P4mm,O,False,False,,,B=Bi: Bi site 2 is not octahedrally coordinated by O; B=Fe: Fe site 0 is not octahedrally coordinated by O,False,False,Bi Fe O,True,True
mp-1193035,FeBiO3,0.05641126100000182,1.6585999999999999,False,12,C2/m,O,False,True,Fe,3.0,,False,False,Bi Fe O,True,False
mp-22334,FeGeO3,0.012197311499998698,1.9617,False,15,C2/c,O,False,False,,,"B=Fe: an O atom bridges 3 Fe atoms, not two; B=Ge: Ge site 4 is not octahedrally coordinated by O",False,False,Fe Ge O,True,True
mp-768499,FeNiO3,0.08205045533333166,0.5852999999999997,False,148,R-3,O,False,False,,,B=Fe: two B atoms share more than one X atom (edge- or face-sharing octahedra); B=Ni: two B atoms share more than one X atom (edge- or face-sharing octahedra),False,False,Fe Ni O,True,False
mp-18269,FeSiO3,0.018215754666666584,1.4461999999999997,False,15,C2/c,O,False,False,,,B=Fe: Fe site 0 is not octahedrally coordinated by O; B=Si: Si site 4 is not octahedrally coordinated by O,False,False,Fe O Si,True,True
mp-21939,FeSiO3,0.015311726541668236,2.777780544039423,False,61,Pbca,O,False,False,,,B=Fe: Fe site 0 is not octahedrally coordinated by O; B=Si: Si site 16 is not octahedrally coordinated by O,False,False,Fe O Si,True,True
mp-650392,FeSiO3,0.023068397888890146,2.6645,False,2,P-1,O,False,False,,,B=Fe: Fe site 1 is not octahedrally coordinated by O; B=Si: Si site 18 is not octahedrally coordinated by O,False,False,Fe O Si,True,True
mp-1199561,FeSiO3,0.015693276416667956,0.7031016582286722,False,14,P2_1/c,O,False,False,,,B=Fe: Fe site 4 is not octahedrally coordinated by O; B=Si: Si site 8 is not octahedrally coordinated by O,False,False,Fe O Si,True,True
mp-2767577,FeSiO3,0.03642828933333675,0.6124,False,2,P-1,O,False,False,,,B=Fe: Fe site 0 is not octahedrally coordinated by O; B=Si: Si site 4 is not octahedrally coordinated by O,False,False,Fe O Si,True,True
mp-1178212,FeSnO3,0.0,0.8620000000000001,True,2,P-1,O,False,False,,,B=Fe: Fe site 0 is not octahedrally coordinated by O; B=Sn: two B atoms share more than one X atom (edge- or face-sharing octahedra),False,False,Fe O Sn,True,True
mp-1178214,FeSnO3,0.03518453450000081,0.989703830709586,False,62,Pnma,O,False,True,Sn,3.0,,True,False,Fe O Sn,True,True
mp-1078259,GaBO3,0.003771963166665948,3.8638999999999997,False,167,R-3c,O,False,True,Ga,3.0,,True,False,B Ga O,False,True
mp-558285,GaBiO3,0.0020056449999996673,1.8794000000000004,False,54,Pcca,O,False,False,,,B=Bi: two B atoms share more than one X atom (edge- or face-sharing octahedra); B=Ga: Ga site 0 is not octahedrally coordinated by O,False,False,Bi Ga O,True,True
mp-755568,GaBiO3,0.05111254749999894,3.0263,False,161,R3c,O,False,True,Ga,3.0,,False,False,Bi Ga O,False,False
mp-649086,GaFeO3,0.035789206749999636,2.1045,False,33,Pna2_1,O,False,False,,,"B=Fe: an O atom bridges 1 Fe atoms, not two; B=Ga: Ga site 0 is not octahedrally coordinated by O",False,False,Fe Ga O,True,True
mp-868005,GaFeO3,0.03666854199999925,2.1227000000000005,False,1,P1,O,False,False,,,"B=Fe: an O atom bridges 1 Fe atoms, not two; B=Ga: Ga site 1 is not octahedrally coordinated by O",False,False,Fe Ga O,True,True
mp-5223,GdAlO3,0.008384388900003259,3.2931999999999997,False,62,Pnma,O,False,True,Al,3.0,,True,False,Al Gd O,False,True
mp-1178268,GdAlO3,0.08511760940000279,1.8884999999999996,False,221,Pm-3m,O,False,True,Al,3.0,,True,False,Al Gd O,True,False
mp-753953,GdAsO3,0.04877113199999883,2.1834000000000002,False,14,P2_1/c,O,False,False,,,B=As: As site 4 is not octahedrally coordinated by O; B=Gd: Gd site 0 is not octahedrally coordinated by O,False,True,As Gd O,True,True
mp-1224628,GdBO3,0.08538103099999894,0.17320000000000002,False,40,Ama2,O,False,False,,,B=B: B site 2 is not octahedrally coordinated by O; B=Gd: Gd site 0 is not octahedrally coordinated by O,False,False,B Gd O,True,False
mp-18331,GdCrO3,0.0,2.6309,True,62,Pnma,O,False,True,Cr,3.0,,True,False,Cr Gd O,True,True
mp-766236,GdErO3,0.004903464250000766,3.234,False,5,C2,O,False,False,,,B=Er: Er site 8 is not octahedrally coordinated by O; B=Gd: Gd site 1 is not octahedrally coordinated by O,False,False,Er Gd O,False,True
mp-18656,GdGaO3,0.04892607999999932,3.45,False,62,Pnma,O,False,True,Ga,3.0,,True,False,Ga Gd O,False,True
mp-1212640,GdInO3,0.0,2.3595,True,185,P6_3cm,O,False,False,,,B=Gd: Gd site 0 is not octahedrally coordinated by O; B=In: In site 6 is not octahedrally coordinated by O,False,False,Gd In O,True,True
mp-1212778,GdInO3,0.05223579216666607,2.5270116208736253,False,62,Pnma,O,False,True,In,3.0,,True,False,Gd In O,True,False
mp-756424,GdLuO3,0.05559696212499787,3.1346,False,62,Pnma,O,False,True,Lu,3.0,,True,False,Gd Lu O,False,False
mp-5690,GdScO3,0.011744571875000887,3.1888000000000005,False,62,Pnma,O,False,True,Sc,3.0,,True,False,Gd O Sc,False,True
mp-510490,GdScS3,0.0,1.1773999999999996,True,62,Pnma,S,False,True,Sc,3.0,,True,False,Gd S Sc,True,True
mp-756030,GdTmO3,0.0678473967500004,3.1590000000000003,False,62,Pnma,O,False,True,Tm,3.0,,True,False,Gd O Tm,False,False
mp-541177,GdVO3,0.0,1.4525999999999994,True,62,Pnma,O,False,True,V,3.0,,True,False,Gd O V,True,True
mp-541785,GePdS3,0.0,1.3441,True,12,C2/m,S,False,False,,,B=Ge: Ge site 0 is not octahedrally coordinated by S; B=Pd: Pd site 2 is not octahedrally coordinated by S,False,False,Ge Pd S,True,True
mp-625509,H3BrO,0.0518906854999992,4.4205000000000005,False,160,R3m,H,True,False,,,the element present three times is more electropositive than both others (anti-perovskite),False,False,Br H O,False,False
mp-625521,H3BrO,0.05222365749999902,4.417,False,8,Cm,H,True,False,,,the element present three times is more electropositive than both others (anti-perovskite),False,False,Br H O,False,False
mp-1096983,H3CI,0.09204528266666578,4.288399999999999,False,160,R3m,H,True,False,,,the element present three times is more electropositive than both others (anti-perovskite),False,False,C H I,False,False
mp-1181198,H3CI,0.06820596566666559,3.3729,False,62,Pnma,H,True,False,,,the element present three times is more electropositive than both others (anti-perovskite),True,False,C H I,False,False
mp-554676,H3CS,0.04696581666071431,3.7157999999999998,False,14,P2_1/c,H,True,False,,,the element present three times is more electropositive than both others (anti-perovskite),False,False,C H S,False,True
mp-559204,H3CS,0.045769181660713976,3.5897,False,14,P2_1/c,H,True,False,,,the element present three times is more electropositive than both others (anti-perovskite),False,False,C H S,False,True
mp-1200055,H3CSe,0.006003463906248285,2.5842,False,43,Fdd2,H,True,False,,,the element present three times is more electropositive than both others (anti-perovskite),False,False,C H Se,True,True
mp-23963,HIO3,0.016353290499998785,3.2218,False,19,P2_12_12_1,O,False,False,,,B=H: H site 0 is not octahedrally coordinated by O; B=I: I site 4 is not octahedrally coordinated by O,False,False,H I O,False,True
mp-556216,HIO3,0.018122821749998685,3.0606,False,61,Pbca,O,False,False,,,B=H: H site 0 is not octahedrally coordinated by O; B=I: I site 8 is not octahedrally coordinated by O,False,False,H I O,False,True
mp-1199435,HNO3,0.0028689651250006776,4.2749,False,14,P2_1/c,O,False,False,,,B=H: H site 0 is not octahedrally coordinated by O; B=N: N site 8 is not octahedrally coordinated by O,False,False,H N O,False,True
mp-1224772,HNO3,0.0,3.8158000000000003,True,4,P2_1,O,False,False,,,B=H: H site 0 is not octahedrally coordinated by O; B=N: N site 16 is not octahedrally coordinated by O,False,False,H N O,False,True
mp-1212404,HfCdO3,0.014629501500003528,3.061,False,62,Pnma,O,False,True,Hf,3.0,,True,True,Cd Hf O,False,True
mp-753534,HfCoO3,0.09486151200000315,2.4865,False,62,Pnma,O,False,True,Hf,3.0,,True,False,Co Hf O,True,False
mp-756322,HfCrO3,0.09728987566667335,1.5871000000000004,False,62,Pnma,O,False,False,,,B=Cr: Cr site 4 is not octahedrally coordinated by O; B=Hf: Hf site 0 is not octahedrally coordinated by O,True,False,Cr Hf O,True,False
mp-753790,HfFeO3,0.09619258400000419,2.1447000000000003,False,62,Pnma,O,False,True,Fe,3.0,,True,False,Fe Hf O,True,False
mp-753856,HfFeO3,0.06265258550000219,2.9099000000000004,False,62,Pnma,O,False,True,Hf,3.0,,True,False,Fe Hf O,True,False
mp-754657,HfMnO3,0.05320223350000575,3.0438,False,62,Pnma,O,False,True,Hf,3.0,,True,False,Hf Mn O,False,False
mp-1178219,HfNiO3,0.09684328850000234,2.7983000000000002,False,14,P2_1/c,O,False,True,Ni,3.0,,False,False,Hf Ni O,True,False
mp-776083,HfSnO3,0.06868662650000168,2.5523000000000002,False,148,R-3,O,False,False,,,B=Hf: two B atoms share more than one X atom (edge- or face-sharing octahedra); B=Sn: Sn site 2 is not octahedrally coordinated by O,False,False,Hf O Sn,True,False
mp-8725,HfSnS3,0.0,1.1981000000000002,True,62,Pnma,S,False,False,,,"B=Hf: an S atom bridges 3 Hf atoms, not two; B=Sn: Sn site 4 is not octahedrally coordinated by S",True,False,Hf S Sn,True,True
mp-30284,HgAsO3,0.0,1.0543,True,162,P-31m,O,False,False,,,B=As: two B atoms share more than one X atom (edge- or face-sharing octahedra); B=Hg: Hg site 0 is not octahedrally coordinated by O,False,True,As Hg O,True,True
mp-27994,HgBrO3,0.0,3.2015,True,15,C2/c,O,False,False,,,B=Br: Br site 4 is not octahedrally coordinated by O; B=Hg: Hg site 0 is not octahedrally coordinated by O,False,True,Br Hg O,False,True
mp-30937,HgClO3,0.039893158458333744,3.0660999999999996,False,14,P2_1/c,O,False,False,,,B=Cl: Cl site 8 is not octahedrally coordinated by O; B=Hg: Hg site 0 is not octahedrally coordinated by O,False,True,Cl Hg O,False,True
mp-542289,HgNO3,0.0,2.5687,True,4,P2_1,O,False,False,,,B=Hg: Hg site 0 is not octahedrally coordinated by O; B=N: N site 8 is not octahedrally coordinated by O,False,True,Hg N O,True,True
mp-27178,HgPS3,0.0,1.7630000000000001,True,2,P-1,S,False,False,,,B=Hg: Hg site 0 is not octahedrally coordinated by S; B=P: P site 2 is not octahedrally coordinated by S,False,True,Hg P S,True,True
mp-7293,HgPSe3,0.0,1.2066,True,15,C2/c,Se,False,False,,,B=Hg: Hg site 0 is not octahedrally coordinated by Se; B=P: P site 4 is not octahedrally coordinated by Se,False,True,Hg P Se,True,True
mp-9228,HgSeO3,0.0,2.5571,True,62,Pnma,O,False,False,,,B=Hg: Hg site 0 is not octahedrally coordinated by O; B=Se: Se site 4 is not octahedrally coordinated by O,True,True,Hg O Se,True,True
mp-10798,HgSeO3,0.004895135499998204,2.2452,False,14,P2_1/c,O,False,False,,,B=Hg: Hg site 0 is not octahedrally coordinated by O; B=Se: Se site 4 is not octahedrally coordinated by O,False,True,Hg O Se,True,True
mp-557224,HgSeO3,0.0007340859999995786,2.5822,False,14,P2_1/c,O,False,False,,,B=Hg: Hg site 0 is not octahedrally coordinated by O; B=Se: Se site 4 is not octahedrally coordinated by O,False,True,Hg O Se,True,True
mp-28318,HgTeO3,0.014454452625000336,2.2362,False,2,P-1,O,False,False,,,B=Hg: Hg site 0 is not octahedrally coordinated by O; B=Te: Te site 4 is not octahedrally coordinated by O,False,True,Hg O Te,True,True
mp-754300,HoBiO3,0.04968020787500116,2.4778999999999995,False,148,R-3,O,False,False,,,B=Bi: two B atoms share more than one X atom (edge- or face-sharing octahedra); B=Ho: two B atoms share more than one X atom (edge- or face-sharing octahedra),False,False,Bi Ho O,True,True
mp-770830,HoBiO3,0.03586014037500185,2.7472,False,62,Pnma,O,False,True,Ho,3.0,,True,False,Bi Ho O,True,True
mp-1178162,HoBiO3,0.03165500087500206,3.1343,False,161,R3c,O,False,True,Bi,3.0,,False,False,Bi Ho O,False,True
mp-1223843,HoBiTe3,0.025304999500008307,1.0659,False,160,R3m,Te,False,False,,,"B=Bi: an Te atom bridges 0 Bi atoms, not two; B=Ho: an Te atom bridges 3 Ho atoms, not two",False,False,Bi Ho Te,True,True
mp-20570,HoCoO3,0.0,1.1622,True,62,Pnma,O,False,True,Co,3.0,,True,False,Co Ho O,True,True
mp-756834,HoCrO3,0.0,2.3515999999999995,True,62,Pnma,O,False,True,Cr,3.0,,True,False,Cr Ho O,True,True
mp-770415,HoErO3,0.0929438422083333,3.0775000000000006,False,185,P6_3cm,O,False,False,,,B=Er: Er site 6 is not octahedrally coordinated by O; B=Ho: Ho site 0 is not octahedrally coordinated by O,False,False,Er Ho O,False,False
mp-19785,HoFeO3,0.012266279374999911,1.5034,False,62,Pnma,O,False,True,Fe,3.0,,True,False,Fe Ho O,True,True
mp-755416,HoGaO3,0.04953756135000109,3.6066,False,62,Pnma,O,False,True,Ga,3.0,,True,False,Ga Ho O,False,True
mp-769045,HoGaO3,0.0188426235166661,2.8722,False,185,P6_3cm,O,False,False,,,B=Ga: Ga site 6 is not octahedrally coordinated by O; B=Ho: Ho site 0 is not octahedrally coordinated by O,False,False,Ga Ho O,True,True
mp-768267,HoInO3,0.009804144208334087,1.9681000000000002,False,185,P6_3cm,O,False,False,,,B=Ho: Ho site 0 is not octahedrally coordinated by O; B=In: In site 6 is not octahedrally coordinated by O,False,False,Ho In O,True,True
mp-776984,HoInO3,0.07171235437500023,2.5765,False,62,Pnma,O,False,True,In,3.0,,True,False,Ho In O,True,False
mp-19056,HoMnO3,0.000216029333333978,1.5430000000000001,False,185,P6_3cm,O,False,False,,,B=Ho: Ho site 0 is not octahedrally coordinated by O; B=Mn: Mn site 6 is not octahedrally coordinated by O,False,False,Ho Mn O,True,True
mp-22081,HoMnO3,0.028815098000000816,1.9915000000000003,False,62,Pnma,O,False,True,Mn,3.0,,True,False,Ho Mn O,True,True
mp-2899517,HoMnO3,0.0,0.3765999999999998,True,36,Cmc2_1,O,False,False,,,B=Ho: Ho site 0 is not octahedrally coordinated by O; B=Mn: Mn site 6 is not octahedrally coordinated by O,False,False,Ho Mn O,True,True
mp-1212108,HoRhO3,0.0,0.9606739563708189,True,62,Pnma,O,False,True,Rh,3.0,,True,False,Ho O Rh,True,True
mp-31121,HoScO3,0.03667987224999614,4.476,False,62,Pnma,O,False,True,Sc,3.0,,True,False,Ho O Sc,False,True
mp-1189393,HoScS3,0.012900249583335466,1.7663000000000002,False,33,Pna2_1,S,False,True,Sc,3.0,,False,False,Ho S Sc,True,True
mp-2755772,HoScS3,0.007347871666668837,2.1681,False,62,Pnma,S,False,True,Sc,3.0,,True,False,Ho S Sc,True,True
mp-754661,INO3,0.07011016099999612,1.6497000000000002,False,19,P2_12_12_1,O,False,False,,,B=I: I site 0 is not octahedrally coordinated by O; B=N: N site 4 is not octahedrally coordinated by O,False,False,I N O,True,False
mp-559377,IOF3,0.0,3.637,True,19,P2_12_12_1,F,False,False,,,B=I: I site 0 is not octahedrally coordinated by F; B=O: O site 4 is not octahedrally coordinated by F,False,False,F I O,False,True
mp-7027,InBO3,0.0,2.6556,True,167,R-3c,O,False,True,In,3.0,,True,False,B In O,True,True
mp-556892,InBiO3,0.028943077000000983,2.7352000000000007,False,33,Pna2_1,O,False,True,Bi,3.0,,False,False,Bi In O,True,True
mp-561102,InBiO3,0.03992346850000139,2.388399999999999,False,62,Pnma,O,False,True,In,3.0,,True,False,Bi In O,True,True
mp-1078776,InBiS3,0.015075937249999782,1.3955159912843578,False,11,P2_1/m,S,False,False,,,"B=Bi: an S atom bridges 3 Bi atoms, not two; B=In: an S atom bridges 0 In atoms, not two",False,False,Bi In S,True,True
mp-1223842,InBiSe3,0.025377894833333414,0.8233999999999999,False,160,R3m,Se,False,False,,,"B=Bi: an Se atom bridges 0 Bi atoms, not two; B=In: an Se atom bridges 3 In atoms, not two",False,False,Bi In Se,True,True
mp-21094,InFeO3,0.04748336799999908,1.2135999999999996,False,194,P6_3/mmc,O,False,False,,,"B=Fe: Fe site 2 is not octahedrally coordinated by O; B=In: an O atom bridges 0 In atoms, not two",False,False,Fe In O,True,True
mp-8098,InGaO3,0.0020049374999997482,1.3285999999999998,False,194,P6_3/mmc,O,False,False,,,"B=Ga: Ga site 2 is not octahedrally coordinated by O; B=In: an O atom bridges 3 In atoms, not two",False,False,Ga In O,True,True
mp-19885,InGaS3,0.017178434333331438,1.6713999999999998,False,36,Cmc2_1,S,False,False,,,"B=Ga: Ga site 2 is not octahedrally coordinated by S; B=In: an S atom bridges 1 In atoms, not two",False,False,Ga In S,True,True
mp-504951,InGaS3,0.0,2.6622999999999997,True,169,P6_1,S,False,False,,,B=Ga: Ga site 6 is not octahedrally coordinated by S; B=In: In site 0 is not octahedrally coordinated by S,False,False,Ga In S,True,True
mp-504952,InGaSe3,0.0,1.3193027385274878,True,169,P6_1,Se,False,False,,,B=Ga: Ga site 6 is not octahedrally coordinated by Se; B=In: In site 0 is not octahedrally coordinated by Se,False,False,Ga In Se,True,True
mp-998233,InGeCl3,0.029272844750001248,2.2217000000000002,False,8,Cm,Cl,False,False,,,B=Ge: Ge site 1 is not octahedrally coordinated by Cl; B=In: In site 0 is not octahedrally coordinated by Cl,False,False,Cl Ge In,True,True
mp-998569,InGeCl3,0.019329499750000423,3.268773626179953,False,161,R3c,Cl,False,False,,,B=Ge: Ge site 2 is not octahedrally coordinated by Cl; B=In: In site 0 is not octahedrally coordinated by Cl,False,False,Cl Ge In,False,True
mp-2764220,InGeCl3,0.08189316424999937,3.8804,False,161,R3c,Cl,False,False,,,B=Ge: Ge site 2 is not octahedrally coordinated by Cl; B=In: In site 0 is not octahedrally coordinated by Cl,False,False,Cl Ge In,False,False
mp-1105819,InRhO3,0.07391750474999537,0.32230000000000025,False,62,Pnma,O,False,True,Rh,3.0,,True,False,In O Rh,True,False
mp-1203220,InRhO3,0.04062212049999481,1.039908569021823,False,14,P2_1/c,O,False,True,Rh,3.0,,False,False,In O Rh,True,True
mp-21365,InSbS3,0.0,1.4796000000000005,True,62,Pnma,S,False,False,,,"B=In: an S atom bridges 1 In atoms, not two; B=Sb: Sb site 4 is not octahedrally coordinated by S",True,False,In S Sb,True,True
mp-1212011,InSbSe3,0.007178701833332468,1.1020000000000003,False,62,Pnma,Se,False,False,,,"B=In: an Se atom bridges 3 In atoms, not two; B=Sb: Sb site 4 is not octahedrally coordinated by Se",True,False,In Sb Se,True,True
mp-567931,InSiTe3,0.0,0.4615,True,162,P-31m,Te,False,False,,,B=In: two B atoms share more than one X atom (edge- or face-sharing octahedra); B=Si: Si site 2 is not octahedrally coordinated by Te,False,False,In Si Te,True,True
mp-685272,InSnBr3,0.04368562662499986,1.8470999999999997,False,1,P1,Br,False,False,,,B=In: In site 0 is not octahedrally coordinated by Br; B=Sn: Sn site 16 is not octahedrally coordinated by Br,False,False,Br In Sn,True,True
mp-998398,InSnBr3,0.030300713999999118,1.0975,False,1,P1,Br,False,True,Sn,3.0,,False,False,Br In Sn,True,True
mp-998555,InSnBr3,0.02002808399999889,1.7591923284557722,False,161,R3c,Br,False,True,Sn,3.0,,False,False,Br In Sn,True,True
mp-1224379,InSnBr3,0.06312885724999884,1.5767000000000002,False,42,Fmm2,Br,False,False,,,B=In: In site 0 is not octahedrally coordinated by Br; B=Sn: Sn site 8 is not octahedrally coordinated by Br,False,False,Br In Sn,True,False
mp-2762335,InSnBr3,0.05868024599999799,1.7073,False,8,Cm,Br,False,True,Sn,3.0,,False,False,Br In Sn,True,False
mp-998560,InSnCl3,0.02009712699999966,2.0787999999999998,False,8,Cm,Cl,False,True,Sn,3.0,,False,False,Cl In Sn,True,True
mp-998567,InSnCl3,0.0,3.0434246480759417,True,148,R-3,Cl,False,False,,,B=In: two B atoms share more than one X atom (edge- or face-sharing octahedra); B=Sn: two B atoms share more than one X atom (edge- or face-sharing octahedra),False,False,Cl In Sn,False,True
mp-1224255,InSnCl3,0.04738256600000046,1.8707999999999996,False,42,Fmm2,Cl,False,False,,,B=In: In site 0 is not octahedrally coordinated by Cl; B=Sn: Sn site 8 is not octahedrally coordinated by Cl,False,False,Cl In Sn,True,True
mp-2040113,InSnCl3,0.017696599928569867,3.3640999999999996,False,148,R-3,Cl,False,False,,,B=In: In site 0 is not octahedrally coordinated by Cl; B=Sn: Sn site 2 is not octahedrally coordinated by Cl,False,False,Cl In Sn,False,True
mp-9200,K3AuO,0.0,0.5612,True,221,Pm-3m,K,True,False,,,the element present three times is more electropositive than both others (anti-perovskite),True,False,Au K O,True,True
mp-28166,K3BrO,0.09019140399999914,0.8913,False,221,Pm-3m,K,True,False,,,the element present three times is more electropositive than both others (anti-perovskite),True,False,Br K O,True,False
mp-28171,K3IO,0.03827623799999902,1.0284000000000002,False,221,Pm-3m,K,True,False,,,the element present three times is more electropositive than both others (anti-perovskite),True,False,I K O,True,True
mp-1105278,KAsO3,0.010709009749998444,4.0527,False,19,P2_12_12_1,O,False,False,,,B=As: As site 4 is not octahedrally coordinated by O; B=K: K site 0 is not octahedrally coordinated by O,False,True,As K O,False,True
mp-1192552,KAsO3,0.005265859083332991,3.1487999999999996,False,2,P-1,O,False,False,,,B=As: As site 6 is not octahedrally coordinated by O; B=K: K site 2 is not octahedrally coordinated by O,False,True,As K O,False,True
mp-1194970,KAsO3,0.0,3.9895,True,60,Pbcn,O,False,False,,,B=As: As site 8 is not octahedrally coordinated by O; B=K: K site 0 is not octahedrally coordinated by O,False,True,As K O,False,True
mp-1195114,KAsO3,0.0028843527499988753,4.056900000000001,False,14,P2_1/c,O,False,False,,,B=As: As site 24 is not octahedrally coordinated by O; B=K: K site 0 is not octahedrally coordinated by O,False,True,As K O,False,True
mp-31045,KAuI3,0.0,0.6459,True,14,P2_1/c,I,False,False,,,B=Au: Au site 4 is not octahedrally coordinated by I; B=K: K site 0 is not octahedrally coordinated by I,False,False,Au I K,True,True
mp-974757,KBeH3,0.007877580666666884,3.0876,False,14,P2_1/c,H,False,False,,,B=Be: Be site 4 is not octahedrally coordinated by H; B=K: K site 0 is not octahedrally coordinated by H,False,True,Be H K,False,True
mp-29799,KBiO3,0.0,0.49140000000000006,True,201,Pn-3,O,False,True,K,3.0,,False,False,Bi K O,True,True
mp-676536,KBiO3,0.030872052388891014,0.18619999999999992,False,1,P1,O,False,False,,,B=Bi: two B atoms share more than one X atom (edge- or face-sharing octahedra); B=K: K site 0 is not octahedrally coordinated by O,False,False,Bi K O,True,True
mp-863367,KBiO3,0.009451570999999603,0.4905999999999999,False,12,C2/m,O,False,False,,,B=Bi: two B atoms share more than one X atom (edge- or face-sharing octahedra); B=K: two B atoms share more than one X atom (edge- or face-sharing octahedra),False,False,Bi K O,True,True
mp-22958,KBrO3,0.0,3.8569,True,160,R3m,O,False,False,,,B=Br: Br site 1 is not octahedrally coordinated by O; B=K: K site 0 is not octahedrally coordinated by O,False,False,Br K O,False,True
mp-31302,KCO3,0.07472166549999848,4.1733,False,14,P2_1/c,O,False,False,,,B=C: C site 8 is not octahedrally coordinated by O; B=K: K site 0 is not octahedrally coordinated by O,False,False,C K O,False,False
mp-1106094,KCO3,0.0,0.8728999999999998,True,14,P2_1/c,O,False,False,,,B=C: C site 4 is not octahedrally coordinated by O; B=K: K site 0 is not octahedrally coordinated by O,False,False,C K O,True,True
mp-1545211,KCO3,0.06357067187500043,1.499,False,14,P2_1/c,O,False,False,,,B=C: C site 4 is not octahedrally coordinated by O; B=K: K site 0 is not octahedrally coordinated by O,False,False,C K O,True,False
mp-1545405,KCO3,0.051536653375000796,1.4884999999999997,False,14,P2_1/c,O,False,False,,,B=C: C site 4 is not octahedrally coordinated by O; B=K: K site 0 is not octahedrally coordinated by O,False,False,C K O,True,False
mp-3346520,KCO3,0.06030991037500044,1.2657000000000003,False,14,P2_1/c,O,False,False,,,B=C: C site 4 is not octahedrally coordinated by O; B=K: K site 0 is not octahedrally coordinated by O,False,False,C K O,True,False
mp-998599,KCaBr3,0.0,4.4047,True,63,Cmcm,Br,False,False,,,B=Ca: two B atoms share more than one X atom (edge- or face-sharing octahedra); B=K: K site 0 is not octahedrally coordinated by Br,True,False,Br Ca K,False,True
mp-998749,KCaBr3,0.054550366000003514,3.8983,False,8,Cm,Br,False,True,Ca,3.0,,False,False,Br Ca K,False,False
mp-1105914,KCaH3,0.03674762949999977,3.3241,False,62,Pnma,H,False,True,Ca,3.0,,True,False,Ca H K,False,True
mp-1205722,KCaI3,0.011525592999998668,4.0545,False,63,Cmcm,I,False,False,,,B=Ca: two B atoms share more than one X atom (edge- or face-sharing octahedra); B=K: K site 0 is not octahedrally coordinated by I,True,False,Ca I K,False,True
mp-23442,KCdCl3,0.0,3.514,True,62,Pnma,Cl,False,False,,,"B=Cd: an Cl atom bridges 3 Cd atoms, not two; B=K: K site 0 is not octahedrally coordinated by Cl",True,True,Cd Cl K,False,True
mp-9628,KCdF3,0.0,3.3539,True,62,Pnma,F,False,True,Cd,3.0,,True,True,Cd F K,False,True
mp-10175,KCdF3,0.02557701500000409,3.0933,False,221,Pm-3m,F,False,True,Cd,3.0,,True,True,Cd F K,False,True
mp-556365,KCrF3,0.0,1.4898000000000002,True,12,C2/m,F,False,True,Cr,3.0,,False,False,Cr F K,True,True
mp-560547,KCrF3,0.003604863999999708,1.968,False,87,I4/m,F,False,True,Cr,3.0,,False,False,Cr F K,True,True
mp-566131,KCrF3,0.026813247999999845,1.1574000000000004,False,123,P4/mmm,F,False,True,Cr,3.0,,False,False,Cr F K,True,True
mp-1180767,KCrF3,0.002180736999999766,1.5720000000000003,False,140,I4/mcm,F,False,True,Cr,3.0,,True,False,Cr F K,True,True
mp-1180782,KCrF3,0.0020262390000009844,0.15739999999999998,False,72,Ibam,F,False,True,Cr,3.0,,False,False,Cr F K,True,True
mp-27450,KCuCl3,0.0,0.2548,True,14,P2_1/c,Cl,False,False,,,B=Cu: Cu site 4 is not octahedrally coordinated by Cl; B=K: K site 0 is not octahedrally coordinated by Cl,False,False,Cl Cu K,True,True
mp-23538,KFeCl3,0.03131702783333257,0.5979000000000001,False,62,Pnma,Cl,False,False,,,"B=Fe: an Cl atom bridges 3 Fe atoms, not two; B=K: K site 0 is not octahedrally coordinated by Cl",True,False,Cl Fe K,True,True
mp-998412,KGeBr3,0.025231168000005244,0.9083000000000001,False,8,Cm,Br,False,True,Ge,3.0,,False,False,Br Ge K,True,True
mp-998612,KGeBr3,0.0,2.9025999999999996,True,11,P2_1/m,Br,False,False,,,B=Ge: Ge site 2 is not octahedrally coordinated by Br; B=K: K site 0 is not octahedrally coordinated by Br,False,False,Br Ge K,True,True
mp-998231,KGeCl3,0.02822289300000369,1.4859,False,8,Cm,Cl,False,True,Ge,3.0,,False,False,Cl Ge K,True,True
mp-998613,KGeCl3,0.0,2.893020835482666,True,161,R3c,Cl,False,False,,,B=Ge: Ge site 2 is not octahedrally coordinated by Cl; B=K: K site 0 is not octahedrally coordinated by Cl,False,False,Cl Ge K,True,True
mp-7483,KHgF3,0.0,0.6082000000000001,True,221,Pm-3m,F,False,True,Hg,3.0,,True,True,F Hg K,True,True
mp-725939,KHgI3,0.014913207624997149,1.7116,False,33,Pna2_1,I,False,False,,,B=Hg: Hg site 4 is not octahedrally coordinated by I; B=K: K site 0 is not octahedrally coordinated by I,False,True,Hg I K,True,True
mp-23487,KIO3,0.0,2.7868000000000004,True,1,P1,O,False,False,,,B=I: I site 4 is not octahedrally coordinated by O; B=K: K site 0 is not octahedrally coordinated by O,False,False,I K O,True,True
mp-552729,KIO3,0.006770148499999351,2.5779,False,160,R3m,O,False,False,,,B=I: I site 1 is not octahedrally coordinated by O; B=K: K site 0 is not octahedrally coordinated by O,False,False,I K O,True,True
mp-1080058,KIO3,0.0014049004999998616,2.8548,False,161,R3c,O,False,False,,,B=I: I site 2 is not octahedrally coordinated by O; B=K: K site 0 is not octahedrally coordinated by O,False,False,I K O,True,True
mp-1180816,KIO3,0.01040538999999896,2.8130000000000006,False,5,C2,O,False,False,,,B=I: I site 4 is not octahedrally coordinated by O; B=K: K site 0 is not octahedrally coordinated by O,False,False,I K O,True,True
mp-1200675,KIO3,0.0010637869999996497,2.8533,False,146,R3,O,False,False,,,B=I: I site 8 is not octahedrally coordinated by O; B=K: K site 0 is not octahedrally coordinated by O,False,False,I K O,True,True
mp-1223446,KIO3,0.006163047999998561,2.5294999999999996,False,146,R3,O,False,False,,,B=I: I site 1 is not octahedrally coordinated by O; B=K: K site 0 is not octahedrally coordinated by O,False,False,I K O,True,True
mp-2762888,KIO3,0.004811488999998836,3.5428000000000006,False,23,I222,O,False,False,,,B=I: I site 4 is not octahedrally coordinated by O; B=K: K site 0 is not octahedrally coordinated by O,False,False,I K O,False,True
mp-28529,KInBr3,0.0,2.3376,True,147,P-3,Br,False,False,,,B=In: In site 4 is not octahedrally coordinated by Br; B=K: K site 0 is not octahedrally coordinated by Br,False,False,Br In K,True,True
mp-1110931,KInBr3,0.09779008049999893,0.8797156481034303,False,225,Fm-3m,Br,False,True,In,3.0,,False,False,Br In K,True,False
mp-1112170,KInCl3,0.05382687146666498,1.597115636649624,False,225,Fm-3m,Cl,False,True,In,3.0,,False,False,Cl In K,True,False
mp-1112296,KInF3,0.07518675200794167,2.2085,False,225,Fm-3m,F,False,True,In,3.0,,False,False,F In K,True,False
mp-1112169,KInI3,0.0766823449999996,0.6694999999999998,False,225,Fm-3m,I,False,True,In,3.0,,False,False,I In K,True,False
mp-27865,KMgCl3,0.0028086034999992293,4.4851,False,62,Pnma,Cl,False,True,Mg,3.0,,True,False,Cl K Mg,False,True
mp-23737,KMgH3,0.0,2.458,True,221,Pm-3m,H,False,True,Mg,3.0,,True,False,H K Mg,True,True
mp-29636,KMnBr3,0.0013220629999972644,1.7859999999999998,False,62,Pnma,Br,False,False,,,"B=K: K site 0 is not octahedrally coordinated by Br; B=Mn: an Br atom bridges 1 Mn atoms, not two",True,False,Br K Mn,True,True
mp-555123,KMnF3,0.0017114100000004129,2.6628000000000003,False,221,Pm-3m,F,False,True,Mn,3.0,,True,False,F K Mn,True,True
mp-555359,KMnF3,0.0002445739999998864,2.1006,False,140,I4/mcm,F,False,True,Mn,3.0,,True,False,F K Mn,True,True
mp-558046,KMnF3,0.0003730024999999415,3.2062,False,62,Pnma,F,False,True,Mn,3.0,,True,False,F K Mn,False,True
mp-560382,KMnF3,0.0009245760000000658,2.6774,False,127,P4/mbm,F,False,True,Mn,3.0,,True,False,F K Mn,True,True
mp-644332,KMnF3,0.0020342784999982655,2.6922,False,11,P2_1/m,F,False,True,Mn,3.0,,False,False,F K Mn,True,True
mp-1180746,KMnF3,0.0016044339999989887,1.7405,False,140,I4/mcm,F,False,True,Mn,3.0,,True,False,F K Mn,True,True
mp-1180807,KMnF3,0.0012038749999989662,3.3591017975775834,False,62,Pnma,F,False,True,Mn,3.0,,True,False,F K Mn,False,True
mp-1205353,KMnF3,0.0,2.4058,True,74,Imma,F,False,True,Mn,3.0,,True,False,F K Mn,True,True
mp-2759521,KMnF3,4.164199999934226e-05,2.1486,False,11,P2_1/m,F,False,True,Mn,3.0,,False,False,F K Mn,True,True
mp-5158,KNO3,0.0,2.9384,True,62,Pnma,O,False,False,,,B=K: K site 0 is not octahedrally coordinated by O; B=N: N site 4 is not octahedrally coordinated by O,True,False,K N O,True,True
mp-6920,KNO3,0.002640953500000265,2.9813,False,160,R3m,O,False,False,,,B=K: K site 0 is not octahedrally coordinated by O; B=N: N site 1 is not octahedrally coordinated by O,False,False,K N O,True,True
mp-9475,KNO3,0.001126074000000088,3.3087999999999997,False,62,Pnma,O,False,False,,,B=K: K site 0 is not octahedrally coordinated by O; B=N: N site 4 is not octahedrally coordinated by O,True,False,K N O,False,True
mp-36903,KNO3,0.007499554500000727,2.9764999999999997,False,11,P2_1/m,O,False,False,,,B=K: K site 0 is not octahedrally coordinated by O; B=N: N site 2 is not octahedrally coordinated by O,False,False,K N O,True,True
mp-672644,KNO3,0.04428989600000044,3.2301,False,62,Pnma,O,False,False,,,B=K: K site 0 is not octahedrally coordinated by O; B=N: N site 4 is not octahedrally coordinated by O,True,False,K N O,False,True
mp-675625,KNO3,0.011764387500000417,3.0629,False,1,P1,O,False,False,,,B=K: K site 0 is not octahedrally coordinated by O; B=N: N site 2 is not octahedrally coordinated by O,False,False,K N O,False,True
mp-676851,KNO3,0.02937441350000025,3.0153,False,155,R32,O,False,True,K,3.0,,False,False,K N O,False,True
mp-1020193,KNO3,0.013152605000001039,2.8988,False,14,P2_1/c,O,False,False,,,B=K: K site 0 is not octahedrally coordinated by O; B=N: N site 4 is not octahedrally coordinated by O,False,False,K N O,True,True
mp-1105365,KNO3,0.046365758500000354,3.1418,False,14,P2_1/c,O,False,False,,,B=K: K site 0 is not octahedrally coordinated by O; B=N: N site 4 is not octahedrally coordinated by O,False,False,K N O,False,True
mp-1190109,KNO3,0.04361100300000054,2.8553,False,62,Pnma,O,False,False,,,B=K: K site 0 is not octahedrally coordinated by O; B=N: N site 4 is not octahedrally coordinated by O,True,False,K N O,True,True
mp-2767096,KNO3,0.007036090500000647,3.5471,False,11,P2_1/m,O,False,False,,,B=K: K site 0 is not octahedrally coordinated by O; B=N: N site 2 is not octahedrally coordinated by O,False,False,K N O,False,True
mp-2767254,KNO3,0.0028861925000001065,3.5791000000000004,False,6,Pm,O,False,False,,,B=K: K site 0 is not octahedrally coordinated by O; B=N: N site 2 is not octahedrally coordinated by O,False,False,K N O,False,True
mp-4342,KNbO3,0.0011901640000004932,1.4744,False,99,P4mm,O,False,True,Nb,3.0,,False,False,K Nb O,True,True
mp-5246,KNbO3,0.00035340000000161353,2.0587,False,38,Amm2,O,False,True,Nb,3.0,,False,False,K Nb O,True,True
mp-7375,KNbO3,0.0,2.3108,True,160,R3m,O,False,True,Nb,3.0,,False,False,K Nb O,True,True
mp-935811,KNbO3,0.007730227999999784,1.4215999999999998,False,221,Pm-3m,O,False,True,Nb,3.0,,True,False,K Nb O,True,True
mp-27366,KNiCl3,0.0,0.7022999999999999,True,185,P6_3cm,Cl,False,False,,,B=K: K site 0 is not octahedrally coordinated by Cl; B=Ni: two B atoms share more than one X atom (edge- or face-sharing octahedra),False,False,Cl K Ni,True,True
mp-8267,KPS3,0.0,1.7149,True,71,Immm,S,False,False,,,B=K: K site 0 is not octahedrally coordinated by S; B=P: P site 2 is not octahedrally coordinated by S,False,False,K P S,True,True
mp-569702,KPSe3,0.0,1.4182,True,144,P3_1,Se,False,False,,,B=K: K site 0 is not octahedrally coordinated by Se; B=P: P site 24 is not octahedrally coordinated by Se,False,False,K P Se,True,True
mp-571452,KPSe3,0.0019635978333338855,1.3151,False,152,P3_121,Se,False,False,,,B=K: K site 0 is not octahedrally coordinated by Se; B=P: P site 6 is not octahedrally coordinated by Se,False,False,K P Se,True,True
mp-14607,KSbO3,0.018391050666667574,1.7858999999999998,False,201,Pn-3,O,False,False,,,B=K: K site 4 is not octahedrally coordinated by O; B=Sb: two B atoms share more than one X atom (edge- or face-sharing octahedra),False,False,K O Sb,True,True
mp-16293,KSbO3,0.04472297000000136,1.1212999999999997,False,227,Fd-3m,O,False,True,K,3.0,,False,False,K O Sb,True,True
mp-547792,KSbO3,0.0,2.6867,True,148,R-3,O,False,False,,,B=K: two B atoms share more than one X atom (edge- or face-sharing octahedra); B=Sb: two B atoms share more than one X atom (edge- or face-sharing octahedra),False,False,K O Sb,True,True
mp-28695,KSiH3,0.0,2.5733,True,62,Pnma,H,False,False,,,B=K: K site 0 is not octahedrally coordinated by H; B=Si: Si site 4 is not octahedrally coordinated by H,True,False,H K Si,True,True
mp-1097014,KSnBr3,0.012274417499997803,2.9147,False,62,Pnma,Br,False,False,,,B=K: K site 0 is not octahedrally coordinated by Br; B=Sn: Sn site 4 is not octahedrally coordinated by Br,True,False,Br K Sn,True,True
mp-28774,KSnF3,0.0,3.5114,True,2,P-1,F,False,False,,,B=K: K site 0 is not octahedrally coordinated by F; B=Sn: Sn site 8 is not octahedrally coordinated by F,False,False,F K Sn,False,True
mp-1097015,KSnI3,0.0,2.3326000000000002,True,62,Pnma,I,False,False,,,"B=K: K site 0 is not octahedrally coordinated by I; B=Sn: an I atom bridges 3 Sn atoms, not two",True,False,I K Sn,True,True
mp-1205548,KSrI3,0.0,4.2507,True,63,Cmcm,I,False,False,,,B=K: K site 0 is not octahedrally coordinated by I; B=Sr: two B atoms share more than one X atom (edge- or face-sharing octahedra),True,False,I K Sr,False,True
mp-3614,KTaO3,0.0,2.0976,True,221,Pm-3m,O,False,True,Ta,3.0,,True,False,K O Ta,True,True
mp-568318,KTaTe3,0.0,0.41800000000000015,True,14,P2_1/c,Te,False,False,,,B=K: K site 0 is not octahedrally coordinated by Te; B=Ta: two B atoms share more than one X atom (edge- or face-sharing octahedra),False,False,K Ta Te,True,True
mp-1111155,KTlBr3,0.07723567325000058,0.9246039538087512,False,225,Fm-3m,Br,False,True,Tl,3.0,,False,True,Br K Tl,True,False
mp-1111296,KTlCl3,0.059074320500000166,1.097012712683471,False,225,Fm-3m,Cl,False,True,Tl,3.0,,False,True,Cl K Tl,True,False
mp-1111295,KTlF3,0.05428418670833324,1.9647115283785195,False,225,Fm-3m,F,False,True,Tl,3.0,,False,True,F K Tl,True,False
mp-1205604,KVCl3,0.0,0.33428424999930284,True,194,P6_3/mmc,Cl,False,False,,,B=K: K site 0 is not octahedrally coordinated by Cl; B=V: two B atoms share more than one X atom (edge- or face-sharing octahedra),False,False,Cl K V,True,True
mp-557257,KVF3,0.0,2.0758999999999994,True,221,Pm-3m,F,False,True,V,3.0,,True,False,F K V,True,True
mp-18815,KVO3,0.0,3.0460000000000003,True,57,Pbcm,O,False,False,,,B=K: K site 0 is not octahedrally coordinated by O; B=V: V site 4 is not octahedrally coordinated by O,False,False,K O V,False,True
mp-1206621,KYbI3,0.08784997199999722,3.6306785922692395,False,63,Cmcm,I,False,False,,,B=K: K site 0 is not octahedrally coordinated by I; B=Yb: two B atoms share more than one X atom (edge- or face-sharing octahedra),True,False,I K Yb,False,False
mp-5878,KZnF3,0.0,3.6837,True,221,Pm-3m,F,False,True,Zn,3.0,,True,False,F K Zn,False,True
mp-2920,LaAlO3,0.0002731970000020567,4.0205,False,167,R-3c,O,False,True,Al,3.0,,True,False,Al La O,False,True
mp-5304,LaAlO3,0.003053425000000942,3.496100000000001,False,221,Pm-3m,O,False,True,Al,3.0,,True,False,Al La O,False,True
mp-768417,LaAlO3,0.031164611333336367,4.276999999999999,False,2,P-1,O,False,False,,,B=Al: Al site 6 is not octahedrally coordinated by O; B=La: La site 0 is not octahedrally coordinated by O,False,False,Al La O,False,True
mp-768518,LaAlO3,0.05321426366666948,4.4362,False,63,Cmcm,O,False,False,,,B=Al: Al site 6 is not octahedrally coordinated by O; B=La: La site 0 is not octahedrally coordinated by O,True,False,Al La O,False,False
mp-771698,LaAlO3,0.05711882675000446,4.4777,False,14,P2_1/c,O,False,False,,,B=Al: Al site 8 is not octahedrally coordinated by O; B=La: La site 0 is not octahedrally coordinated by O,False,False,Al La O,False,False
mp-771703,LaAlO3,0.042760157666670295,4.1704,False,2,P-1,O,False,False,,,B=Al: Al site 6 is not octahedrally coordinated by O; B=La: La site 0 is not octahedrally coordinated by O,False,False,Al La O,False,True
mp-780411,LaAlO3,0.09316856266667095,4.4588,False,14,P2_1/c,O,False,False,,,B=Al: Al site 12 is not octahedrally coordinated by O; B=La: La site 0 is not octahedrally coordinated by O,False,False,Al La O,False,False
mp-780421,LaAlO3,0.08264037300000382,4.270499999999999,False,2,P-1,O,False,False,,,B=Al: Al site 6 is not octahedrally coordinated by O; B=La: La site 0 is not octahedrally coordinated by O,False,False,Al La O,False,False
mp-780422,LaAlO3,0.035810256333336454,4.273999999999999,False,14,P2_1/c,O,False,False,,,B=Al: Al site 12 is not octahedrally coordinated by O; B=La: La site 0 is not octahedrally coordinated by O,False,False,Al La O,False,True
mp-1080060,LaAlO3,0.0,3.7121000000000004,True,74,Imma,O,False,True,Al,3.0,,True,False,Al La O,False,True
mp-1080080,LaAlO3,0.0003989990000015098,3.5192999999999994,False,140,I4/mcm,O,False,True,Al,3.0,,True,False,Al La O,False,True
mp-1079050,LaAsO3,0.0,2.6929999999999996,True,11,P2_1/m,O,False,False,,,B=As: As site 2 is not octahedrally coordinated by O; B=La: La site 0 is not octahedrally coordinated by O,False,True,As La O,True,True
mp-28853,LaAuO3,0.0,1.8115000000000006,True,57,Pbcm,O,False,False,,,B=Au: Au site 4 is not octahedrally coordinated by O; B=La: La site 0 is not octahedrally coordinated by O,False,False,Au La O,True,True
mp-7492,LaBO3,0.014214797000001056,4.0012,False,11,P2_1/m,O,False,False,,,B=B: B site 2 is not octahedrally coordinated by O; B=La: La site 0 is not octahedrally coordinated by O,False,False,B La O,False,True
mp-8216,LaBO3,0.0,4.4926,True,62,Pnma,O,False,False,,,B=B: B site 4 is not octahedrally coordinated by O; B=La: La site 0 is not octahedrally coordinated by O,True,False,B La O,False,True
mp-755003,LaBiO3,0.04065048959999551,2.6316000000000006,False,148,R-3,O,False,False,,,B=Bi: two B atoms share more than one X atom (edge- or face-sharing octahedra); B=La: two B atoms share more than one X atom (edge- or face-sharing octahedra),False,False,Bi La O,True,True
mp-768310,LaBiO3,0.03519446059999609,3.0703000000000005,False,161,R3c,O,False,True,Bi,3.0,,False,False,Bi La O,False,True
mp-989643,LaCoN3,0.0,0.4901,True,12,C2/m,N,False,False,,,B=Co: Co site 2 is not octahedrally coordinated by N; B=La: La site 0 is not octahedrally coordinated by N,False,False,Co La N,True,True
mp-19051,LaCoO3,0.0033163850000006434,1.0014000000000003,False,167,R-3c,O,False,True,Co,3.0,,True,False,Co La O,True,True
mp-573180,LaCoO3,0.07654874600000028,0.6210999999999993,False,221,Pm-3m,O,False,True,Co,3.0,,True,False,Co La O,True,False
mp-1185232,LaCoO3,0.04748672250000041,0.9729999999999999,False,62,Pnma,O,False,True,Co,3.0,,True,False,Co La O,True,True
mp-1272753,LaCoO3,0.03042981950000012,0.6738999999999997,False,1,P1,O,False,True,Co,3.0,,False,False,Co La O,True,True
mp-1273989,LaCoO3,0.017920455499999655,0.8045999999999998,False,14,P2_1/c,O,False,True,Co,3.0,,False,False,Co La O,True,True
mp-1288145,LaCoO3,0.0,0.2793000000000001,True,148,R-3,O,False,True,Co,3.0,,False,False,Co La O,True,True
mp-1504268,LaCoO3,0.05514524600000037,0.9444999999999997,False,74,Imma,O,False,True,Co,3.0,,True,False,Co La O,True,False
mp-989612,LaCrN3,0.011596411166665987,1.4148000000000005,False,15,C2/c,N,False,False,,,B=Cr: Cr site 4 is not octahedrally coordinated by N; B=La: La site 0 is not octahedrally coordinated by N,False,False,Cr La N,True,True
mp-18841,LaCrO3,0.09145682449999981,2.1156999999999995,False,221,Pm-3m,O,False,True,Cr,3.0,,True,False,Cr La O,True,False
mp-19281,LaCrO3,0.0,2.3706000000000005,True,62,Pnma,O,False,True,Cr,3.0,,True,False,Cr La O,True,True
mp-756272,LaDyO3,0.04077114524999992,4.3626,False,33,Pna2_1,O,False,True,Dy,3.0,,False,False,Dy La O,False,True
mp-7538,LaErO3,0.027895266250000716,4.4376,False,62,Pnma,O,False,True,Er,3.0,,True,False,Er La O,False,True
mp-558977,LaErS3,0.0,0.8793999999999995,True,62,Pnma,S,False,False,,,B=Er: Er site 14 is not octahedrally coordinated by S; B=La: La site 0 is not octahedrally coordinated by S,True,False,Er La S,True,True
mp-1200571,LaErS3,0.0032748330833349826,1.0717999999999996,False,11,P2_1/m,S,False,False,,,B=Er: Er site 12 is not octahedrally coordinated by S; B=La: La site 0 is not octahedrally coordinated by S,False,False,Er La S,True,True
mp-22590,LaFeO3,0.02777202200001483,1.4333999999999998,False,62,Pnma,O,False,True,Fe,3.0,,True,False,Fe La O,True,True
mp-1078634,LaFeO3,0.0,1.9508999999999999,True,167,R-3c,O,False,True,Fe,3.0,,True,False,Fe La O,True,True
mp-3336,LaGaO3,0.03807103814285284,3.3802000000000003,False,167,R-3c,O,False,True,Ga,3.0,,True,False,Ga La O,False,True
mp-5837,LaGaO3,0.032549403142853706,3.3483,False,62,Pnma,O,False,True,Ga,3.0,,True,False,Ga La O,False,True
mp-556983,LaGaO3,0.037584759142854196,3.1895999999999995,False,74,Imma,O,False,True,Ga,3.0,,True,False,Ga La O,False,True
mp-1078871,LaGaO3,0.038595358142853975,3.3682000000000007,False,161,R3c,O,False,True,Ga,3.0,,False,False,Ga La O,False,True
mp-1097026,LaGaO3,0.09632406714285402,3.365900000000001,False,221,Pm-3m,O,False,True,Ga,3.0,,True,False,Ga La O,False,False
mp-1180739,LaGaO3,0.03754576164285339,3.2035,False,62,Pnma,O,False,True,Ga,3.0,,True,False,Ga La O,False,True
mp-4816,LaGaS3,0.0,2.2220000000000004,True,14,P2_1/c,S,False,False,,,B=Ga: Ga site 12 is not octahedrally coordinated by S; B=La: La site 0 is not octahedrally coordinated by S,False,False,Ga La S,True,True
mp-1201646,LaGaS3,0.004735786500001282,2.7074999999999996,False,33,Pna2_1,S,False,False,,,B=Ga: Ga site 12 is not octahedrally coordinated by S; B=La: La site 0 is not octahedrally coordinated by S,False,False,Ga La S,True,True
mp-756166,LaHoO3,0.03453046012499961,4.3858999999999995,False,62,Pnma,O,False,True,Ho,3.0,,True,False,Ho La O,False,True
mp-770413,LaHoO3,0.08120020312500031,4.024699999999999,False,14,P2_1/c,O,False,True,Ho,3.0,,False,False,Ho La O,False,False
mp-1200097,LaHoS3,0.0,1.0791000000000004,True,11,P2_1/m,S,False,False,,,B=Ho: Ho site 12 is not octahedrally coordinated by S; B=La: La site 0 is not octahedrally coordinated by S,False,False,Ho La S,True,True
mp-1080184,LaIO3,0.07296725933333281,0.7893000000000008,False,12,C2/m,O,False,False,,,B=I: I site 2 is not octahedrally coordinated by O; B=La: La site 0 is not octahedrally coordinated by O,False,False,I La O,True,False
mp-11623,LaInO3,0.006706452249998662,2.7459,False,62,Pnma,O,False,True,In,3.0,,True,False,In La O,True,True
mp-22220,LaLuO3,0.01137504387499888,4.418100000000001,False,62,Pnma,O,False,True,Lu,3.0,,True,False,La Lu O,False,True
mp-1106374,LaLuS3,0.0,2.2321999999999997,True,62,Pnma,S,False,True,Lu,3.0,,True,False,La Lu S,True,True
mp-989534,LaMoN3,0.022802566000006408,1.2237999999999998,False,11,P2_1/m,N,False,False,,,B=La: La site 0 is not octahedrally coordinated by N; B=Mo: Mo site 2 is not octahedrally coordinated by N,False,False,La Mo N,True,True
mp-989552,LaMoN3,0.029349024000007162,1.1509,False,161,R3c,N,False,True,Mo,3.0,,False,False,La Mo N,True,True
mp-989603,LaMoN3,0.02033604850000259,0.8050999999999995,False,40,Ama2,N,False,False,,,B=La: La site 0 is not octahedrally coordinated by N; B=Mo: Mo site 2 is not octahedrally coordinated by N,False,False,La Mo N,True,True
mp-989631,LaMoN3,0.0,2.0896999999999997,True,15,C2/c,N,False,False,,,B=La: La site 0 is not octahedrally coordinated by N; B=Mo: Mo site 4 is not octahedrally coordinated by N,False,False,La Mo N,True,True
mp-1284950,LaNiO3,0.020568577999998006,0.35599999999999987,False,2,P-1,O,False,True,Ni,3.0,,False,False,La Ni O,True,True
mp-989614,LaReN3,0.04217203400000358,1.3972999999999995,False,14,P2_1/c,N,False,False,,,B=La: La site 0 is not octahedrally coordinated by N; B=Re: Re site 4 is not octahedrally coordinated by N,False,False,La N Re,True,True
mp-5163,LaRhO3,0.0,0.5951000000000004,True,62,Pnma,O,False,True,Rh,3.0,,True,False,La O Rh,True,True
mp-1222966,LaSbSe3,0.033330647633333044,0.9729999999999999,False,62,Pnma,Se,False,False,,,B=La: La site 0 is not octahedrally coordinated by Se; B=Sb: Sb site 4 is not octahedrally coordinated by Se,True,False,La Sb Se,True,True
mp-31116,LaScO3,0.0,3.8973000000000004,True,62,Pnma,O,False,True,Sc,3.0,,True,False,La O Sc,False,True
mp-1190131,LaScS3,0.0,1.6446000000000005,True,62,Pnma,S,False,True,Sc,3.0,,True,False,La S Sc,True,True
mp-1232374,LaSiP3,0.0,0.5190176334105887,True,33,Pna2_1,P,False,False,,,B=La: La site 0 is not octahedrally coordinated by P; B=Si: Si site 8 is not octahedrally coordinated by P,False,False,La P Si,True,True
mp-778450,LaSmO3,0.06766047687499999,4.243500000000001,False,33,Pna2_1,O,False,True,Sm,3.0,,False,False,La O Sm,False,False
mp-989620,LaTaN3,0.03773260227777442,0.49709999999999965,False,14,P2_1/c,N,False,False,,,B=La: La site 0 is not octahedrally coordinated by N; B=Ta: Ta site 4 is not octahedrally coordinated by N,False,False,La N Ta,True,True
mp-13374,LaTmO3,0.021383825999999218,4.365600000000001,False,62,Pnma,O,False,True,Tm,3.0,,True,False,La O Tm,False,True
mp-556841,LaTmS3,0.025320354916669174,0.8731,False,62,Pnma,S,False,False,,,B=La: La site 0 is not octahedrally coordinated by S; B=Tm: Tm site 13 is not octahedrally coordinated by S,True,False,La S Tm,True,True
mp-1199053,LaTmS3,0.0,1.0697,True,11,P2_1/m,S,False,False,,,B=La: La site 0 is not octahedrally coordinated by S; B=Tm: Tm site 12 is not octahedrally coordinated by S,False,False,La S Tm,True,True
mp-989403,LaVN3,0.03431158200000084,0.5744000000000007,False,1,P1,N,False,False,,,B=La: La site 0 is not octahedrally coordinated by N; B=V: V site 2 is not octahedrally coordinated by N,False,False,La N V,True,True
mp-989524,LaWN3,0.0,1.1797000000000004,True,161,R3c,N,False,True,W,3.0,,False,False,La N W,True,True
mp-989601,LaWN3,0.023329148000005517,0.7063999999999995,False,160,R3m,N,False,True,W,3.0,,False,False,La N W,True,True
mp-989633,LaWN3,0.03729060950000118,2.3975,False,15,C2/c,N,False,False,,,B=La: La site 1 is not octahedrally coordinated by N; B=W: W site 4 is not octahedrally coordinated by N,False,False,La N W,True,True
mp-989646,LaWN3,0.049363927000001695,1.7117999999999993,False,11,P2_1/m,N,False,False,,,B=La: La site 0 is not octahedrally coordinated by N; B=W: W site 2 is not octahedrally coordinated by N,False,False,La N W,True,True
mp-10429,LaYO3,0.03991793962499912,4.3271999999999995,False,62,Pnma,O,False,True,Y,3.0,,True,False,La O Y,False,True
mp-1200447,LaYS3,0.0,1.1177000000000001,True,11,P2_1/m,S,False,False,,,B=La: La site 0 is not octahedrally coordinated by S; B=Y: Y site 12 is not octahedrally coordinated by S,False,False,La S Y,True,True
mp-752605,LiAgF3,0.07172884349999986,0.32889999999999997,False,15,C2/c,F,False,False,,,B=Ag: Ag site 5 is not octahedrally coordinated by F; B=Li: Li site 0 is not octahedrally coordinated by F,False,False,Ag F Li,True,False
mp-756821,LiAgF3,0.09352384299999983,0.12359999999999993,False,14,P2_1/c,F,False,True,Li,3.0,,False,False,Ag F Li,True,False
mp-757915,LiAgF3,0.09189324449999958,0.3373999999999999,False,2,P-1,F,False,False,,,B=Ag: Ag site 2 is not octahedrally coordinated by F; B=Li: Li site 0 is not octahedrally coordinated by F,False,False,Ag F Li,True,False
mp-760151,LiAgF3,0.0769721754999999,0.16959999999999997,False,178,P6_122,F,False,True,Ag,3.0,,False,False,Ag F Li,True,False
mp-9657,LiAsO3,0.0,3.3857999999999997,True,148,R-3,O,False,False,,,B=As: two B atoms share more than one X atom (edge- or face-sharing octahedra); B=Li: two B atoms share more than one X atom (edge- or face-sharing octahedra),False,True,As Li O,False,True
mp-559767,LiAsO3,0.03577491699999946,2.9408,False,15,C2/c,O,False,False,,,B=As: As site 4 is not octahedrally coordinated by O; B=Li: Li site 0 is not octahedrally coordinated by O,False,True,As Li O,True,True
mp-977148,LiBeH3,0.0069796186249999614,4.3797999999999995,False,63,Cmcm,H,False,False,,,B=Be: Be site 6 is not octahedrally coordinated by H; B=Li: Li site 0 is not octahedrally coordinated by H,True,True,Be H Li,False,True
mp-977298,LiBeH3,0.017313432958333763,4.4578,False,15,C2/c,H,False,False,,,B=Be: Be site 4 is not octahedrally coordinated by H; B=Li: Li site 1 is not octahedrally coordinated by H,False,True,Be H Li,False,True
mp-29077,LiBiO3,0.0,0.1445000000000003,True,56,Pccn,O,False,False,,,B=Bi: two B atoms share more than one X atom (edge- or face-sharing octahedra); B=Li: Li site 0 is not octahedrally coordinated by O,False,False,Bi Li O,True,True
mp-1079935,LiCaH3,0.021480728000000227,2.5159,False,167,R-3c,H,False,True,Li,3.0,,True,False,Ca H Li,True,True
mp-759500,LiCoF3,0.08800685599999891,2.833,False,1,P1,F,False,False,,,"B=Co: Co site 5 is not octahedrally coordinated by F; B=Li: an F atom bridges 1 Li atoms, not two",False,False,Co F Li,True,False
mp-764370,LiCoF3,0.08868157599999993,3.0432,False,143,P3,F,False,False,,,"B=Co: Co site 5 is not octahedrally coordinated by F; B=Li: an F atom bridges 1 Li atoms, not two",False,False,Co F Li,False,False
mp-753405,LiCuF3,0.019153810499999757,0.4668,False,14,P2_1/c,F,False,False,,,B=Cu: Cu site 4 is not octahedrally coordinated by F; B=Li: Li site 0 is not octahedrally coordinated by F,False,False,Cu F Li,True,True
mp-761262,LiCuF3,0.02948699699999935,0.4097,False,1,P1,F,False,False,,,B=Cu: two B atoms share more than one X atom (edge- or face-sharing octahedra); B=Li: Li site 2 is not octahedrally coordinated by F,False,False,Cu F Li,True,True
mp-761897,LiCuF3,0.041397524333332214,0.5463,False,178,P6_122,F,False,False,,,B=Cu: Cu site 6 is not octahedrally coordinated by F; B=Li: two B atoms share more than one X atom (edge- or face-sharing octahedra),False,False,Cu F Li,True,True
mp-2764589,LiCuF3,0.01723351050000055,1.3488000000000002,False,14,P2_1/c,F,False,False,,,B=Cu: Cu site 4 is not octahedrally coordinated by F; B=Li: two B atoms share more than one X atom (edge- or face-sharing octahedra),False,False,Cu F Li,True,True
mp-754581,LiFeF3,0.08196078649999894,3.358,False,62,Pnma,F,False,False,,,"B=Fe: an F atom bridges 3 Fe atoms, not two; B=Li: Li site 0 is not octahedrally coordinated by F",True,False,F Fe Li,False,False
mp-754707,LiFeF3,0.059249966499998585,3.2948999999999997,False,15,C2/c,F,False,False,,,"B=Fe: an F atom bridges 3 Fe atoms, not two; B=Li: Li site 0 is not octahedrally coordinated by F",False,False,F Fe Li,False,False
mp-754816,LiFeF3,0.039482109999998904,3.3132,False,62,Pnma,F,False,True,Fe,3.0,,True,False,F Fe Li,False,True
mp-754994,LiFeF3,0.05509524649999875,3.1206,False,15,C2/c,F,False,False,,,B=Fe: Fe site 4 is not octahedrally coordinated by F; B=Li: Li site 0 is not octahedrally coordinated by F,False,False,F Fe Li,False,False
mp-755103,LiFeF3,0.09755426649999865,3.0058000000000002,False,12,C2/m,F,False,False,,,"B=Fe: an F atom bridges 3 Fe atoms, not two; B=Li: Li site 0 is not octahedrally coordinated by F",False,False,F Fe Li,False,False
mp-755136,LiFeF3,0.0877690239999982,3.5106,False,63,Cmcm,F,False,False,,,B=Fe: Fe site 2 is not octahedrally coordinated by F; B=Li: two B atoms share more than one X atom (edge- or face-sharing octahedra),True,False,F Fe Li,False,False
mp-755575,LiFeF3,0.09555716199999864,3.2665,False,62,Pnma,F,False,False,,,"B=Fe: an F atom bridges 1 Fe atoms, not two; B=Li: Li site 0 is not octahedrally coordinated by F",True,False,F Fe Li,False,False
mp-756109,LiFeF3,0.06333772749999866,3.3048,False,62,Pnma,F,False,True,Li,3.0,,True,False,F Fe Li,False,False
mp-760354,LiFeF3,0.09184726299999824,3.0657,False,1,P1,F,False,False,,,B=Fe: Fe site 4 is not octahedrally coordinated by F; B=Li: Li site 2 is not octahedrally coordinated by F,False,False,F Fe Li,False,False
mp-761166,LiFeF3,0.023975514999998282,3.5869,False,9,Cc,F,False,True,Fe,3.0,,False,False,F Fe Li,False,True
mp-775760,LiFeF3,0.08458892719999866,3.0155000000000003,False,2,P-1,F,False,False,,,B=Fe: Fe site 11 is not octahedrally coordinated by F; B=Li: Li site 0 is not octahedrally coordinated by F,False,False,F Fe Li,False,False
mp-776017,LiFeF3,0.05062951949999839,3.2909,False,60,Pbcn,F,False,False,,,"B=Fe: an F atom bridges 3 Fe atoms, not two; B=Li: Li site 0 is not octahedrally coordinated by F",False,False,F Fe Li,False,False
mp-776027,LiFeF3,0.09258918449999864,3.0149,False,86,P4_2/n,F,False,False,,,"B=Fe: an F atom bridges 1 Fe atoms, not two; B=Li: Li site 0 is not octahedrally coordinated by F",False,False,F Fe Li,False,False
mp-776077,LiFeF3,0.04084562899999877,3.5669999999999997,False,14,P2_1/c,F,False,False,,,"B=Fe: an F atom bridges 1 Fe atoms, not two; B=Li: Li site 0 is not octahedrally coordinated by F",False,False,F Fe Li,False,True
mp-776080,LiFeF3,0.02837531724999831,3.4840999999999998,False,56,Pccn,F,False,False,,,B=Fe: two B atoms share more than one X atom (edge- or face-sharing octahedra); B=Li: Li site 0 is not octahedrally coordinated by F,False,False,F Fe Li,False,True
mp-776524,LiFeF3,0.07696126914285539,2.637,False,2,P-1,F,False,False,,,B=Fe: Fe site 17 is not octahedrally coordinated by F; B=Li: Li site 0 is not octahedrally coordinated by F,False,False,F Fe Li,True,False
mp-776604,LiFeF3,0.06748679549999803,2.2218,False,2,P-1,F,False,False,,,B=Fe: Fe site 12 is not octahedrally coordinated by F; B=Li: Li site 0 is not octahedrally coordinated by F,False,False,F Fe Li,True,False
mp-777489,LiFeF3,0.09244848666666527,3.0799,False,148,R-3,F,False,False,,,B=Fe: Fe site 6 is not octahedrally coordinated by F; B=Li: Li site 0 is not octahedrally coordinated by F,False,False,F Fe Li,False,False
mp-777522,LiFeF3,0.022920700999998544,3.2828999999999997,False,36,Cmc2_1,F,False,False,,,"B=Fe: an F atom bridges 3 Fe atoms, not two; B=Li: Li site 0 is not octahedrally coordinated by F",False,False,F Fe Li,False,True
mp-777622,LiFeF3,0.05153216749999867,3.3346,False,1,P1,F,False,False,,,B=Fe: two B atoms share more than one X atom (edge- or face-sharing octahedra); B=Li: Li site 0 is not octahedrally coordinated by F,False,False,F Fe Li,False,False
mp-777672,LiFeF3,0.06914659999999806,3.0807,False,38,Amm2,F,False,False,,,B=Fe: two B atoms share more than one X atom (edge- or face-sharing octahedra); B=Li: Li site 0 is not octahedrally coordinated by F,False,False,F Fe Li,False,False
mp-777888,LiFeF3,0.036269686999998996,3.2689,False,146,R3,F,False,True,Fe,3.0,,False,False,F Fe Li,False,True
mp-777899,LiFeF3,0.06716953199999853,3.2798000000000003,False,62,Pnma,F,False,False,,,B=Fe: two B atoms share more than one X atom (edge- or face-sharing octahedra); B=Li: Li site 0 is not octahedrally coordinated by F,True,False,F Fe Li,False,False
mp-780639,LiFeF3,0.03166200799999874,3.4057999999999997,False,11,P2_1/m,F,False,False,,,B=Fe: two B atoms share more than one X atom (edge- or face-sharing octahedra); B=Li: Li site 0 is not octahedrally coordinated by F,False,False,F Fe Li,False,True
mp-780803,LiFeF3,0.03918427187499862,3.4099000000000004,False,61,Pbca,F,False,False,,,"B=Fe: an F atom bridges 1 Fe atoms, not two; B=Li: Li site 0 is not octahedrally coordinated by F",False,False,F Fe Li,False,True
mp-1176698,LiFeF3,0.035919728999998846,3.7201999999999997,False,20,C222_1,F,False,True,Fe,3.0,,False,False,F Fe Li,False,True
mp-1176705,LiFeF3,0.06900371749999845,3.4694000000000003,False,63,Cmcm,F,False,False,,,B=Fe: two B atoms share more than one X atom (edge- or face-sharing octahedra); B=Li: Li site 0 is not octahedrally coordinated by F,True,False,F Fe Li,False,False
mp-1176707,LiFeF3,0.07260002266666543,3.4609,False,2,P-1,F,False,False,,,B=Fe: Fe site 6 is not octahedrally coordinated by F; B=Li: Li site 0 is not octahedrally coordinated by F,False,False,F Fe Li,False,False
mp-1176709,LiFeF3,0.05610700299999927,3.6062000000000003,False,198,P2_13,F,False,True,Fe,3.0,,False,False,F Fe Li,False,False
mp-1176718,LiFeF3,0.08234885333333164,3.1318,False,2,P-1,F,False,False,,,B=Fe: Fe site 6 is not octahedrally coordinated by F; B=Li: Li site 0 is not octahedrally coordinated by F,False,False,F Fe Li,False,False
mp-28327,LiGaBr3,0.0,2.956,True,11,P2_1/m,Br,False,True,Li,3.0,,False,False,Br Ga Li,True,True
mp-29344,LiGaCl3,0.0,3.6888,True,62,Pnma,Cl,False,False,,,B=Ga: Ga site 8 is not octahedrally coordinated by Cl; B=Li: two B atoms share more than one X atom (edge- or face-sharing octahedra),True,False,Cl Ga Li,False,True
mp-29345,LiGaI3,0.0,2.2473,True,11,P2_1/m,I,False,True,Li,3.0,,False,False,Ga I Li,True,True
mp-22955,LiIO3,0.0008651204999985396,3.6860999999999997,False,173,P6_3,O,False,False,,,B=I: I site 2 is not octahedrally coordinated by O; B=Li: two B atoms share more than one X atom (edge- or face-sharing octahedra),False,False,I Li O,False,True
mp-22994,LiIO3,0.0016667354999988504,3.6546000000000003,False,33,Pna2_1,O,False,False,,,B=I: I site 4 is not octahedrally coordinated by O; B=Li: Li site 0 is not octahedrally coordinated by O,False,False,I Li O,False,True
mp-23384,LiIO3,0.0,3.7255000000000003,True,86,P4_2/n,O,False,False,,,B=I: I site 8 is not octahedrally coordinated by O; B=Li: Li site 0 is not octahedrally coordinated by O,False,False,I Li O,False,True
mp-23736,LiMgH3,0.008794132000000232,4.0494,False,161,R3c,H,False,True,Li,3.0,,False,False,H Li Mg,False,True
mp-752829,LiMnF3,0.040523462500000385,3.7869,False,148,R-3,F,False,False,,,B=Li: two B atoms share more than one X atom (edge- or face-sharing octahedra); B=Mn: two B atoms share more than one X atom (edge- or face-sharing octahedra),False,False,F Li Mn,False,True
mp-752938,LiMnF3,0.034239468500000036,3.1386000000000003,False,167,R-3c,F,False,True,Mn,3.0,,True,False,F Li Mn,False,True
mp-753025,LiMnF3,0.08455144349999966,3.5423,False,182,P6_322,F,False,False,,,B=Li: Li site 0 is not octahedrally coordinated by F; B=Mn: two B atoms share more than one X atom (edge- or face-sharing octahedra),False,False,F Li Mn,False,False
mp-754676,LiMnF3,0.0246201914999995,3.6510000000000002,False,182,P6_322,F,False,True,Mn,3.0,,False,False,F Li Mn,False,True
mp-754770,LiMnF3,0.07149391249999937,3.3287999999999998,False,14,P2_1/c,F,False,False,,,B=Li: Li site 0 is not octahedrally coordinated by F; B=Mn: Mn site 4 is not octahedrally coordinated by F,False,False,F Li Mn,False,False
mp-756130,LiMnF3,0.06638849899999943,3.6033,False,163,P-31c,F,False,False,,,B=Li: Li site 0 is not octahedrally coordinated by F; B=Mn: two B atoms share more than one X atom (edge- or face-sharing octahedra),False,False,F Li Mn,False,False
mp-757275,LiMnF3,0.07636526724999992,3.4187000000000003,False,14,P2_1/c,F,False,False,,,B=Li: Li site 0 is not octahedrally coordinated by F; B=Mn: Mn site 10 is not octahedrally coordinated by F,False,False,F Li Mn,False,False
mp-758779,LiMnF3,0.03200320716666649,3.888,False,143,P3,F,False,False,,,B=Li: Li site 0 is not octahedrally coordinated by F; B=Mn: Mn site 6 is not octahedrally coordinated by F,False,False,F Li Mn,False,True
mp-759023,LiMnF3,0.062371236875000236,3.7498,False,88,I4_1/a,F,False,False,,,B=Li: Li site 0 is not octahedrally coordinated by F; B=Mn: Mn site 16 is not octahedrally coordinated by F,False,False,F Li Mn,False,False
mp-759032,LiMnF3,0.09337902575000001,3.51,False,14,P2_1/c,F,False,False,,,B=Li: Li site 0 is not octahedrally coordinated by F; B=Mn: Mn site 8 is not octahedrally coordinated by F,False,False,F Li Mn,False,False
mp-759042,LiMnF3,0.0779192489999998,3.0923,False,86,P4_2/n,F,False,False,,,"B=Li: Li site 0 is not octahedrally coordinated by F; B=Mn: an F atom bridges 1 Mn atoms, not two",False,False,F Li Mn,False,False
mp-759048,LiMnF3,0.06853995938888868,3.149,False,2,P-1,F,False,False,,,B=Li: Li site 0 is not octahedrally coordinated by F; B=Mn: Mn site 22 is not octahedrally coordinated by F,False,False,F Li Mn,False,False
mp-759093,LiMnF3,0.029585916000000267,3.6288,False,52,Pnna,F,False,False,,,B=Li: Li site 0 is not octahedrally coordinated by F; B=Mn: two B atoms share more than one X atom (edge- or face-sharing octahedra),False,False,F Li Mn,False,True
mp-759492,LiMnF3,0.03979363525000057,3.6206,False,14,P2_1/c,F,False,False,,,"B=Li: Li site 0 is not octahedrally coordinated by F; B=Mn: an F atom bridges 3 Mn atoms, not two",False,False,F Li Mn,False,True
mp-759538,LiMnF3,0.07152538949999965,3.2197,False,2,P-1,F,False,False,,,B=Li: Li site 0 is not octahedrally coordinated by F; B=Mn: Mn site 17 is not octahedrally coordinated by F,False,False,F Li Mn,False,False
mp-760095,LiMnF3,0.09394071816666649,2.4534,False,147,P-3,F,False,True,Mn,3.0,,False,False,F Li Mn,True,False
mp-762988,LiMnF3,0.09911547449999958,3.5949999999999998,False,9,Cc,F,False,False,,,B=Li: Li site 0 is not octahedrally coordinated by F; B=Mn: Mn site 4 is not octahedrally coordinated by F,False,False,F Li Mn,False,False
mp-763003,LiMnF3,0.09406728116666674,3.1237,False,148,R-3,F,False,False,,,B=Li: Li site 0 is not octahedrally coordinated by F; B=Mn: Mn site 6 is not octahedrally coordinated by F,False,False,F Li Mn,False,False
mp-763149,LiMnF3,0.03270372799999954,3.293,False,198,P2_13,F,False,True,Li,3.0,,False,False,F Li Mn,False,True
mp-763362,LiMnF3,0.07790090050000043,3.383,False,33,Pna2_1,F,False,False,,,B=Li: Li site 0 is not octahedrally coordinated by F; B=Mn: Mn site 4 is not octahedrally coordinated by F,False,False,F Li Mn,False,False
mp-764783,LiMnF3,0.09071122499999973,2.7119999999999997,False,62,Pnma,F,False,True,Mn,3.0,,True,False,F Li Mn,True,False
mp-765090,LiMnF3,0.09928751050000084,3.1094999999999997,False,2,P-1,F,False,False,,,B=Li: Li site 0 is not octahedrally coordinated by F; B=Mn: Mn site 8 is not octahedrally coordinated by F,False,False,F Li Mn,False,False
mp-765457,LiMnF3,0.03979236099999994,2.9514,False,62,Pnma,F,False,True,Mn,3.0,,True,False,F Li Mn,True,True
mp-774399,LiMnF3,0.07906531889999968,3.4213,False,2,P-1,F,False,False,,,B=Li: Li site 0 is not octahedrally coordinated by F; B=Mn: Mn site 11 is not octahedrally coordinated by F,False,False,F Li Mn,False,False
mp-776156,LiMnF3,0.045845842500000344,3.4012000000000002,False,198,P2_13,F,False,True,Li,3.0,,False,False,F Li Mn,False,True
mp-776951,LiMnF3,0.03917297799999986,3.7721999999999998,False,62,Pnma,F,False,True,Li,3.0,,True,False,F Li Mn,False,True
mp-777298,LiMnF3,0.048810700749999825,3.5986,False,60,Pbcn,F,False,False,,,"B=Li: Li site 0 is not octahedrally coordinated by F; B=Mn: an F atom bridges 3 Mn atoms, not two",False,False,F Li Mn,False,True
mp-777352,LiMnF3,0.03875426900000001,3.6298999999999997,False,61,Pbca,F,False,False,,,"B=Li: Li site 0 is not octahedrally coordinated by F; B=Mn: an F atom bridges 1 Mn atoms, not two",False,False,F Li Mn,False,True
mp-777355,LiMnF3,0.0213673437500006,3.5243,False,56,Pccn,F,False,False,,,B=Li: Li site 0 is not octahedrally coordinated by F; B=Mn: two B atoms share more than one X atom (edge- or face-sharing octahedra),False,False,F Li Mn,False,True
mp-777655,LiMnF3,0.05864714299999996,3.2957,False,12,C2/m,F,False,False,,,"B=Li: Li site 0 is not octahedrally coordinated by F; B=Mn: an F atom bridges 3 Mn atoms, not two",False,False,F Li Mn,False,False
mp-777972,LiMnF3,0.027381380249999587,3.4757,False,33,Pna2_1,F,False,False,,,"B=Li: Li site 0 is not octahedrally coordinated by F; B=Mn: an F atom bridges 1 Mn atoms, not two",False,False,F Li Mn,False,True
mp-778633,LiMnF3,0.0663754791666662,3.5293,False,2,P-1,F,False,False,,,B=Li: Li site 0 is not octahedrally coordinated by F; B=Mn: Mn site 6 is not octahedrally coordinated by F,False,False,F Li Mn,False,False
mp-778697,LiMnF3,0.05287922024999947,3.8372,False,62,Pnma,F,False,False,,,B=Li: two B atoms share more than one X atom (edge- or face-sharing octahedra); B=Mn: Mn site 8 is not octahedrally coordinated by F,True,False,F Li Mn,False,False
mp-778800,LiMnF3,0.07565305750000118,3.5504,False,2,P-1,F,False,False,,,B=Li: Li site 0 is not octahedrally coordinated by F; B=Mn: Mn site 6 is not octahedrally coordinated by F,False,False,F Li Mn,False,False
mp-778819,LiMnF3,0.07542991049999959,3.2543,False,38,Amm2,F,False,False,,,B=Li: Li site 0 is not octahedrally coordinated by F; B=Mn: two B atoms share more than one X atom (edge- or face-sharing octahedra),False,False,F Li Mn,False,False
mp-779073,LiMnF3,0.053815700833334645,3.7828999999999997,False,167,R-3c,F,False,False,,,B=Li: Li site 0 is not octahedrally coordinated by F; B=Mn: Mn site 7 is not octahedrally coordinated by F,True,False,F Li Mn,False,False
mp-779317,LiMnF3,0.06609800583333314,3.5182,False,14,P2_1/c,F,False,False,,,B=Li: Li site 0 is not octahedrally coordinated by F; B=Mn: Mn site 13 is not octahedrally coordinated by F,False,False,F Li Mn,False,False
mp-859873,LiMnF3,0.09268069450000027,3.7716,False,194,P6_3/mmc,F,False,False,,,B=Li: Li site 0 is not octahedrally coordinated by F; B=Mn: two B atoms share more than one X atom (edge- or face-sharing octahedra),False,False,F Li Mn,False,False
mp-1176630,LiMnF3,0.02974681450000105,3.6287000000000003,False,15,C2/c,F,False,False,,,"B=Li: Li site 0 is not octahedrally coordinated by F; B=Mn: an F atom bridges 3 Mn atoms, not two",False,False,F Li Mn,False,True
mp-1176631,LiMnF3,0.03454353849999947,3.3440000000000003,False,51,Pmma,F,False,False,,,B=Li: Li site 0 is not octahedrally coordinated by F; B=Mn: two B atoms share more than one X atom (edge- or face-sharing octahedra),False,False,F Li Mn,False,True
mp-1176634,LiMnF3,0.08717181049999922,3.8619000000000003,False,36,Cmc2_1,F,False,False,,,B=Li: Li site 0 is not octahedrally coordinated by F; B=Mn: Mn site 2 is not octahedrally coordinated by F,False,False,F Li Mn,False,False
mp-1176635,LiMnF3,0.06714534649999937,4.49,False,63,Cmcm,F,False,False,,,B=Li: two B atoms share more than one X atom (edge- or face-sharing octahedra); B=Mn: Mn site 2 is not octahedrally coordinated by F,True,False,F Li Mn,False,False
mp-1176636,LiMnF3,0.07564814199999947,3.5585,False,63,Cmcm,F,False,False,,,B=Li: Li site 0 is not octahedrally coordinated by F; B=Mn: two B atoms share more than one X atom (edge- or face-sharing octahedra),True,False,F Li Mn,False,False
mp-1371141,LiMnF3,0.03237908549999968,3.8916999999999997,False,158,P3c1,F,False,False,,,B=Li: Li site 0 is not octahedrally coordinated by F; B=Mn: Mn site 6 is not octahedrally coordinated by F,False,False,F Li Mn,False,True
mp-8180,LiNO3,0.0,2.9369,True,167,R-3c,O,False,True,Li,3.0,,True,False,Li N O,True,True
mp-3731,LiNbO3,0.0,3.3358000000000003,True,161,R3c,O,False,True,Li,3.0,,False,False,Li Nb O,False,True
mp-552588,LiNbO3,0.03300803200000324,2.281952667388917,False,167,R-3c,O,False,True,Nb,3.0,,True,False,Li Nb O,True,True
mp-674361,LiNbO3,0.01005641740000307,2.9621,False,1,P1,O,False,True,Nb,3.0,,False,False,Li Nb O,True,True
mp-675069,LiNbO3,0.006859243142860905,3.0231000000000003,False,1,P1,O,False,True,Nb,3.0,,False,False,Li Nb O,False,True
mp-676694,LiNbO3,0.008015285666669314,2.9835000000000003,False,1,P1,O,False,True,Nb,3.0,,False,False,Li Nb O,True,True
mp-686057,LiNbO3,0.010854103250004243,3.0381,False,1,P1,O,False,True,Nb,3.0,,False,False,Li Nb O,False,True
mp-755559,LiNbO3,0.055166170000003234,3.456,False,12,C2/m,O,False,False,,,B=Li: two B atoms share more than one X atom (edge- or face-sharing octahedra); B=Nb: two B atoms share more than one X atom (edge- or face-sharing octahedra),False,False,Li Nb O,False,False
mp-760701,LiNbO3,0.035907200000004025,3.4191000000000003,False,15,C2/c,O,False,False,,,B=Li: Li site 0 is not octahedrally coordinated by O; B=Nb: two B atoms share more than one X atom (edge- or face-sharing octahedra),False,False,Li Nb O,False,True
mp-776108,LiNbO3,0.02983659450000431,2.7432,False,57,Pbcm,O,False,True,Nb,3.0,,False,False,Li Nb O,True,True
mp-1078377,LiNbO3,0.020706871000003346,3.684152136076594,False,148,R-3,O,False,False,,,B=Li: two B atoms share more than one X atom (edge- or face-sharing octahedra); B=Nb: two B atoms share more than one X atom (edge- or face-sharing octahedra),False,False,Li Nb O,False,True
mp-1196213,LiNbO3,0.013330627000003759,3.6404,False,14,P2_1/c,O,False,False,,,B=Li: Li site 0 is not octahedrally coordinated by O; B=Nb: Nb site 12 is not octahedrally coordinated by O,False,False,Li Nb O,False,True
mp-4995,LiSbO3,0.0,2.1379000000000006,True,52,Pnna,O,False,False,,,B=Li: two B atoms share more than one X atom (edge- or face-sharing octahedra); B=Sb: two B atoms share more than one X atom (edge- or face-sharing octahedra),False,False,Li O Sb,True,True
mp-752636,LiSbO3,0.08881048749999909,1.1944999999999997,False,198,P2_13,O,False,True,Li,3.0,,False,False,Li O Sb,True,False
mp-756951,LiSbO3,0.05857178449999978,2.7496,False,12,C2/m,O,False,False,,,B=Li: two B atoms share more than one X atom (edge- or face-sharing octahedra); B=Sb: two B atoms share more than one X atom (edge- or face-sharing octahedra),False,False,Li O Sb,True,False
mp-770932,LiSbO3,0.016233930500000326,2.6465,False,12,C2/m,O,False,False,,,B=Li: Li site 0 is not octahedrally coordinated by O; B=Sb: two B atoms share more than one X atom (edge- or face-sharing octahedra),False,False,Li O Sb,True,True
mp-998230,LiSnCl3,0.02080355150000024,4.243,False,160,R3m,Cl,False,True,Li,3.0,,False,False,Cl Li Sn,False,True
mp-998591,LiSnCl3,0.010285384500000827,4.1012,False,161,R3c,Cl,False,True,Li,3.0,,False,False,Cl Li Sn,False,True
mp-3666,LiTaO3,0.0,3.7003,True,161,R3c,O,False,True,Li,3.0,,False,False,Li O Ta,False,True
mp-754345,LiTaO3,0.08864496900000596,2.3884,False,127,P4/mbm,O,False,True,Ta,3.0,,True,False,Li O Ta,True,False
mp-755231,LiTeO3,0.06271661574999232,2.1414999999999997,False,34,Pnn2,O,False,False,,,B=Li: Li site 0 is not octahedrally coordinated by O; B=Te: two B atoms share more than one X atom (edge- or face-sharing octahedra),False,False,Li O Te,True,False
mp-752607,LiVF3,0.04508407699999939,2.5456000000000003,False,148,R-3,F,False,False,,,B=Li: two B atoms share more than one X atom (edge- or face-sharing octahedra); B=V: two B atoms share more than one X atom (edge- or face-sharing octahedra),False,False,F Li V,True,True
mp-752619,LiVF3,0.07918079599999928,2.2312999999999996,False,11,P2_1/m,F,False,False,,,B=Li: Li site 0 is not octahedrally coordinated by F; B=V: V site 2 is not octahedrally coordinated by F,False,False,F Li V,True,False
mp-752764,LiVF3,0.018508798999998355,2.5687999999999995,False,161,R3c,F,False,True,Li,3.0,,False,False,F Li V,True,True
mp-752911,LiVF3,0.03579129849999951,2.4259999999999997,False,62,Pnma,F,False,True,V,3.0,,True,False,F Li V,True,True
mp-753024,LiVF3,0.09163074899999923,1.9761,False,194,P6_3/mmc,F,False,False,,,B=Li: Li site 0 is not octahedrally coordinated by F; B=V: two B atoms share more than one X atom (edge- or face-sharing octahedra),False,False,F Li V,True,False
mp-777551,LiVF3,0.037158102999998555,2.6788,False,198,P2_13,F,False,True,Li,3.0,,False,False,F Li V,True,True
mp-777676,LiVF3,0.07027155099999849,2.3764000000000003,False,15,C2/c,F,False,False,,,"B=Li: Li site 0 is not octahedrally coordinated by F; B=V: an F atom bridges 3 V atoms, not two",False,False,F Li V,True,False
mp-777893,LiVF3,0.021154517499999415,2.6218000000000004,False,56,Pccn,F,False,False,,,B=Li: Li site 0 is not octahedrally coordinated by F; B=V: two B atoms share more than one X atom (edge- or face-sharing octahedra),False,False,F Li V,True,True
mp-777894,LiVF3,0.0275804794999992,2.5427999999999997,False,52,Pnna,F,False,False,,,B=Li: Li site 0 is not octahedrally coordinated by F; B=V: two B atoms share more than one X atom (edge- or face-sharing octahedra),False,False,F Li V,True,True
mp-778509,LiVF3,0.07115935049999944,2.6116,False,198,P2_13,F,False,True,Li,3.0,,False,False,F Li V,True,False
mp-782665,LiVF3,0.05351323562499832,2.4393000000000002,False,61,Pbca,F,False,False,,,"B=Li: Li site 0 is not octahedrally coordinated by F; B=V: an F atom bridges 1 V atoms, not two",False,False,F Li V,True,False
mp-849502,LiVF3,0.09431560144444262,1.2727000000000004,False,2,P-1,F,False,False,,,B=Li: Li site 0 is not octahedrally coordinated by F; B=V: V site 23 is not octahedrally coordinated by F,False,False,F Li V,True,False
mp-19373,LiVO3,0.0,3.0342000000000002,True,15,C2/c,O,False,False,,,B=Li: Li site 2 is not octahedrally coordinated by O; B=V: V site 4 is not octahedrally coordinated by O,False,False,Li O V,False,True
mp-19440,LiVO3,0.004014357000007962,2.9435000000000002,False,15,C2/c,O,False,False,,,B=Li: Li site 0 is not octahedrally coordinated by O; B=V: V site 16 is not octahedrally coordinated by O,False,False,Li O V,True,True
mp-703230,LiVO3,0.0007622925000019265,2.8222,False,15,C2/c,O,False,False,,,B=Li: Li site 0 is not octahedrally coordinated by O; B=V: V site 4 is not octahedrally coordinated by O,False,False,Li O V,True,True
mp-763200,LiVO3,0.08530730800000796,1.9674999999999998,False,5,C2,O,False,False,,,B=Li: Li site 1 is not octahedrally coordinated by O; B=V: two B atoms share more than one X atom (edge- or face-sharing octahedra),False,False,Li O V,True,False
mp-1176521,LiVO3,0.08275927200000943,1.9504000000000001,False,12,C2/m,O,False,False,,,B=Li: two B atoms share more than one X atom (edge- or face-sharing octahedra); B=V: two B atoms share more than one X atom (edge- or face-sharing octahedra),False,False,Li O V,True,False
mp-755358,LuAlO3,0.0616271787500029,3.6479,False,194,P6_3/mmc,O,False,False,,,"B=Al: Al site 2 is not octahedrally coordinated by O; B=Lu: an O atom bridges 3 Lu atoms, not two",False,False,Al Lu O,False,False
mp-756850,LuAlO3,0.0983123664166694,3.7125000000000004,False,63,Cmcm,O,False,False,,,B=Al: Al site 6 is not octahedrally coordinated by O; B=Lu: Lu site 0 is not octahedrally coordinated by O,True,False,Al Lu O,False,False
mp-760461,LuBO3,0.028761409000001237,4.2791,False,63,Cmcm,O,False,False,,,B=B: B site 2 is not octahedrally coordinated by O; B=Lu: two B atoms share more than one X atom (edge- or face-sharing octahedra),True,False,B Lu O,False,True
mp-772801,LuBiO3,0.05884514162499954,2.3121,False,148,R-3,O,False,False,,,B=Bi: two B atoms share more than one X atom (edge- or face-sharing octahedra); B=Lu: two B atoms share more than one X atom (edge- or face-sharing octahedra),False,False,Bi Lu O,True,False
mp-1176501,LuBiO3,0.027742273624999925,3.1586000000000003,False,161,R3c,O,False,True,Bi,3.0,,False,False,Bi Lu O,False,True
mp-1222293,LuBiTe3,0.02304348750000429,1.1042999999999994,False,160,R3m,Te,False,False,,,"B=Bi: an Te atom bridges 3 Bi atoms, not two; B=Lu: an Te atom bridges 3 Lu atoms, not two",False,False,Bi Lu Te,True,True
mp-755471,LuCrO3,0.0,2.7251999999999996,True,62,Pnma,O,False,True,Cr,3.0,,True,False,Cr Lu O,True,True
mp-22588,LuFeO3,0.036039123124998795,1.6083000000000003,False,62,Pnma,O,False,True,Fe,3.0,,True,False,Fe Lu O,True,True
mp-755342,LuGaO3,0.021206369333349073,2.5237999999999996,False,194,P6_3/mmc,O,False,False,,,"B=Ga: Ga site 2 is not octahedrally coordinated by O; B=Lu: an O atom bridges 3 Lu atoms, not two",False,False,Ga Lu O,True,True
mp-755792,LuGaO3,0.05454235283334885,3.6376,False,62,Pnma,O,False,True,Ga,3.0,,True,False,Ga Lu O,False,False
mp-768505,LuGaO3,0.0,2.8827999999999996,True,185,P6_3cm,O,False,False,,,B=Ga: Ga site 6 is not octahedrally coordinated by O; B=Lu: Lu site 0 is not octahedrally coordinated by O,False,False,Ga Lu O,True,True
mp-21125,LuMnO3,0.050306498166669655,0.4485081876543422,False,62,Pnma,O,False,True,Mn,3.0,,True,False,Lu Mn O,True,False
mp-1205366,LuRhO3,0.0,1.0887000000000002,True,62,Pnma,O,False,True,Rh,3.0,,True,False,Lu O Rh,True,True
mp-772180,LuScO3,0.040043889166662794,3.0863,False,185,P6_3cm,O,False,False,,,B=Lu: Lu site 0 is not octahedrally coordinated by O; B=Sc: Sc site 6 is not octahedrally coordinated by O,False,False,Lu O Sc,False,True
mp-776593,LuScO3,0.06345934649999663,4.4786,False,62,Pnma,O,False,True,Sc,3.0,,True,False,Lu O Sc,False,False
mp-768293,LuSeO3,0.03757851950780822,1.7429000000000001,False,14,P2_1/c,O,False,False,,,B=Lu: Lu site 0 is not octahedrally coordinated by O; B=Se: Se site 8 is not octahedrally coordinated by O,False,False,Lu O Se,True,True
mp-754597,LuTlO3,0.0837613916249973,0.6919000000000004,False,62,Pnma,O,False,True,Lu,3.0,,True,True,Lu O Tl,True,False
mp-755583,LuVO3,0.005773750249996823,1.5724999999999998,False,62,Pnma,O,False,True,V,3.0,,True,False,Lu O V,True,True
mp-2767717,LuVO3,0.0,0.2610999999999999,True,14,P2_1/c,O,False,True,V,3.0,,False,False,Lu O V,True,True
mp-1206514,Mg3AsN,0.0,2.0841,True,221,Pm-3m,Mg,True,False,,,the element present three times is more electropositive than both others (anti-perovskite),True,True,As Mg N,True,True
mp-2647001,Mg3BiSb,0.006847672124998816,0.1607000000000003,False,156,P3m1,Mg,True,False,,,the element present three times is more electropositive than both others (anti-perovskite),False,False,Bi Mg Sb,True,True
mp-1080847,Mg3SbN,0.0,1.2195,True,221,Pm-3m,Mg,True,False,,,the element present three times is more electropositive than both others (anti-perovskite),True,False,Mg N Sb,True,True
mp-998358,MgAgF3,0.033178936000001436,2.1127000000000002,False,221,Pm-3m,F,False,True,Mg,3.0,,True,False,Ag F Mg,True,True
mp-998418,MgAgF3,0.018142888000001633,2.6792999999999996,False,167,R-3c,F,False,True,Mg,3.0,,True,False,Ag F Mg,True,True
mp-1279364,MgFeO3,0.06566642049999949,0.6024000000000003,False,2,P-1,O,False,False,,,B=Fe: two B atoms share more than one X atom (edge- or face-sharing octahedra); B=Mg: two B atoms share more than one X atom (edge- or face-sharing octahedra),False,False,Fe Mg O,True,False
mp-1303831,MgFeO3,0.06584330299999941,0.22949999999999982,False,146,R3,O,False,False,,,B=Fe: two B atoms share more than one X atom (edge- or face-sharing octahedra); B=Mg: two B atoms share more than one X atom (edge- or face-sharing octahedra),False,False,Fe Mg O,True,False
mp-3759,MgGeO3,0.031802013000018725,3.6778999999999997,False,148,R-3,O,False,False,,,B=Ge: two B atoms share more than one X atom (edge- or face-sharing octahedra); B=Mg: two B atoms share more than one X atom (edge- or face-sharing octahedra),False,False,Ge Mg O,False,True
mp-4575,MgGeO3,0.012849643250017806,2.9034000000000004,False,61,Pbca,O,False,False,,,"B=Ge: Ge site 16 is not octahedrally coordinated by O; B=Mg: an O atom bridges 1 Mg atoms, not two",False,False,Ge Mg O,True,True
mp-4819,MgGeO3,0.011727870000017404,2.5261,False,15,C2/c,O,False,False,,,"B=Ge: Ge site 4 is not octahedrally coordinated by O; B=Mg: an O atom bridges 1 Mg atoms, not two",False,False,Ge Mg O,True,True
mp-29483,MgInBr3,0.011251461500002335,2.0567,False,62,Pnma,Br,False,False,,,"B=In: In site 4 is not octahedrally coordinated by Br; B=Mg: an Br atom bridges 3 Mg atoms, not two",True,False,Br In Mg,True,True
mp-770581,MgMnO3,0.07673693500000045,0.536,False,62,Pnma,O,False,True,Mn,3.0,,True,False,Mg Mn O,True,False
mp-770618,MgMnO3,0.0,1.9300000000000002,True,148,R-3,O,False,False,,,B=Mg: two B atoms share more than one X atom (edge- or face-sharing octahedra); B=Mn: two B atoms share more than one X atom (edge- or face-sharing octahedra),False,False,Mg Mn O,True,True
mp-675651,MgPS3,0.0,2.7986,True,12,C2/m,S,False,False,,,B=Mg: two B atoms share more than one X atom (edge- or face-sharing octahedra); B=P: P site 2 is not octahedrally coordinated by S,False,False,Mg P S,True,True
mp-30943,MgPSe3,0.0,2.0382,True,148,R-3,Se,False,False,,,B=Mg: two B atoms share more than one X atom (edge- or face-sharing octahedra); B=P: P site 2 is not octahedrally coordinated by Se,False,False,Mg P Se,True,True
mp-12271,MgSeO3,0.0,4.0013,True,62,Pnma,O,False,True,Mg,3.0,,True,False,Mg O Se,False,True
mp-1020123,MgSiO3,0.020657474666666786,4.411099999999999,False,13,P2/c,O,False,False,,,B=Mg: Mg site 8 is not octahedrally coordinated by O; B=Si: Si site 16 is not octahedrally coordinated by O,False,False,Mg O Si,False,True
mp-1195746,MgSiO3,0.02162311441666631,4.4998000000000005,False,13,P2/c,O,False,False,,,B=Mg: Mg site 6 is not octahedrally coordinated by O; B=Si: Si site 8 is not octahedrally coordinated by O,False,False,Mg O Si,False,True
mp-769348,MgSnO3,0.07301049799999593,2.0089999999999995,False,62,Pnma,O,False,True,Sn,3.0,,True,False,Mg O Sn,True,False
mp-1176491,MgSnO3,0.0035946489999947318,3.5237000000000003,False,148,R-3,O,False,False,,,B=Mg: two B atoms share more than one X atom (edge- or face-sharing octahedra); B=Sn: two B atoms share more than one X atom (edge- or face-sharing octahedra),False,False,Mg O Sn,False,True
mp-3771,MgTiO3,0.0,3.5294999999999996,True,148,R-3,O,False,False,,,B=Mg: two B atoms share more than one X atom (edge- or face-sharing octahedra); B=Ti: two B atoms share more than one X atom (edge- or face-sharing octahedra),False,False,Mg O Ti,False,True
mp-1345923,MgTiO3,0.08290772699999849,2.3299,False,62,Pnma,O,False,True,Ti,3.0,,True,False,Mg O Ti,True,False
mp-998739,MgTlF3,0.0,4.2135,True,221,Pm-3m,F,False,True,Mg,3.0,,True,True,F Mg Tl,False,True
mp-27186,MgVO3,0.0,2.6932,True,63,Cmcm,O,False,False,,,B=Mg: Mg site 0 is not octahedrally coordinated by O; B=V: V site 2 is not octahedrally coordinated by O,True,False,Mg O V,True,True
mp-1370061,MgVO3,0.09281653749999919,0.6976000000000004,False,62,Pnma,O,False,True,V,3.0,,True,False,Mg O V,True,False
mp-1326513,MgWO3,0.08178308499999787,2.4380000000000006,False,62,Pnma,O,False,True,W,3.0,,True,False,Mg O W,True,False
mp-774250,MnAlO3,0.04634281118750039,1.5922,False,2,P-1,O,False,False,,,B=Al: two B atoms share more than one X atom (edge- or face-sharing octahedra); B=Mn: Mn site 0 is not octahedrally coordinated by O,False,False,Al Mn O,True,True
mp-1278986,MnBO3,0.03233746455207154,0.5985999999999998,False,2,P-1,O,False,True,Mn,3.0,,False,False,B Mn O,True,True
mp-1289597,MnBO3,0.020367710552072538,0.15169999999999995,False,15,C2/c,O,False,True,Mn,3.0,,False,False,B Mn O,True,True
mp-23477,MnBiO3,0.028161421099998307,1.4751000000000003,False,15,C2/c,O,False,True,Mn,3.0,,False,False,Bi Mn O,True,True
mp-556711,MnBiO3,0.09786727159999842,0.8820000000000006,False,14,P2_1/c,O,False,False,,,B=Bi: Bi site 8 is not octahedrally coordinated by O; B=Mn: Mn site 0 is not octahedrally coordinated by O,False,False,Bi Mn O,True,False
mp-1194603,MnBiO3,0.026212832099997918,1.9016357170249796,False,14,P2_1/c,O,False,True,Mn,3.0,,False,False,Bi Mn O,True,True
mp-18814,MnCO3,0.0,3.2291,True,167,R-3c,O,False,True,Mn,3.0,,True,False,C Mn O,False,True
mp-690525,MnCO3,0.08142019800000533,3.3381,False,9,Cc,O,False,False,,,B=C: C site 2 is not octahedrally coordinated by O; B=Mn: Mn site 0 is not octahedrally coordinated by O,False,False,C Mn O,False,False
mp-1078473,MnCO3,0.030299367000004906,3.0808999999999997,False,2,P-1,O,False,False,,,B=C: C site 4 is not octahedrally coordinated by O; B=Mn: two B atoms share more than one X atom (edge- or face-sharing octahedra),False,False,C Mn O,False,True
mp-1271783,MnCO3,0.029906560500005952,3.9749999999999996,False,13,P2/c,O,False,False,,,B=C: C site 4 is not octahedrally coordinated by O; B=Mn: two B atoms share more than one X atom (edge- or face-sharing octahedra),False,False,C Mn O,False,True
mp-674482,MnFeO3,0.03624598443750138,0.8193000000000001,False,73,Ibca,O,False,False,,,B=Fe: Fe site 9 is not octahedrally coordinated by O; B=Mn: Mn site 0 is not octahedrally coordinated by O,False,False,Fe Mn O,True,True
mp-1176435,MnGaO3,0.08074590918749891,1.2823000000000002,False,194,P6_3/mmc,O,False,False,,,"B=Ga: Ga site 2 is not octahedrally coordinated by O; B=Mn: an O atom bridges 0 Mn atoms, not two",False,False,Ga Mn O,True,False
mp-20798,MnGeO3,0.0,1.7270000000000003,True,148,R-3,O,False,False,,,B=Ge: two B atoms share more than one X atom (edge- or face-sharing octahedra); B=Mn: two B atoms share more than one X atom (edge- or face-sharing octahedra),False,False,Ge Mn O,True,True
mp-643577,MnGeO3,0.014911642250000412,0.5428999999999995,False,61,Pbca,O,False,False,,,"B=Ge: Ge site 16 is not octahedrally coordinated by O; B=Mn: an O atom bridges 3 Mn atoms, not two",False,False,Ge Mn O,True,True
mp-1106201,MnGeO3,0.012176887999999053,1.0952000000000002,False,15,C2/c,O,False,False,,,"B=Ge: Ge site 4 is not octahedrally coordinated by O; B=Mn: an O atom bridges 3 Mn atoms, not two",False,False,Ge Mn O,True,True
mp-28912,MnInBr3,0.00409645099999878,1.6242,False,62,Pnma,Br,False,False,,,"B=In: In site 4 is not octahedrally coordinated by Br; B=Mn: an Br atom bridges 3 Mn atoms, not two",True,False,Br In Mn,True,True
mp-998241,MnInF3,0.03235958361111191,2.4764999999999997,False,1,P1,F,False,True,Mn,3.0,,False,False,F In Mn,True,True
mp-1422819,MnInF3,0.03235251761111346,2.4617000000000004,False,221,Pm-3m,F,False,True,Mn,3.0,,True,False,F In Mn,True,True
mp-882825,MnInO3,0.014556675354165272,0.9206999999999992,False,185,P6_3cm,O,False,False,,,B=In: In site 6 is not octahedrally coordinated by O; B=Mn: Mn site 0 is not octahedrally coordinated by O,False,False,In Mn O,True,True
mp-1193780,MnInO3,0.016639308020833354,0.8029999999999999,False,165,P-3c1,O,False,False,,,B=In: In site 8 is not octahedrally coordinated by O; B=Mn: Mn site 0 is not octahedrally coordinated by O,False,False,In Mn O,True,True
mp-2767681,MnInO3,0.004948190875001757,0.28329999999999966,False,15,C2/c,O,False,False,,,B=In: In site 8 is not octahedrally coordinated by O; B=Mn: Mn site 0 is not octahedrally coordinated by O,False,False,In Mn O,True,True
mp-8613,MnPS3,0.0,0.14619999999999989,True,12,C2/m,S,False,False,,,B=Mn: two B atoms share more than one X atom (edge- or face-sharing octahedra); B=P: P site 2 is not octahedrally coordinated by S,False,False,Mn P S,True,True
mp-1232516,MnPS3,0.006663317000000113,1.0297999999999998,False,2,P-1,S,False,False,,,B=Mn: two B atoms share more than one X atom (edge- or face-sharing octahedra); B=P: P site 4 is not octahedrally coordinated by S,False,False,Mn P S,True,True
mp-27818,MnSO3,0.07243584607142939,4.0952,False,14,P2_1/c,O,False,False,,,B=Mn: Mn site 0 is not octahedrally coordinated by O; B=S: S site 8 is not octahedrally coordinated by O,False,False,Mn O S,False,False
mp-560522,MnSO3,0.07260687523809572,3.3554999999999997,False,148,R-3,O,False,False,,,B=Mn: two B atoms share more than one X atom (edge- or face-sharing octahedra); B=S: S site 6 is not octahedrally coordinated by O,False,False,Mn O S,False,False
mp-22224,MnSeO3,0.0202544244999876,2.8432999999999997,False,62,Pnma,O,False,True,Mn,3.0,,True,False,Mn O Se,True,True
mp-1199914,MnSeO3,0.007921510250000097,2.6527000000000003,False,14,P2_1/c,O,False,False,,,B=Mn: Mn site 0 is not octahedrally coordinated by O; B=Se: Se site 8 is not octahedrally coordinated by O,False,False,Mn O Se,True,True
mp-1202364,MnSeO3,0.0,2.3430000000000004,True,14,P2_1/c,O,False,False,,,B=Mn: Mn site 0 is not octahedrally coordinated by O; B=Se: Se site 8 is not octahedrally coordinated by O,False,False,Mn O Se,True,True
mp-5945,MnSiO3,0.008788355309526708,2.6058,False,2,P-1,O,False,False,,,B=Mn: Mn site 0 is not octahedrally coordinated by O; B=Si: Si site 14 is not octahedrally coordinated by O,False,False,Mn O Si,True,True
mp-17766,MnSiO3,0.017891537666669066,2.6808,False,14,P2_1/c,O,False,False,,,B=Mn: Mn site 0 is not octahedrally coordinated by O; B=Si: Si site 8 is not octahedrally coordinated by O,False,False,Mn O Si,True,True
mp-532143,MnSiO3,0.08402936004166861,2.4641,False,88,I4_1/a,O,False,False,,,B=Mn: Mn site 0 is not octahedrally coordinated by O; B=Si: Si site 16 is not octahedrally coordinated by O,False,False,Mn O Si,True,False
mp-560199,MnSiO3,0.008882381366667857,1.6711,False,2,P-1,O,False,False,,,B=Mn: Mn site 1 is not octahedrally coordinated by O; B=Si: Si site 10 is not octahedrally coordinated by O,False,False,Mn O Si,True,True
mp-1289249,MnSiO3,0.014492594166668482,2.6777999999999995,False,15,C2/c,O,False,False,,,B=Mn: Mn site 0 is not octahedrally coordinated by O; B=Si: Si site 4 is not octahedrally coordinated by O,False,False,Mn O Si,True,True
mp-20569,MnSnO3,0.0,0.9231999999999996,True,148,R-3,O,False,False,,,B=Mn: two B atoms share more than one X atom (edge- or face-sharing octahedra); B=Sn: two B atoms share more than one X atom (edge- or face-sharing octahedra),False,False,Mn O Sn,True,True
mp-691106,MnSnO3,0.022319597000001856,0.22940000000000005,False,161,R3c,O,False,True,Mn,3.0,,False,False,Mn O Sn,True,True
mp-1176417,MnTeO3,0.03444707183332696,3.0072,False,62,Pnma,O,False,True,Mn,3.0,,True,False,Mn O Te,False,True
mp-30528,MnTlCl3,0.024392236499999775,1.2858,False,62,Pnma,Cl,False,True,Mn,3.0,,True,True,Cl Mn Tl,True,True
mp-570290,MnTlCl3,0.02930777799999973,1.1477,False,221,Pm-3m,Cl,False,True,Mn,3.0,,True,True,Cl Mn Tl,True,True
mp-570300,MnTlCl3,0.0,1.9323000000000001,True,62,Pnma,Cl,False,False,,,"B=Mn: an Cl atom bridges 1 Mn atoms, not two; B=Tl: Tl site 4 is not octahedrally coordinated by Cl",True,True,Cl Mn Tl,True,True
mp-998762,MnTlF3,0.0,2.6304,True,221,Pm-3m,F,False,True,Mn,3.0,,True,True,F Mn Tl,True,True
mp-1106224,MnVO3,0.04175266650000431,0.31570000000000054,False,62,Pnma,O,False,True,V,3.0,,True,False,Mn O V,True,True
mp-754318,MnZnO3,0.005794233999999676,1.8748999999999998,False,148,R-3,O,False,False,,,B=Mn: two B atoms share more than one X atom (edge- or face-sharing octahedra); B=Zn: two B atoms share more than one X atom (edge- or face-sharing octahedra),False,False,Mn O Zn,True,True
mp-772528,MnZnO3,0.09838245200000006,0.1149,False,62,Pnma,O,False,True,Mn,3.0,,True,False,Mn O Zn,True,False
mp-1221516,MoHO3,0.09047667010713756,0.7623,False,5,C2,O,False,False,,,"B=H: H site 2 is not octahedrally coordinated by O; B=Mo: an O atom bridges 3 Mo atoms, not two",False,False,H Mo O,True,False
mp-23396,MoNCl3,0.04523143649999817,1.6768,False,2,P-1,Cl,False,False,,,B=Mo: Mo site 0 is not octahedrally coordinated by Cl; B=N: N site 4 is not octahedrally coordinated by Cl,False,False,Cl Mo N,True,True
mp-754712,NClO3,0.0,2.9429999999999996,True,19,P2_12_12_1,O,False,False,,,B=Cl: Cl site 4 is not octahedrally coordinated by O; B=N: N site 0 is not octahedrally coordinated by O,False,False,Cl N O,True,True
mp-1180300,NClO3,0.09692177300001958,1.9824000000000002,False,8,Cm,O,False,False,,,B=Cl: Cl site 1 is not octahedrally coordinated by O; B=N: N site 0 is not octahedrally coordinated by O,False,False,Cl N O,True,False
mp-985586,Na3BrO,0.08039890399999905,1.8815,False,221,Pm-3m,Na,True,False,,,the element present three times is more electropositive than both others (anti-perovskite),True,False,Br Na O,True,False
mp-769398,Na3IO,0.05914405533333067,1.6772,False,194,P6_3/mmc,Na,True,False,,,the element present three times is more electropositive than both others (anti-perovskite),False,False,I Na O,True,False
mp-17868,NaAsO3,0.0,2.8628,True,2,P-1,O,False,False,,,"B=As: As site 6 is not octahedrally coordinated by O; B=Na: an O atom bridges 0 Na atoms, not two",False,True,As Na O,True,True
mp-23054,NaBiO3,0.0,1.1050999999999997,True,148,R-3,O,False,False,,,B=Bi: two B atoms share more than one X atom (edge- or face-sharing octahedra); B=Na: two B atoms share more than one X atom (edge- or face-sharing octahedra),False,False,Bi Na O,True,True
mp-23339,NaBrO3,0.0,4.4812,True,198,P2_13,O,False,True,Na,3.0,,False,False,Br Na O,False,True
mp-727242,NaCO3,0.0018082339999985209,0.6705999999999999,False,14,P2_1/c,O,False,False,,,"B=C: C site 4 is not octahedrally coordinated by O; B=Na: an O atom bridges 3 Na atoms, not two",False,False,C Na O,True,True
mp-1120755,NaCO3,0.0,0.6623,True,167,R-3c,O,False,True,Na,3.0,,True,False,C Na O,True,True
mp-1078750,NaCaH3,0.06446422500000004,1.9793999999999998,False,2,P-1,H,False,False,,,B=Ca: Ca site 2 is not octahedrally coordinated by H; B=Na: Na site 0 is not octahedrally coordinated by H,False,False,Ca H Na,True,False
mp-1078933,NaCaH3,0.0703869570000002,3.3120000000000003,False,161,R3c,H,False,True,Ca,3.0,,False,False,Ca H Na,False,False
mp-4360,NaCdF3,0.0,3.482,True,161,R3c,F,False,True,Cd,3.0,,False,True,Cd F Na,False,True
mp-1180887,NaCdF3,0.08891309900000355,3.5602,False,9,Cc,F,False,False,,,B=Cd: Cd site 2 is not octahedrally coordinated by F; B=Na: Na site 0 is not octahedrally coordinated by F,False,True,Cd F Na,False,False
mp-21404,NaCoF3,0.0,2.0659,True,62,Pnma,F,False,True,Co,3.0,,True,False,Co F Na,True,True
mp-1078336,NaCoF3,0.00504705800000238,2.2744,False,63,Cmcm,F,False,False,,,B=Co: two B atoms share more than one X atom (edge- or face-sharing octahedra); B=Na: Na site 0 is not octahedrally coordinated by F,True,False,Co F Na,True,True
mp-505085,NaCuF3,0.00431125200000082,0.6678000000000001,False,14,P2_1/c,F,False,True,Cu,3.0,,False,False,Cu F Na,True,True
mp-505066,NaFeF3,0.0004148375000001536,1.8013000000000001,False,62,Pnma,F,False,True,Fe,3.0,,True,False,F Fe Na,True,True
mp-1078217,NaFeF3,0.0,2.2462,True,63,Cmcm,F,False,False,,,B=Fe: two B atoms share more than one X atom (edge- or face-sharing octahedra); B=Na: Na site 0 is not octahedrally coordinated by F,True,False,F Fe Na,True,True
mp-608490,NaHgCl3,0.05522432900000185,2.5237,False,62,Pnma,Cl,False,False,,,B=Hg: Hg site 4 is not octahedrally coordinated by Cl; B=Na: Na site 0 is not octahedrally coordinated by Cl,True,True,Cl Hg Na,True,False
mp-22989,NaIO3,0.0,3.705,True,62,Pnma,O,False,True,Na,3.0,,True,False,I Na O,False,True
mp-23730,NaMgH3,0.0,3.103,True,62,Pnma,H,False,True,Mg,3.0,,True,False,H Mg Na,False,True
mp-27176,NaMnCl3,0.006838530999999648,0.33119999999999994,False,148,R-3,Cl,False,False,,,B=Mn: two B atoms share more than one X atom (edge- or face-sharing octahedra); B=Na: two B atoms share more than one X atom (edge- or face-sharing octahedra),False,False,Cl Mn Na,True,True
mp-560242,NaMnF3,0.0,2.7474000000000003,True,62,Pnma,F,False,True,Mn,3.0,,True,False,F Mn Na,True,True
mp-4531,NaNO3,0.0,2.9451,True,167,R-3c,O,False,True,Na,3.0,,True,False,N Na O,True,True
mp-674297,NaNO3,0.009446822000000132,2.5717,False,1,P1,O,False,False,,,B=N: N site 8 is not octahedrally coordinated by O; B=Na: Na site 0 is not octahedrally coordinated by O,False,False,N Na O,True,True
mp-1173585,NaNO3,0.012939741000000282,2.7742,False,1,P1,O,False,False,,,B=N: N site 4 is not octahedrally coordinated by O; B=Na: Na site 0 is not octahedrally coordinated by O,False,False,N Na O,True,True
mp-1220986,NaNO3,0.011083451000000188,2.8579,False,155,R32,O,False,True,Na,3.0,,False,False,N Na O,True,True
mp-2767672,NaNO3,0.0,3.5746,True,1,P1,O,False,True,Na,3.0,,False,False,N Na O,False,True
mp-3346497,NaNO3,0.0012383167500003012,3.5713,False,167,R-3c,O,False,True,Na,3.0,,True,False,N Na O,False,True
mp-3136,NaNbO3,0.04433902399999745,1.5312,False,221,Pm-3m,O,False,True,Nb,3.0,,True,False,Na Nb O,True,True
mp-3671,NaNbO3,0.0017411069999990758,2.3565000000000005,False,57,Pbcm,O,False,True,Nb,3.0,,False,False,Na Nb O,True,True
mp-4419,NaNbO3,0.03085902499999804,1.5628,False,127,P4/mbm,O,False,True,Nb,3.0,,True,False,Na Nb O,True,True
mp-4514,NaNbO3,0.0,2.7818,True,161,R3c,O,False,True,Nb,3.0,,False,False,Na Nb O,True,True
mp-4681,NaNbO3,0.0024077749999982245,2.3684000000000003,False,26,Pmc2_1,O,False,True,Nb,3.0,,False,False,Na Nb O,True,True
mp-4748,NaNbO3,0.02670073899999892,1.6833000000000002,False,63,Cmcm,O,False,True,Nb,3.0,,True,False,Na Nb O,True,True
mp-558920,NaNbO3,0.0018151994999993093,2.4098,False,29,Pca2_1,O,False,True,Nb,3.0,,False,False,Na Nb O,True,True
mp-559354,NaNbO3,0.039167725499998696,1.8832999999999998,False,63,Cmcm,O,False,True,Nb,3.0,,True,False,Na Nb O,True,True
mp-1078295,NaNbO3,0.003141929999998183,3.8377,False,148,R-3,O,False,False,,,B=Na: two B atoms share more than one X atom (edge- or face-sharing octahedra); B=Nb: two B atoms share more than one X atom (edge- or face-sharing octahedra),False,False,Na Nb O,False,True
mp-1105765,NaNbO3,0.025218161999998046,1.865,False,62,Pnma,O,False,True,Nb,3.0,,True,False,Na Nb O,True,True
mp-1188528,NaNbO3,0.0028805844999979513,2.853,False,33,Pna2_1,O,False,True,Nb,3.0,,False,False,Na Nb O,True,True
mp-1189194,NaNbO3,0.029542810499997074,1.6606999999999998,False,62,Pnma,O,False,True,Nb,3.0,,True,False,Na Nb O,True,True
mp-1190015,NaNbO3,0.00364489049999861,2.2325999999999997,False,31,Pmn2_1,O,False,True,Nb,3.0,,False,False,Na Nb O,True,True
mp-1194823,NaNbO3,0.025033965999996965,1.7153000000000003,False,62,Pnma,O,False,True,Nb,3.0,,True,False,Na Nb O,True,True
mp-1195803,NaNbO3,0.025354434666665426,1.6547999999999998,False,62,Pnma,O,False,True,Nb,3.0,,True,False,Na Nb O,True,True
mp-1198142,NaNbO3,0.02836190049999665,1.7341,False,59,Pmmn,O,False,True,Nb,3.0,,False,False,Na Nb O,True,True
mp-1199037,NaNbO3,0.0424806867499985,1.7575,False,17,P222_1,O,False,True,Nb,3.0,,False,False,Na Nb O,True,True
mp-1199593,NaNbO3,0.03270367687499842,1.6316000000000002,False,59,Pmmn,O,False,True,Nb,3.0,,False,False,Na Nb O,True,True
mp-1203293,NaNbO3,0.024570768499998508,1.7941,False,62,Pnma,O,False,True,Nb,3.0,,True,False,Na Nb O,True,True
mp-1977728,NaNbO3,0.029408212999998185,1.6644,False,74,Imma,O,False,True,Nb,3.0,,True,False,Na Nb O,True,True
mp-1189520,NaPS3,0.0,1.988,True,11,P2_1/m,S,False,False,,,B=Na: Na site 0 is not octahedrally coordinated by S; B=P: P site 4 is not octahedrally coordinated by S,False,False,Na P S,True,True
mp-1220961,NaPdF3,0.007424463666667158,0.7322,False,2,P-1,F,False,False,,,B=Na: Na site 2 is not octahedrally coordinated by F; B=Pd: Pd site 4 is not octahedrally coordinated by F,False,False,F Na Pd,True,True
mp-4482,NaSbO3,0.0,2.6988000000000003,True,148,R-3,O,False,False,,,B=Na: two B atoms share more than one X atom (edge- or face-sharing octahedra); B=Sb: two B atoms share more than one X atom (edge- or face-sharing octahedra),False,False,Na O Sb,True,True
mp-20011,NaSbO3,0.05513724700000111,1.4696000000000002,False,227,Fd-3m,O,False,True,Na,3.0,,False,False,Na O Sb,True,False
mp-22212,NaSbO3,0.09189561500000032,1.2824000000000004,False,62,Pnma,O,False,True,Sb,3.0,,True,False,Na O Sb,True,False
mp-752755,NaSbO3,0.03683609849999936,1.7037000000000004,False,52,Pnna,O,False,False,,,B=Na: two B atoms share more than one X atom (edge- or face-sharing octahedra); B=Sb: two B atoms share more than one X atom (edge- or face-sharing octahedra),False,False,Na O Sb,True,True
mp-760994,NaSbO3,0.06565528666666776,1.9295999999999998,False,2,P-1,O,False,False,,,B=Na: Na site 0 is not octahedrally coordinated by O; B=Sb: two B atoms share more than one X atom (edge- or face-sharing octahedra),False,False,Na O Sb,True,False
mp-728664,NaSeO3,0.07409265074999638,3.0914,False,15,C2/c,O,False,False,,,B=Na: Na site 0 is not octahedrally coordinated by O; B=Se: Se site 8 is not octahedrally coordinated by O,False,False,Na O Se,False,False
mp-3858,NaTaO3,0.0,2.5925999999999996,True,62,Pnma,O,False,True,Ta,3.0,,True,False,Na O Ta,True,True
mp-4170,NaTaO3,0.027754129499998115,2.2596,False,221,Pm-3m,O,False,True,Ta,3.0,,True,False,Na O Ta,True,True
mp-4675,NaTaO3,0.009338893500000722,2.2807999999999997,False,127,P4/mbm,O,False,True,Ta,3.0,,True,False,Na O Ta,True,True
mp-4699,NaTaO3,0.0033295580000007874,2.3891,False,63,Cmcm,O,False,True,Ta,3.0,,True,False,Na O Ta,True,True
mp-676280,NaTaO3,0.09564892800000102,3.4067,False,1,P1,O,False,False,,,B=Na: Na site 0 is not octahedrally coordinated by O; B=Ta: Ta site 9 is not octahedrally coordinated by O,False,False,Na O Ta,False,False
mp-754818,NaTaO3,0.08675780650000142,2.7138999999999998,False,227,Fd-3m,O,False,True,Na,3.0,,False,False,Na O Ta,True,False
mp-20572,NaVF3,0.09134990799999976,0.6978,False,221,Pm-3m,F,False,True,V,3.0,,True,False,F Na V,True,False
mp-1120756,NaVF3,0.0,1.5126999999999997,True,62,Pnma,F,False,True,V,3.0,,True,False,F Na V,True,True
mp-19083,NaVO3,0.0,3.2386,True,15,C2/c,O,False,False,,,B=Na: Na site 2 is not octahedrally coordinated by O; B=V: V site 4 is not octahedrally coordinated by O,False,False,Na O V,False,True
mp-555665,NaVO3,0.005755477500000161,3.0358,False,62,Pnma,O,False,False,,,"B=Na: an O atom bridges 3 Na atoms, not two; B=V: V site 4 is not octahedrally coordinated by O",True,False,Na O V,False,True
mp-763901,NaVO3,0.043013442000000346,3.2064000000000004,False,72,Ibam,O,False,False,,,B=Na: Na site 0 is not octahedrally coordinated by O; B=V: V site 4 is not octahedrally coordinated by O,False,False,Na O V,False,True
mp-1101657,NaVO3,0.04287294550000098,3.2243,False,15,C2/c,O,False,False,,,B=Na: Na site 0 is not octahedrally coordinated by O; B=V: V site 4 is not octahedrally coordinated by O,False,False,Na O V,False,True
mp-3795,NaZnF3,0.0,3.7595,True,62,Pnma,F,False,True,Zn,3.0,,True,False,F Na Zn,False,True
mp-5537,NbAgO3,0.05949384967307658,1.7871000000000001,False,57,Pbcm,O,False,True,Nb,3.0,,False,False,Ag Nb O,True,False
mp-12725,NbAgO3,0.09190561892307691,1.3336000000000001,False,221,Pm-3m,O,False,True,Nb,3.0,,True,False,Ag Nb O,True,False
mp-557680,NbAgO3,0.09171092692307603,0.8148999999999997,False,65,Cmmm,O,False,False,,,B=Ag: Ag site 2 is not octahedrally coordinated by O; B=Nb: two B atoms share more than one X atom (edge- or face-sharing octahedra),False,False,Ag Nb O,True,False
mp-1203481,NbAgO3,0.06056518917307763,1.7362135447607383,False,26,Pmc2_1,O,False,True,Nb,3.0,,False,False,Ag Nb O,True,False
mp-1205362,NbAgO3,0.07185741892307629,0.9891999999999999,False,63,Cmcm,O,False,True,Nb,3.0,,True,False,Ag Nb O,True,False
mp-1220387,NbAgO3,0.07448399392307703,1.0242999999999998,False,127,P4/mbm,O,False,True,Nb,3.0,,True,False,Ag Nb O,True,False
mp-2349989,NbAgO3,0.08782458992307607,0.9214,False,47,Pmmm,O,False,False,,,B=Ag: Ag site 2 is not octahedrally coordinated by O; B=Nb: two B atoms share more than one X atom (edge- or face-sharing octahedra),False,False,Ag Nb O,True,False
mp-17272,NbCuO3,0.01771818528571778,0.9590000000000001,False,12,C2/m,O,False,False,,,B=Cu: Cu site 4 is not octahedrally coordinated by O; B=Nb: Nb site 2 is not octahedrally coordinated by O,False,False,Cu Nb O,True,True
mp-33932,NbHO3,0.0336375535357174,2.6275999999999997,False,1,P1,O,False,True,Nb,3.0,,False,False,H Nb O,True,True
mp-626528,NbHO3,0.045080743035716964,2.5171,False,1,P1,O,False,True,Nb,3.0,,False,False,H Nb O,True,True
mp-753785,NbOF3,0.033699998999999536,3.2629,False,136,P4_2/mnm,F,False,False,,,B=Nb: Nb site 0 is not octahedrally coordinated by F; B=O: O site 4 is not octahedrally coordinated by F,False,False,F Nb O,False,True
mp-753800,NbOF3,0.011370697499998528,3.6646,False,2,P-1,F,False,False,,,B=Nb: Nb site 0 is not octahedrally coordinated by F; B=O: O site 4 is not octahedrally coordinated by F,False,False,F Nb O,False,True
mp-760762,NbOF3,0.0,3.6434,True,19,P2_12_12_1,F,False,False,,,B=Nb: Nb site 0 is not octahedrally coordinated by F; B=O: O site 4 is not octahedrally coordinated by F,False,False,F Nb O,False,True
mp-762371,NbOF3,0.08697121450000012,3.9131,False,76,P4_1,F,False,False,,,B=Nb: Nb site 0 is not octahedrally coordinated by F; B=O: O site 4 is not octahedrally coordinated by F,False,False,F Nb O,False,False
mp-1101450,NbOF3,0.08839797699999963,2.0803000000000003,False,71,Immm,F,False,False,,,B=Nb: Nb site 0 is not octahedrally coordinated by F; B=O: O site 1 is not octahedrally coordinated by F,False,False,F Nb O,True,False
mp-2767167,NbOF3,0.04974180650000104,4.1307,False,2,P-1,F,False,False,,,B=Nb: Nb site 0 is not octahedrally coordinated by F; B=O: O site 4 is not octahedrally coordinated by F,False,False,F Nb O,False,True
mp-23498,NbSeBr3,0.08333508703000181,0.7363999999999999,False,13,P2/c,Br,False,False,,,B=Nb: Nb site 0 is not octahedrally coordinated by Br; B=Se: Se site 4 is not octahedrally coordinated by Br,False,False,Br Nb Se,True,False
mp-570270,NbSeCl3,0.08664546928000316,0.7559,False,13,P2/c,Cl,False,False,,,B=Nb: Nb site 0 is not octahedrally coordinated by Cl; B=Se: Se site 4 is not octahedrally coordinated by Cl,False,False,Cl Nb Se,True,False
mp-541817,NbSeI3,0.08082531048000519,0.6270000000000002,False,15,C2/c,I,False,False,,,B=Nb: Nb site 0 is not octahedrally coordinated by I; B=Se: Se site 4 is not octahedrally coordinated by I,False,False,I Nb Se,True,False
mp-28038,NbTeBr3,0.07203796643750593,0.5947,False,13,P2/c,Br,False,False,,,B=Nb: Nb site 0 is not octahedrally coordinated by Br; B=Te: Te site 4 is not octahedrally coordinated by Br,False,False,Br Nb Te,True,False
mp-540924,NbTeI3,0.0573589850625007,0.45779999999999976,False,13,P2/c,I,False,False,,,B=Nb: Nb site 0 is not octahedrally coordinated by I; B=Te: Te site 4 is not octahedrally coordinated by I,False,False,I Nb Te,True,False
mp-757636,NbTlO3,0.0,0.7458,True,1,P1,O,False,True,Nb,3.0,,False,True,Nb O Tl,True,True
mp-977408,NbTlO3,0.09067409724999376,0.11160000000000014,False,221,Pm-3m,O,False,True,Nb,3.0,,True,True,Nb O Tl,True,False
mp-1101462,NbTlO3,0.001371141249995489,0.946658554294193,False,9,Cc,O,False,True,Nb,3.0,,False,True,Nb O Tl,True,True
mp-5899,NdAlO3,0.0,4.3543,True,167,R-3c,O,False,True,Al,3.0,,True,False,Al Nd O,False,True
mp-14254,NdAlO3,0.02749091699999262,2.863600000000001,False,221,Pm-3m,O,False,True,Al,3.0,,True,False,Al Nd O,True,True
mp-1188683,NdBS3,0.000999158029999947,2.3669000000000002,False,33,Pna2_1,S,False,False,,,B=B: B site 4 is not octahedrally coordinated by S; B=Nd: Nd site 0 is not octahedrally coordinated by S,False,False,B Nd S,True,True
mp-20031,NdCoO3,0.07815874399988854,0.791412993383716,False,221,Pm-3m,O,False,True,Co,3.0,,True,False,Co Nd O,True,False
mp-22599,NdCoO3,0.0,1.2315999999999994,True,62,Pnma,O,False,True,Co,3.0,,True,False,Co Nd O,True,True
mp-19269,NdCrO3,0.0,2.54,True,62,Pnma,O,False,True,Cr,3.0,,True,False,Cr Nd O,True,True
mp-1173386,NdCuO3,0.0,0.3192000000000004,True,62,Pnma,O,False,False,,,B=Cu: Cu site 4 is not octahedrally coordinated by O; B=Nd: Nd site 0 is not octahedrally coordinated by O,True,False,Cu Nd O,True,True
mp-20407,NdFeO3,0.0,1.7311,True,62,Pnma,O,False,True,Fe,3.0,,True,False,Fe Nd O,True,True
mp-3196,NdGaO3,0.033597412833332285,3.4524999999999997,False,62,Pnma,O,False,True,Ga,3.0,,True,False,Ga Nd O,False,True
mp-755138,NdInO3,0.01472304425000015,2.6533,False,62,Pnma,O,False,True,In,3.0,,True,False,In Nd O,True,True
mp-1080801,NdLuS3,0.0,0.8064688780342011,True,63,Cmcm,S,False,False,,,B=Lu: two B atoms share more than one X atom (edge- or face-sharing octahedra); B=Nd: Nd site 0 is not octahedrally coordinated by S,True,False,Lu Nd S,True,True
mp-13327,NdLuSe3,0.0,0.49549999999999983,True,63,Cmcm,Se,False,False,,,B=Lu: two B atoms share more than one X atom (edge- or face-sharing octahedra); B=Nd: Nd site 0 is not octahedrally coordinated by Se,True,False,Lu Nd Se,True,True
mp-20852,NdMnO3,0.0,1.8980000000000001,True,62,Pnma,O,False,True,Mn,3.0,,True,False,Mn Nd O,True,True
mp-4582,NdRhO3,0.0,0.6487000000000007,True,62,Pnma,O,False,True,Rh,3.0,,True,False,Nd O Rh,True,True
mp-31117,NdScO3,0.0,4.3025,True,62,Pnma,O,False,True,Sc,3.0,,True,False,Nd O Sc,False,True
mp-1105614,NdScS3,0.0,1.8592999999999997,True,62,Pnma,S,False,True,Sc,3.0,,True,False,Nd S Sc,True,True
mp-1197152,NdTmS3,0.0018880555833291623,0.9408999999999996,False,11,P2_1/m,S,False,False,,,B=Nd: Nd site 0 is not octahedrally coordinated by S; B=Tm: Tm site 12 is not octahedrally coordinated by S,False,False,Nd S Tm,True,True
mp-541129,NdVO3,0.0,1.5603999999999996,True,62,Pnma,O,False,True,V,3.0,,True,False,Nd O V,True,True
mp-998429,NiAgF3,0.02546815600000052,0.7610000000000001,False,63,Cmcm,F,False,False,,,B=Ag: Ag site 2 is not octahedrally coordinated by F; B=Ni: two B atoms share more than one X atom (edge- or face-sharing octahedra),True,False,Ag F Ni,True,True
mp-25096,NiBiO3,0.032242590750003686,0.3548,False,11,P2_1/m,O,False,True,Ni,3.0,,False,False,Bi Ni O,True,True
mp-572987,NiSeO3,0.06596378037500017,2.9171000000000005,False,15,C2/c,O,False,False,,,"B=Ni: an O atom bridges 1 Ni atoms, not two; B=Se: Se site 16 is not octahedrally coordinated by O",False,False,Ni O Se,True,False
mp-754654,NiSnO3,0.026179026000000327,1.7891000000000004,False,148,R-3,O,False,False,,,B=Ni: two B atoms share more than one X atom (edge- or face-sharing octahedra); B=Sn: two B atoms share more than one X atom (edge- or face-sharing octahedra),False,False,Ni O Sn,True,True
mp-1209810,NiTeO3,0.04634622233333463,2.5735,False,62,Pnma,O,False,True,Ni,3.0,,True,False,Ni O Te,True,True
mp-545482,PdSeO3,0.0,1.2031,True,11,P2_1/m,O,False,False,,,B=Pd: Pd site 0 is not octahedrally coordinated by O; B=Se: Se site 2 is not octahedrally coordinated by O,False,False,O Pd Se,True,True
mp-546684,PdSeO3,0.004668683999999423,0.8236000000000001,False,12,C2/m,O,False,False,,,B=Pd: Pd site 0 is not octahedrally coordinated by O; B=Se: Se site 2 is not octahedrally coordinated by O,False,False,O Pd Se,True,True
mp-3466,PrAlO3,0.0,4.133100000000001,True,167,R-3c,O,False,True,Al,3.0,,True,False,Al O Pr,False,True
mp-8218,PrAlO3,0.018023412999990995,2.8792,False,221,Pm-3m,O,False,True,Al,3.0,,True,False,Al O Pr,True,True
mp-862754,PrBS3,0.0,2.4282,True,33,Pna2_1,S,False,False,,,B=B: B site 4 is not octahedrally coordinated by S; B=Pr: Pr site 0 is not octahedrally coordinated by S,False,False,B Pr S,True,True
mp-20090,PrCoO3,0.0,1.1319000000000004,True,62,Pnma,O,False,True,Co,3.0,,True,False,Co O Pr,True,True
mp-1105822,PrCrO3,0.0,2.0419,True,62,Pnma,O,False,True,Cr,3.0,,True,False,Cr O Pr,True,True
mp-1199144,PrErS3,0.0,0.9554,True,11,P2_1/m,S,False,False,,,B=Er: Er site 12 is not octahedrally coordinated by S; B=Pr: Pr site 0 is not octahedrally coordinated by S,False,False,Er Pr S,True,True
mp-22341,PrFeO3,0.0,1.0793000000000004,True,62,Pnma,O,False,True,Fe,3.0,,True,False,Fe O Pr,True,True
mp-4535,PrGaO3,0.029260600857143437,3.3931,False,62,Pnma,O,False,True,Ga,3.0,,True,False,Ga O Pr,False,True
mp-1105130,PrInO3,0.0053963183749994315,3.3853,False,62,Pnma,O,False,True,In,3.0,,True,False,In O Pr,False,True
mp-1078537,PrLuS3,0.0,0.7957834300134721,True,63,Cmcm,S,False,False,,,B=Lu: two B atoms share more than one X atom (edge- or face-sharing octahedra); B=Pr: Pr site 0 is not octahedrally coordinated by S,True,False,Lu Pr S,True,True
mp-13326,PrLuSe3,0.0,0.49350000000000005,True,63,Cmcm,Se,False,False,,,B=Lu: two B atoms share more than one X atom (edge- or face-sharing octahedra); B=Pr: Pr site 0 is not octahedrally coordinated by Se,True,False,Lu Pr Se,True,True
mp-22564,PrMnO3,0.0,1.4020000000000001,True,62,Pnma,O,False,True,Mn,3.0,,True,False,Mn O Pr,True,True
mp-4789,PrRhO3,0.0,0.6036999999999999,True,62,Pnma,O,False,True,Rh,3.0,,True,False,O Pr Rh,True,True
mp-559756,PrScO3,0.0,4.2605,True,62,Pnma,O,False,True,Sc,3.0,,True,False,O Pr Sc,False,True
mp-1189962,PrScS3,0.0,1.8377,True,62,Pnma,S,False,True,Sc,3.0,,True,False,Pr S Sc,True,True
mp-1200190,PrSiP3,0.0,0.6167999999999996,True,33,Pna2_1,P,False,False,,,B=Pr: Pr site 0 is not octahedrally coordinated by P; B=Si: Si site 8 is not octahedrally coordinated by P,False,False,P Pr Si,True,True
mp-1201800,PrTmS3,0.0,0.9462000000000006,True,11,P2_1/m,S,False,False,,,B=Pr: Pr site 0 is not octahedrally coordinated by S; B=Tm: Tm site 12 is not octahedrally coordinated by S,False,False,Pr S Tm,True,True
mp-1209329,PrVO3,0.0,1.3015999999999996,True,62,Pnma,O,False,True,V,3.0,,True,False,O Pr V,True,True
mp-4405,Rb3AuO,0.0,0.19789999999999996,True,221,Pm-3m,Rb,True,False,,,the element present three times is more electropositive than both others (anti-perovskite),True,False,Au O Rb,True,True
mp-30055,Rb3BrO,0.09772997200000066,0.3851,False,221,Pm-3m,Rb,True,False,,,the element present three times is more electropositive than both others (anti-perovskite),True,False,Br O Rb,True,False
mp-29019,Rb3IO,0.03172480633333219,0.6342999999999999,False,194,P6_3/mmc,Rb,True,False,,,the element present three times is more electropositive than both others (anti-perovskite),False,False,I O Rb,True,True
mp-27300,RbAuBr3,0.0,0.7285,True,12,C2/m,Br,False,False,,,B=Au: Au site 2 is not octahedrally coordinated by Br; B=Rb: Rb site 0 is not octahedrally coordinated by Br,False,False,Au Br Rb,True,True
mp-568666,RbAuI3,0.0,0.7061000000000001,True,12,C2/m,I,False,False,,,B=Au: Au site 2 is not octahedrally coordinated by I; B=Rb: Rb site 0 is not octahedrally coordinated by I,False,False,Au I Rb,True,True
mp-9047,RbBS3,0.0,2.3204,True,14,P2_1/c,S,False,False,,,B=B: B site 4 is not octahedrally coordinated by S; B=Rb: Rb site 0 is not octahedrally coordinated by S,False,False,B Rb S,True,True
mp-10552,RbBSe3,0.002148952016667316,1.5484999999999998,False,14,P2_1/c,Se,False,False,,,B=B: B site 4 is not octahedrally coordinated by Se; B=Rb: Rb site 0 is not octahedrally coordinated by Se,False,False,B Rb Se,True,True
mp-975031,RbBeH3,0.0014871951666668437,3.3379,False,14,P2_1/c,H,False,True,Rb,3.0,,False,True,Be H Rb,False,True
mp-28872,RbBrO3,0.0,3.9953,True,160,R3m,O,False,False,,,B=Br: Br site 1 is not octahedrally coordinated by O; B=Rb: Rb site 0 is not octahedrally coordinated by O,False,False,Br O Rb,False,True
mp-31271,RbCO3,0.05710860875000012,3.9994,False,14,P2_1/c,O,False,False,,,B=C: C site 8 is not octahedrally coordinated by O; B=Rb: Rb site 0 is not octahedrally coordinated by O,False,False,C O Rb,False,False
mp-998198,RbCaBr3,0.024241247500006224,4.0722,False,8,Cm,Br,False,True,Ca,3.0,,False,False,Br Ca Rb,False,True
mp-998536,RbCaBr3,0.0,4.2996,True,62,Pnma,Br,False,False,,,"B=Ca: an Br atom bridges 3 Ca atoms, not two; B=Rb: Rb site 0 is not octahedrally coordinated by Br",True,False,Br Ca Rb,False,True
mp-1209227,RbCaBr3,0.023744037500005977,4.0839,False,221,Pm-3m,Br,False,True,Ca,3.0,,True,False,Br Ca Rb,False,True
mp-23949,RbCaH3,0.017971985999999607,3.2723,False,221,Pm-3m,H,False,True,Ca,3.0,,True,False,Ca H Rb,False,True
mp-998325,RbCaI3,0.045907286000002046,3.4334,False,8,Cm,I,False,True,Ca,3.0,,False,False,Ca I Rb,False,True
mp-998592,RbCaI3,0.0,3.5984999999999996,True,62,Pnma,I,False,False,,,"B=Ca: an I atom bridges 3 Ca atoms, not two; B=Rb: Rb site 0 is not octahedrally coordinated by I",True,False,Ca I Rb,False,True
mp-27400,RbCdBr3,0.0,2.7536,True,62,Pnma,Br,False,False,,,"B=Cd: an Br atom bridges 1 Cd atoms, not two; B=Rb: Rb site 0 is not octahedrally coordinated by Br",True,True,Br Cd Rb,True,True
mp-23390,RbCdCl3,0.0,3.5562,True,62,Pnma,Cl,False,False,,,"B=Cd: an Cl atom bridges 3 Cd atoms, not two; B=Rb: Rb site 0 is not octahedrally coordinated by Cl",True,True,Cd Cl Rb,False,True
mp-6951,RbCdF3,0.0,3.1689,True,221,Pm-3m,F,False,True,Cd,3.0,,True,True,Cd F Rb,False,True
mp-30027,RbCrCl3,0.01958850149999858,0.5095000000000001,False,15,C2/c,Cl,False,False,,,B=Cr: two B atoms share more than one X atom (edge- or face-sharing octahedra); B=Rb: Rb site 0 is not octahedrally coordinated by Cl,False,False,Cl Cr Rb,True,True
mp-568864,RbCrCl3,0.021571579999997148,0.41159999999999997,False,5,C2,Cl,False,False,,,B=Cr: two B atoms share more than one X atom (edge- or face-sharing octahedra); B=Rb: Rb site 0 is not octahedrally coordinated by Cl,False,False,Cl Cr Rb,True,True
mp-568887,RbCrCl3,0.02829010499999729,0.11949999999999994,False,12,C2/m,Cl,False,False,,,B=Cr: two B atoms share more than one X atom (edge- or face-sharing octahedra); B=Rb: Rb site 0 is not octahedrally coordinated by Cl,False,False,Cl Cr Rb,True,True
mp-1206325,RbCrF3,0.010353353749995797,0.9717000000000002,False,123,P4/mmm,F,False,True,Cr,3.0,,False,False,Cr F Rb,True,True
mp-27442,RbCrI3,0.06356557261111107,0.16849999999999987,False,5,C2,I,False,False,,,B=Cr: two B atoms share more than one X atom (edge- or face-sharing octahedra); B=Rb: Rb site 0 is not octahedrally coordinated by I,False,False,Cr I Rb,True,False
mp-23055,RbCuCl3,0.0,0.18589999999999995,True,60,Pbcn,Cl,False,False,,,B=Cu: two B atoms share more than one X atom (edge- or face-sharing octahedra); B=Rb: Rb site 0 is not octahedrally coordinated by Cl,False,False,Cl Cu Rb,True,True
mp-1206801,RbEuCl3,0.03837238999999926,0.4541999999999997,False,221,Pm-3m,Cl,False,True,Eu,3.0,,True,False,Cl Eu Rb,True,True
mp-28558,RbGeBr3,0.0014731225000010895,1.9851,False,33,Pna2_1,Br,False,False,,,B=Ge: Ge site 4 is not octahedrally coordinated by Br; B=Rb: Rb site 0 is not octahedrally coordinated by Br,False,False,Br Ge Rb,True,True
mp-1120721,RbGeBr3,0.0,3.1254666806824307,True,11,P2_1/m,Br,False,False,,,B=Ge: Ge site 2 is not octahedrally coordinated by Br; B=Rb: Rb site 0 is not octahedrally coordinated by Br,False,False,Br Ge Rb,False,True
mp-27369,RbGeCl3,0.0,3.7529,True,11,P2_1/m,Cl,False,False,,,B=Ge: Ge site 2 is not octahedrally coordinated by Cl; B=Rb: Rb site 0 is not octahedrally coordinated by Cl,False,False,Cl Ge Rb,False,True
mp-1120729,RbGeCl3,0.01893577350000175,3.0286999999999997,False,33,Pna2_1,Cl,False,False,,,B=Ge: Ge site 4 is not octahedrally coordinated by Cl; B=Rb: Rb site 0 is not octahedrally coordinated by Cl,False,False,Cl Ge Rb,False,True
mp-567855,RbGeI3,0.005060806333334611,2.1971,False,19,P2_12_12_1,I,False,False,,,"B=Ge: an I atom bridges 3 Ge atoms, not two; B=Rb: Rb site 0 is not octahedrally coordinated by I",False,False,Ge I Rb,True,True
mp-571458,RbGeI3,0.013385509333331047,0.5181,False,221,Pm-3m,I,False,True,Ge,3.0,,True,False,Ge I Rb,True,True
mp-7482,RbHgF3,0.0,0.6454,True,221,Pm-3m,F,False,True,Hg,3.0,,True,True,F Hg Rb,True,True
mp-27193,RbIO3,0.0,2.8369,True,160,R3m,O,False,False,,,B=I: I site 1 is not octahedrally coordinated by O; B=Rb: Rb site 0 is not octahedrally coordinated by O,False,False,I O Rb,True,True
mp-1110737,RbInBr3,0.02519282049999827,1.3264041792853,False,225,Fm-3m,Br,False,True,In,3.0,,False,False,Br In Rb,True,True
mp-1114001,RbInCl3,0.0,1.677311796494664,True,225,Fm-3m,Cl,False,True,In,3.0,,False,False,Cl In Rb,True,True
mp-1110662,RbInF3,0.009161324960310857,2.4848,False,225,Fm-3m,F,False,True,In,3.0,,False,False,F In Rb,True,True
mp-1114161,RbInI3,0.05638354516666366,0.7159,False,225,Fm-3m,I,False,True,In,3.0,,False,False,I In Rb,True,False
mp-23738,RbMgH3,0.0,2.5404999999999998,True,194,P6_3/mmc,H,False,False,,,B=Mg: two B atoms share more than one X atom (edge- or face-sharing octahedra); B=Rb: Rb site 0 is not octahedrally coordinated by H,False,False,H Mg Rb,True,True
mp-568231,RbMnBr3,0.0,1.2465000000000002,True,185,P6_3cm,Br,False,False,,,B=Mn: two B atoms share more than one X atom (edge- or face-sharing octahedra); B=Rb: Rb site 0 is not octahedrally coordinated by Br,False,False,Br Mn Rb,True,True
mp-569309,RbMnCl3,0.0,1.3133000000000001,True,194,P6_3/mmc,Cl,False,False,,,B=Mn: two B atoms share more than one X atom (edge- or face-sharing octahedra); B=Rb: Rb site 0 is not octahedrally coordinated by Cl,False,False,Cl Mn Rb,True,True
mp-558749,RbMnF3,0.0,2.9436999999999998,True,221,Pm-3m,F,False,True,Mn,3.0,,True,False,F Mn Rb,True,True
mp-5073,RbNO3,0.017042036888889278,3.2401,False,144,P3_1,O,False,False,,,B=N: N site 9 is not octahedrally coordinated by O; B=Rb: Rb site 0 is not octahedrally coordinated by O,False,False,N O Rb,False,True
mp-13658,RbNO3,0.017548982999999296,3.1172,False,59,Pmmn,O,False,False,,,B=N: N site 2 is not octahedrally coordinated by O; B=Rb: Rb site 0 is not octahedrally coordinated by O,False,False,N O Rb,False,True
mp-38220,RbNO3,0.023134585000000207,3.0358,False,167,R-3c,O,False,True,Rb,3.0,,True,False,N O Rb,False,True
mp-614951,RbNO3,0.03944573311111199,3.1341,False,145,P3_2,O,False,False,,,B=N: N site 9 is not octahedrally coordinated by O; B=Rb: Rb site 0 is not octahedrally coordinated by O,False,False,N O Rb,False,True
mp-752446,RbNO3,0.021033902000000104,2.9814999999999996,False,155,R32,O,False,True,Rb,3.0,,False,False,N O Rb,True,True
mp-1219584,RbNO3,0.0,3.6337,True,160,R3m,O,False,False,,,B=N: N site 1 is not octahedrally coordinated by O; B=Rb: Rb site 0 is not octahedrally coordinated by O,False,False,N O Rb,False,True
mp-2039551,RbNO3,0.03443286599999951,3.6119000000000003,False,155,R32,O,False,True,Rb,3.0,,False,False,N O Rb,False,True
mp-2757311,RbNO3,0.0030215580000003683,3.6386,False,160,R3m,O,False,False,,,B=N: N site 1 is not octahedrally coordinated by O; B=Rb: Rb site 0 is not octahedrally coordinated by O,False,False,N O Rb,False,True
mp-3283,RbNbO3,0.0,3.3093,True,2,P-1,O,False,False,,,B=Nb: Nb site 4 is not octahedrally coordinated by O; B=Rb: Rb site 2 is not octahedrally coordinated by O,False,False,Nb O Rb,False,True
mp-756063,RbNbO3,0.02431936750000041,2.8197,False,12,C2/m,O,False,False,,,B=Nb: Nb site 4 is not octahedrally coordinated by O; B=Rb: Rb site 0 is not octahedrally coordinated by O,False,False,Nb O Rb,True,True
mp-1075911,RbNbO3,0.08273654200000102,1.3578000000000001,False,221,Pm-3m,O,False,True,Nb,3.0,,True,False,Nb O Rb,True,False
mp-27409,RbNiBr3,0.0,0.45799999999999996,True,194,P6_3/mmc,Br,False,False,,,B=Ni: two B atoms share more than one X atom (edge- or face-sharing octahedra); B=Rb: Rb site 0 is not octahedrally coordinated by Br,False,False,Br Ni Rb,True,True
mp-23486,RbNiCl3,0.0,0.7089000000000001,True,194,P6_3/mmc,Cl,False,False,,,B=Ni: two B atoms share more than one X atom (edge- or face-sharing octahedra); B=Rb: Rb site 0 is not octahedrally coordinated by Cl,False,False,Cl Ni Rb,True,True
mp-556953,RbPS3,0.0,1.8376,True,71,Immm,S,False,False,,,B=P: P site 2 is not octahedrally coordinated by S; B=Rb: Rb site 0 is not octahedrally coordinated by S,False,False,P Rb S,True,True
mp-571464,RbPSe3,0.0,1.1229999999999998,True,152,P3_121,Se,False,False,,,B=P: P site 6 is not octahedrally coordinated by Se; B=Rb: Rb site 0 is not octahedrally coordinated by Se,False,False,P Rb Se,True,True
mp-998299,RbSeBr3,0.0035246968906257337,1.2364,False,11,P2_1/m,Br,False,False,,,B=Rb: Rb site 0 is not octahedrally coordinated by Br; B=Se: Se site 2 is not octahedrally coordinated by Br,False,False,Br Rb Se,True,True
mp-998157,RbSnBr3,0.044643826000002385,0.6010000000000002,False,1,P1,Br,False,True,Sn,3.0,,False,False,Br Rb Sn,True,True
mp-998778,RbSnBr3,0.0,2.2976,True,62,Pnma,Br,False,False,,,B=Rb: Rb site 0 is not octahedrally coordinated by Br; B=Sn: Sn site 4 is not octahedrally coordinated by Br,True,False,Br Rb Sn,True,True
mp-998156,RbSnCl3,0.022738519999999873,0.9861,False,8,Cm,Cl,False,True,Sn,3.0,,False,False,Cl Rb Sn,True,True
mp-998611,RbSnCl3,0.0,2.326613151723183,True,161,R3c,Cl,False,True,Sn,3.0,,False,False,Cl Rb Sn,True,True
mp-2047197,RbSnCl3,0.0,3.5396,True,161,R3c,Cl,False,False,,,B=Rb: Rb site 0 is not octahedrally coordinated by Cl; B=Sn: Sn site 2 is not octahedrally coordinated by Cl,False,False,Cl Rb Sn,False,True
mp-998193,RbSnF3,0.042196891625001065,3.3929,False,1,P1,F,False,False,,,B=Rb: Rb site 0 is not octahedrally coordinated by F; B=Sn: Sn site 1 is not octahedrally coordinated by F,False,False,F Rb Sn,False,True
mp-998620,RbSnF3,0.012823820625001758,4.023432976207803,False,148,R-3,F,False,False,,,B=Rb: Rb site 0 is not octahedrally coordinated by F; B=Sn: Sn site 2 is not octahedrally coordinated by F,False,False,F Rb Sn,False,True
mp-1198796,RbSnF3,0.0,3.6898999999999997,True,14,P2_1/c,F,False,False,,,B=Rb: Rb site 0 is not octahedrally coordinated by F; B=Sn: Sn site 16 is not octahedrally coordinated by F,False,False,F Rb Sn,False,True
mp-29405,RbSnI3,0.0,2.0077,True,62,Pnma,I,False,False,,,"B=Rb: Rb site 0 is not octahedrally coordinated by I; B=Sn: an I atom bridges 1 Sn atoms, not two",True,False,I Rb Sn,True,True
mp-1205862,RbSrI3,0.0,4.3191,True,63,Cmcm,I,False,False,,,B=Rb: Rb site 0 is not octahedrally coordinated by I; B=Sr: two B atoms share more than one X atom (edge- or face-sharing octahedra),True,False,I Rb Sr,False,True
mp-3033,RbTaO3,0.0,3.5426,True,12,C2/m,O,False,False,,,B=Rb: Rb site 0 is not octahedrally coordinated by O; B=Ta: Ta site 6 is not octahedrally coordinated by O,False,False,O Rb Ta,False,True
mp-755018,RbTaO3,0.052566979500015876,2.5106,False,160,R3m,O,False,True,Ta,3.0,,False,False,O Rb Ta,True,False
mp-1076534,RbTaO3,0.05666227350001485,2.0076,False,221,Pm-3m,O,False,True,Ta,3.0,,True,False,O Rb Ta,True,False
mp-1114101,RbTlBr3,0.02531489574999979,0.9634037051434755,False,225,Fm-3m,Br,False,True,Tl,3.0,,False,True,Br Rb Tl,True,True
mp-1113994,RbTlCl3,0.030693201729167452,1.1539100733397554,False,225,Fm-3m,Cl,False,True,Tl,3.0,,False,True,Cl Rb Tl,True,True
mp-1113914,RbTlF3,0.0,2.0588124041671416,True,225,Fm-3m,F,False,True,Tl,3.0,,False,True,F Rb Tl,True,True
mp-1114149,RbTlI3,0.09122113149999977,0.4939,False,225,Fm-3m,I,False,True,Tl,3.0,,False,True,I Rb Tl,True,False
mp-1209166,RbTmI3,0.05571197849999887,0.23540294868546674,False,62,Pnma,I,False,False,,,"B=Rb: Rb site 0 is not octahedrally coordinated by I; B=Tm: an I atom bridges 3 Tm atoms, not two",True,False,I Rb Tm,True,False
mp-29314,RbVBr3,6.267333333553893e-05,0.6053000000000002,False,185,P6_3cm,Br,False,False,,,B=Rb: Rb site 0 is not octahedrally coordinated by Br; B=V: two B atoms share more than one X atom (edge- or face-sharing octahedra),False,False,Br Rb V,True,True
mp-568136,RbVBr3,0.0,1.6401999999999997,True,165,P-3c1,Br,False,False,,,B=Rb: Rb site 0 is not octahedrally coordinated by Br; B=V: two B atoms share more than one X atom (edge- or face-sharing octahedra),False,False,Br Rb V,True,True
mp-570099,RbVBr3,0.0004688493333357968,0.5853000000000002,False,194,P6_3/mmc,Br,False,False,,,B=Rb: Rb site 0 is not octahedrally coordinated by Br; B=V: two B atoms share more than one X atom (edge- or face-sharing octahedra),False,False,Br Rb V,True,True
mp-23319,RbVCl3,0.0,0.4023000000000003,True,194,P6_3/mmc,Cl,False,False,,,B=Rb: Rb site 0 is not octahedrally coordinated by Cl; B=V: two B atoms share more than one X atom (edge- or face-sharing octahedra),False,False,Cl Rb V,True,True
mp-556424,RbVF3,0.0,2.4507000000000003,True,221,Pm-3m,F,False,True,V,3.0,,True,False,F Rb V,True,True
mp-672346,RbVI3,0.022228082333334065,0.6246,False,185,P6_3cm,I,False,False,,,B=Rb: Rb site 0 is not octahedrally coordinated by I; B=V: two B atoms share more than one X atom (edge- or face-sharing octahedra),False,False,I Rb V,True,True
mp-19031,RbVO3,0.0,3.0572,True,57,Pbcm,O,False,False,,,B=Rb: Rb site 0 is not octahedrally coordinated by O; B=V: V site 4 is not octahedrally coordinated by O,False,False,O Rb V,False,True
mp-4975,RbZnF3,0.0,4.0784,True,194,P6_3/mmc,F,False,False,,,B=Rb: Rb site 0 is not octahedrally coordinated by F; B=Zn: two B atoms share more than one X atom (edge- or face-sharing octahedra),False,False,F Rb Zn,False,True
mp-974724,ReClO3,0.04124595112903506,3.5834,False,14,P2_1/c,O,False,False,,,B=Cl: Cl site 4 is not octahedrally coordinated by O; B=Re: Re site 0 is not octahedrally coordinated by O,False,False,Cl O Re,False,True
mp-573051,ReO3F,0.0,3.0068,True,13,P2/c,O,False,False,,,the element present three times is not the most electronegative,False,False,F O Re,False,True
mp-28109,SbAsO3,0.0,3.5098999999999996,True,14,P2_1/c,O,False,False,,,B=As: As site 4 is not octahedrally coordinated by O; B=Sb: Sb site 0 is not octahedrally coordinated by O,False,True,As O Sb,False,True
mp-626182,SbHO3,0.027953794749986827,1.0685,False,141,I4_1/amd,O,False,True,Sb,3.0,,False,False,H O Sb,True,True
mp-626218,SbHO3,0.015799989749987198,1.1867,False,43,Fdd2,O,False,True,Sb,3.0,,False,False,H O Sb,True,True
mp-757111,SbOF3,0.009032355899998734,2.5195,False,2,P-1,F,False,False,,,B=O: O site 4 is not octahedrally coordinated by F; B=Sb: Sb site 0 is not octahedrally coordinated by F,False,False,F O Sb,True,True
mp-758096,SbOF3,0.03970791289999909,1.9230999999999998,False,113,P-42_1m,F,False,False,,,B=O: O site 4 is not octahedrally coordinated by F; B=Sb: Sb site 0 is not octahedrally coordinated by F,False,False,F O Sb,True,True
mp-761759,SbOF3,0.08354643839999909,2.5716,False,14,P2_1/c,F,False,False,,,B=O: O site 4 is not octahedrally coordinated by F; B=Sb: Sb site 0 is not octahedrally coordinated by F,False,False,F O Sb,True,False
mp-1101381,SbOF3,0.04680568489999892,1.4495,False,71,Immm,F,False,False,,,B=O: O site 1 is not octahedrally coordinated by F; B=Sb: Sb site 0 is not octahedrally coordinated by F,False,False,F O Sb,True,True
mp-776150,ScAgO3,0.06072701870833086,0.36119999999999997,False,65,Cmmm,O,False,False,,,B=Ag: Ag site 2 is not octahedrally coordinated by O; B=Sc: two B atoms share more than one X atom (edge- or face-sharing octahedra),False,False,Ag O Sc,True,False
mp-8697,ScBO3,0.0,4.1307,True,167,R-3c,O,False,True,Sc,3.0,,True,False,B O Sc,False,True
mp-555313,ScBiO3,0.03373375387500133,2.6897,False,9,Cc,O,False,True,Sc,3.0,,False,False,Bi O Sc,True,True
mp-555769,ScBiO3,0.03448242537500068,2.6784,False,15,C2/c,O,False,True,Sc,3.0,,False,False,Bi O Sc,True,True
mp-754009,ScBiO3,0.021432376875001324,3.0857,False,161,R3c,O,False,True,Bi,3.0,,False,False,Bi O Sc,False,True
mp-756205,ScBiO3,0.03215716137500024,2.7215,False,62,Pnma,O,False,True,Sc,3.0,,True,False,Bi O Sc,True,True
mp-1101383,ScBiO3,0.07358531587500128,2.1479,False,148,R-3,O,False,False,,,B=Bi: two B atoms share more than one X atom (edge- or face-sharing octahedra); B=Sc: two B atoms share more than one X atom (edge- or face-sharing octahedra),False,False,Bi O Sc,True,False
mp-1643785,ScCoO3,0.0691988195892872,0.8961999999999994,False,14,P2_1/c,O,False,True,Co,3.0,,False,False,Co O Sc,True,False
mp-18961,ScCrO3,0.03684691787499972,2.3991,False,62,Pnma,O,False,True,Cr,3.0,,True,False,Cr O Sc,True,True
mp-769734,ScFeO3,0.08394618037499768,1.5712000000000002,False,62,Pnma,O,False,True,Fe,3.0,,True,False,Fe O Sc,True,False
mp-771123,ScFeO3,0.05839788554166603,0.9040000000000004,False,185,P6_3cm,O,False,False,,,B=Fe: Fe site 6 is not octahedrally coordinated by O; B=Sc: Sc site 0 is not octahedrally coordinated by O,False,False,Fe O Sc,True,False
mp-754165,ScGaO3,0.0176113473749977,2.7057,False,194,P6_3/mmc,O,False,False,,,"B=Ga: Ga site 2 is not octahedrally coordinated by O; B=Sc: an O atom bridges 3 Sc atoms, not two",False,False,Ga O Sc,True,True
mp-754239,ScGaO3,0.07646210987499824,4.0845,False,62,Pnma,O,False,True,Ga,3.0,,True,False,Ga O Sc,False,False
mp-769079,ScGaO3,0.004530560708330356,3.1715,False,185,P6_3cm,O,False,False,,,B=Ga: Ga site 6 is not octahedrally coordinated by O; B=Sc: Sc site 0 is not octahedrally coordinated by O,False,False,Ga O Sc,False,True
mp-768358,ScInO3,0.07364593187499935,2.1982000000000004,False,194,P6_3/mmc,O,False,False,,,"B=In: an O atom bridges 0 In atoms, not two; B=Sc: Sc site 0 is not octahedrally coordinated by O",False,False,In O Sc,True,False
mp-1105811,ScMnO3,0.04997392056249872,1.7893999999999997,False,14,P2_1/c,O,False,True,Mn,3.0,,False,False,Mn O Sc,True,True
mp-1188449,ScRhO3,0.051140098124996314,1.0496999999999996,False,62,Pnma,O,False,True,Rh,3.0,,True,False,O Rh Sc,True,False
mp-1196890,ScRhO3,0.02461426387499621,1.1204903046814723,False,14,P2_1/c,O,False,True,Rh,3.0,,False,False,O Rh Sc,True,True
mp-752429,ScTlO3,0.0787690023749974,0.9279999999999995,False,62,Pnma,O,False,True,Sc,3.0,,True,True,O Sc Tl,True,False
mp-756546,ScVO3,0.049391989499998346,1.5053,False,62,Pnma,O,False,True,V,3.0,,True,False,O Sc V,True,True
mp-36053,SiPN3,0.023327351333332302,3.7652,False,9,Cc,N,False,False,,,B=P: P site 4 is not octahedrally coordinated by N; B=Si: Si site 0 is not octahedrally coordinated by N,False,False,N P Si,False,True
mp-1219220,SiPN3,0.016148769333332424,4.2125,False,4,P2_1,N,False,False,,,B=P: P site 2 is not octahedrally coordinated by N; B=Si: Si site 0 is not octahedrally coordinated by N,False,False,N P Si,False,True
mp-776110,SiSnO3,0.029296765500003374,2.5265999999999993,False,13,P2/c,O,False,False,,,B=Si: Si site 0 is not octahedrally coordinated by O; B=Sn: Sn site 12 is not octahedrally coordinated by O,False,False,O Si Sn,True,True
mp-1187025,SmAlO3,0.005184445499970991,4.0771,False,62,Pnma,O,False,True,Al,3.0,,True,False,Al O Sm,False,True
mp-760477,SmBO3,0.060820527500000665,4.4124,False,40,Ama2,O,False,False,,,B=B: B site 2 is not octahedrally coordinated by O; B=Sm: Sm site 0 is not octahedrally coordinated by O,False,False,B O Sm,False,False
mp-972448,SmBS3,0.01549880953000038,2.3941000000000003,False,33,Pna2_1,S,False,False,,,B=B: B site 4 is not octahedrally coordinated by S; B=Sm: Sm site 0 is not octahedrally coordinated by S,False,False,B S Sm,True,True
mp-1219113,SmBiS3,0.010728265249998259,1.8964000000000003,False,62,Pnma,S,False,False,,,B=Bi: Bi site 4 is not octahedrally coordinated by S; B=Sm: Sm site 0 is not octahedrally coordinated by S,True,False,Bi S Sm,True,True
mp-1219075,SmBiTe3,0.029470171250018495,0.9818000000000007,False,160,R3m,Te,False,False,,,"B=Bi: an Te atom bridges 3 Bi atoms, not two; B=Sm: an Te atom bridges 3 Sm atoms, not two",False,False,Bi Sm Te,True,True
mp-20016,SmCoO3,0.0,1.3174000000000001,True,62,Pnma,O,False,True,Co,3.0,,True,False,Co O Sm,True,True
mp-1105788,SmCrO3,0.0,2.4786,True,62,Pnma,O,False,True,Cr,3.0,,True,False,Cr O Sm,True,True
mp-770767,SmCuO3,0.0,0.12179999999999991,True,62,Pnma,O,False,False,,,B=Cu: Cu site 4 is not octahedrally coordinated by O; B=Sm: Sm site 0 is not octahedrally coordinated by O,True,False,Cu O Sm,True,True
mp-20243,SmFeO3,0.0,1.545,True,62,Pnma,O,False,True,Fe,3.0,,True,False,Fe O Sm,True,True
mp-1219055,SmGdS3,0.06639814275000333,0.9811999999999999,False,62,Pnma,S,False,False,,,B=Gd: Gd site 4 is not octahedrally coordinated by S; B=Sm: Sm site 0 is not octahedrally coordinated by S,True,False,Gd S Sm,True,False
mp-752437,SmInO3,0.030393086624998844,2.6396999999999995,False,62,Pnma,O,False,True,In,3.0,,True,False,In O Sm,True,True
mp-1208832,SmLuSe3,0.0,1.0945,True,11,P2_1/m,Se,False,False,,,"B=Lu: an Se atom bridges 4 Lu atoms, not two; B=Sm: Sm site 0 is not octahedrally coordinated by Se",False,False,Lu Se Sm,True,True
mp-22203,SmMnO3,0.0,1.4644000000000004,True,62,Pnma,O,False,True,Mn,3.0,,True,False,Mn O Sm,True,True
mp-3317,SmRhO3,0.0,0.7331000000000003,True,62,Pnma,O,False,True,Rh,3.0,,True,False,O Rh Sm,True,True
mp-1218986,SmSbTe3,0.04591526271875246,0.8487999999999998,False,160,R3m,Te,False,False,,,"B=Sb: an Te atom bridges 0 Sb atoms, not two; B=Sm: an Te atom bridges 3 Sm atoms, not two",False,False,Sb Sm Te,True,True
mp-31118,SmScO3,0.0,4.366899999999999,True,62,Pnma,O,False,True,Sc,3.0,,True,False,O Sc Sm,False,True
mp-1188840,SmScS3,0.0,1.8487000000000005,True,62,Pnma,S,False,True,Sc,3.0,,True,False,S Sc Sm,True,True
mp-754787,SmTlO3,0.07315675212499784,0.8895,False,62,Pnma,O,False,True,Tl,3.0,,True,True,O Sm Tl,True,False
mp-1188225,SmVO3,0.0,1.5136000000000003,True,62,Pnma,O,False,True,V,3.0,,True,False,O Sm V,True,True
mp-755685,SmYO3,0.06382654999999815,4.2039,False,33,Pna2_1,O,False,True,Sm,3.0,,False,False,O Sm Y,False,False
mp-772724,SnBO3,0.09052466656249791,2.3724,False,9,Cc,O,False,False,,,B=B: B site 4 is not octahedrally coordinated by O; B=Sn: Sn site 0 is not octahedrally coordinated by O,False,False,B O Sn,True,False
mp-769144,SnGeO3,0.03972843399999615,2.0427000000000004,False,13,P2/c,O,False,False,,,B=Ge: Ge site 12 is not octahedrally coordinated by O; B=Sn: Sn site 0 is not octahedrally coordinated by O,False,False,Ge O Sn,True,True
mp-5045,SnGeS3,0.0,1.6098000000000003,True,14,P2_1/c,S,False,False,,,B=Ge: Ge site 4 is not octahedrally coordinated by S; B=Sn: Sn site 0 is not octahedrally coordinated by S,False,False,Ge S Sn,True,True
mp-4252,SnPS3,0.007036182000002,1.754,False,14,P2_1/c,S,False,False,,,B=P: P site 4 is not octahedrally coordinated by S; B=Sn: Sn site 0 is not octahedrally coordinated by S,False,False,P S Sn,True,True
mp-13923,SnPS3,0.0,2.1237,True,7,Pc,S,False,False,,,B=P: P site 4 is not octahedrally coordinated by S; B=Sn: Sn site 0 is not octahedrally coordinated by S,False,False,P S Sn,True,True
mp-1079752,SnPS3,0.04562653700000219,1.2137000000000002,False,148,R-3,S,False,False,,,B=P: P site 2 is not octahedrally coordinated by S; B=Sn: two B atoms share more than one X atom (edge- or face-sharing octahedra),False,False,P S Sn,True,True
mp-1080140,SnPS3,0.045655367000001945,0.9831000000000003,False,12,C2/m,S,False,False,,,B=P: P site 2 is not octahedrally coordinated by S; B=Sn: two B atoms share more than one X atom (edge- or face-sharing octahedra),False,False,P S Sn,True,True
mp-5706,SnPSe3,0.003215800499997812,1.275,False,14,P2_1/c,Se,False,False,,,B=P: P site 4 is not octahedrally coordinated by Se; B=Sn: Sn site 0 is not octahedrally coordinated by Se,False,False,P Se Sn,True,True
mp-570370,SnPSe3,0.0020492275000059124,1.4266,False,7,Pc,Se,False,False,,,B=P: P site 4 is not octahedrally coordinated by Se; B=Sn: Sn site 0 is not octahedrally coordinated by Se,False,False,P Se Sn,True,True
mp-1013555,Sr3AsN,0.0,0.4218000000000002,True,221,Pm-3m,Sr,True,False,,,the element present three times is more electropositive than both others (anti-perovskite),True,True,As N Sr,True,True
mp-570008,Sr3BiN,0.0,0.2568999999999999,True,221,Pm-3m,Sr,True,False,,,the element present three times is more electropositive than both others (anti-perovskite),True,False,Bi N Sr,True,True
mp-30950,Sr3GeO,0.0,0.31889999999999974,True,62,Pnma,Sr,True,False,,,the element present three times is more electropositive than both others (anti-perovskite),True,False,Ge O Sr,True,True
mp-1013554,Sr3PN,0.0,0.5196999999999998,True,221,Pm-3m,Sr,True,False,,,the element present three times is more electropositive than both others (anti-perovskite),True,False,N P Sr,True,True
mp-7752,Sr3SbN,0.0,0.2576999999999998,True,221,Pm-3m,Sr,True,False,,,the element present three times is more electropositive than both others (anti-perovskite),True,False,N Sb Sr,True,True
mp-30949,Sr3SiO,0.0,0.4234,True,62,Pnma,Sr,True,False,,,the element present three times is more electropositive than both others (anti-perovskite),True,False,O Si Sr,True,True
mp-1189840,SrBO3,0.06246880725000192,0.4517,False,62,Pnma,O,False,False,,,B=B: B site 4 is not octahedrally coordinated by O; B=Sr: Sr site 0 is not octahedrally coordinated by O,True,False,B O Sr,True,False
mp-29164,SrBiO3,0.0,0.3106,True,14,P2_1/c,O,False,True,Bi,3.0,,False,False,Bi O Sr,True,True
mp-28476,SrBiSe3,0.0,0.4969000000000001,True,19,P2_12_12_1,Se,False,False,,,B=Bi: Bi site 20 is not octahedrally coordinated by Se; B=Sr: Sr site 0 is not octahedrally coordinated by Se,False,False,Bi Se Sr,True,True
mp-3822,SrCO3,0.0,4.4416,True,62,Pnma,O,False,False,,,B=C: C site 4 is not octahedrally coordinated by O; B=Sr: Sr site 0 is not octahedrally coordinated by O,True,False,C O Sr,False,True
mp-33746,SrCO3,0.03615764550000655,4.2823,False,12,C2/m,O,False,False,,,B=C: C site 2 is not octahedrally coordinated by O; B=Sr: Sr site 0 is not octahedrally coordinated by O,False,False,C O Sr,False,True
mp-22428,SrCeO3,0.008514477999996828,2.5055000000000005,False,62,Pnma,O,False,True,Ce,3.0,,True,False,Ce O Sr,True,True
mp-761337,SrCrO3,0.057635958937502174,0.6900999999999997,False,40,Ama2,O,False,False,,,B=Cr: two B atoms share more than one X atom (edge- or face-sharing octahedra); B=Sr: Sr site 0 is not octahedrally coordinated by O,False,False,Cr O Sr,True,False
mp-769855,SrCrO3,0.07022002743750289,0.7904,False,40,Ama2,O,False,False,,,B=Cr: two B atoms share more than one X atom (edge- or face-sharing octahedra); B=Sr: Sr site 0 is not octahedrally coordinated by O,False,False,Cr O Sr,True,False
mp-781082,SrCrO3,0.06528864165178927,0.5876000000000001,False,40,Ama2,O,False,False,,,B=Cr: two B atoms share more than one X atom (edge- or face-sharing octahedra); B=Sr: Sr site 0 is not octahedrally coordinated by O,False,False,Cr O Sr,True,False
mp-17464,SrGeO3,0.0,3.3974,True,15,C2/c,O,False,False,,,B=Ge: Ge site 6 is not octahedrally coordinated by O; B=Sr: Sr site 0 is not octahedrally coordinated by O,False,False,Ge O Sr,False,True
mp-554869,SrGeO3,0.001884738833332733,3.3373,False,2,P-1,O,False,False,,,B=Ge: Ge site 12 is not octahedrally coordinated by O; B=Sr: Sr site 0 is not octahedrally coordinated by O,False,False,Ge O Sr,False,True
mp-3378,SrHfO3,0.0,4.1684,True,62,Pnma,O,False,True,Hf,3.0,,True,False,Hf O Sr,False,True
mp-3721,SrHfO3,0.004090566999998657,4.056,False,140,I4/mcm,O,False,True,Hf,3.0,,True,False,Hf O Sr,False,True
mp-4551,SrHfO3,0.03295755899999975,3.7268999999999997,False,221,Pm-3m,O,False,True,Hf,3.0,,True,False,Hf O Sr,False,True
mp-4673,SrHfO3,0.0037482720000010517,3.9535000000000005,False,63,Cmcm,O,False,True,Hf,3.0,,True,False,Hf O Sr,False,True
mp-13108,SrHfO3,0.0328964169999999,3.7304999999999997,False,99,P4mm,O,False,True,Hf,3.0,,False,False,Hf O Sr,False,True
mp-13109,SrHfO3,0.0019199860000007618,3.9879,False,74,Imma,O,False,True,Hf,3.0,,True,False,Hf O Sr,False,True
mp-550908,SrHfO3,0.011285950000001321,3.6763999999999997,False,127,P4/mbm,O,False,True,Hf,3.0,,True,False,Hf O Sr,False,True
mp-1208643,SrHfS3,0.0,1.4955999999999996,True,62,Pnma,S,False,True,Hf,3.0,,True,False,Hf S Sr,True,True
mp-19001,SrMnO3,0.003063650999999723,0.9027000000000003,False,194,P6_3/mmc,O,False,False,,,B=Mn: two B atoms share more than one X atom (edge- or face-sharing octahedra); B=Sr: Sr site 0 is not octahedrally coordinated by O,False,False,Mn O Sr,True,True
mp-1218206,SrMnO3,0.012618903500000833,0.9523999999999999,False,186,P6_3mc,O,False,False,,,B=Mn: two B atoms share more than one X atom (edge- or face-sharing octahedra); B=Sr: Sr site 0 is not octahedrally coordinated by O,False,False,Mn O Sr,True,True
mp-1542758,SrMoO3,0.0,1.3088000000000006,True,12,C2/m,O,False,True,Mo,3.0,,False,False,Mo O Sr,True,True
mp-9788,SrPS3,0.0,3.1224,True,14,P2_1/c,S,False,False,,,B=P: P site 4 is not octahedrally coordinated by S; B=Sr: Sr site 0 is not octahedrally coordinated by S,False,False,P S Sr,False,True
mp-7198,SrPSe3,0.0,2.1432,True,14,P2_1/c,Se,False,False,,,B=P: P site 4 is not octahedrally coordinated by Se; B=Sr: Sr site 0 is not octahedrally coordinated by Se,False,False,P Se Sr,True,True
mp-989623,SrReN3,0.0,1.9969000000000001,True,15,C2/c,N,False,False,,,B=Re: Re site 4 is not octahedrally coordinated by N; B=Sr: Sr site 0 is not octahedrally coordinated by N,False,False,N Re Sr,True,True
mp-1204655,SrSbSe3,0.0,0.40180000000000016,True,19,P2_12_12_1,Se,False,False,,,B=Sb: Sb site 16 is not octahedrally coordinated by Se; B=Sr: Sr site 0 is not octahedrally coordinated by Se,False,False,Sb Se Sr,True,True
mp-3395,SrSeO3,0.0,3.7027,True,11,P2_1/m,O,False,False,,,B=Se: Se site 2 is not octahedrally coordinated by O; B=Sr: Sr site 0 is not octahedrally coordinated by O,False,False,O Se Sr,False,True
mp-555098,SrSeO3,6.525950000035863e-05,3.8861999999999997,False,62,Pnma,O,False,False,,,B=Se: Se site 4 is not octahedrally coordinated by O; B=Sr: Sr site 0 is not octahedrally coordinated by O,True,False,O Se Sr,False,True
mp-18313,SrSiO3,0.01701943633333336,4.3777,False,2,P-1,O,False,False,,,B=Si: Si site 6 is not octahedrally coordinated by O; B=Sr: Sr site 0 is not octahedrally coordinated by O,False,False,O Si Sr,False,True
mp-2879,SrSnO3,0.0,1.7406000000000001,True,62,Pnma,O,False,True,Sn,3.0,,True,False,O Sn Sr,True,True
mp-12866,SrSnO3,0.00365902399999829,1.6169000000000002,False,74,Imma,O,False,True,Sn,3.0,,True,False,O Sn Sr,True,True
mp-12867,SrSnO3,0.006706956999999569,1.5614,False,140,I4/mcm,O,False,True,Sn,3.0,,True,False,O Sn Sr,True,True
mp-546973,SrSnO3,0.04773477349999933,0.9748999999999999,False,221,Pm-3m,O,False,True,Sn,3.0,,True,False,O Sn Sr,True,True
mp-aaaieipt,SrSnO3,0.06441202499999843,3.5244000000000004,False,148,R-3,O,False,False,,,B=Sn: two B atoms share more than one X atom (edge- or face-sharing octahedra); B=Sr: two B atoms share more than one X atom (edge- or face-sharing octahedra),False,False,O Sn Sr,False,False
mp-1205419,SrSnS3,0.0,0.8335999999999997,True,62,Pnma,S,False,False,,,"B=Sn: an S atom bridges 3 Sn atoms, not two; B=Sr: Sr site 0 is not octahedrally coordinated by S",True,False,S Sn Sr,True,True
mp-561385,SrTeO3,0.0023719034999993838,3.4746999999999995,False,5,C2,O,False,False,,,B=Sr: Sr site 0 is not octahedrally coordinated by O; B=Te: Te site 12 is not octahedrally coordinated by O,False,False,O Sr Te,False,True
mp-647158,SrTeO3,0.006218151916667303,3.464,False,9,Cc,O,False,False,,,B=Sr: Sr site 0 is not octahedrally coordinated by O; B=Te: Te site 24 is not octahedrally coordinated by O,False,False,O Sr Te,False,True
mp-662523,SrTeO3,0.031557382666666633,3.2676000000000007,False,1,P1,O,False,False,,,B=Sr: Sr site 0 is not octahedrally coordinated by O; B=Te: Te site 6 is not octahedrally coordinated by O,False,False,O Sr Te,False,True
mp-667421,SrTeO3,0.006554397499999531,3.4208000000000003,False,2,P-1,O,False,False,,,B=Sr: Sr site 0 is not octahedrally coordinated by O; B=Te: Te site 24 is not octahedrally coordinated by O,False,False,O Sr Te,False,True
mp-972117,SrTeO3,0.0,3.6116,True,14,P2_1/c,O,False,False,,,B=Sr: Sr site 0 is not octahedrally coordinated by O; B=Te: Te site 4 is not octahedrally coordinated by O,False,False,O Sr Te,False,True
mp-1179315,SrTeO3,0.0032061685833335574,3.2315000000000005,False,1,P1,O,False,False,,,B=Sr: Sr site 0 is not octahedrally coordinated by O; B=Te: Te site 24 is not octahedrally coordinated by O,False,False,O Sr Te,False,True
mp-1179320,SrTeO3,0.004332333833333202,3.3726,False,15,C2/c,O,False,False,,,B=Sr: Sr site 0 is not octahedrally coordinated by O; B=Te: Te site 24 is not octahedrally coordinated by O,False,False,O Sr Te,False,True
mp-4651,SrTiO3,0.0,1.8559,True,140,I4/mcm,O,False,True,Ti,3.0,,True,False,O Sr Ti,True,True
mp-5229,SrTiO3,0.00047005399999910935,1.7658999999999998,False,221,Pm-3m,O,False,True,Ti,3.0,,True,False,O Sr Ti,True,True
mp-551830,SrTiO3,8.474800000080052e-05,1.7869999999999995,False,140,I4/mcm,O,False,True,Ti,3.0,,True,False,O Sr Ti,True,True
mp-776018,SrTiO3,0.039102471333333,1.7362000000000002,False,194,P6_3/mmc,O,False,False,,,B=Sr: Sr site 0 is not octahedrally coordinated by O; B=Ti: two B atoms share more than one X atom (edge- or face-sharing octahedra),False,False,O Sr Ti,True,True
mp-989513,SrWN3,0.07413227512502019,1.2682000000000002,False,12,C2/m,N,False,False,,,B=Sr: Sr site 0 is not octahedrally coordinated by N; B=W: W site 2 is not octahedrally coordinated by N,False,False,N Sr W,True,False
mp-989625,SrWN3,0.05551783112501951,1.1076000000000001,False,1,P1,N,False,False,,,B=Sr: Sr site 0 is not octahedrally coordinated by N; B=W: W site 2 is not octahedrally coordinated by N,False,False,N Sr W,True,False
mp-3323,SrZrO3,0.0549089115000001,3.2141,False,221,Pm-3m,O,False,True,Zr,3.0,,True,False,O Sr Zr,False,False
mp-3626,SrZrO3,0.007183756499999916,3.4055,False,63,Cmcm,O,False,True,Zr,3.0,,True,False,O Sr Zr,False,True
mp-4387,SrZrO3,0.0,3.6122,True,62,Pnma,O,False,True,Zr,3.0,,True,False,O Sr Zr,False,True
mp-5076,SrZrO3,0.009295327000000242,3.5595,False,140,I4/mcm,O,False,True,Zr,3.0,,True,False,O Sr Zr,False,True
mp-557203,SrZrO3,0.05472995925000035,3.3637000000000006,False,198,P2_13,O,False,True,Zr,3.0,,False,False,O Sr Zr,False,False
mp-1020622,SrZrO3,0.017242587000000142,3.1680999999999995,False,127,P4/mbm,O,False,True,Zr,3.0,,True,False,O Sr Zr,False,True
mp-1068742,SrZrO3,0.048340725500001014,3.2567,False,99,P4mm,O,False,True,Zr,3.0,,False,False,O Sr Zr,False,True
mp-1080575,SrZrO3,0.004592438999999615,3.4652,False,74,Imma,O,False,True,Zr,3.0,,True,False,O Sr Zr,False,True
mp-5193,SrZrS3,0.006412831499997829,1.1777000000000002,False,62,Pnma,S,False,True,Zr,3.0,,True,False,S Sr Zr,True,True
mp-558760,SrZrS3,0.0,0.5511999999999997,True,62,Pnma,S,False,False,,,"B=Sr: Sr site 0 is not octahedrally coordinated by S; B=Zr: an S atom bridges 1 Zr atoms, not two",True,False,S Sr Zr,True,True
mp-541570,SrZrSe3,0.02711455849999922,0.16690000000000005,False,62,Pnma,Se,False,False,,,"B=Sr: Sr site 0 is not octahedrally coordinated by Se; B=Zr: an Se atom bridges 3 Zr atoms, not two",True,False,Se Sr Zr,True,True
mp-9890,TaAgO3,0.03159541750000017,1.9158,False,167,R-3c,O,False,True,Ta,3.0,,True,False,Ag O Ta,True,True
mp-1187189,TaAgO3,0.04500039250000043,1.7306000000000004,False,221,Pm-3m,O,False,True,Ta,3.0,,True,False,Ag O Ta,True,True
mp-756050,TaCuO3,0.0330801600000008,1.5612,False,12,C2/m,O,False,False,,,B=Cu: Cu site 4 is not octahedrally coordinated by O; B=Ta: Ta site 0 is not octahedrally coordinated by O,False,False,Cu O Ta,True,True
mp-3102,TaCuS3,0.0,0.41800000000000015,True,62,Pnma,S,False,False,,,"B=Cu: Cu site 4 is not octahedrally coordinated by S; B=Ta: an S atom bridges 3 Ta atoms, not two",True,False,Cu S Ta,True,True
mp-33753,TaHO3,0.07708952375000244,2.7443,False,141,I4_1/amd,O,False,True,Ta,3.0,,False,False,H O Ta,True,False
mp-1101316,TaOF3,0.06125863857143088,2.7903000000000002,False,71,Immm,F,False,False,,,B=O: O site 1 is not octahedrally coordinated by F; B=Ta: Ta site 0 is not octahedrally coordinated by F,False,False,F O Ta,True,False
mp-676262,TaTlO3,0.0,0.9695,True,15,C2/c,O,False,True,Ta,3.0,,False,True,O Ta Tl,True,True
mp-756933,TaTlO3,0.004274724750001013,0.44579999999999975,False,227,Fd-3m,O,False,True,Ta,3.0,,False,True,O Ta Tl,True,True
mp-10795,TaTlS3,0.0006694811538396905,0.5957999999999997,False,62,Pnma,S,False,False,,,"B=Ta: an S atom bridges 3 Ta atoms, not two; B=Tl: Tl site 4 is not octahedrally coordinated by S",True,True,S Ta Tl,True,True
mp-12027,TaTlSe3,0.02448702433333594,0.2993000000000001,False,62,Pnma,Se,False,False,,,"B=Ta: an Se atom bridges 3 Ta atoms, not two; B=Tl: Tl site 4 is not octahedrally coordinated by Se",True,True,Se Ta Tl,True,True
mp-863748,TbBS3,0.03718581202999882,2.3172,False,33,Pna2_1,S,False,False,,,B=B: B site 4 is not octahedrally coordinated by S; B=Tb: Tb site 0 is not octahedrally coordinated by S,False,False,B S Tb,True,True
mp-1217576,TbBiTe3,0.027055498999999372,1.0380000000000003,False,160,R3m,Te,False,False,,,"B=Bi: an Te atom bridges 3 Bi atoms, not two; B=Tb: an Te atom bridges 3 Tb atoms, not two",False,False,Bi Tb Te,True,True
mp-755605,TbCO3,0.025822064124996658,4.055888014780145,False,11,P2_1/m,O,False,False,,,B=C: C site 4 is not octahedrally coordinated by O; B=Tb: Tb site 0 is not octahedrally coordinated by O,False,False,C O Tb,False,True
mp-19802,TbCoO3,0.0,1.4160999999999997,True,62,Pnma,O,False,True,Co,3.0,,True,False,Co O Tb,True,True
mp-756124,TbCrO3,0.0,2.5095,True,62,Pnma,O,False,True,Cr,3.0,,True,False,Cr O Tb,True,True
mp-1208345,TbCrSe3,0.03253515325000578,0.11399999999999988,False,62,Pnma,Se,False,False,,,"B=Cr: an Se atom bridges 3 Cr atoms, not two; B=Tb: Tb site 0 is not octahedrally coordinated by Se",True,False,Cr Se Tb,True,True
mp-19853,TbFeO3,6.255587500092474e-05,1.6263,False,62,Pnma,O,False,True,Fe,3.0,,True,False,Fe O Tb,True,True
mp-756290,TbGaO3,0.047180733583333634,3.6355999999999997,False,62,Pnma,O,False,True,Ga,3.0,,True,False,Ga O Tb,False,True
mp-756224,TbGdO3,0.09454413537500095,3.0933,False,62,Pnma,O,False,True,Tb,3.0,,True,False,Gd O Tb,False,False
mp-755740,TbHoO3,0.09555741175000065,4.4709,False,62,Pnma,O,False,True,Ho,3.0,,True,False,Ho O Tb,False,False
mp-769263,TbInO3,0.05609104887500038,2.5934999999999997,False,62,Pnma,O,False,True,In,3.0,,True,False,In O Tb,True,False
mp-22055,TbMnO3,0.0,1.4940000000000007,True,62,Pnma,O,False,True,Mn,3.0,,True,False,Mn O Tb,True,True
mp-5692,TbRhO3,0.0,0.8749000000000002,True,62,Pnma,O,False,True,Rh,3.0,,True,False,O Rh Tb,True,True
mp-31119,TbScO3,0.01840445075000119,4.4378,False,62,Pnma,O,False,True,Sc,3.0,,True,False,O Sc Tb,False,True
mp-1188262,TbScS3,0.0,1.7696,True,62,Pnma,S,False,True,Sc,3.0,,True,False,S Sc Tb,True,True
mp-756118,TbSmO3,0.08270122600000107,4.456200000000001,False,62,Pnma,O,False,True,Tb,3.0,,True,False,O Sm Tb,False,False
mp-554811,TbVO3,0.0,1.4395999999999995,True,62,Pnma,O,False,True,V,3.0,,True,False,O Tb V,True,True
mp-625630,TeHO3,0.02616263799999974,2.1456,False,33,Pna2_1,O,False,False,,,B=H: H site 8 is not octahedrally coordinated by O; B=Te: Te site 4 is not octahedrally coordinated by O,False,False,H O Te,True,True
mp-625654,TeHO3,0.03219036299999978,2.0787999999999998,False,33,Pna2_1,O,False,False,,,B=H: H site 8 is not octahedrally coordinated by O; B=Te: Te site 4 is not octahedrally coordinated by O,False,False,H O Te,True,True
mp-625657,TeHO3,0.02685548300000029,2.1801,False,7,Pc,O,False,False,,,B=H: H site 8 is not octahedrally coordinated by O; B=Te: Te site 4 is not octahedrally coordinated by O,False,False,H O Te,True,True
mp-625856,TeHO3,0.04292559574999988,2.0451,False,7,Pc,O,False,False,,,B=H: H site 8 is not octahedrally coordinated by O; B=Te: Te site 4 is not octahedrally coordinated by O,False,False,H O Te,True,True
mp-625913,TeHO3,0.03330828725000057,2.1791,False,7,Pc,O,False,False,,,B=H: H site 8 is not octahedrally coordinated by O; B=Te: Te site 4 is not octahedrally coordinated by O,False,False,H O Te,True,True
mp-1195796,TeHO3,0.0,2.273464712265588,True,33,Pna2_1,O,False,False,,,B=H: H site 8 is not octahedrally coordinated by O; B=Te: Te site 4 is not octahedrally coordinated by O,False,False,H O Te,True,True
mp-5052,TiCdO3,0.03874457400000075,2.4156,False,33,Pna2_1,O,False,True,Ti,3.0,,False,True,Cd O Ti,True,True
mp-13641,TiCdO3,0.0,2.9251000000000005,True,148,R-3,O,False,False,,,B=Cd: two B atoms share more than one X atom (edge- or face-sharing octahedra); B=Ti: two B atoms share more than one X atom (edge- or face-sharing octahedra),False,True,Cd O Ti,True,True
mp-14550,TiCdO3,0.04254262900000061,2.1213,False,62,Pnma,O,False,True,Ti,3.0,,True,True,Cd O Ti,True,True
mp-20940,TiCdO3,0.039568167499999696,2.4636,False,26,Pmc2_1,O,False,True,Ti,3.0,,False,True,Cd O Ti,True,True
mp-19270,TiFeO3,0.03177374999999927,2.5309,False,161,R3c,O,False,True,Fe,3.0,,False,False,Fe O Ti,True,True
mp-19417,TiFeO3,0.012041214999998218,2.7585,False,148,R-3,O,False,False,,,B=Fe: two B atoms share more than one X atom (edge- or face-sharing octahedra); B=Ti: two B atoms share more than one X atom (edge- or face-sharing octahedra),False,False,Fe O Ti,True,True
mp-20073,TiFeO3,0.07182635300000051,1.4865000000000004,False,62,Pnma,O,False,True,Ti,3.0,,True,False,Fe O Ti,True,False
mp-1179354,TiFeO3,0.07524877899999893,2.5900999999999996,False,2,P-1,O,False,False,,,B=Fe: Fe site 2 is not octahedrally coordinated by O; B=Ti: Ti site 0 is not octahedrally coordinated by O,False,False,Fe O Ti,True,False
mp-1277107,TiFeO3,0.0,2.2281,True,2,P-1,O,False,False,,,B=Fe: two B atoms share more than one X atom (edge- or face-sharing octahedra); B=Ti: two B atoms share more than one X atom (edge- or face-sharing octahedra),False,False,Fe O Ti,True,True
mp-780260,TiGeO3,0.06877411550000367,1.1246,False,148,R-3,O,False,False,,,B=Ge: Ge site 2 is not octahedrally coordinated by O; B=Ti: two B atoms share more than one X atom (edge- or face-sharing octahedra),False,False,Ge O Ti,True,False
mp-1105715,TiGeS3,0.0,0.32369999999999965,True,62,Pnma,S,False,False,,,"B=Ge: Ge site 4 is not octahedrally coordinated by S; B=Ti: an S atom bridges 3 Ti atoms, not two",True,False,Ge S Ti,True,True
mp-19082,TiMnO3,0.0,2.0416,True,148,R-3,O,False,False,,,B=Mn: two B atoms share more than one X atom (edge- or face-sharing octahedra); B=Ti: two B atoms share more than one X atom (edge- or face-sharing octahedra),False,False,Mn O Ti,True,True
mp-19376,TiMnO3,0.036319112499999306,1.7771999999999997,False,161,R3c,O,False,True,Mn,3.0,,False,False,Mn O Ti,True,True
mp-556925,TiMnO3,0.05998980200000048,1.5349000000000004,False,62,Pnma,O,False,True,Ti,3.0,,True,False,Mn O Ti,True,False
mp-531689,TiNiO3,0.01594010916666555,1.4963000000000006,False,1,P1,O,False,False,,,"B=Ni: an O atom bridges 3 Ni atoms, not two; B=Ti: Ti site 11 is not octahedrally coordinated by O",False,False,Ni O Ti,True,True
mp-675030,TiNiO3,0.020319030499999613,2.3735,False,1,P1,O,False,False,,,"B=Ni: an O atom bridges 1 Ni atoms, not two; B=Ti: an O atom bridges 3 Ti atoms, not two",False,False,Ni O Ti,True,True
mp-690546,TiNiO3,0.018407698333332334,2.2505,False,1,P1,O,False,False,,,"B=Ni: an O atom bridges 1 Ni atoms, not two; B=Ti: an O atom bridges 3 Ti atoms, not two",False,False,Ni O Ti,True,True
mp-698587,TiNiO3,0.020012813999999324,1.7081999999999997,False,1,P1,O,False,False,,,"B=Ni: an O atom bridges 3 Ni atoms, not two; B=Ti: Ti site 9 is not octahedrally coordinated by O",False,False,Ni O Ti,True,True
mp-989613,TiPN3,0.03016874133333225,0.5281999999999996,False,38,Amm2,N,False,False,,,B=P: P site 1 is not octahedrally coordinated by N; B=Ti: Ti site 0 is not octahedrally coordinated by N,False,False,N P Ti,True,True
mp-989624,TiPN3,0.0,0.5396000000000001,True,15,C2/c,N,False,False,,,"B=P: P site 4 is not octahedrally coordinated by N; B=Ti: an N atom bridges 1 Ti atoms, not two",False,False,N P Ti,True,True
mp-754246,TiSnO3,0.002102758500004853,1.1472000000000007,False,148,R-3,O,False,False,,,B=Sn: Sn site 2 is not octahedrally coordinated by O; B=Ti: two B atoms share more than one X atom (edge- or face-sharing octahedra),False,False,O Sn Ti,True,True
mp-14142,TiZnO3,0.02863532850000272,3.1156,False,148,R-3,O,False,False,,,B=Ti: two B atoms share more than one X atom (edge- or face-sharing octahedra); B=Zn: two B atoms share more than one X atom (edge- or face-sharing octahedra),False,False,O Ti Zn,False,True
mp-635713,TiZnO3,0.09579140550000265,3.1234,False,2,P-1,O,False,False,,,B=Ti: Ti site 0 is not octahedrally coordinated by O; B=Zn: Zn site 2 is not octahedrally coordinated by O,False,False,O Ti Zn,False,False
mp-1078470,TiZnO3,0.05537411550000204,2.828,False,161,R3c,O,False,True,Ti,3.0,,False,False,O Ti Zn,True,False
mp-28809,TlBS3,0.00687656824999916,1.6686999999999999,False,14,P2_1/c,S,False,False,,,B=B: B site 4 is not octahedrally coordinated by S; B=Tl: Tl site 0 is not octahedrally coordinated by S,False,True,B S Tl,True,True
mp-29959,TlBSe3,0.0,0.8607999999999998,True,9,Cc,Se,False,False,,,B=B: B site 2 is not octahedrally coordinated by Se; B=Tl: Tl site 0 is not octahedrally coordinated by Se,False,True,B Se Tl,True,True
mp-29798,TlBrO3,0.007287747249999477,3.5098000000000003,False,160,R3m,O,False,False,,,B=Br: Br site 1 is not octahedrally coordinated by O; B=Tl: Tl site 0 is not octahedrally coordinated by O,False,True,Br O Tl,False,True
mp-28219,TlCdBr3,0.0026325565000004936,2.7489,False,62,Pnma,Br,False,False,,,"B=Cd: an Br atom bridges 3 Cd atoms, not two; B=Tl: Tl site 0 is not octahedrally coordinated by Br",True,True,Br Cd Tl,True,True
mp-28218,TlCdCl3,0.0,3.2973,True,62,Pnma,Cl,False,False,,,"B=Cd: an Cl atom bridges 3 Cd atoms, not two; B=Tl: Tl site 0 is not octahedrally coordinated by Cl",True,True,Cd Cl Tl,False,True
mp-998623,TlCdF3,0.00640266100000364,4.4691,False,8,Cm,F,False,True,Cd,3.0,,False,True,Cd F Tl,False,True
mp-998759,TlCdF3,0.0,3.7001999999999997,True,55,Pbam,F,False,True,Cd,3.0,,False,True,Cd F Tl,False,True
mp-1412222,TlCdF3,0.009239023000002788,3.8902,False,160,R3m,F,False,True,Cd,3.0,,False,True,Cd F Tl,False,True
mp-27252,TlCdI3,0.016685705522220484,2.1776000000000004,False,62,Pnma,I,False,False,,,"B=Cd: an I atom bridges 3 Cd atoms, not two; B=Tl: Tl site 0 is not octahedrally coordinated by I",True,True,Cd I Tl,True,True
mp-29738,TlClO3,0.06199302655555705,4.3481,False,160,R3m,O,False,False,,,B=Cl: Cl site 1 is not octahedrally coordinated by O; B=Tl: Tl site 0 is not octahedrally coordinated by O,False,True,Cl O Tl,False,False
mp-567620,TlCoCl3,0.00819049200000066,1.4967000000000001,False,61,Pbca,Cl,False,False,,,B=Co: two B atoms share more than one X atom (edge- or face-sharing octahedra); B=Tl: Tl site 0 is not octahedrally coordinated by Cl,False,True,Cl Co Tl,True,True
mp-2353285,TlCoCl3,0.00475221100000045,0.20249999999999968,False,12,C2/m,Cl,False,False,,,B=Co: two B atoms share more than one X atom (edge- or face-sharing octahedra); B=Tl: Tl site 0 is not octahedrally coordinated by Cl,False,True,Cl Co Tl,True,True
mp-755788,TlCoO3,0.06708455771428401,0.4640000000000004,False,148,R-3,O,False,False,,,B=Co: two B atoms share more than one X atom (edge- or face-sharing octahedra); B=Tl: two B atoms share more than one X atom (edge- or face-sharing octahedra),False,True,Co O Tl,True,False
mp-1105306,TlCrO3,0.039864296500002006,0.4300999999999995,False,62,Pnma,O,False,True,Cr,3.0,,True,True,Cr O Tl,True,True
mp-1105457,TlCuCl3,0.0013938294999982226,0.8937999999999999,False,14,P2_1/c,Cl,False,False,,,B=Cu: Cu site 4 is not octahedrally coordinated by Cl; B=Tl: Tl site 0 is not octahedrally coordinated by Cl,False,True,Cl Cu Tl,True,True
mp-504821,TlFeBr3,0.05369842216666676,0.4958999999999998,False,62,Pnma,Br,False,False,,,"B=Fe: an Br atom bridges 1 Fe atoms, not two; B=Tl: Tl site 0 is not octahedrally coordinated by Br",True,True,Br Fe Tl,True,False
mp-505819,TlFeO3,0.0472809699999992,0.7036999999999995,False,62,Pnma,O,False,True,Fe,3.0,,True,True,Fe O Tl,True,True
mp-756909,TlGaO3,0.06959211999999848,0.2334000000000005,False,62,Pnma,O,False,True,Ga,3.0,,True,True,Ga O Tl,True,False
mp-998153,TlGeBr3,0.027999737999999663,0.7555999999999998,False,8,Cm,Br,False,True,Ge,3.0,,False,True,Br Ge Tl,True,True
mp-998746,TlGeBr3,0.0,2.2565999999999997,True,62,Pnma,Br,False,False,,,"B=Ge: an Br atom bridges 3 Ge atoms, not two; B=Tl: Tl site 0 is not octahedrally coordinated by Br",True,True,Br Ge Tl,True,True
mp-998743,TlGeCl3,0.0,3.3207,True,11,P2_1/m,Cl,False,False,,,B=Ge: Ge site 2 is not octahedrally coordinated by Cl; B=Tl: Tl site 0 is not octahedrally coordinated by Cl,False,True,Cl Ge Tl,False,True
mp-998744,TlGeCl3,0.032765106000001154,1.3779,False,8,Cm,Cl,False,True,Ge,3.0,,False,True,Cl Ge Tl,True,True
mp-2037716,TlGeCl3,0.0,3.8167,True,11,P2_1/m,Cl,False,False,,,B=Ge: Ge site 2 is not octahedrally coordinated by Cl; B=Tl: Tl site 0 is not octahedrally coordinated by Cl,False,True,Cl Ge Tl,False,True
mp-998711,TlGeF3,0.0,3.3443,True,11,P2_1/m,F,False,False,,,B=Ge: Ge site 2 is not octahedrally coordinated by F; B=Tl: Tl site 0 is not octahedrally coordinated by F,False,True,F Ge Tl,False,True
mp-998712,TlGeF3,0.027987879000000326,3.1344000000000003,False,1,P1,F,False,False,,,B=Ge: Ge site 1 is not octahedrally coordinated by F; B=Tl: Tl site 0 is not octahedrally coordinated by F,False,True,F Ge Tl,False,True
mp-29288,TlGeI3,0.016987145333332787,1.9161000000000001,False,62,Pnma,I,False,False,,,"B=Ge: an I atom bridges 3 Ge atoms, not two; B=Tl: Tl site 0 is not octahedrally coordinated by I",True,True,Ge I Tl,True,True
mp-1105094,TlHgCl3,0.0,2.6710000000000003,True,62,Pnma,Cl,False,False,,,B=Hg: Hg site 4 is not octahedrally coordinated by Cl; B=Tl: Tl site 0 is not octahedrally coordinated by Cl,True,True,Cl Hg Tl,True,True
mp-998710,TlHgF3,0.014525399499999203,1.805,False,1,P1,F,False,True,Hg,3.0,,False,True,F Hg Tl,True,True
mp-998758,TlHgF3,0.0,2.1963,True,55,Pbam,F,False,True,Hg,3.0,,False,True,F Hg Tl,True,True
mp-22981,TlIO3,0.0,2.7815999999999996,True,160,R3m,O,False,False,,,B=I: I site 1 is not octahedrally coordinated by O; B=Tl: Tl site 0 is not octahedrally coordinated by O,False,True,I O Tl,True,True
mp-998713,TlInCl3,0.00700953949999894,1.5596999999999999,False,1,P1,Cl,False,True,In,3.0,,False,True,Cl In Tl,True,True
mp-2767078,TlInCl3,0.0,2.5745,True,2,P-1,Cl,False,True,In,3.0,,False,True,Cl In Tl,True,True
mp-5915,TlNO3,0.0,2.7866999999999997,True,62,Pnma,O,False,False,,,B=N: N site 8 is not octahedrally coordinated by O; B=Tl: Tl site 0 is not octahedrally coordinated by O,True,True,N O Tl,True,True
mp-557704,TlNO3,0.004367245666667685,2.8691,False,144,P3_1,O,False,False,,,B=N: N site 9 is not octahedrally coordinated by O; B=Tl: Tl site 0 is not octahedrally coordinated by O,False,True,N O Tl,True,True
mp-1205652,TlNiCl3,0.004469158999999667,0.5372333838873002,False,194,P6_3/mmc,Cl,False,False,,,B=Ni: two B atoms share more than one X atom (edge- or face-sharing octahedra); B=Tl: Tl site 0 is not octahedrally coordinated by Cl,False,True,Cl Ni Tl,True,True
mp-998761,TlNiF3,0.010862041999998517,3.436,False,221,Pm-3m,F,False,True,Ni,3.0,,True,True,F Ni Tl,False,True
mp-1178989,TlNiO3,0.07543513716666617,0.14780000000000015,False,14,P2_1/c,O,False,True,Ni,3.0,,False,True,Ni O Tl,True,False
mp-27144,TlPO3,0.0,3.4595,True,114,P-42_1c,O,False,False,,,B=P: P site 8 is not octahedrally coordinated by O; B=Tl: Tl site 0 is not octahedrally coordinated by O,False,True,O P Tl,False,True
mp-556932,TlPO3,0.012447569749997278,3.6020000000000003,False,60,Pbcn,O,False,False,,,B=P: P site 24 is not octahedrally coordinated by O; B=Tl: Tl site 0 is not octahedrally coordinated by O,False,True,O P Tl,False,True
mp-8249,TlPS3,0.0,1.7481999999999998,True,71,Immm,S,False,False,,,B=P: P site 2 is not octahedrally coordinated by S; B=Tl: Tl site 0 is not octahedrally coordinated by S,False,True,P S Tl,True,True
mp-30058,TlSbO3,0.0007310490000005387,2.4362000000000004,False,148,R-3,O,False,False,,,B=Sb: two B atoms share more than one X atom (edge- or face-sharing octahedra); B=Tl: Tl site 0 is not octahedrally coordinated by O,False,True,O Sb Tl,True,True
mp-557787,TlSbO3,0.0,2.4363,True,163,P-31c,O,False,False,,,B=Sb: two B atoms share more than one X atom (edge- or face-sharing octahedra); B=Tl: Tl site 0 is not octahedrally coordinated by O,False,True,O Sb Tl,True,True
mp-676130,TlSnF3,0.0,2.8207,True,9,Cc,F,False,False,,,B=Sn: Sn site 8 is not octahedrally coordinated by F; B=Tl: Tl site 0 is not octahedrally coordinated by F,False,True,F Sn Tl,True,True
mp-1205533,TlSnI3,0.0,1.9104999999999999,True,63,Cmcm,I,False,False,,,B=Sn: two B atoms share more than one X atom (edge- or face-sharing octahedra); B=Tl: Tl site 0 is not octahedrally coordinated by I,True,True,I Sn Tl,True,True
mp-1206817,TlVCl3,0.003316655000000779,0.27342592097008556,False,194,P6_3/mmc,Cl,False,False,,,B=Tl: Tl site 0 is not octahedrally coordinated by Cl; B=V: two B atoms share more than one X atom (edge- or face-sharing octahedra),False,True,Cl Tl V,True,True
mp-22330,TlVO3,0.006314270642858055,2.9763,False,57,Pbcm,O,False,False,,,B=Tl: Tl site 0 is not octahedrally coordinated by O; B=V: V site 4 is not octahedrally coordinated by O,False,True,O Tl V,True,True
mp-998745,TlZnF3,0.0,3.9179,True,221,Pm-3m,F,False,True,Zn,3.0,,True,True,F Tl Zn,False,True
mp-1101265,TmAlO3,0.07630096770000172,3.5534000000000003,False,194,P6_3/mmc,O,False,False,,,"B=Al: Al site 2 is not octahedrally coordinated by O; B=Tm: an O atom bridges 3 Tm atoms, not two",False,False,Al O Tm,False,False
mp-754323,TmBiO3,0.030020340250001887,3.1149000000000004,False,161,R3c,O,False,True,Bi,3.0,,False,False,Bi O Tm,False,True
mp-755216,TmBiO3,0.053846769250002424,2.4462,False,148,R-3,O,False,False,,,B=Bi: two B atoms share more than one X atom (edge- or face-sharing octahedra); B=Tm: two B atoms share more than one X atom (edge- or face-sharing octahedra),False,False,Bi O Tm,True,False
mp-1216578,TmBiTe3,0.023780685750004693,1.1145000000000005,False,160,R3m,Te,False,False,,,"B=Bi: an Te atom bridges 3 Bi atoms, not two; B=Tm: an Te atom bridges 3 Tm atoms, not two",False,False,Bi Te Tm,True,True
mp-561954,TmCoO3,0.02268156346428718,1.1885999999999997,False,62,Pnma,O,False,True,Co,3.0,,True,False,Co O Tm,True,True
mp-777295,TmCrO3,0.0,2.6809,True,62,Pnma,O,False,True,Cr,3.0,,True,False,Cr O Tm,True,True
mp-20651,TmFeO3,0.02430563525000018,1.6096,False,62,Pnma,O,False,True,Fe,3.0,,True,False,Fe O Tm,True,True
mp-754578,TmGaO3,0.050875326100000784,3.6067,False,62,Pnma,O,False,True,Ga,3.0,,True,False,Ga O Tm,False,False
mp-768469,TmGaO3,0.0064111949333334195,2.9219999999999997,False,185,P6_3cm,O,False,False,,,B=Ga: Ga site 6 is not octahedrally coordinated by O; B=Tm: Tm site 0 is not octahedrally coordinated by O,False,False,Ga O Tm,True,True
mp-1101269,TmGaO3,0.02828857560000131,2.4668,False,194,P6_3/mmc,O,False,False,,,"B=Ga: Ga site 2 is not octahedrally coordinated by O; B=Tm: an O atom bridges 3 Tm atoms, not two",False,False,Ga O Tm,True,True
mp-1101263,TmInO3,0.0863472772499998,2.5258999999999996,False,62,Pnma,O,False,True,In,3.0,,True,False,In O Tm,True,False
mp-554270,TmMnO3,0.04107884850000154,2.0075999999999996,False,62,Pnma,O,False,True,Mn,3.0,,True,False,Mn O Tm,True,True
mp-1207705,TmRhO3,0.0,1.3457,True,62,Pnma,O,False,True,Rh,3.0,,True,False,O Rh Tm,True,True
mp-1207696,TmScO3,0.04932987662499855,4.422817466760316,False,62,Pnma,O,False,True,Sc,3.0,,True,False,O Sc Tm,False,True
mp-768396,TmSeO3,0.021720093632810133,1.819004474645301,False,14,P2_1/c,O,False,False,,,B=Se: Se site 8 is not octahedrally coordinated by O; B=Tm: Tm site 0 is not octahedrally coordinated by O,False,False,O Se Tm,True,True
mp-1101279,TmTlO3,0.08849144224999872,0.7359999999999998,False,62,Pnma,O,False,True,Tm,3.0,,True,True,O Tl Tm,True,False
mp-559736,VAgO3,0.0,1.6282999999999999,True,8,Cm,O,False,False,,,B=Ag: Ag site 4 is not octahedrally coordinated by O; B=V: V site 0 is not octahedrally coordinated by O,False,False,Ag O V,True,True
mp-624691,VAgO3,0.015559444499999131,1.9188999999999998,False,15,C2/c,O,False,False,,,"B=Ag: an O atom bridges 1 Ag atoms, not two; B=V: V site 0 is not octahedrally coordinated by O",False,False,Ag O V,True,True
mp-1100926,VAgO3,0.08752657900002436,1.7207,False,2,P-1,O,False,False,,,B=Ag: Ag site 8 is not octahedrally coordinated by O; B=V: V site 0 is not octahedrally coordinated by O,False,False,Ag O V,True,False
mp-1539374,VAgO3,0.011701726000010737,1.9209,False,15,C2/c,O,False,False,,,B=Ag: Ag site 4 is not octahedrally coordinated by O; B=V: V site 0 is not octahedrally coordinated by O,False,False,Ag O V,True,True
mp-18946,VBO3,0.0,1.8526999999999996,True,167,R-3c,O,False,True,V,3.0,,True,False,B O V,True,True
mp-756282,VBiO3,0.010364148125002082,1.2434000000000003,False,62,Pnma,O,False,True,V,3.0,,True,False,Bi O V,True,True
mp-22649,VCdO3,0.0701796605000009,0.4319000000000002,False,62,Pnma,O,False,True,V,3.0,,True,True,Cd O V,True,False
mp-1206118,VCoO3,0.022131890499997198,0.11430000000000007,False,2,P-1,O,False,False,,,B=Co: two B atoms share more than one X atom (edge- or face-sharing octahedra); B=V: two B atoms share more than one X atom (edge- or face-sharing octahedra),False,False,Co O V,True,True
mp-1277045,VCoO3,0.09931393449999781,1.1513999999999998,False,1,P1,O,False,False,,,B=Co: two B atoms share more than one X atom (edge- or face-sharing octahedra); B=V: two B atoms share more than one X atom (edge- or face-sharing octahedra),False,False,Co O V,True,False
mp-753988,VCrO3,0.011217036125003688,1.2604999999999995,False,1,P1,O,False,False,,,"B=Cr: an O atom bridges 1 Cr atoms, not two; B=V: an O atom bridges 3 V atoms, not two",False,False,Cr O V,True,True
mp-754036,VCrO3,0.010773015125003838,0.43049999999999944,False,1,P1,O,False,False,,,"B=Cr: an O atom bridges 3 Cr atoms, not two; B=V: an O atom bridges 1 V atoms, not two",False,False,Cr O V,True,True
mp-755281,VCrO3,0.012308828625002377,0.28279999999999994,False,1,P1,O,False,False,,,"B=Cr: an O atom bridges 1 Cr atoms, not two; B=V: an O atom bridges 3 V atoms, not two",False,False,Cr O V,True,True
mp-757023,VCrO3,0.013253611625001938,1.345592305652704,False,1,P1,O,False,False,,,"B=Cr: an O atom bridges 1 Cr atoms, not two; B=V: an O atom bridges 3 V atoms, not two",False,False,Cr O V,True,True
mp-770778,VCrO3,0.012972799125002155,0.37790000000000035,False,1,P1,O,False,False,,,"B=Cr: an O atom bridges 3 Cr atoms, not two; B=V: an O atom bridges 1 V atoms, not two",False,False,Cr O V,True,True
mp-770843,VCrO3,0.011187488625001407,1.2463999999999995,False,1,P1,O,False,False,,,"B=Cr: an O atom bridges 3 Cr atoms, not two; B=V: an O atom bridges 1 V atoms, not two",False,False,Cr O V,True,True
mp-770849,VCrO3,0.011128841125001898,0.26149999999999984,False,1,P1,O,False,False,,,"B=Cr: an O atom bridges 3 Cr atoms, not two; B=V: an O atom bridges 1 V atoms, not two",False,False,Cr O V,True,True
mp-770855,VCrO3,0.011546332125000447,0.37289999999999957,False,5,C2,O,False,False,,,"B=Cr: an O atom bridges 3 Cr atoms, not two; B=V: an O atom bridges 1 V atoms, not two",False,False,Cr O V,True,True
mp-1216392,VCrO3,0.0075114801250038,1.6132999999999997,False,161,R3c,O,False,True,Cr,3.0,,False,False,Cr O V,True,True
mp-504580,VCuO3,0.09447362800000292,0.7027000000000001,False,148,R-3,O,False,False,,,B=Cu: two B atoms share more than one X atom (edge- or face-sharing octahedra); B=V: two B atoms share more than one X atom (edge- or face-sharing octahedra),False,False,Cu O V,True,False
mp-2371810,VCuO3,0.09426081200000347,0.9255,False,8,Cm,O,False,False,,,B=Cu: Cu site 1 is not octahedrally coordinated by O; B=V: V site 0 is not octahedrally coordinated by O,False,False,Cu O V,True,False
mp-755580,VGaO3,0.09205607012499861,1.4157000000000002,False,62,Pnma,O,False,True,V,3.0,,True,False,Ga O V,True,False
mp-625246,VHO3,0.04854977741666833,2.1038,False,4,P2_1,O,False,False,,,B=H: H site 6 is not octahedrally coordinated by O; B=V: V site 0 is not octahedrally coordinated by O,False,False,H O V,True,True
mp-625258,VHO3,0.04919767875000147,2.1433,False,4,P2_1,O,False,False,,,B=H: H site 6 is not octahedrally coordinated by O; B=V: V site 0 is not octahedrally coordinated by O,False,False,H O V,True,True
mp-625292,VHO3,0.0248662394166681,2.086,False,4,P2_1,O,False,False,,,B=H: H site 6 is not octahedrally coordinated by O; B=V: V site 0 is not octahedrally coordinated by O,False,False,H O V,True,True
mp-625407,VHO3,0.04875140675000189,1.8679999999999999,False,1,P1,O,False,False,,,B=H: H site 6 is not octahedrally coordinated by O; B=V: V site 0 is not octahedrally coordinated by O,False,False,H O V,True,True
mp-627119,VHO3,0.06922966275000153,0.6587999999999999,False,1,P1,O,False,False,,,B=H: H site 4 is not octahedrally coordinated by O; B=V: V site 0 is not octahedrally coordinated by O,False,False,H O V,True,False
mp-1178874,VHO3,0.022129907083334288,2.1075999999999997,False,11,P2_1/m,O,False,False,,,B=H: H site 6 is not octahedrally coordinated by O; B=V: V site 0 is not octahedrally coordinated by O,False,False,H O V,True,True
mp-29188,VHgO3,0.003496093374999454,2.1755999999999998,False,2,P-1,O,False,False,,,B=Hg: Hg site 2 is not octahedrally coordinated by O; B=V: V site 0 is not octahedrally coordinated by O,False,True,Hg O V,True,True
mp-556026,VOF3,0.0,3.6563000000000003,True,14,P2_1/c,F,False,False,,,B=O: O site 4 is not octahedrally coordinated by F; B=V: V site 0 is not octahedrally coordinated by F,False,False,F O V,False,True
mp-752787,VOF3,0.021136561999999692,3.4485,False,14,P2_1/c,F,False,False,,,B=O: O site 4 is not octahedrally coordinated by F; B=V: V site 0 is not octahedrally coordinated by F,False,False,F O V,False,True
mp-752824,VOF3,0.029276177500000777,3.2211,False,29,Pca2_1,F,False,False,,,B=O: O site 4 is not octahedrally coordinated by F; B=V: V site 0 is not octahedrally coordinated by F,False,False,F O V,False,True
mp-753030,VOF3,0.02039891799999971,3.3637,False,19,P2_12_12_1,F,False,False,,,B=O: O site 4 is not octahedrally coordinated by F; B=V: V site 0 is not octahedrally coordinated by F,False,False,F O V,False,True
mp-753525,VOF3,0.024951513499999578,3.2113,False,76,P4_1,F,False,False,,,B=O: O site 4 is not octahedrally coordinated by F; B=V: V site 0 is not octahedrally coordinated by F,False,False,F O V,False,True
mp-754919,VOF3,0.021615947499999955,3.0252000000000003,False,7,Pc,F,False,False,,,B=O: O site 2 is not octahedrally coordinated by F; B=V: V site 0 is not octahedrally coordinated by F,False,False,F O V,False,True
mp-756077,VOF3,0.026382063999999872,2.876,False,1,P1,F,False,False,,,B=O: O site 4 is not octahedrally coordinated by F; B=V: V site 0 is not octahedrally coordinated by F,False,False,F O V,True,True
mp-759725,VOF3,0.04781965200000027,3.0935,False,33,Pna2_1,F,False,False,,,B=O: O site 4 is not octahedrally coordinated by F; B=V: V site 0 is not octahedrally coordinated by F,False,False,F O V,False,True
mp-759983,VOF3,0.04501223899999918,3.4794,False,14,P2_1/c,F,False,False,,,B=O: O site 4 is not octahedrally coordinated by F; B=V: V site 0 is not octahedrally coordinated by F,False,False,F O V,False,True
mp-760178,VOF3,0.05106009949999901,2.8799,False,14,P2_1/c,F,False,False,,,B=O: O site 4 is not octahedrally coordinated by F; B=V: V site 0 is not octahedrally coordinated by F,False,False,F O V,True,False
mp-760313,VOF3,0.09562531950000075,2.2229,False,5,C2,F,False,False,,,B=O: O site 2 is not octahedrally coordinated by F; B=V: V site 0 is not octahedrally coordinated by F,False,False,F O V,True,False
mp-760338,VOF3,0.09630424850000097,2.2201000000000004,False,30,Pnc2,F,False,False,,,B=O: O site 4 is not octahedrally coordinated by F; B=V: V site 0 is not octahedrally coordinated by F,False,False,F O V,True,False
mp-760367,VOF3,0.05364636950000001,2.6463,False,5,C2,F,False,False,,,B=O: O site 2 is not octahedrally coordinated by F; B=V: V site 0 is not octahedrally coordinated by F,False,False,F O V,True,False
mp-761122,VOF3,0.024952771500000637,3.873,False,7,Pc,F,False,False,,,B=O: O site 4 is not octahedrally coordinated by F; B=V: V site 0 is not octahedrally coordinated by F,False,False,F O V,False,True
mp-761177,VOF3,0.058074963000000146,3.0291,False,76,P4_1,F,False,False,,,B=O: O site 4 is not octahedrally coordinated by F; B=V: V site 0 is not octahedrally coordinated by F,False,False,F O V,False,False
mp-764274,VOF3,0.006305061000000833,3.4012000000000002,False,113,P-42_1m,F,False,False,,,B=O: O site 4 is not octahedrally coordinated by F; B=V: V site 0 is not octahedrally coordinated by F,False,False,F O V,False,True
mp-775981,VOF3,0.06307638200000021,1.8410999999999997,False,2,P-1,F,False,False,,,B=O: O site 4 is not octahedrally coordinated by F; B=V: V site 0 is not octahedrally coordinated by F,False,False,F O V,True,False
mp-776441,VOF3,0.0627597315000008,1.8397,False,2,P-1,F,False,False,,,B=O: O site 4 is not octahedrally coordinated by F; B=V: V site 0 is not octahedrally coordinated by F,False,False,F O V,True,False
mp-776473,VOF3,0.025668984500000214,2.9487,False,1,P1,F,False,False,,,B=O: O site 4 is not octahedrally coordinated by F; B=V: V site 0 is not octahedrally coordinated by F,False,False,F O V,True,True
mp-776474,VOF3,0.022910592500000604,3.0568,False,1,P1,F,False,False,,,B=O: O site 5 is not octahedrally coordinated by F; B=V: V site 0 is not octahedrally coordinated by F,False,False,F O V,False,True
mp-781081,VOF3,0.022392188499999577,3.113,False,4,P2_1,F,False,False,,,B=O: two B atoms share more than one X atom (edge- or face-sharing octahedra); B=V: V site 0 is not octahedrally coordinated by F,False,False,F O V,False,True
mp-850876,VOF3,0.030141143999999898,2.9217,False,1,P1,F,False,False,,,B=O: O site 4 is not octahedrally coordinated by F; B=V: V site 0 is not octahedrally coordinated by F,False,False,F O V,True,True
mp-2903341,VOF3,0.0485269835000004,4.1483,False,14,P2_1/c,F,False,False,,,B=O: O site 4 is not octahedrally coordinated by F; B=V: V site 0 is not octahedrally coordinated by F,False,False,F O V,False,True
mp-754608,VSiO3,0.02042415741666659,1.4652999999999992,False,15,C2/c,O,False,False,,,"B=Si: Si site 4 is not octahedrally coordinated by O; B=V: an O atom bridges 3 V atoms, not two",False,False,O Si V,True,True
mp-1188654,WNCl3,0.018765589333335164,2.1420000000000003,False,2,P-1,Cl,False,False,,,B=N: N site 4 is not octahedrally coordinated by Cl; B=W: W site 0 is not octahedrally coordinated by Cl,False,False,Cl N W,True,True
mp-753398,WOF3,0.0,2.3593,True,19,P2_12_12_1,F,False,False,,,B=O: O site 4 is not octahedrally coordinated by F; B=W: W site 0 is not octahedrally coordinated by F,False,False,F O W,True,True
mp-756705,YAlO3,0.06043752688333015,4.0582,False,63,Cmcm,O,False,False,,,B=Al: Al site 6 is not octahedrally coordinated by O; B=Y: Y site 0 is not octahedrally coordinated by O,True,False,Al O Y,False,False
mp-1100876,YBO3,0.07649623866666744,4.4,False,40,Ama2,O,False,False,,,B=B: B site 2 is not octahedrally coordinated by O; B=Y: Y site 0 is not octahedrally coordinated by O,False,False,B O Y,False,False
mp-1216067,YBO3,0.049742556666666715,4.2311,False,63,Cmcm,O,False,False,,,B=B: B site 2 is not octahedrally coordinated by O; B=Y: two B atoms share more than one X atom (edge- or face-sharing octahedra),True,False,B O Y,False,True
mp-754152,YBiO3,0.04767483287500074,2.4760999999999997,False,148,R-3,O,False,False,,,B=Bi: two B atoms share more than one X atom (edge- or face-sharing octahedra); B=Y: two B atoms share more than one X atom (edge- or face-sharing octahedra),False,False,Bi O Y,True,True
mp-768221,YBiO3,0.03302222387500109,3.0748,False,161,R3c,O,False,True,Bi,3.0,,False,False,Bi O Y,False,True
mp-1215930,YBiTe3,0.027144715750001325,1.0246999999999993,False,160,R3m,Te,False,False,,,"B=Bi: an Te atom bridges 3 Bi atoms, not two; B=Y: an Te atom bridges 3 Y atoms, not two",False,False,Bi Te Y,True,True
mp-1273178,YCoO3,0.011655866589286745,0.3085,False,2,P-1,O,False,True,Co,3.0,,False,False,Co O Y,True,True
mp-1288734,YCoO3,0.015464709589286585,0.11410000000000009,False,14,P2_1/c,O,False,True,Co,3.0,,False,False,Co O Y,True,True
mp-18725,YCrO3,0.0,2.3271,True,62,Pnma,O,False,True,Cr,3.0,,True,False,Cr O Y,True,True
mp-20783,YFeO3,0.01181791437499946,1.5888,False,62,Pnma,O,False,True,Fe,3.0,,True,False,Fe O Y,True,True
mp-1376289,YFeO3,0.013783144208330711,1.3022237360312572,False,185,P6_3cm,O,False,False,,,B=Fe: Fe site 6 is not octahedrally coordinated by O; B=Y: Y site 0 is not octahedrally coordinated by O,False,False,Fe O Y,True,True
mp-17853,YGaO3,0.026932728216666035,2.9043,False,185,P6_3cm,O,False,False,,,B=Ga: Ga site 6 is not octahedrally coordinated by O; B=Y: Y site 0 is not octahedrally coordinated by O,False,False,Ga O Y,True,True
mp-768889,YHoO3,0.08921147641666671,3.0775,False,185,P6_3cm,O,False,False,,,B=Ho: Ho site 6 is not octahedrally coordinated by O; B=Y: Y site 0 is not octahedrally coordinated by O,False,False,Ho O Y,False,False
mp-504607,YInO3,0.0045696548749978305,2.0525999999999995,False,185,P6_3cm,O,False,False,,,B=In: In site 6 is not octahedrally coordinated by O; B=Y: Y site 0 is not octahedrally coordinated by O,False,False,In O Y,True,True
mp-754226,YLuO3,0.073247628499999,3.3403,False,194,P6_3/mmc,O,False,False,,,"B=Lu: Lu site 2 is not octahedrally coordinated by O; B=Y: an O atom bridges 3 Y atoms, not two",False,False,Lu O Y,False,False
mp-19385,YMnO3,0.0,1.6025999999999998,True,185,P6_3cm,O,False,False,,,B=Mn: Mn site 6 is not octahedrally coordinated by O; B=Y: Y site 0 is not octahedrally coordinated by O,False,False,Mn O Y,True,True
mp-20699,YMnO3,0.02309525683333291,1.5091,False,62,Pnma,O,False,True,Mn,3.0,,True,False,Mn O Y,True,True
mp-989604,YMoN3,0.0,1.8359999999999999,True,15,C2/c,N,False,False,,,B=Mo: Mo site 4 is not octahedrally coordinated by N; B=Y: Y site 1 is not octahedrally coordinated by N,False,False,Mo N Y,True,True
mp-1379411,YMoO3,0.02956915059375298,2.2163160966916937,False,62,Pnma,O,False,True,Mo,3.0,,True,False,Mo O Y,True,True
mp-1207629,YRhO3,0.0,1.1799999999999997,True,62,Pnma,O,False,True,Rh,3.0,,True,False,O Rh Y,True,True
mp-1215924,YSbTe3,0.03225492975000144,0.8608000000000002,False,160,R3m,Te,False,False,,,"B=Sb: an Te atom bridges 0 Sb atoms, not two; B=Y: an Te atom bridges 3 Y atoms, not two",False,False,Sb Te Y,True,True
mp-755165,YScO3,0.02869606474999742,4.4314,False,62,Pnma,O,False,True,Sc,3.0,,True,False,O Sc Y,False,True
mp-768479,YScO3,0.030876317749997995,3.2044,False,194,P6_3/mmc,O,False,False,,,"B=Sc: Sc site 2 is not octahedrally coordinated by O; B=Y: an O atom bridges 3 Y atoms, not two",False,False,O Sc Y,False,True
mp-769007,YScO3,0.019936197083330498,3.1406,False,185,P6_3cm,O,False,False,,,B=Sc: Sc site 6 is not octahedrally coordinated by O; B=Y: Y site 0 is not octahedrally coordinated by O,False,False,O Sc Y,False,True
mp-7792,YScS3,0.0018075120000027312,1.7758000000000003,False,62,Pnma,S,False,True,Sc,3.0,,True,False,S Sc Y,True,True
mp-769404,YSeO3,0.0,1.8121,True,14,P2_1/c,O,False,False,,,B=Se: Se site 8 is not octahedrally coordinated by O; B=Y: Y site 0 is not octahedrally coordinated by O,False,False,O Se Y,True,True
mp-766256,YTmO3,0.0032752953749994873,4.0595,False,5,C2,O,False,False,,,B=Tm: Tm site 8 is not octahedrally coordinated by O; B=Y: Y site 1 is not octahedrally coordinated by O,False,False,O Tm Y,False,True
mp-768353,YTmO3,0.07621912245833329,3.1706000000000003,False,185,P6_3cm,O,False,False,,,B=Tm: Tm site 6 is not octahedrally coordinated by O; B=Y: Y site 0 is not octahedrally coordinated by O,False,False,O Tm Y,False,False
mp-1375509,YVO3,0.08072150666666822,1.1014,False,185,P6_3cm,O,False,False,,,B=V: V site 6 is not octahedrally coordinated by O; B=Y: Y site 0 is not octahedrally coordinated by O,False,False,O V Y,True,False
mp-989407,YWN3,0.038582182500004336,1.5150999999999994,False,26,Pmc2_1,N,False,False,,,B=W: W site 2 is not octahedrally coordinated by N; B=Y: Y site 0 is not octahedrally coordinated by N,False,False,N W Y,True,True
mp-989576,YWN3,0.04593975850000476,1.5404,False,161,R3c,N,False,True,W,3.0,,False,False,N W Y,True,True
mp-989609,YWN3,0.02244403350000468,1.1259000000000001,False,63,Cmcm,N,False,False,,,B=W: W site 2 is not octahedrally coordinated by N; B=Y: Y site 0 is not octahedrally coordinated by N,True,False,N W Y,True,True
mp-989615,YWN3,0.0,2.1947,True,15,C2/c,N,False,False,,,B=W: W site 4 is not octahedrally coordinated by N; B=Y: Y site 0 is not octahedrally coordinated by N,False,False,N W Y,True,True
mp-989617,YWN3,0.024336601500003496,1.4127999999999998,False,40,Ama2,N,False,False,,,"B=W: W site 2 is not octahedrally coordinated by N; B=Y: an N atom bridges 3 Y atoms, not two",False,False,N W Y,True,True
mp-989645,YWN3,0.0197871685000095,1.4066999999999998,False,11,P2_1/m,N,False,False,,,B=W: W site 2 is not octahedrally coordinated by N; B=Y: Y site 0 is not octahedrally coordinated by N,False,False,N W Y,True,True
mp-766243,YZrO3,0.08183048750833244,0.4270850635085317,False,5,C2,O,False,False,,,B=Y: Y site 0 is not octahedrally coordinated by O; B=Zr: Zr site 9 is not octahedrally coordinated by O,False,False,O Y Zr,True,False
mp-753164,YbTiO3,0.0927337812499971,3.5666,False,148,R-3,O,False,False,,,B=Ti: two B atoms share more than one X atom (edge- or face-sharing octahedra); B=Yb: two B atoms share more than one X atom (edge- or face-sharing octahedra),False,False,O Ti Yb,False,False
mp-14099,ZnAgF3,0.0535718940000014,1.5852,False,221,Pm-3m,F,False,True,Zn,3.0,,True,False,Ag F Zn,True,False
mp-998537,ZnAgF3,0.017948299000001278,1.3463,False,148,R-3,F,False,False,,,B=Ag: two B atoms share more than one X atom (edge- or face-sharing octahedra); B=Zn: two B atoms share more than one X atom (edge- or face-sharing octahedra),False,False,Ag F Zn,True,True
mp-1378105,ZnBiO3,0.0806278960000002,0.8814050363816994,False,14,P2_1/c,O,False,True,Bi,3.0,,False,False,Bi O Zn,True,False
mp-9812,ZnCO3,0.0,3.5766,True,167,R-3c,O,False,True,Zn,3.0,,True,False,C O Zn,False,True
mp-753026,ZnCoO3,0.056100196052630835,0.21309999999999985,False,15,C2/c,O,False,False,,,"B=Co: an O atom bridges 3 Co atoms, not two; B=Zn: Zn site 0 is not octahedrally coordinated by O",False,False,Co O Zn,True,False
mp-8285,ZnGeO3,0.05910878500000116,2.1264,False,148,R-3,O,False,False,,,B=Ge: two B atoms share more than one X atom (edge- or face-sharing octahedra); B=Zn: two B atoms share more than one X atom (edge- or face-sharing octahedra),False,False,Ge O Zn,True,False
mp-3342,ZnPS3,0.025522434530603988,1.9922,False,12,C2/m,S,False,False,,,B=P: P site 2 is not octahedrally coordinated by S; B=Zn: two B atoms share more than one X atom (edge- or face-sharing octahedra),False,False,P S Zn,True,True
mp-4682,ZnSeO3,0.062141492750002136,3.4441999999999995,False,62,Pnma,O,False,True,Zn,3.0,,True,False,O Se Zn,False,False
mp-5338,ZnSeO3,0.0,3.9227,True,61,Pbca,O,False,False,,,B=Se: Se site 8 is not octahedrally coordinated by O; B=Zn: Zn site 0 is not octahedrally coordinated by O,False,False,O Se Zn,False,True
mp-562182,ZnSiO3,0.05023560116666914,3.4382999999999995,False,15,C2/c,O,False,False,,,B=Si: Si site 4 is not octahedrally coordinated by O; B=Zn: Zn site 1 is not octahedrally coordinated by O,False,False,O Si Zn,False,False
mp-619034,ZnSiO3,0.055324113291669974,3.3916999999999997,False,61,Pbca,O,False,False,,,B=Si: Si site 16 is not octahedrally coordinated by O; B=Zn: Zn site 1 is not octahedrally coordinated by O,False,False,O Si Zn,False,False
mp-641917,ZnSiO3,0.05884410516666971,3.3367999999999993,False,14,P2_1/c,O,False,False,,,B=Si: Si site 8 is not octahedrally coordinated by O; B=Zn: Zn site 0 is not octahedrally coordinated by O,False,False,O Si Zn,False,False
mp-1178612,ZnSiO3,0.03836607266666903,3.5717999999999996,False,72,Ibam,O,False,False,,,B=Si: Si site 4 is not octahedrally coordinated by O; B=Zn: Zn site 0 is not octahedrally coordinated by O,False,False,O Si Zn,False,True
mp-13334,ZnSnO3,0.041423655000000004,1.0809999999999995,False,161,R3c,O,False,True,Sn,3.0,,False,False,O Sn Zn,True,True
mp-14628,ZnSnO3,0.05493057999999973,1.3215,False,148,R-3,O,False,False,,,B=Sn: two B atoms share more than one X atom (edge- or face-sharing octahedra); B=Zn: two B atoms share more than one X atom (edge- or face-sharing octahedra),False,False,O Sn Zn,True,False
mp-1337169,ZnSnO3,0.08284223350000008,1.1063178585305646,False,62,Pnma,O,False,True,Sn,3.0,,True,False,O Sn Zn,True,False
mp-16819,ZnTeO3,0.0007195042499965609,3.4996,False,61,Pbca,O,False,False,,,B=Te: Te site 8 is not octahedrally coordinated by O; B=Zn: Zn site 0 is not octahedrally coordinated by O,False,False,O Te Zn,False,True
mp-1340971,ZnWO3,0.08895500149999958,1.8923,False,62,Pnma,O,False,True,W,3.0,,True,False,O W Zn,True,False
mp-756665,ZrCoO3,0.0785098070000032,1.7275,False,62,Pnma,O,False,True,Co,3.0,,True,False,Co O Zr,True,False
mp-755055,ZrCrO3,0.08593219416666997,1.3886000000000003,False,62,Pnma,O,False,False,,,B=Cr: Cr site 4 is not octahedrally coordinated by O; B=Zr: Zr site 0 is not octahedrally coordinated by O,True,False,Cr O Zr,True,False
mp-754513,ZrMnO3,0.042826421000004444,2.6175,False,161,R3c,O,False,True,Mn,3.0,,False,False,Mn O Zr,True,True
mp-754980,ZrMnO3,0.04725536700000532,2.9936,False,148,R-3,O,False,False,,,B=Mn: two B atoms share more than one X atom (edge- or face-sharing octahedra); B=Zr: two B atoms share more than one X atom (edge- or face-sharing octahedra),False,False,Mn O Zr,True,True
mp-17324,ZrSnS3,0.0,0.9944000000000002,True,62,Pnma,S,False,False,,,"B=Sn: Sn site 4 is not octahedrally coordinated by S; B=Zr: an S atom bridges 3 Zr atoms, not two",True,False,S Sn Zr,True,True
