paper_line,paper_token,value,paper_class,paper_id,trivial,thesis_occurrences,paper_context,thesis_context_1,thesis_context_2,thesis_context_3,paper_section
29,72%,72,UNCLASSIFIED,,True,3,his equation. It has been estimated that approximately [72%] of global primary energy consumption is lost after con,", resource in this equation. It has been estimated that approximately [72%] of global primary energy consumption is lost after conversion, largel","[1\]. \[Corrected: the thesis states ""some 65%""; Forman et al. report [72%] (verified against the abstract).\] Thermoelectric generators are soli","il 2. Corrected: the thesis states ""some 65%""; Forman et al. report [72%] (verified against the abstract). 3. Issue: the thesis cites Li et a",1 Introduction
39,2,2,UNCLASSIFIED,,True,7,"de (PbTe) and its alloys exhibit zT values as high as ≈[2] at optimized compositions [@biswas2012performance], bu","d. Lead telluride (PbTe) and its alloys exhibit zT values as high as ≈[2] at optimized compositions \[4\], but their use is increasingly constr","\[30\]. Known limitations include digitization uncertainty (typically [2]--5%), inter-laboratory variability for the same nominal composition a",l filters on publication year (pre-2005) and minimum property count (≥[2] properties per row) were evaluated but removed no rows. ### 3.2.3 Fi,1 Introduction
39,1.0,1,UNCLASSIFIED,,True,20,"ry concerns. Bismuth telluride (Bi~2~Te~3~), with zT ≈ [1.0]--1.4, dominates near-room-temperature applications [@p","al and regulatory concerns. Bismuth telluride (Bi~2~Te~3~), with zT ≈ [1.0]--1.4, dominates near-room-temperature applications \[5\], while silic",erovskites from the Materials Project. \[Issue: RQ2 in thesis Chapter [1] (Materials Project constraints) differs from RQ2 answered in Chapter,"es not report thermal conductivity, and attributes ""theoretical zT \> [1.0]"" to Xie et al. (2020), which is largely experimental. Citations were",1 Introduction
39,1.4,1.4,UNCLASSIFIED,,False,1,"ncerns. Bismuth telluride (Bi~2~Te~3~), with zT ≈ 1.0--[1.4], dominates near-room-temperature applications [@poudel","d regulatory concerns. Bismuth telluride (Bi~2~Te~3~), with zT ≈ 1.0--[1.4], dominates near-room-temperature applications \[5\], while silicon--g",,,1 Introduction
43,0.2,0.2,UNCLASSIFIED,,False,9,"applications, with doped compositions reaching zT of ≈[0.2] (Yb-doped CaMnO~3~ at 1000 K [@flahaut2006effect]) and","igh-temperature applications, with doped compositions reaching zT of ≈[0.2]--0.4 \[10\]. \[Issue: Section 2.2 of the thesis quotes zT = 0.18 at 7","the same reference (Ohta et al., 2005) while the Introduction quotes [0.2]--0.4. Check the paper and use a single, correctly attributed value (t","a site (Dy, Y, Nd, Yb) raises the carrier concentration and zT up to ≈[0.2]. LaCoO~3~ and its Sr-doped derivatives are p-type, with S of 200--600",1 Introduction
43,1000,1000,UNCLASSIFIED,,False,6,compositions reaching zT of ≈0.2 (Yb-doped CaMnO~3~ at [1000] K [@flahaut2006effect]) and,"verted resistivity to conductivity and applied physical-range bounds: [−1000] ≤ S ≤ 1000 *µ*V K^−1^, 10 ≤ *σ* ≤ 10^7^ S m^−1^, 0.05 ≤ *κ* ≤ 25 W m^","tivity to conductivity and applied physical-range bounds: −1000 ≤ S ≤ [1000] *µ*V K^−1^, 10 ≤ *σ* ≤ 10^7^ S m^−1^, 0.05 ≤ *κ* ≤ 25 W m^−1^ K^−1^ a",model reproduces the zT of Ca~3~Co~4~O~9~ closely (0.111 vs 0.093 at [1000] K) and predicts its Seebeck coefficient within ≈6% (+164 vs +175 *µ*V,1 Introduction
43,0.18,0.18,CITED,androulakis2004_zT,False,3,K [@flahaut2006effect]) and [0.18] at room temperature (La~0.95~Sr~0.05~CoO~3~ [,"T of ≈0.2--0.4 \[10\]. \[Issue: Section 2.2 of the thesis quotes zT = [0.18] at 760 K from the same reference (Ohta et al., 2005) while the Introd","e and rare-earth transition-metal compounds with predicted zT between [0.18] and 0.31. All candidates peak at 800 K, consistent with zT rising wit","that claim is kept. 4. Issue: Section 2.2 of the thesis quotes zT = [0.18] at 760 K from the same reference (Ohta et al., 2005) while the Introd",1 Introduction
45,0.815,0.815,UNCLASSIFIED,,False,4,"et al. [@parse2024predicting] predicted zT with R^2^ = [0.815], Jia et al. [@jia2024dealing] achieved R^2^ ≈ 0.90, an","f candidates in seconds. Parse et al. \[12\] predicted zT with R^2^ = [0.815], Jia et al. \[13\] achieved R^2^ ≈ 0.90, and Sun et al. \[14\] report",XGBoost Starrydata2 23.7K N/R [0.815] 5-fold CV Jia et al. \[13\] GBDT,"al. \[12\] trained XGBoost on ≈23,700 Starrydata2 data points (R^2^ = [0.815], 5-fold CV). Jia et al. \[13\] introduced composition-based cross-val",1 Introduction
45,0.90,0.9,UNCLASSIFIED,,False,6,"= 0.815, Jia et al. [@jia2024dealing] achieved R^2^ ≈ [0.90], and Sun et al. [@sun2025rationally] reported R^2^ = 0","2\] predicted zT with R^2^ = 0.815, Jia et al. \[13\] achieved R^2^ ≈ [0.90], and Sun et al. \[14\] reported R^2^ \> 0.95 using deep neural networ",GBDT Starrydata2 92K N/R 0.89--[0.90] Composition CV Ma & Poon \[35\] LightGBM,"dual compositions rather than random rows, and obtained R^2^ of 0.89--[0.90] for zT on 92,000 entries; this is stricter than standard K-fold but l",1 Introduction
45,0.90,0.9,UNCLASSIFIED,,False,6,"0, and Sun et al. [@sun2025rationally] reported R^2^ = [0.90] on a test set using deep neural networks. However, ex","2\] predicted zT with R^2^ = 0.815, Jia et al. \[13\] achieved R^2^ ≈ [0.90], and Sun et al. \[14\] reported R^2^ \> 0.95 using deep neural networ",GBDT Starrydata2 92K N/R 0.89--[0.90] Composition CV Ma & Poon \[35\] LightGBM,"dual compositions rather than random rows, and obtained R^2^ of 0.89--[0.90] for zT on 92,000 entries; this is stricter than standard K-fold but l",1 Introduction
69,1821,1821,UNCLASSIFIED,,False,1,d related work ## 2.1 Thermoelectric fundamentals In [1821] Thomas Johann Seebeck discovered that a temperature di,2 Background and related work ## 2.1 Thermoelectric fundamentals In [1821] Thomas Johann Seebeck discovered that a temperature difference across,,,2.1 Thermoelectric fundamentals
83,10^19^,10^19,UNCLASSIFIED,,False,1,es its maximum at an optimum carrier concentration of ≈[10^19^]--10^20^ cm^−3^. Several strategies approach the PGEC,erit (zT) reaches its maximum at an optimum carrier concentration of ≈[10^19^]--10^20^ cm^−3^. Several strategies approach the PGEC ideal \[2\]. Ba,,,2.1 Thermoelectric fundamentals
83,10^20^,10^20,UNCLASSIFIED,,False,1,aximum at an optimum carrier concentration of ≈10^19^--[10^20^] cm^−3^. Several strategies approach the PGEC ideal [@,) reaches its maximum at an optimum carrier concentration of ≈10^19^--[10^20^] cm^−3^. Several strategies approach the PGEC ideal \[2\]. Band conve,,,2.1 Thermoelectric fundamentals
89,3,3,UNCLASSIFIED,,True,11,"S, Se, Te). The ideal cubic structure (space group *Pm*[3]̄*m*) consists of corner-sharing BX~6~ octahedra with t","ches its maximum at an optimum carrier concentration of ≈1019--1020 cm[−3].](media/image2.png ""Figure 2""){width=""4.385416666666667in"" height=""4.","(O, Cl, Br, I, S, Se, Te). The ideal cubic structure (space group *Pm*[3]̄*m*) consists of corner-sharing BX~6~ octahedra with the A cation in","al bounds of Step 1. A few records (8 of 125,283, \<0.01%) have zT \> [3.0], above the maximum reliably reported for bulk thermoelectrics (≈2.6 \",2.2 Perovskite thermoelectric materials
99,−700,700,UNCLASSIFIED,,False,3,s. Undoped SrTiO~3~ has a large Seebeck coefficient (≈ [−700] *µ*V K^−1^ at 300 K) but negligible electrical conduct,tituent elements. Undoped SrTiO~3~ has a large Seebeck coefficient (≈ [−700] *µ*V K^−1^ at 300 K) but negligible electrical conductivity and high,"le_bytree = 0.3, learning_rate = 0.01, max_depth = 10, n_estimators = [700] and subsample = 0.8; for the Seebeck model, learning_rate = 0.05 with",------------ ------------------ n_estimators 500 [700] \[add\] learning_rate 0.05,2.2 Perovskite thermoelectric materials
99,300,300,UNCLASSIFIED,,False,10,has a large Seebeck coefficient (≈ −700 *µ*V K^−1^ at [300] K) but negligible electrical conductivity and high the,ndoped SrTiO~3~ has a large Seebeck coefficient (≈ −700 *µ*V K^−1^ at [300] K) but negligible electrical conductivity and high thermal conductivi,"a material such as Bi~0.5~Sb~1.5~Te~3~ may appear at 20 temperatures ([300], 325, . . . , 800 K); under random splitting the test prediction beco","ed curve data with sample metadata. Step 3 restricted temperatures to [300]--800 K, the practically relevant range for waste-heat recovery, and b",2.2 Perovskite thermoelectric materials
99,10,10,UNCLASSIFIED,,True,18,"electrical conductivity and high thermal conductivity ([10]--12 W m^−1^ K^−1^), giving zT below 0.01. La or Nb dop","but negligible electrical conductivity and high thermal conductivity ([10]--12 W m^−1^ K^−1^), giving zT below 0.01. La or Nb doping introduces",d 5.2K N/R 0.97 [10]-fold CV Elavunkel & Padhan \[38\] Stacking Half-Heusler sma,"ation range could not be confirmed), Wang et al. random split (paper: [10]-fold CV) and Ma & Poon random split (preprint does not state the spli",2.2 Perovskite thermoelectric materials
99,12,12,UNCLASSIFIED,,True,3,"trical conductivity and high thermal conductivity (10--[12] W m^−1^ K^−1^), giving zT below 0.01. La or Nb doping","negligible electrical conductivity and high thermal conductivity (10--[12] W m^−1^ K^−1^), giving zT below 0.01. La or Nb doping introduces carr","t al., Scikit-learn: Machine learning in Python, J. Mach. Learn. Res. [12] (2011) 2825--2830. \[56\] G.C. Cawley, N.L.C. Talbot, On over-fittin","000 samples"" and gives no citation. Corrected per Na & Chang (2022). [12]. Hallucination check: the thesis gave Parse et al. 18K rows (paper: ≈",2.2 Perovskite thermoelectric materials
99,0.01,0.01,UNCLASSIFIED,,False,5,"l conductivity (10--12 W m^−1^ K^−1^), giving zT below [0.01]. La or Nb doping introduces carriers and reduces both","and high thermal conductivity (10--12 W m^−1^ K^−1^), giving zT below [0.01]. La or Nb doping introduces carriers and reduces both *κ* and S, rais","against the physical bounds of Step 1. A few records (8 of 125,283, \<[0.01%]) have zT \> 3.0, above the maximum reliably reported for bulk thermoe","ty. Key hyperparameters were colsample_bytree = 0.3, learning_rate = [0.01], max_depth = 10, n_estimators = 700 and subsample = 0.8; for the Seeb",2.2 Perovskite thermoelectric materials
99,−350,350,UNCLASSIFIED,,False,1,antially [@ohta2005temperature]. CaMnO~3~ exhibits S ≈ [−350] *µ*V K^−1^ but zT \< 0.1 because of low *σ* [@flahaut2,"oth *κ* and S, raising zT substantially \[10\]. CaMnO~3~ exhibits S ≈ [−350] *µ*V K^−1^ but zT \< 0.1 because of low *σ* \[23\]; rare-earth substi",,,2.2 Perovskite thermoelectric materials
99,0.1,0.1,UNCLASSIFIED,,False,2,ture]. CaMnO~3~ exhibits S ≈ −350 *µ*V K^−1^ but zT \< [0.1] because of low *σ* [@flahaut2006effect]; rare-earth su,substantially \[10\]. CaMnO~3~ exhibits S ≈ −350 *µ*V K^−1^ but zT \< [0.1] because of low *σ* \[23\]; rare-earth substitution on the Ca site (Dy,"(lower values indicate greater thermodynamic stability) and band gap [0.1] ≤ E~g~ ≤ 3.0 eV, returning 20,586 lead-free candidates. \[Issue: spec",,2.2 Perovskite thermoelectric materials
99,0.2,0.2,UNCLASSIFIED,,False,9,"Nd, Yb) raises the carrier concentration and zT up to ≈[0.2]. LaCoO~3~ and its Sr-doped derivatives are p-type, wit","igh-temperature applications, with doped compositions reaching zT of ≈[0.2]--0.4 \[10\]. \[Issue: Section 2.2 of the thesis quotes zT = 0.18 at 7","the same reference (Ohta et al., 2005) while the Introduction quotes [0.2]--0.4. Check the paper and use a single, correctly attributed value (t","a site (Dy, Y, Nd, Yb) raises the carrier concentration and zT up to ≈[0.2]. LaCoO~3~ and its Sr-doped derivatives are p-type, with S of 200--600",2.2 Perovskite thermoelectric materials
99,200,200,UNCLASSIFIED,,False,1,"~3~ and its Sr-doped derivatives are p-type, with S of [200]--600 *µ*V K^−1^ but modest zT [@androulakis2004coo].","to ≈0.2. LaCoO~3~ and its Sr-doped derivatives are p-type, with S of [200]--600 *µ*V K^−1^ but modest zT \[24\]. *Halide perovskites.* Followin",,,2.2 Perovskite thermoelectric materials
99,600,600,UNCLASSIFIED,,False,2,"nd its Sr-doped derivatives are p-type, with S of 200--[600] *µ*V K^−1^ but modest zT [@androulakis2004coo]. *Hali","0.2. LaCoO~3~ and its Sr-doped derivatives are p-type, with S of 200--[600] *µ*V K^−1^ but modest zT \[24\]. *Halide perovskites.* Following the","(2,502 rows), so these predictions are more uncertain; re-ranking at [600] K, where the training data are densest, would provide a more robust l",,2.2 Perovskite thermoelectric materials
101,0.5,0.5,UNCLASSIFIED,,False,7,"nic halides exhibit lattice thermal conductivity below [0.5] W m^−1^ K^−1^ arising from soft, anharmonic vibrations","ated all-inorganic halides exhibit lattice thermal conductivity below [0.5] W m^−1^ K^−1^ arising from soft, anharmonic vibrations and cation rat","r ambient conditions \[9\]. \[Issue: the thesis attributes the *κ* \< [0.5] W/mK value to Stoumpos et al. (2013), which does not report thermal c","o that the Cahill--Pohl minimum is material-specific (typically ≈0.2--[0.5] W/mK), so 0.05 W/mK is a permissive lower bound rather than the minim",2.2 Perovskite thermoelectric materials
109,2,2,UNCLASSIFIED,,True,7,"imitations include digitization uncertainty (typically [2]--5%), inter-laboratory variability for the same nomina","d. Lead telluride (PbTe) and its alloys exhibit zT values as high as ≈[2] at optimized compositions \[4\], but their use is increasingly constr","\[30\]. Known limitations include digitization uncertainty (typically [2]--5%), inter-laboratory variability for the same nominal composition a",l filters on publication year (pre-2005) and minimum property count (≥[2] properties per row) were evaluated but removed no rows. ### 3.2.3 Fi,2.3 Computational methods and materials databases
109,5%,5,UNCLASSIFIED,,True,21,"tations include digitization uncertainty (typically 2--[5%]), inter-laboratory variability for the same nominal co",(Materials Project constraints) differs from RQ2 answered in Chapter [5] (validation inflation). The Chapter 5 version is used here; screening,rs from RQ2 answered in Chapter 5 (validation inflation). The Chapter [5] version is used here; screening is treated as an application. Keep th,"0\]. Known limitations include digitization uncertainty (typically 2--[5%]), inter-laboratory variability for the same nominal composition and o",2.3 Computational methods and materials databases
109,"150,000",150000,UNCLASSIFIED,,False,1,"energies above the convex hull and band gaps for over [150,000] inorganic compounds via a REST API [@jain2013commentar","ation energies, energies above the convex hull and band gaps for over [150,000] inorganic compounds via a REST API \[31\], but transport coefficients",,,2.3 Computational methods and materials databases
109,"5,205",5205,UNCLASSIFIED,,False,1,"rea Research Institute of Chemical Technology contains [5,205] experimental observations for 880 unique materials [@n","rated at the Korea Research Institute of Chemical Technology contains [5,205] experimental observations for 880 unique materials \[32\]. \[Issue: t",,,2.3 Computational methods and materials databases
109,880,880,UNCLASSIFIED,,False,1,"echnology contains 5,205 experimental observations for [880] unique materials [@na2022public]. ESTM was curated ind","e of Chemical Technology contains 5,205 experimental observations for [880] unique materials \[32\]. \[Issue: the thesis expands ESTM as ""Experim",,,2.3 Computational methods and materials databases
120,0.815,0.815,UNCLASSIFIED,,False,4,redicting] | XGBoost | Starrydata2 | 18.1K | R^2^ (zT) [0.815] | 5-fold CV | | Jia et al. [@jia2024dealing] | GBDT |,"f candidates in seconds. Parse et al. \[12\] predicted zT with R^2^ = [0.815], Jia et al. \[13\] achieved R^2^ ≈ 0.90, and Sun et al. \[14\] report",XGBoost Starrydata2 23.7K N/R [0.815] 5-fold CV Jia et al. \[13\] GBDT,"al. \[12\] trained XGBoost on ≈23,700 Starrydata2 data points (R^2^ = [0.815], 5-fold CV). Jia et al. \[13\] introduced composition-based cross-val",2.4 Machine learning for thermoelectric property prediction
120,5,5,UNCLASSIFIED,,True,21,g] | XGBoost | Starrydata2 | 18.1K | R^2^ (zT) 0.815 | [5]-fold CV | | Jia et al. [@jia2024dealing] | GBDT | Star,(Materials Project constraints) differs from RQ2 answered in Chapter [5] (validation inflation). The Chapter 5 version is used here; screening,rs from RQ2 answered in Chapter 5 (validation inflation). The Chapter [5] version is used here; screening is treated as an application. Keep th,"0\]. Known limitations include digitization uncertainty (typically 2--[5%]), inter-laboratory variability for the same nominal composition and o",2.4 Machine learning for thermoelectric property prediction
121,92,92,UNCLASSIFIED,,True,2,| Jia et al. [@jia2024dealing] | GBDT | Starrydata2 | [92]K | R^2^ (zT) 0.89--0.90 | Composition-level CV | | Ma,5-fold CV Jia et al. \[13\] GBDT Starrydata2 [92]K N/R 0.89--0.90 Composition C,ia et al. \[13\] GBDT N/R 0.90 [92]K Comp. CV Parse et al. \[12\] XGBoost N/R,,2.4 Machine learning for thermoelectric property prediction
121,0.89,0.89,UNCLASSIFIED,,False,3,jia2024dealing] | GBDT | Starrydata2 | 92K | R^2^ (zT) [0.89]--0.90 | Composition-level CV | | Ma & Poon [@ma2025ree,GBDT Starrydata2 92K N/R [0.89]--0.90 Composition CV Ma & Poon \[35\] Ligh,"individual compositions rather than random rows, and obtained R^2^ of [0.89]--0.90 for zT on 92,000 entries; this is stricter than standard K-fold","al. \[13\]), the zT model achieves R^2^ = 0.814, compared with their [0.89]--0.90; the difference probably arises from the larger, more diverse d",2.4 Machine learning for thermoelectric property prediction
121,0.90,0.9,UNCLASSIFIED,,False,6,4dealing] | GBDT | Starrydata2 | 92K | R^2^ (zT) 0.89--[0.90] | Composition-level CV | | Ma & Poon [@ma2025reexamini,"2\] predicted zT with R^2^ = 0.815, Jia et al. \[13\] achieved R^2^ ≈ [0.90], and Sun et al. \[14\] reported R^2^ \> 0.95 using deep neural networ",GBDT Starrydata2 92K N/R 0.89--[0.90] Composition CV Ma & Poon \[35\] LightGBM,"dual compositions rather than random rows, and obtained R^2^ of 0.89--[0.90] for zT on 92,000 entries; this is stricter than standard K-fold but l",2.4 Machine learning for thermoelectric property prediction
122,14.1,14.1,CITED,ma2025_rows,False,2,mining] | LightGBM | Compiled TE | [14.1] K | R^2^ (zT) 0.86,position CV Ma & Poon \[35\] LightGBM Compiled TE [14.1]K 0.80 0.86 Not stated S,a & Poon \[35\] LightGBM 0.80 0.86 [14.1]K Not stated --------------------------------------,,2.4 Machine learning for thermoelectric property prediction
122,0.86,0.86,CITED,ma2025_zT_r2,False,3,14.1 K | R^2^ (zT) [0.86] ; R^2^ (\|S\|) 0.8,LightGBM Compiled TE 14.1K 0.80 [0.86] Not stated Sun et al. \[14\] DNN,0.299 −0.200 *κ* 0.778 0.738 [0.860] 0.656 −0.040 zT 0.697 0.670,\[verify\] Ma & Poon \[35\] LightGBM 0.80 [0.86] 14.1K Not stated --------------,2.4 Machine learning for thermoelectric property prediction
122,0.8,0.8,CITED,ma2025_S_r2,False,18,0.86 ; R^2^ (\|S\|) [0.8] | Not stated | | Sun et al. [@sun2025rational,"e the ionic radii of the A-, B- and X-site ions. Values of t between ≈[0.80] and 1.05 generally correspond to perovskite formation. Bartel et al.",on \[35\] LightGBM Compiled TE 14.1K [0.80] 0.86 Not stated Sun et al. \[14\],XGBoost Starrydata2 ∼160K N/R ∼[0.80] \[verify\] Wang et al. \[37\] Stacking,2.4 Machine learning for thermoelectric property prediction
123,0.90,0.9,UNCLASSIFIED,,False,6,n2025rationally] | DNN | Starrydata2 | N/R | R^2^ (zT) [0.90] (test) | Train/test split | | Barua et al. [@barua2025,"2\] predicted zT with R^2^ = 0.815, Jia et al. \[13\] achieved R^2^ ≈ [0.90], and Sun et al. \[14\] reported R^2^ \> 0.95 using deep neural networ",GBDT Starrydata2 92K N/R 0.89--[0.90] Composition CV Ma & Poon \[35\] LightGBM,"dual compositions rather than random rows, and obtained R^2^ of 0.89--[0.90] for zT on 92,000 entries; this is stricter than standard K-fold but l",2.4 Machine learning for thermoelectric property prediction
124,160,160,UNCLASSIFIED,,False,2,[@barua2025thermoelectric] | XGBoost | Starrydata2 | ∼[160]K | R^2^ (zT) 0.67--0.80 | Three external test sets | |,verified\] Barua et al. \[36\] XGBoost Starrydata2 ∼[160]K N/R ∼0.80 \[verify\] W,rua et al. \[36\] XGBoost N/R ∼0.80 ∼[160]K \[verify\] Ma & Poon \[35\] LightGBM 0.8,,2.4 Machine learning for thermoelectric property prediction
124,0.67,0.67,UNCLASSIFIED,,False,11,oelectric] | XGBoost | Starrydata2 | ∼160K | R^2^ (zT) [0.67]--0.80 | Three external test sets | | Wang et al. [@wan,vely. External validation on the independent ESTM database (zT R^2^ = [0.670]; 0.613 for unseen formulas) supports a realistic ceiling of ≈0.65--0.,8 for *κ* - Independent ESTM test confirms generalisation (zT R^2^ = [0.670]) - Space-group screening finds 204 lead-free perovskites; BaZrSe~3~,"ws (paper: ≈23,662 points), Barua et al. 165K rows with external R^2^ [0.67]--0.80 (secondary sources report ≈160,000 points and R^2^ ≈ 0.80; the",2.4 Machine learning for thermoelectric property prediction
124,0.80,0.8,UNCLASSIFIED,,False,18,ric] | XGBoost | Starrydata2 | ∼160K | R^2^ (zT) 0.67--[0.80] | Three external test sets | | Wang et al. [@wang2025h,"e the ionic radii of the A-, B- and X-site ions. Values of t between ≈[0.80] and 1.05 generally correspond to perovskite formation. Bartel et al.",on \[35\] LightGBM Compiled TE 14.1K [0.80] 0.86 Not stated Sun et al. \[14\],XGBoost Starrydata2 ∼160K N/R ∼[0.80] \[verify\] Wang et al. \[37\] Stacking,2.4 Machine learning for thermoelectric property prediction
125,5.2,5.2,UNCLASSIFIED,,False,1,et al. [@wang2025highperformance] | Stacking | Mixed | [5.2]K | R^2^ (zT) 0.97 | 10-fold CV | | Elavunkel & Padhan,\[verify\] Wang et al. \[37\] Stacking Mixed [5.2]K N/R 0.97 10-fold CV,,,2.4 Machine learning for thermoelectric property prediction
125,0.97,0.97,UNCLASSIFIED,,False,1,highperformance] | Stacking | Mixed | 5.2K | R^2^ (zT) [0.97] | 10-fold CV | | Elavunkel & Padhan [@elavunkel2025unl,Stacking Mixed 5.2K N/R [0.97] 10-fold CV Elavunkel & Padhan \[38\] Stacking,,,2.4 Machine learning for thermoelectric property prediction
125,10,10,UNCLASSIFIED,,True,18,formance] | Stacking | Mixed | 5.2K | R^2^ (zT) 0.97 | [10]-fold CV | | Elavunkel & Padhan [@elavunkel2025unlockin,"but negligible electrical conductivity and high thermal conductivity ([10]--12 W m^−1^ K^−1^), giving zT below 0.01. La or Nb doping introduces",d 5.2K N/R 0.97 [10]-fold CV Elavunkel & Padhan \[38\] Stacking Half-Heusler sma,"ation range could not be confirmed), Wang et al. random split (paper: [10]-fold CV) and Ma & Poon random split (preprint does not state the spli",2.4 Machine learning for thermoelectric property prediction
126,0.99,0.99,UNCLASSIFIED,,False,2,nlocking] | Stacking | Half-Heusler | small | R^2^ (S) [0.99]; R^2^ (zT) 0.92 | Random split |,el & Padhan \[38\] Stacking Half-Heusler small [0.99] 0.92 Random split ----------------------,"n small, domain-restricted datasets \[37, 38\] reported R^2^ of 0.92--[0.99], under row-level validation (10-fold CV in \[37\]), which inflates R^",,2.4 Machine learning for thermoelectric property prediction
126,0.92,0.92,UNCLASSIFIED,,False,2,king | Half-Heusler | small | R^2^ (S) 0.99; R^2^ (zT) [0.92] | Random split | Parse et al. [@,[38\] Stacking Half-Heusler small 0.99 [0.92] Random split -----------------------------------,"bles on small, domain-restricted datasets \[37, 38\] reported R^2^ of [0.92]--0.99, under row-level validation (10-fold CV in \[37\]), which infla",,2.4 Machine learning for thermoelectric property prediction
129,0.815,0.815,UNCLASSIFIED,,False,4,"Starrydata2 instances covering 2,761 compounds (R^2^ = [0.815], 5-fold CV). Jia et al. [@jia2024dealing] introduced c","f candidates in seconds. Parse et al. \[12\] predicted zT with R^2^ = [0.815], Jia et al. \[13\] achieved R^2^ ≈ 0.90, and Sun et al. \[14\] report",XGBoost Starrydata2 23.7K N/R [0.815] 5-fold CV Jia et al. \[13\] GBDT,"al. \[12\] trained XGBoost on ≈23,700 Starrydata2 data points (R^2^ = [0.815], 5-fold CV). Jia et al. \[13\] introduced composition-based cross-val",2.4 Machine learning for thermoelectric property prediction
129,5,5,UNCLASSIFIED,,True,21,"ata2 instances covering 2,761 compounds (R^2^ = 0.815, [5]-fold CV). Jia et al. [@jia2024dealing] introduced comp",(Materials Project constraints) differs from RQ2 answered in Chapter [5] (validation inflation). The Chapter 5 version is used here; screening,rs from RQ2 answered in Chapter 5 (validation inflation). The Chapter [5] version is used here; screening is treated as an application. Keep th,"0\]. Known limitations include digitization uncertainty (typically 2--[5%]), inter-laboratory variability for the same nominal composition and o",2.4 Machine learning for thermoelectric property prediction
129,0.89,0.89,UNCLASSIFIED,,False,3,"ositions rather than random rows, and obtained R^2^ of [0.89]--0.90 for zT on 92,000 entries; this is stricter than",GBDT Starrydata2 92K N/R [0.89]--0.90 Composition CV Ma & Poon \[35\] Ligh,"individual compositions rather than random rows, and obtained R^2^ of [0.89]--0.90 for zT on 92,000 entries; this is stricter than standard K-fold","al. \[13\]), the zT model achieves R^2^ = 0.814, compared with their [0.89]--0.90; the difference probably arises from the larger, more diverse d",2.4 Machine learning for thermoelectric property prediction
129,0.90,0.9,UNCLASSIFIED,,False,6,"ns rather than random rows, and obtained R^2^ of 0.89--[0.90] for zT on 92,000 entries; this is stricter than standa","2\] predicted zT with R^2^ = 0.815, Jia et al. \[13\] achieved R^2^ ≈ [0.90], and Sun et al. \[14\] reported R^2^ \> 0.95 using deep neural networ",GBDT Starrydata2 92K N/R 0.89--[0.90] Composition CV Ma & Poon \[35\] LightGBM,"dual compositions rather than random rows, and obtained R^2^ of 0.89--[0.90] for zT on 92,000 entries; this is stricter than standard K-fold but l",2.4 Machine learning for thermoelectric property prediction
129,"92,000",92000,UNCLASSIFIED,,False,2,"random rows, and obtained R^2^ of 0.89--0.90 for zT on [92,000] entries; this is stricter than standard K-fold but les","ns rather than random rows, and obtained R^2^ of 0.89--0.90 for zT on [92,000] entries; this is stricter than standard K-fold but less strict than s","nce probably arises from the larger, more diverse dataset (184,167 vs [92,000] rows) and stricter cleaning, which removes easy-to-predict duplicate",,2.4 Machine learning for thermoelectric property prediction
129,0.95,0.95,UNCLASSIFIED,,False,5,"rrelation and LassoCV, in deep neural networks (R^2^ = [0.95] on the training set and 0.90 on the test set), the dua",". \[13\] achieved R^2^ ≈ 0.90, and Sun et al. \[14\] reported R^2^ \> [0.95] using deep neural networks. \[Sun et al. details unverified; check th",DNN Starrydata2 ∼50K \[unverified\] N/R \>[0.95] \[unverified\] Random split \[unverified\] Barua et al. \[36\],"E and CBFV features in deep neural networks (∼50,000 entries, R^2^ \> [0.95] under random split), showing that the combination outperforms either",2.4 Machine learning for thermoelectric property prediction
129,0.90,0.9,UNCLASSIFIED,,False,6,"p neural networks (R^2^ = 0.95 on the training set and [0.90] on the test set), the dual-featurizer approach used he","2\] predicted zT with R^2^ = 0.815, Jia et al. \[13\] achieved R^2^ ≈ [0.90], and Sun et al. \[14\] reported R^2^ \> 0.95 using deep neural networ",GBDT Starrydata2 92K N/R 0.89--[0.90] Composition CV Ma & Poon \[35\] LightGBM,"dual compositions rather than random rows, and obtained R^2^ of 0.89--[0.90] for zT on 92,000 entries; this is stricter than standard K-fold but l",2.4 Machine learning for thermoelectric property prediction
129,"160,000",160000,UNCLASSIFIED,,False,3,"et al. [@barua2025thermoelectric] trained XGBoost on ≈[160,000] data points and reported R^2^ between 0.67 and 0.80 on","l. 165K rows with external R^2^ 0.67--0.80 (secondary sources report ≈[160,000] points and R^2^ ≈ 0.80; the external-validation range could not be co","eporting modest improvements. Barua et al. \[36\] trained XGBoost on ≈[160,000] data points and reported zT R^2^ ≈ 0.80. \[The thesis states external","l. 165K rows with external R^2^ 0.67--0.80 (secondary sources report ≈[160,000] points and R^2^ ≈ 0.80; the external-validation range could not be co",2.4 Machine learning for thermoelectric property prediction
129,0.67,0.67,UNCLASSIFIED,,False,11,"oost on ≈160,000 data points and reported R^2^ between [0.67] and 0.80 on three test sets. Stacking ensembles on sma",vely. External validation on the independent ESTM database (zT R^2^ = [0.670]; 0.613 for unseen formulas) supports a realistic ceiling of ≈0.65--0.,8 for *κ* - Independent ESTM test confirms generalisation (zT R^2^ = [0.670]) - Space-group screening finds 204 lead-free perovskites; BaZrSe~3~,"ws (paper: ≈23,662 points), Barua et al. 165K rows with external R^2^ [0.67]--0.80 (secondary sources report ≈160,000 points and R^2^ ≈ 0.80; the",2.4 Machine learning for thermoelectric property prediction
129,0.80,0.8,UNCLASSIFIED,,False,18,"160,000 data points and reported R^2^ between 0.67 and [0.80] on three test sets. Stacking ensembles on small, domai","e the ionic radii of the A-, B- and X-site ions. Values of t between ≈[0.80] and 1.05 generally correspond to perovskite formation. Bartel et al.",on \[35\] LightGBM Compiled TE 14.1K [0.80] 0.86 Not stated Sun et al. \[14\],XGBoost Starrydata2 ∼160K N/R ∼[0.80] \[verify\] Wang et al. \[37\] Stacking,2.4 Machine learning for thermoelectric property prediction
129,0.92,0.92,UNCLASSIFIED,,False,2,"performance; @elavunkel2025unlocking] reported R^2^ of [0.92]--0.99, under row-level validation (10-fold CV in [@wan",[38\] Stacking Half-Heusler small 0.99 [0.92] Random split -----------------------------------,"bles on small, domain-restricted datasets \[37, 38\] reported R^2^ of [0.92]--0.99, under row-level validation (10-fold CV in \[37\]), which infla",,2.4 Machine learning for thermoelectric property prediction
129,0.99,0.99,UNCLASSIFIED,,False,2,"mance; @elavunkel2025unlocking] reported R^2^ of 0.92--[0.99], under row-level validation (10-fold CV in [@wang2025h",el & Padhan \[38\] Stacking Half-Heusler small [0.99] 0.92 Random split ----------------------,"n small, domain-restricted datasets \[37, 38\] reported R^2^ of 0.92--[0.99], under row-level validation (10-fold CV in \[37\]), which inflates R^",,2.4 Machine learning for thermoelectric property prediction
129,10,10,UNCLASSIFIED,,True,18,"ported R^2^ of 0.92--0.99, under row-level validation ([10]-fold CV in [@wang2025highperformance]), which inflates","but negligible electrical conductivity and high thermal conductivity ([10]--12 W m^−1^ K^−1^), giving zT below 0.01. La or Nb doping introduces",d 5.2K N/R 0.97 [10]-fold CV Elavunkel & Padhan \[38\] Stacking Half-Heusler sma,"ation range could not be confirmed), Wang et al. random split (paper: [10]-fold CV) and Ma & Poon random split (preprint does not state the spli",2.4 Machine learning for thermoelectric property prediction
131,22,22,CITED,ward2016_props,True,3,"an, average deviation, mode) of [22] elemental properties, yielding","tatistics (minimum, maximum, range, mean, average deviation, mode) of [22] elemental properties, yielding 132 features per composition. CBFV ext","preset of the matminer library \[39, 51\]: six statistics for each of [22] elemental properties, i.e. 132 features computed from the chemical fo","whether overlapping DOIs were checked, and consider excluding them. [22]. Issue: specify the unit of E_hull (eV/atom in the Materials Project)",2.4 Machine learning for thermoelectric property prediction
131,132,132,GENERATED,n_magpie,False,3,"elemental properties, yielding [132] features per composition. CBFV extends this w",", mean, average deviation, mode) of 22 elemental properties, yielding [132] features per composition. CBFV extends this with the Oliynyk elementa","\[39, 51\]: six statistics for each of 22 elemental properties, i.e. [132] features computed from the chemical formula alone. \[Issue: the thesi","ained. Temperature (T, K) was added as a direct input feature, giving [132] + 202 + 1 = 335 descriptors in total. An initial three-step selectio",2.4 Machine learning for thermoelectric property prediction
135,21,21,GENERATED,bins,True,2,"such as Bi~0.5~Sb~1.5~Te~3~ may appear at [21] temperatures ( 300 ,","oject for quantum simulations of materials, J. Phys.: Condens. Matter [21] (2009) 395502. \[29\] G.K.H. Madsen, D.J. Singh, BoltzTraP. A code f",and colsample_bytree of the S model equal those of the other models. [21]. Issue: ESTM and Starrydata2 are both digitized from the literature a,,2.5 Validation strategies and data leakage
135,300,300,GENERATED,t_min,False,10,"t 21 temperatures ( [300] , 325 , . . . ,",ndoped SrTiO~3~ has a large Seebeck coefficient (≈ −700 *µ*V K^−1^ at [300] K) but negligible electrical conductivity and high thermal conductivi,"a material such as Bi~0.5~Sb~1.5~Te~3~ may appear at 20 temperatures ([300], 325, . . . , 800 K); under random splitting the test prediction beco","ed curve data with sample metadata. Step 3 restricted temperatures to [300]--800 K, the practically relevant range for waste-heat recovery, and b",2.5 Validation strategies and data leakage
135,325,325,GENERATED,t_second,False,1,"eratures ( 300 , [325] , . . . , 800 K); under","erial such as Bi~0.5~Sb~1.5~Te~3~ may appear at 20 temperatures (300, [325], . . . , 800 K); under random splitting the test prediction becomes i",,,2.5 Validation strategies and data leakage
135,800,800,GENERATED,t_max,False,28,", 325 , . . . , [800] K); under random splitting the test predictio","rSe~3~ emerged as the most credible candidate (predicted zT ≈ 0.33 at [800] K). Composition-based models are therefore useful for triage, but che","lycrystalline BiSbSe~3~ has been reported to reach zT close to 1.0 at [800] K with S ≈ −254 *µ*V K^−1^, and Cu~3~SbS~3~ and Ag~3~SbS~3~ show intr","Bi~0.5~Sb~1.5~Te~3~ may appear at 20 temperatures (300, 325, . . . , [800] K); under random splitting the test prediction becomes interpolation",2.5 Validation strategies and data leakage
159,22,22,GENERATED,snapshot_date,True,3,"the Starrydata2 export taken on [22] August 2026 (the export is regenerated daily,","tatistics (minimum, maximum, range, mean, average deviation, mode) of [22] elemental properties, yielding 132 features per composition. CBFV ext","preset of the matminer library \[39, 51\]: six statistics for each of [22] elemental properties, i.e. 132 features computed from the chemical fo","whether overlapping DOIs were checked, and consider excluding them. [22]. Issue: specify the unit of E_hull (eV/atom in the Materials Project)",3.2.1 Source data
159,1,1,UNCLASSIFIED,,True,20,"instead of conductivity, it was converted using *σ* = [1]/*ρ*. Each formula is also assigned a parent chemical s","al and regulatory concerns. Bismuth telluride (Bi~2~Te~3~), with zT ≈ [1.0]--1.4, dominates near-room-temperature applications \[5\], while silic",erovskites from the Materials Project. \[Issue: RQ2 in thesis Chapter [1] (Materials Project constraints) differs from RQ2 answered in Chapter,"es not report thermal conductivity, and attributes ""theoretical zT \> [1.0]"" to Xie et al. (2020), which is largely experimental. Citations were",3.2.1 Source data
169,1,1,UNCLASSIFIED,,True,20,"n the final cleaned dataset. *Data preparation (steps [1]--5).* Step 1 extracted the four target properties, con","al and regulatory concerns. Bismuth telluride (Bi~2~Te~3~), with zT ≈ [1.0]--1.4, dominates near-room-temperature applications \[5\], while silic",erovskites from the Materials Project. \[Issue: RQ2 in thesis Chapter [1] (Materials Project constraints) differs from RQ2 answered in Chapter,"es not report thermal conductivity, and attributes ""theoretical zT \> [1.0]"" to Xie et al. (2020), which is largely experimental. Citations were",3.2.2 Data cleaning pipeline
169,5,5,UNCLASSIFIED,,True,21,"he final cleaned dataset. *Data preparation (steps 1--[5]).* Step 1 extracted the four target properties, conver",(Materials Project constraints) differs from RQ2 answered in Chapter [5] (validation inflation). The Chapter 5 version is used here; screening,rs from RQ2 answered in Chapter 5 (validation inflation). The Chapter [5] version is used here; screening is treated as an application. Keep th,"0\]. Known limitations include digitization uncertainty (typically 2--[5%]), inter-laboratory variability for the same nominal composition and o",3.2.2 Data cleaning pipeline
169,−1000,1000,GENERATED,b_S,False,6,ctivity and applied physical-range bounds: [−1000] ≤ S ≤ 1000 *µ*V K^−1^,"verted resistivity to conductivity and applied physical-range bounds: [−1000] ≤ S ≤ 1000 *µ*V K^−1^, 10 ≤ *σ* ≤ 10^7^ S m^−1^, 0.05 ≤ *κ* ≤ 25 W m^","tivity to conductivity and applied physical-range bounds: −1000 ≤ S ≤ [1000] *µ*V K^−1^, 10 ≤ *σ* ≤ 10^7^ S m^−1^, 0.05 ≤ *κ* ≤ 25 W m^−1^ K^−1^ a",model reproduces the zT of Ca~3~Co~4~O~9~ closely (0.111 vs 0.093 at [1000] K) and predicts its Seebeck coefficient within ≈6% (+164 vs +175 *µ*V,3.2.2 Data cleaning pipeline
169,1000,1000,GENERATED,b_S_hi,False,6,"ounds: −1000 ≤ S ≤ [1000] *µ*V K^−1^, 10 ≤","verted resistivity to conductivity and applied physical-range bounds: [−1000] ≤ S ≤ 1000 *µ*V K^−1^, 10 ≤ *σ* ≤ 10^7^ S m^−1^, 0.05 ≤ *κ* ≤ 25 W m^","tivity to conductivity and applied physical-range bounds: −1000 ≤ S ≤ [1000] *µ*V K^−1^, 10 ≤ *σ* ≤ 10^7^ S m^−1^, 0.05 ≤ *κ* ≤ 25 W m^−1^ K^−1^ a",model reproduces the zT of Ca~3~Co~4~O~9~ closely (0.111 vs 0.093 at [1000] K) and predicts its Seebeck coefficient within ≈6% (+164 vs +175 *µ*V,3.2.2 Data cleaning pipeline
169,10,10,GENERATED,b_sigma_lo,True,18,"1000 *µ*V K^−1^, [10] ≤ *σ* ≤ 10^7^ S m^−1^, 0.0","but negligible electrical conductivity and high thermal conductivity ([10]--12 W m^−1^ K^−1^), giving zT below 0.01. La or Nb doping introduces",d 5.2K N/R 0.97 [10]-fold CV Elavunkel & Padhan \[38\] Stacking Half-Heusler sma,"ation range could not be confirmed), Wang et al. random split (paper: [10]-fold CV) and Ma & Poon random split (preprint does not state the spli",3.2.2 Data cleaning pipeline
169,10^7^,10^7,UNCLASSIFIED,,False,1,"*µ*V K^−1^, 10 ≤ *σ* ≤ [10^7^] S m^−1^, 0.05 ≤ *κ* ≤","pplied physical-range bounds: −1000 ≤ S ≤ 1000 *µ*V K^−1^, 10 ≤ *σ* ≤ [10^7^] S m^−1^, 0.05 ≤ *κ* ≤ 25 W m^−1^ K^−1^ and 0 ≤ zT ≤ 4. The Seebeck bo",,,3.2.2 Data cleaning pipeline
169,0.05,0.05,GENERATED,b_kappa_lo,False,8,"10 ≤ *σ* ≤ 10^7^ S m^−1^, [0.05] ≤ *κ* ≤ 25 W m^−1","y for S. Screening of the Materials Project with stability (E~hull~ ≤ [0.05] eV), band-gap and space-group filters identified 204 lead-free perovs","-range bounds: −1000 ≤ S ≤ 1000 *µ*V K^−1^, 10 ≤ *σ* ≤ 10^7^ S m^−1^, [0.05] ≤ *κ* ≤ 25 W m^−1^ K^−1^ and 0 ≤ zT ≤ 4. The Seebeck bound is an empi","ill--Pohl minimum is material-specific (typically ≈0.2--0.5 W/mK), so [0.05] W/mK is a permissive lower bound rather than the minimum itself.\] St",3.2.2 Data cleaning pipeline
169,25,25,GENERATED,b_kappa_hi,True,5,0.05 ≤ *κ* ≤ [25] W m^−1^ K^−1^ and 0 ≤ zT ≤ 4,": −1000 ≤ S ≤ 1000 *µ*V K^−1^, 10 ≤ *σ* ≤ 10^7^ S m^−1^, 0.05 ≤ *κ* ≤ [25] W m^−1^ K^−1^ and 0 ≤ zT ≤ 4. The Seebeck bound is an empirical cap t","ctically relevant range for waste-heat recovery, and binned them into [25] K intervals so that slightly different reported temperatures (e.g. 29","ring, LassoCV and mutual-information ranking) reduced the features to [25]--44 per target. Under GroupKFold validation, using all 335 features a",3.2.2 Data cleaning pipeline
169,0,0,UNCLASSIFIED,,True,9,"*κ* ≤ 25 W m^−1^ K^−1^ and [0] ≤ zT ≤ 4 , giving","*V K^−1^, 10 ≤ *σ* ≤ 10^7^ S m^−1^, 0.05 ≤ *κ* ≤ 25 W m^−1^ K^−1^ and [0] ≤ zT ≤ 4. The Seebeck bound is an empirical cap that excludes gross d",T 68.0% 0.44 0.33 0.39 [0] to 3.55 -----------------------------------------------------------,−0.001 *κ* 0.778 0.778 [0.000] zT 0.697 0.699 +0.002 ----,3.2.2 Data cleaning pipeline
169,4,4,GENERATED,b_zT_hi,True,8,"25 W m^−1^ K^−1^ and 0 ≤ zT ≤ [4] , giving 1,996,047 ob","10 ≤ *σ* ≤ 10^7^ S m^−1^, 0.05 ≤ *κ* ≤ 25 W m^−1^ K^−1^ and 0 ≤ zT ≤ [4]. The Seebeck bound is an empirical cap that excludes gross digitizati","low the amorphous (Cahill--Pohl) limit \[48\], respectively; and zT ≤ [4] admits all physically plausible values \[3\]. \[Issue: the text gives","ubic *Pm*3̄*m* and the common distorted variants *Pnma*, *R*3̄*c*, *I*[4]/*mcm*, *Imma*, *P*4/*mbm* and *Cmcm*). The remaining 346 ABX~3~ formu",3.2.2 Data cleaning pipeline
169,4,4,GENERATED,b_zT_hi,True,8,is not itself that minimum); and zT ≤ [4] admits all physically plausible values [@snyd,"10 ≤ *σ* ≤ 10^7^ S m^−1^, 0.05 ≤ *κ* ≤ 25 W m^−1^ K^−1^ and 0 ≤ zT ≤ [4]. The Seebeck bound is an empirical cap that excludes gross digitizati","low the amorphous (Cahill--Pohl) limit \[48\], respectively; and zT ≤ [4] admits all physically plausible values \[3\]. \[Issue: the text gives","ubic *Pm*3̄*m* and the common distorted variants *Pnma*, *R*3̄*c*, *I*[4]/*mcm*, *Imma*, *P*4/*mbm* and *Cmcm*). The remaining 346 ABX~3~ formu",3.2.2 Data cleaning pipeline
169,300,300,DESIGN,clean_t_min,False,10,Step 3 restricted temperatures to [300] -- 800 K and binne,ndoped SrTiO~3~ has a large Seebeck coefficient (≈ −700 *µ*V K^−1^ at [300] K) but negligible electrical conductivity and high thermal conductivi,"a material such as Bi~0.5~Sb~1.5~Te~3~ may appear at 20 temperatures ([300], 325, . . . , 800 K); under random splitting the test prediction beco","ed curve data with sample metadata. Step 3 restricted temperatures to [300]--800 K, the practically relevant range for waste-heat recovery, and b",3.2.2 Data cleaning pipeline
169,800,800,DESIGN,clean_t_max,False,28,300 -- [800] K and binned them into,"rSe~3~ emerged as the most credible candidate (predicted zT ≈ 0.33 at [800] K). Composition-based models are therefore useful for triage, but che","lycrystalline BiSbSe~3~ has been reported to reach zT close to 1.0 at [800] K with S ≈ −254 *µ*V K^−1^, and Cu~3~SbS~3~ and Ag~3~SbS~3~ show intr","Bi~0.5~Sb~1.5~Te~3~ may appear at 20 temperatures (300, 325, . . . , [800] K); under random splitting the test prediction becomes interpolation",3.2.2 Data cleaning pipeline
169,25,25,DESIGN,clean_bin_width,True,5,K and binned them into [25] K intervals so that slightly different report,": −1000 ≤ S ≤ 1000 *µ*V K^−1^, 10 ≤ *σ* ≤ 10^7^ S m^−1^, 0.05 ≤ *κ* ≤ [25] W m^−1^ K^−1^ and 0 ≤ zT ≤ 4. The Seebeck bound is an empirical cap t","ctically relevant range for waste-heat recovery, and binned them into [25] K intervals so that slightly different reported temperatures (e.g. 29","ring, LassoCV and mutual-information ranking) reduced the features to [25]--44 per target. Under GroupKFold validation, using all 335 features a",3.2.2 Data cleaning pipeline
169,298,298,UNCLASSIFIED,,False,1,"so that slightly different reported temperatures (e.g. [298], 300 and 303 K) fall in the same bin, leaving","25 K intervals so that slightly different reported temperatures (e.g. [298], 300 and 303 K) fall in the same bin. Step 4 pivoted the data from lo",,,3.2.2 Data cleaning pipeline
169,300,300,UNCLASSIFIED,,False,10,"at slightly different reported temperatures (e.g. 298, [300] and 303 K) fall in the same bin, leaving",ndoped SrTiO~3~ has a large Seebeck coefficient (≈ −700 *µ*V K^−1^ at [300] K) but negligible electrical conductivity and high thermal conductivi,"a material such as Bi~0.5~Sb~1.5~Te~3~ may appear at 20 temperatures ([300], 325, . . . , 800 K); under random splitting the test prediction beco","ed curve data with sample metadata. Step 3 restricted temperatures to [300]--800 K, the practically relevant range for waste-heat recovery, and b",3.2.2 Data cleaning pipeline
169,303,303,UNCLASSIFIED,,False,1,"tly different reported temperatures (e.g. 298, 300 and [303] K) fall in the same bin, leaving 1,096","s so that slightly different reported temperatures (e.g. 298, 300 and [303] K) fall in the same bin. Step 4 pivoted the data from long format (on",,,3.2.2 Data cleaning pipeline
171,6,6,UNCLASSIFIED,,True,5,1.3 %). *Quality filtering (steps [6]--8).* Step 6 compared the reported zT with the value r,by the pymatgen Composition class \[49\]. *Quality filtering (steps [6]--8).* Step 6 compared the reported zT with the value recomputed from,Cmcm 0.496 stable 800 0.255 [6] PrLuSe~3~ Cmcm 0.494 stable,".111 vs 0.093 at 1000 K) and predicts its Seebeck coefficient within ≈[6%] (+164 vs +175 *µ*V K^−1^), including the correct p-type sign. For CaM",3.2.2 Data cleaning pipeline
171,8,8,UNCLASSIFIED,,True,7,1.3 %). *Quality filtering (steps 6--[8]).* Step 6 compared the reported zT with the value reco,the pymatgen Composition class \[49\]. *Quality filtering (steps 6--[8]).* Step 6 compared the reported zT with the value recomputed from Eq.,"s better judged against the physical bounds of Step 1. A few records ([8] of 125,283, \<0.01%) have zT \> 3.0, above the maximum reliably repor",Pnma 0.324 stable 800 0.253 [8] TbCrSe~3~ Pnma 0.114 metastable,3.2.2 Data cleaning pipeline
171,50,50,DESIGN,clean_zt_tol_pct,True,3,relative discrepancy exceeded [50] %: $\frac{|{zT}_{rep} - S^{2}\sigma T/\kappa|,Not stated Sun et al. \[14\] DNN Starrydata2 ∼[50]K \[unverified\] N/R \>0.95 \[unverified\] Random split \,four properties and removed rows whose relative discrepancy exceeded [50%]: $\frac{|{zT}_{rep} - S^{2}\sigma T/\kappa|}{{zT}_{rep}} > 0.5$ (5),n et al. \[14\] DNN N/R \>0.95 \[unverified\] ∼[50]K \[unverified\] Random split Jia et al. \[13\] GBDT,3.2.2 Data cleaning pipeline
175,1.2,1.2,GENERATED,remp_step6,False,1,"4,712 rows ( [1.2] %); it changed the mean zT from","1^) 89.2% 84,813 52,384 106,287 1,884 to [1.2] × 10^6^ *κ* (W m^−1^ K^−1^) 63.8% 2.51 2.02",,,3.2.2 Data cleaning pipeline
175,0.387,0.387,GENERATED,na5_zt6_after,False,1,0.383 to [0.387] . This is conservative (some valid individual,"This removed 6,167 rows (2.5%) and shifted the mean zT only slightly ([0.387] to 0.393), indicating that noise rather than signal was removed. This",,,3.2.2 Data cleaning pipeline
175,0.3,0.3,GENERATED,remp_step7,False,4,"986 rows ( [0.3] %) were flagged, confirming that Starrydata2 i","ave better results (Table 3). Because XGBoost with colsample_bytree = [0.3] performs implicit feature subsampling at every tree, explicit pre-sel","for pipeline uniformity. Key hyperparameters were colsample_bytree = [0.3], learning_rate = 0.01, max_depth = 10, n_estimators = 700 and subsamp",0.8 \[add\] colsample_bytree [0.3] 0.3 \[add\] ----------------------,3.2.2 Data cleaning pipeline
175,0.5,0.5,DESIGN,clean_cv_S,False,7,"y-specific thresholds were removed ( [0.5] for S, *κ* and zT; 0.8","ated all-inorganic halides exhibit lattice thermal conductivity below [0.5] W m^−1^ K^−1^ arising from soft, anharmonic vibrations and cation rat","r ambient conditions \[9\]. \[Issue: the thesis attributes the *κ* \< [0.5] W/mK value to Stoumpos et al. (2013), which does not report thermal c","o that the Cahill--Pohl minimum is material-specific (typically ≈0.2--[0.5] W/mK), so 0.05 W/mK is a permissive lower bound rather than the minim",3.2.2 Data cleaning pipeline
175,0.8,0.8,DESIGN,clean_cv_sigma,False,18,"0.5 for S, *κ* and zT; [0.8] for *σ*, set higher a priori because conducti","e the ionic radii of the A-, B- and X-site ions. Values of t between ≈[0.80] and 1.05 generally correspond to perovskite formation. Bartel et al.",on \[35\] LightGBM Compiled TE 14.1K [0.80] 0.86 Not stated Sun et al. \[14\],XGBoost Starrydata2 ∼160K N/R ∼[0.80] \[verify\] Wang et al. \[37\] Stacking,3.2.2 Data cleaning pipeline
177,9,9,UNCLASSIFIED,,True,5,d on model performance. *Statistical filtering (steps [9]--11).* Step 9 applied a median absolute deviation (MAD,"aries more with synthesis conditions). *Statistical filtering (steps [9]--11).* Step 9 applied a median absolute deviation (MAD) filter, remov",Pnma 0.114 metastable 800 0.247 [9] EuHfS~3~ Pnma 0.129 stable,"chine learning prediction of materials properties, npj Comput. Mater. [9] (2023) 55. \[46\] S.M. Lundberg, S.-I. Lee, A unified approach to in",3.2.2 Data cleaning pipeline
177,11,11,UNCLASSIFIED,,True,6,n model performance. *Statistical filtering (steps 9--[11]).* Step 9 applied a median absolute deviation (MAD) fi,"adicts the use of all 335 features, step labels that do not match the [11]-step pipeline, and R^2^ = 0.679 instead of 0.697. Elsevier policy doe","es more with synthesis conditions). *Statistical filtering (steps 9--[11]).* Step 9 applied a median absolute deviation (MAD) filter, removing","ls based on ingenious machine learning methods, Adv. Electron. Mater. [11] (2025) 2500210. https://doi.org/10.1002/aelm.202500210 \[15\] S. Kap",3.2.2 Data cleaning pipeline
181,1.4826,1.4826,UNCLASSIFIED,,False,2,"have a value of that property. The MAD is unscaled (no [1.4826] consistency factor), so the multiplier of",lied on a logarithmic scale. \[Issue: state whether MAD was scaled by [1.4826] (consistency with the normal distribution); the 3.5 threshold is usua,80. Use the exact number. 17. Issue: state whether MAD was scaled by [1.4826] (consistency with the normal distribution); the 3.5 threshold is usua,,3.2.2 Data cleaning pipeline
181,3.5,3.5,DESIGN,clean_mad_mult,False,2,"y factor), so the multiplier of [3.5] MADs corresponds to about 2",was scaled by 1.4826 (consistency with the normal distribution); the [3.5] threshold is usually defined on the scaled MAD.\] The MAD filter was,was scaled by 1.4826 (consistency with the normal distribution); the [3.5] threshold is usually defined on the scaled MAD. 18. Issue: the thesi,,3.2.2 Data cleaning pipeline
181,3.0,3,UNCLASSIFIED,,True,11,ws ( 6.3 %). Rows with zT \> [3.0] lie above the maximum reliably reported for bulk therm,"ches its maximum at an optimum carrier concentration of ≈1019--1020 cm[−3].](media/image2.png ""Figure 2""){width=""4.385416666666667in"" height=""4.","(O, Cl, Br, I, S, Se, Te). The ideal cubic structure (space group *Pm*[3]̄*m*) consists of corner-sharing BX~6~ octahedra with the A cation in","al bounds of Step 1. A few records (8 of 125,283, \<0.01%) have zT \> [3.0], above the maximum reliably reported for bulk thermoelectrics (≈2.6 \",3.2.2 Data cleaning pipeline
181,2.6,2.6,UNCLASSIFIED,,False,1,e maximum reliably reported for bulk thermoelectrics (≈[2.6] [@zhao2014ultralow]); 15 of t,"> 3.0, above the maximum reliably reported for bulk thermoelectrics (≈[2.6] \[20\]); these are ascribed to residual digitization errors and retai",,,3.2.2 Data cleaning pipeline
181,15,15,GENERATED,na4_zt3,True,2,"oelectrics (≈2.6 [@zhao2014ultralow]); [15] of the 129,419 zT rows","ermination of electronic band gaps of solids, J. Chem. Theory Comput. [15] (2019) 5069--5079. \[59\] N. Kanas, B.A.D. Williamson, F. Steinbach,",s. Both figures were redrawn from the reported numbers; verify them. [15]. Issue: the text gives *σ* ≥ 10 S/m while the thesis Fig. 5 shows 1 S,,3.2.2 Data cleaning pipeline
181,0.012,0.012,GENERATED,na4_zt3_pct,False,1,"129,419 zT rows ( [0.012] %) are affected; they are retained as statisti",0.024 *κ* 0.766 (39 features) 0.778 +[0.012] zT 0.695 (32 features) 0.697 +0.002,,,3.2.2 Data cleaning pipeline
181,3,3,DESIGN,clean_min_temps,True,11,"moved formulas with fewer than [3] distinct temperatures, for which consistency","ches its maximum at an optimum carrier concentration of ≈1019--1020 cm[−3].](media/image2.png ""Figure 2""){width=""4.385416666666667in"" height=""4.","(O, Cl, Br, I, S, Se, Te). The ideal cubic structure (space group *Pm*[3]̄*m*) consists of corner-sharing BX~6~ octahedra with the A cation in","al bounds of Step 1. A few records (8 of 125,283, \<0.01%) have zT \> [3.0], above the maximum reliably reported for bulk thermoelectrics (≈2.6 \",3.2.2 Data cleaning pipeline
181,3,3,DESIGN,clean_smooth_window,True,11,moothness filter (window = [3] ) to each temperature curve of each sample and,"ches its maximum at an optimum carrier concentration of ≈1019--1020 cm[−3].](media/image2.png ""Figure 2""){width=""4.385416666666667in"" height=""4.","(O, Cl, Br, I, S, Se, Te). The ideal cubic structure (space group *Pm*[3]̄*m*) consists of corner-sharing BX~6~ octahedra with the A cation in","al bounds of Step 1. A few records (8 of 125,283, \<0.01%) have zT \> [3.0], above the maximum reliably reported for bulk thermoelectrics (≈2.6 \",3.2.2 Data cleaning pipeline
181,3.5,3.5,DESIGN,clean_mad_mult,False,2,red rolling median by more than [3.5] times the median of those absolute deviations,was scaled by 1.4826 (consistency with the normal distribution); the [3.5] threshold is usually defined on the scaled MAD.\] The MAD filter was,was scaled by 1.4826 (consistency with the normal distribution); the [3.5] threshold is usually defined on the scaled MAD. 18. Issue: the thesi,,3.2.2 Data cleaning pipeline
183,300,300,DESIGN,clean_t_min,False,10,hem. (i) The temperature window of [300] -- 800 K restricts,ndoped SrTiO~3~ has a large Seebeck coefficient (≈ −700 *µ*V K^−1^ at [300] K) but negligible electrical conductivity and high thermal conductivi,"a material such as Bi~0.5~Sb~1.5~Te~3~ may appear at 20 temperatures ([300], 325, . . . , 800 K); under random splitting the test prediction beco","ed curve data with sample metadata. Step 3 restricted temperatures to [300]--800 K, the practically relevant range for waste-heat recovery, and b",3.2.2 Data cleaning pipeline
183,800,800,DESIGN,clean_t_max,False,28,300 -- [800] K restricts the study to near-room-temperatur,"rSe~3~ emerged as the most credible candidate (predicted zT ≈ 0.33 at [800] K). Composition-based models are therefore useful for triage, but che","lycrystalline BiSbSe~3~ has been reported to reach zT close to 1.0 at [800] K with S ≈ −254 *µ*V K^−1^, and Cu~3~SbS~3~ and Ag~3~SbS~3~ show intr","Bi~0.5~Sb~1.5~Te~3~ may appear at 20 temperatures (300, 325, . . . , [800] K); under random splitting the test prediction becomes interpolation",3.2.2 Data cleaning pipeline
183,25,25,DESIGN,clean_bin_width,True,5,ion and are not used. (ii) The [25] K bin width groups readings of one sample tha,": −1000 ≤ S ≤ 1000 *µ*V K^−1^, 10 ≤ *σ* ≤ 10^7^ S m^−1^, 0.05 ≤ *κ* ≤ [25] W m^−1^ K^−1^ and 0 ≤ zT ≤ 4. The Seebeck bound is an empirical cap t","ctically relevant range for waste-heat recovery, and binned them into [25] K intervals so that slightly different reported temperatures (e.g. 29","ring, LassoCV and mutual-information ranking) reduced the features to [25]--44 per target. Under GroupKFold validation, using all 335 features a",3.2.2 Data cleaning pipeline
183,50,50,DESIGN,clean_zt_tol_pct,True,3,it was not varied. (iii) The [50] % tolerance of the zT consistency check is del,Not stated Sun et al. \[14\] DNN Starrydata2 ∼[50]K \[unverified\] N/R \>0.95 \[unverified\] Random split \,four properties and removed rows whose relative discrepancy exceeded [50%]: $\frac{|{zT}_{rep} - S^{2}\sigma T/\kappa|}{{zT}_{rep}} > 0.5$ (5),n et al. \[14\] DNN N/R \>0.95 \[unverified\] ∼[50]K \[unverified\] Random split Jia et al. \[13\] GBDT,3.2.2 Data cleaning pipeline
183,3,3,DESIGN,clean_min_temps,True,11,(iv) Formulas with fewer than [3] distinct temperatures are removed because the,"ches its maximum at an optimum carrier concentration of ≈1019--1020 cm[−3].](media/image2.png ""Figure 2""){width=""4.385416666666667in"" height=""4.","(O, Cl, Br, I, S, Se, Te). The ideal cubic structure (space group *Pm*[3]̄*m*) consists of corner-sharing BX~6~ octahedra with the A cation in","al bounds of Step 1. A few records (8 of 125,283, \<0.01%) have zT \> [3.0], above the maximum reliably reported for bulk thermoelectrics (≈2.6 \",3.2.2 Data cleaning pipeline
183,3,3,DESIGN,clean_smooth_window,True,11,"ss filter, whose window is [3] , cannot judge a curve with fewer points. (v)","ches its maximum at an optimum carrier concentration of ≈1019--1020 cm[−3].](media/image2.png ""Figure 2""){width=""4.385416666666667in"" height=""4.","(O, Cl, Br, I, S, Se, Te). The ideal cubic structure (space group *Pm*[3]̄*m*) consists of corner-sharing BX~6~ octahedra with the A cation in","al bounds of Step 1. A few records (8 of 125,283, \<0.01%) have zT \> [3.0], above the maximum reliably reported for bulk thermoelectrics (≈2.6 \",3.2.2 Data cleaning pipeline
183,3,3,DESIGN,clean_smooth_window,True,11,er points. (v) A window of [3] is the smallest odd window that defines a loc,"ches its maximum at an optimum carrier concentration of ≈1019--1020 cm[−3].](media/image2.png ""Figure 2""){width=""4.385416666666667in"" height=""4.","(O, Cl, Br, I, S, Se, Te). The ideal cubic structure (space group *Pm*[3]̄*m*) consists of corner-sharing BX~6~ octahedra with the A cation in","al bounds of Step 1. A few records (8 of 125,283, \<0.01%) have zT \> [3.0], above the maximum reliably reported for bulk thermoelectrics (≈2.6 \",3.2.2 Data cleaning pipeline
183,3.5,3.5,DESIGN,clean_mad_mult,False,2,xtrema of zT(T). The multiplier [3.5] of the two MAD filters (Steps 9 and 11) is li,was scaled by 1.4826 (consistency with the normal distribution); the [3.5] threshold is usually defined on the scaled MAD.\] The MAD filter was,was scaled by 1.4826 (consistency with the normal distribution); the [3.5] threshold is usually defined on the scaled MAD. 18. Issue: the thesi,,3.2.2 Data cleaning pipeline
187,0.387,0.387,GENERATED,na5_zt6_after,False,1,"4 cleaned rows, against [0.387] after Step 6). The S distribution (Fig. 6a) m","This removed 6,167 rows (2.5%) and shifted the mean zT only slightly ([0.387] to 0.393), indicating that noise rather than signal was removed. This",,,3.2.3 Final dataset
187,50.0,50,GENERATED,na4_S_median,True,3,*µ*V K^−1^) below the median ( [50.0] *µ*V K^−1^) (Table 2).,Not stated Sun et al. \[14\] DNN Starrydata2 ∼[50]K \[unverified\] N/R \>0.95 \[unverified\] Random split \,four properties and removed rows whose relative discrepancy exceeded [50%]: $\frac{|{zT}_{rep} - S^{2}\sigma T/\kappa|}{{zT}_{rep}} > 0.5$ (5),n et al. \[14\] DNN N/R \>0.95 \[unverified\] ∼[50]K \[unverified\] Random split Jia et al. \[13\] GBDT,3.2.3 Final dataset
194,50.0,50,GENERATED,table 2: t2_S_median,True,3,"---------| | S (*µ*V K^−1^) | 185,064 | 66.1% | 19.1 | [50.0] | 176.9 | −461 to 562.5 | | *σ* (S m^−1^) | 182,755 |",Not stated Sun et al. \[14\] DNN Starrydata2 ∼[50]K \[unverified\] N/R \>0.95 \[unverified\] Random split \,four properties and removed rows whose relative discrepancy exceeded [50%]: $\frac{|{zT}_{rep} - S^{2}\sigma T/\kappa|}{{zT}_{rep}} > 0.5$ (5),n et al. \[14\] DNN N/R \>0.95 \[unverified\] ∼[50]K \[unverified\] Random split Jia et al. \[13\] GBDT,3.2.3 Final dataset
195,10^6^,10^6,GENERATED,table 2: t2_sigma_max,False,1,"55 | 65.2% | 83,498 | 45,262 | 129,514 | 959 to 1.66 × [10^6^] | | *κ* (W m^−1^ K^−1^) | 121,110 | 43.2% | 2.54 | 2.0","89.2% 84,813 52,384 106,287 1,884 to 1.2 × [10^6^] *κ* (W m^−1^ K^−1^) 63.8% 2.51 2.02 1.88",,,3.2.3 Final dataset
196,2.00,2,GENERATED,table 2: t2_kappa_median,True,7,"^6^ | | *κ* (W m^−1^ K^−1^) | 121,110 | 43.2% | 2.54 | [2.00] | 1.98 | 0.28 to 13.78 | | zT | 129,419 | 46.2% | 0.42","d. Lead telluride (PbTe) and its alloys exhibit zT values as high as ≈[2] at optimized compositions \[4\], but their use is increasingly constr","\[30\]. Known limitations include digitization uncertainty (typically [2]--5%), inter-laboratory variability for the same nominal composition a",l filters on publication year (pre-2005) and minimum property count (≥[2] properties per row) were evaluated but removed no rows. ### 3.2.3 Fi,3.2.3 Final dataset
197,0.000,0,GENERATED,table 2: t2_zT_min,True,9,".78 | | zT | 129,419 | 46.2% | 0.427 | 0.316 | 0.388 | [0.000] to 3.899 | ![Figure 6](../figure","*V K^−1^, 10 ≤ *σ* ≤ 10^7^ S m^−1^, 0.05 ≤ *κ* ≤ 25 W m^−1^ K^−1^ and [0] ≤ zT ≤ 4. The Seebeck bound is an empirical cap that excludes gross d",T 68.0% 0.44 0.33 0.39 [0] to 3.55 -----------------------------------------------------------,−0.001 *κ* 0.778 0.778 [0.000] zT 0.697 0.699 +0.002 ----,3.2.3 Final dataset
206,22,22,CITED,ward2016_props,True,3,"er]: six statistics for each of [22] elemental properties, i.e. 1","tatistics (minimum, maximum, range, mean, average deviation, mode) of [22] elemental properties, yielding 132 features per composition. CBFV ext","preset of the matminer library \[39, 51\]: six statistics for each of [22] elemental properties, i.e. 132 features computed from the chemical fo","whether overlapping DOIs were checked, and consider excluding them. [22]. Issue: specify the unit of E_hull (eV/atom in the Materials Project)",3.3 Feature engineering
206,132,132,GENERATED,n_magpie,False,3,"2 elemental properties, i.e. [132] features computed from the chemical formula a",", mean, average deviation, mode) of 22 elemental properties, yielding [132] features per composition. CBFV extends this with the Oliynyk elementa","\[39, 51\]: six statistics for each of 22 elemental properties, i.e. [132] features computed from the chemical formula alone. \[Issue: the thesi","ained. Temperature (T, K) was added as a direct input feature, giving [132] + 202 + 1 = 335 descriptors in total. An initial three-step selectio",3.3 Feature engineering
206,132,132,GENERATED,n_magpie,False,3,"ded as a direct input feature, giving [132] + 264 + 1 =",", mean, average deviation, mode) of 22 elemental properties, yielding [132] features per composition. CBFV extends this with the Oliynyk elementa","\[39, 51\]: six statistics for each of 22 elemental properties, i.e. [132] features computed from the chemical formula alone. \[Issue: the thesi","ained. Temperature (T, K) was added as a direct input feature, giving [132] + 202 + 1 = 335 descriptors in total. An initial three-step selectio",3.3 Feature engineering
206,1,1,UNCLASSIFIED,,True,20,132 + 264 + [1] = 397 descriptors in total. A,"al and regulatory concerns. Bismuth telluride (Bi~2~Te~3~), with zT ≈ [1.0]--1.4, dominates near-room-temperature applications \[5\], while silic",erovskites from the Materials Project. \[Issue: RQ2 in thesis Chapter [1] (Materials Project constraints) differs from RQ2 answered in Chapter,"es not report thermal conductivity, and attributes ""theoretical zT \> [1.0]"" to Xie et al. (2020), which is largely experimental. Citations were",3.3 Feature engineering
208,0.010,0.01,GENERATED,abl_delta_sigma,False,5,"0.006 for S, [0.010] for *σ*, 0.006","and high thermal conductivity (10--12 W m^−1^ K^−1^), giving zT below [0.01]. La or Nb doping introduces carriers and reduces both *κ* and S, rais","against the physical bounds of Step 1. A few records (8 of 125,283, \<[0.01%]) have zT \> 3.0, above the maximum reliably reported for bulk thermoe","ty. Key hyperparameters were colsample_bytree = 0.3, learning_rate = [0.01], max_depth = 10, n_estimators = 700 and subsample = 0.8; for the Seeb",3.3 Feature engineering
216,20,20,GENERATED,optuna_trials,True,9,"t target, by an Optuna search of [20] trials scored by R^2^ under","sumption because a material such as Bi~0.5~Sb~1.5~Te~3~ may appear at [20] temperatures (300, 325, . . . , 800 K); under random splitting the te","tegies were applied with the same model and features: (i) a random 80/[20] split; (ii) 5-fold and (iii) 10-fold CV, all partitioning data at row",ean \|SHAP\| per feature) and beeswarm plots were created for the top [20] features per target. Agreement between the most important features an,3.4 Model development
216,3,3,GENERATED,inner_folds,True,11,"trials scored by R^2^ under [3] -fold chemistry-cluster cross-validation, then","ches its maximum at an optimum carrier concentration of ≈1019--1020 cm[−3].](media/image2.png ""Figure 2""){width=""4.385416666666667in"" height=""4.","(O, Cl, Br, I, S, Se, Te). The ideal cubic structure (space group *Pm*[3]̄*m*) consists of corner-sharing BX~6~ octahedra with the A cation in","al bounds of Step 1. A few records (8 of 125,283, \<0.01%) have zT \> [3.0], above the maximum reliably reported for bulk thermoelectrics (≈2.6 \",3.4 Model development
219,20,20,GENERATED,table 4: optuna_trials,True,9,"sets (each tuned once on all rows of its target, by a [20]-trial Optuna search scored with 3-fold chemistry-clust","sumption because a material such as Bi~0.5~Sb~1.5~Te~3~ may appear at [20] temperatures (300, 325, . . . , 800 K); under random splitting the te","tegies were applied with the same model and features: (i) a random 80/[20] split; (ii) 5-fold and (iii) 10-fold CV, all partitioning data at row",ean \|SHAP\| per feature) and beeswarm plots were created for the top [20] features per target. Agreement between the most important features an,3.4 Model development
219,3,3,GENERATED,table 4: inner_folds,True,11,"of its target, by a 20-trial Optuna search scored with [3]-fold chemistry-cluster cross-validation) and the searc","ches its maximum at an optimum carrier concentration of ≈1019--1020 cm[−3].](media/image2.png ""Figure 2""){width=""4.385416666666667in"" height=""4.","(O, Cl, Br, I, S, Se, Te). The ideal cubic structure (space group *Pm*[3]̄*m*) consists of corner-sharing BX~6~ octahedra with the A cation in","al bounds of Step 1. A few records (8 of 125,283, \<0.01%) have zT \> [3.0], above the maximum reliably reported for bulk thermoelectrics (≈2.6 \",3.4 Model development
223,500,500,GENERATED,table 4: t4_S_n_estimators,False,2,-----|-----------|------------------| | n_estimators | [500] | 550 | 350 | 500 | 100–600 | | max_depth | 10 | 10 |,"and subsample = 0.8; for the Seebeck model, learning_rate = 0.05 with [500] trees gave the best validation score (Table 4). Hyperparameters were",- ------------------------- ------------------ n_estimators [500] 700 \[add\] learning_rate,,3.4 Model development
223,550,550,GENERATED,table 4: t4_sigma_n_estimators,False,3,-----------|------------------| | n_estimators | 500 | [550] | 350 | 500 | 100–600 | | max_depth | 10 | 10 | 9 | 9,roup filters identified 204 lead-free perovskite-type compounds among [550] nominal ABX~3~ formulas; BaZrSe~3~ emerged as the most credible candi,"ovskites were then identified structurally: of the 19,144 candidates, [550] have ABX~3~ stoichiometry, but only 204 (37%) adopt perovskite-type s","*, polarizability for S and electronegativity for *σ*. - Only 204 of [550] lead-free ABX~3~ compounds adopt perovskite-type space groups; among",3.4 Model development
223,350,350,GENERATED,table 4: t4_kappa_n_estimators,False,1,-----|------------------| | n_estimators | 500 | 550 | [350] | 500 | 100–600 | | max_depth | 10 | 10 | 9 | 9 | 3–10,"oth *κ* and S, raising zT substantially \[10\]. CaMnO~3~ exhibits S ≈ [−350] *µ*V K^−1^ but zT \< 0.1 because of low *σ* \[23\]; rare-earth substi",,,3.4 Model development
223,500,500,GENERATED,table 4: t4_zT_n_estimators,False,2,------------------| | n_estimators | 500 | 550 | 350 | [500] | 100–600 | | max_depth | 10 | 10 | 9 | 9 | 3–10 | | l,"and subsample = 0.8; for the Seebeck model, learning_rate = 0.05 with [500] trees gave the best validation score (Table 4). Hyperparameters were",- ------------------------- ------------------ n_estimators [500] 700 \[add\] learning_rate,,3.4 Model development
223,100,100,GENERATED,table 4: t4_range_n_estimators,False,1,------------| | n_estimators | 500 | 550 | 350 | 500 | [100]–600 | | max_depth | 10 | 10 | 9 | 9 | 3–10 | | learnin,"and the four models predicted S, *σ*, *κ* and zT from 300 to 800 K in [100] K steps; the carrier-type classifier assigned the sign of S. Direct z",,,3.4 Model development
223,600,600,GENERATED,table 4: t4_range_n_estimators,False,2,--------| | n_estimators | 500 | 550 | 350 | 500 | 100–[600] | | max_depth | 10 | 10 | 9 | 9 | 3–10 | | learning_ra,"0.2. LaCoO~3~ and its Sr-doped derivatives are p-type, with S of 200--[600] *µ*V K^−1^ but modest zT \[24\]. *Halide perovskites.* Following the","(2,502 rows), so these predictions are more uncertain; re-ranking at [600] K, where the training data are densest, would provide a more robust l",,3.4 Model development
224,10,10,GENERATED,table 4: t4_S_max_depth,True,18,tors | 500 | 550 | 350 | 500 | 100–600 | | max_depth | [10] | 10 | 9 | 9 | 3–10 | | learning_rate | 0.03183 | 0.02,"but negligible electrical conductivity and high thermal conductivity ([10]--12 W m^−1^ K^−1^), giving zT below 0.01. La or Nb doping introduces",d 5.2K N/R 0.97 [10]-fold CV Elavunkel & Padhan \[38\] Stacking Half-Heusler sma,"ation range could not be confirmed), Wang et al. random split (paper: [10]-fold CV) and Ma & Poon random split (preprint does not state the spli",3.4 Model development
224,10,10,GENERATED,table 4: t4_sigma_max_depth,True,18,| 500 | 550 | 350 | 500 | 100–600 | | max_depth | 10 | [10] | 9 | 9 | 3–10 | | learning_rate | 0.03183 | 0.02669 |,"but negligible electrical conductivity and high thermal conductivity ([10]--12 W m^−1^ K^−1^), giving zT below 0.01. La or Nb doping introduces",d 5.2K N/R 0.97 [10]-fold CV Elavunkel & Padhan \[38\] Stacking Half-Heusler sma,"ation range could not be confirmed), Wang et al. random split (paper: [10]-fold CV) and Ma & Poon random split (preprint does not state the spli",3.4 Model development
224,9,9,GENERATED,table 4: t4_kappa_max_depth,True,5,| 550 | 350 | 500 | 100–600 | | max_depth | 10 | 10 | [9] | 9 | 3–10 | | learning_rate | 0.03183 | 0.02669 | 0.0,"aries more with synthesis conditions). *Statistical filtering (steps [9]--11).* Step 9 applied a median absolute deviation (MAD) filter, remov",Pnma 0.114 metastable 800 0.247 [9] EuHfS~3~ Pnma 0.129 stable,"chine learning prediction of materials properties, npj Comput. Mater. [9] (2023) 55. \[46\] S.M. Lundberg, S.-I. Lee, A unified approach to in",3.4 Model development
224,9,9,GENERATED,table 4: t4_zT_max_depth,True,5,50 | 350 | 500 | 100–600 | | max_depth | 10 | 10 | 9 | [9] | 3–10 | | learning_rate | 0.03183 | 0.02669 | 0.05742,"aries more with synthesis conditions). *Statistical filtering (steps [9]--11).* Step 9 applied a median absolute deviation (MAD) filter, remov",Pnma 0.114 metastable 800 0.247 [9] EuHfS~3~ Pnma 0.129 stable,"chine learning prediction of materials properties, npj Comput. Mater. [9] (2023) 55. \[46\] S.M. Lundberg, S.-I. Lee, A unified approach to in",3.4 Model development
224,3,3,GENERATED,table 4: t4_range_max_depth,True,11,350 | 500 | 100–600 | | max_depth | 10 | 10 | 9 | 9 | [3]–10 | | learning_rate | 0.03183 | 0.02669 | 0.05742 | 0,"ches its maximum at an optimum carrier concentration of ≈1019--1020 cm[−3].](media/image2.png ""Figure 2""){width=""4.385416666666667in"" height=""4.","(O, Cl, Br, I, S, Se, Te). The ideal cubic structure (space group *Pm*[3]̄*m*) consists of corner-sharing BX~6~ octahedra with the A cation in","al bounds of Step 1. A few records (8 of 125,283, \<0.01%) have zT \> [3.0], above the maximum reliably reported for bulk thermoelectrics (≈2.6 \",3.4 Model development
224,10,10,GENERATED,table 4: t4_range_max_depth,True,18,50 | 500 | 100–600 | | max_depth | 10 | 10 | 9 | 9 | 3–[10] | | learning_rate | 0.03183 | 0.02669 | 0.05742 | 0.02,"but negligible electrical conductivity and high thermal conductivity ([10]--12 W m^−1^ K^−1^), giving zT below 0.01. La or Nb doping introduces",d 5.2K N/R 0.97 [10]-fold CV Elavunkel & Padhan \[38\] Stacking Half-Heusler sma,"ation range could not be confirmed), Wang et al. random split (paper: [10]-fold CV) and Ma & Poon random split (preprint does not state the spli",3.4 Model development
225,0.01,0.01,GENERATED,table 4: t4_range_learning_rate,False,5,earning_rate | 0.03183 | 0.02669 | 0.05742 | 0.02188 | [0.01]–0.3 | | subsample | 0.8969 | 0.8676 | 0.9052 | 0.6804,"and high thermal conductivity (10--12 W m^−1^ K^−1^), giving zT below [0.01]. La or Nb doping introduces carriers and reduces both *κ* and S, rais","against the physical bounds of Step 1. A few records (8 of 125,283, \<[0.01%]) have zT \> 3.0, above the maximum reliably reported for bulk thermoe","ty. Key hyperparameters were colsample_bytree = 0.3, learning_rate = [0.01], max_depth = 10, n_estimators = 700 and subsample = 0.8; for the Seeb",3.4 Model development
225,0.3,0.3,GENERATED,table 4: t4_range_learning_rate,False,4,ng_rate | 0.03183 | 0.02669 | 0.05742 | 0.02188 | 0.01–[0.3] | | subsample | 0.8969 | 0.8676 | 0.9052 | 0.6804 | 0.,"ave better results (Table 3). Because XGBoost with colsample_bytree = [0.3] performs implicit feature subsampling at every tree, explicit pre-sel","for pipeline uniformity. Key hyperparameters were colsample_bytree = [0.3], learning_rate = 0.01, max_depth = 10, n_estimators = 700 and subsamp",0.8 \[add\] colsample_bytree [0.3] 0.3 \[add\] ----------------------,3.4 Model development
226,0.5,0.5,GENERATED,table 4: t4_range_subsample,False,7,.3 | | subsample | 0.8969 | 0.8676 | 0.9052 | 0.6804 | [0.5]–1.0 | | colsample_bytree | 0.5062 | 0.5167 | 0.7082 |,"ated all-inorganic halides exhibit lattice thermal conductivity below [0.5] W m^−1^ K^−1^ arising from soft, anharmonic vibrations and cation rat","r ambient conditions \[9\]. \[Issue: the thesis attributes the *κ* \< [0.5] W/mK value to Stoumpos et al. (2013), which does not report thermal c","o that the Cahill--Pohl minimum is material-specific (typically ≈0.2--[0.5] W/mK), so 0.05 W/mK is a permissive lower bound rather than the minim",3.4 Model development
226,1.0,1,GENERATED,table 4: t4_range_subsample,True,20,| subsample | 0.8969 | 0.8676 | 0.9052 | 0.6804 | 0.5–[1.0] | | colsample_bytree | 0.5062 | 0.5167 | 0.7082 | 0.69,"al and regulatory concerns. Bismuth telluride (Bi~2~Te~3~), with zT ≈ [1.0]--1.4, dominates near-room-temperature applications \[5\], while silic",erovskites from the Materials Project. \[Issue: RQ2 in thesis Chapter [1] (Materials Project constraints) differs from RQ2 answered in Chapter,"es not report thermal conductivity, and attributes ""theoretical zT \> [1.0]"" to Xie et al. (2020), which is largely experimental. Citations were",3.4 Model development
227,0.5,0.5,GENERATED,table 4: t4_range_colsample_bytree,False,7,colsample_bytree | 0.5062 | 0.5167 | 0.7082 | 0.6984 | [0.5]–1.0 | | min_child_weight | 4 | 4 | 6 | 4 | 1–10 | | re,"ated all-inorganic halides exhibit lattice thermal conductivity below [0.5] W m^−1^ K^−1^ arising from soft, anharmonic vibrations and cation rat","r ambient conditions \[9\]. \[Issue: the thesis attributes the *κ* \< [0.5] W/mK value to Stoumpos et al. (2013), which does not report thermal c","o that the Cahill--Pohl minimum is material-specific (typically ≈0.2--[0.5] W/mK), so 0.05 W/mK is a permissive lower bound rather than the minim",3.4 Model development
227,1.0,1,GENERATED,table 4: t4_range_colsample_bytree,True,20,ample_bytree | 0.5062 | 0.5167 | 0.7082 | 0.6984 | 0.5–[1.0] | | min_child_weight | 4 | 4 | 6 | 4 | 1–10 | | reg_la,"al and regulatory concerns. Bismuth telluride (Bi~2~Te~3~), with zT ≈ [1.0]--1.4, dominates near-room-temperature applications \[5\], while silic",erovskites from the Materials Project. \[Issue: RQ2 in thesis Chapter [1] (Materials Project constraints) differs from RQ2 answered in Chapter,"es not report thermal conductivity, and attributes ""theoretical zT \> [1.0]"" to Xie et al. (2020), which is largely experimental. Citations were",3.4 Model development
228,4,4,GENERATED,table 4: t4_S_min_child_weight,True,8,167 | 0.7082 | 0.6984 | 0.5–1.0 | | min_child_weight | [4] | 4 | 6 | 4 | 1–10 | | reg_lambda | 0.6494 | 0.8074 |,"10 ≤ *σ* ≤ 10^7^ S m^−1^, 0.05 ≤ *κ* ≤ 25 W m^−1^ K^−1^ and 0 ≤ zT ≤ [4]. The Seebeck bound is an empirical cap that excludes gross digitizati","low the amorphous (Cahill--Pohl) limit \[48\], respectively; and zT ≤ [4] admits all physically plausible values \[3\]. \[Issue: the text gives","ubic *Pm*3̄*m* and the common distorted variants *Pnma*, *R*3̄*c*, *I*[4]/*mcm*, *Imma*, *P*4/*mbm* and *Cmcm*). The remaining 346 ABX~3~ formu",3.4 Model development
228,4,4,GENERATED,table 4: t4_sigma_min_child_weight,True,8,| 0.7082 | 0.6984 | 0.5–1.0 | | min_child_weight | 4 | [4] | 6 | 4 | 1–10 | | reg_lambda | 0.6494 | 0.8074 | 0.05,"10 ≤ *σ* ≤ 10^7^ S m^−1^, 0.05 ≤ *κ* ≤ 25 W m^−1^ K^−1^ and 0 ≤ zT ≤ [4]. The Seebeck bound is an empirical cap that excludes gross digitizati","low the amorphous (Cahill--Pohl) limit \[48\], respectively; and zT ≤ [4] admits all physically plausible values \[3\]. \[Issue: the text gives","ubic *Pm*3̄*m* and the common distorted variants *Pnma*, *R*3̄*c*, *I*[4]/*mcm*, *Imma*, *P*4/*mbm* and *Cmcm*). The remaining 346 ABX~3~ formu",3.4 Model development
228,6,6,GENERATED,table 4: t4_kappa_min_child_weight,True,5,7082 | 0.6984 | 0.5–1.0 | | min_child_weight | 4 | 4 | [6] | 4 | 1–10 | | reg_lambda | 0.6494 | 0.8074 | 0.05444,by the pymatgen Composition class \[49\]. *Quality filtering (steps [6]--8).* Step 6 compared the reported zT with the value recomputed from,Cmcm 0.496 stable 800 0.255 [6] PrLuSe~3~ Cmcm 0.494 stable,".111 vs 0.093 at 1000 K) and predicts its Seebeck coefficient within ≈[6%] (+164 vs +175 *µ*V K^−1^), including the correct p-type sign. For CaM",3.4 Model development
228,4,4,GENERATED,table 4: t4_zT_min_child_weight,True,8,| 0.6984 | 0.5–1.0 | | min_child_weight | 4 | 4 | 6 | [4] | 1–10 | | reg_lambda | 0.6494 | 0.8074 | 0.05444 | 1.,"10 ≤ *σ* ≤ 10^7^ S m^−1^, 0.05 ≤ *κ* ≤ 25 W m^−1^ K^−1^ and 0 ≤ zT ≤ [4]. The Seebeck bound is an empirical cap that excludes gross digitizati","low the amorphous (Cahill--Pohl) limit \[48\], respectively; and zT ≤ [4] admits all physically plausible values \[3\]. \[Issue: the text gives","ubic *Pm*3̄*m* and the common distorted variants *Pnma*, *R*3̄*c*, *I*[4]/*mcm*, *Imma*, *P*4/*mbm* and *Cmcm*). The remaining 346 ABX~3~ formu",3.4 Model development
228,1,1,GENERATED,table 4: t4_range_min_child_weight,True,20,.6984 | 0.5–1.0 | | min_child_weight | 4 | 4 | 6 | 4 | [1]–10 | | reg_lambda | 0.6494 | 0.8074 | 0.05444 | 1.713,"al and regulatory concerns. Bismuth telluride (Bi~2~Te~3~), with zT ≈ [1.0]--1.4, dominates near-room-temperature applications \[5\], while silic",erovskites from the Materials Project. \[Issue: RQ2 in thesis Chapter [1] (Materials Project constraints) differs from RQ2 answered in Chapter,"es not report thermal conductivity, and attributes ""theoretical zT \> [1.0]"" to Xie et al. (2020), which is largely experimental. Citations were",3.4 Model development
228,10,10,GENERATED,table 4: t4_range_min_child_weight,True,18,984 | 0.5–1.0 | | min_child_weight | 4 | 4 | 6 | 4 | 1–[10] | | reg_lambda | 0.6494 | 0.8074 | 0.05444 | 1.713 | 1,"but negligible electrical conductivity and high thermal conductivity ([10]--12 W m^−1^ K^−1^), giving zT below 0.01. La or Nb doping introduces",d 5.2K N/R 0.97 [10]-fold CV Elavunkel & Padhan \[38\] Stacking Half-Heusler sma,"ation range could not be confirmed), Wang et al. random split (paper: [10]-fold CV) and Ma & Poon random split (preprint does not state the spli",3.4 Model development
229,10.0,10,GENERATED,table 4: t4_range_reg_lambda,True,18,reg_lambda | 0.6494 | 0.8074 | 0.05444 | 1.713 | 1e-3–[10.0] | | reg_alpha | 8.793 | 6.548 | 3.351 | 0.05033 | 1e-3,"but negligible electrical conductivity and high thermal conductivity ([10]--12 W m^−1^ K^−1^), giving zT below 0.01. La or Nb doping introduces",d 5.2K N/R 0.97 [10]-fold CV Elavunkel & Padhan \[38\] Stacking Half-Heusler sma,"ation range could not be confirmed), Wang et al. random split (paper: [10]-fold CV) and Ma & Poon random split (preprint does not state the spli",3.4 Model development
230,10.0,10,GENERATED,table 4: t4_range_reg_alpha,True,18,| | reg_alpha | 8.793 | 6.548 | 3.351 | 0.05033 | 1e-3–[10.0] | The Seebeck regressor is train,"but negligible electrical conductivity and high thermal conductivity ([10]--12 W m^−1^ K^−1^), giving zT below 0.01. La or Nb doping introduces",d 5.2K N/R 0.97 [10]-fold CV Elavunkel & Padhan \[38\] Stacking Half-Heusler sma,"ation range could not be confirmed), Wang et al. random split (paper: [10]-fold CV) and Ma & Poon random split (preprint does not state the spli",3.4 Model development
237,5,5,UNCLASSIFIED,,True,21,"ssigned to a chemistry cluster: elements present below [5] atomic percent are treated as dopants and removed, rem",(Materials Project constraints) differs from RQ2 answered in Chapter [5] (validation inflation). The Chapter 5 version is used here; screening,rs from RQ2 answered in Chapter 5 (validation inflation). The Chapter [5] version is used here; screening is treated as an application. Keep th,"0\]. Known limitations include digitization uncertainty (typically 2--[5%]), inter-laboratory variability for the same nominal composition and o",3.5 Validation strategy
237,5%,5,UNCLASSIFIED,,True,21,"eated as dopants and removed, remaining amounts within [5%] of an integer are snapped to that integer, and the for",(Materials Project constraints) differs from RQ2 answered in Chapter [5] (validation inflation). The Chapter 5 version is used here; screening,rs from RQ2 answered in Chapter 5 (validation inflation). The Chapter [5] version is used here; screening is treated as an application. Keep th,"0\]. Known limitations include digitization uncertainty (typically 2--[5%]), inter-laboratory variability for the same nominal composition and o",3.5 Validation strategy
237,6.0,6,UNCLASSIFIED,,True,5,"Te, while Bi~2~Te~2.7~Se~0.3~, where selenium occupies [6.0] atomic percent and is an alloy component, does not gro",by the pymatgen Composition class \[49\]. *Quality filtering (steps [6]--8).* Step 6 compared the reported zT with the value recomputed from,Cmcm 0.496 stable 800 0.255 [6] PrLuSe~3~ Cmcm 0.494 stable,".111 vs 0.093 at 1000 K) and predicts its Seebeck coefficient within ≈[6%] (+164 vs +175 *µ*V K^−1^), including the correct p-type sign. For CaM",3.5 Validation strategy
237,5,5,GENERATED,repeats,True,21,t clusters randomised between repeats: [5] repeats of 5 -fol,(Materials Project constraints) differs from RQ2 answered in Chapter [5] (validation inflation). The Chapter 5 version is used here; screening,rs from RQ2 answered in Chapter 5 (validation inflation). The Chapter [5] version is used here; screening is treated as an application. Keep th,"0\]. Known limitations include digitization uncertainty (typically 2--[5%]), inter-laboratory variability for the same nominal composition and o",3.5 Validation strategy
237,5,5,GENERATED,outer_folds,True,21,5 repeats of [5] -fold CV [@roberts2017cross]. To quantify infl,(Materials Project constraints) differs from RQ2 answered in Chapter [5] (validation inflation). The Chapter 5 version is used here; screening,rs from RQ2 answered in Chapter 5 (validation inflation). The Chapter [5] version is used here; screening is treated as an application. Keep th,"0\]. Known limitations include digitization uncertainty (typically 2--[5%]), inter-laboratory variability for the same nominal composition and o",3.5 Validation strategy
237,20,20,GENERATED,rand_draws,True,9,", hyperparameters and features: (i) [20] independent random 80/20 draws, pooled; (ii)","sumption because a material such as Bi~0.5~Sb~1.5~Te~3~ may appear at [20] temperatures (300, 325, . . . , 800 K); under random splitting the te","tegies were applied with the same model and features: (i) a random 80/[20] split; (ii) 5-fold and (iii) 10-fold CV, all partitioning data at row",ean \|SHAP\| per feature) and beeswarm plots were created for the top [20] features per target. Agreement between the most important features an,3.5 Validation strategy
237,80,80,UNCLASSIFIED,,True,1,"(i) 20 independent random [80]/20 draws, pooled; (ii) 5-fold and (iii) 10-fold CV, al","trategies were applied with the same model and features: (i) a random [80]/20 split; (ii) 5-fold and (iii) 10-fold CV, all partitioning data at",,,3.5 Validation strategy
237,20,20,UNCLASSIFIED,,True,9,") 20 independent random 80/[20] draws, pooled; (ii) 5-fold and (iii) 10-fold CV, all p","sumption because a material such as Bi~0.5~Sb~1.5~Te~3~ may appear at [20] temperatures (300, 325, . . . , 800 K); under random splitting the te","tegies were applied with the same model and features: (i) a random 80/[20] split; (ii) 5-fold and (iii) 10-fold CV, all partitioning data at row",ean \|SHAP\| per feature) and beeswarm plots were created for the top [20] features per target. Agreement between the most important features an,3.5 Validation strategy
237,5,5,UNCLASSIFIED,,True,21,"independent random 80/20 draws, pooled; (ii) [5]-fold and (iii) 10-fold CV, all partitioning data at ro",(Materials Project constraints) differs from RQ2 answered in Chapter [5] (validation inflation). The Chapter 5 version is used here; screening,rs from RQ2 answered in Chapter 5 (validation inflation). The Chapter [5] version is used here; screening is treated as an application. Keep th,"0\]. Known limitations include digitization uncertainty (typically 2--[5%]), inter-laboratory variability for the same nominal composition and o",3.5 Validation strategy
237,10,10,UNCLASSIFIED,,True,18,"dent random 80/20 draws, pooled; (ii) 5-fold and (iii) [10]-fold CV, all partitioning data at row level; (iv) comp","but negligible electrical conductivity and high thermal conductivity ([10]--12 W m^−1^ K^−1^), giving zT below 0.01. La or Nb doping introduces",d 5.2K N/R 0.97 [10]-fold CV Elavunkel & Padhan \[38\] Stacking Half-Heusler sma,"ation range could not be confirmed), Wang et al. random split (paper: [10]-fold CV) and Ma & Poon random split (preprint does not state the spli",3.5 Validation strategy
245,100%,100,UNCLASSIFIED,,False,1,"(8) For external validation, the models were refit on [100%] of the training data with their frozen hyperparameters","and the four models predicted S, *σ*, *κ* and zT from 300 to 800 K in [100] K steps; the carrier-type classifier assigned the sign of S. Direct z",,,3.5 Validation strategy
245,300,300,GENERATED,t_min,False,10,"TM [@na2022public]. After restricting to [300] -- 800 K, ESTM has",ndoped SrTiO~3~ has a large Seebeck coefficient (≈ −700 *µ*V K^−1^ at [300] K) but negligible electrical conductivity and high thermal conductivi,"a material such as Bi~0.5~Sb~1.5~Te~3~ may appear at 20 temperatures ([300], 325, . . . , 800 K); under random splitting the test prediction beco","ed curve data with sample metadata. Step 3 restricted temperatures to [300]--800 K, the practically relevant range for waste-heat recovery, and b",3.5 Validation strategy
245,800,800,GENERATED,t_max,False,28,"stricting to 300 -- [800] K, ESTM has 4,539","rSe~3~ emerged as the most credible candidate (predicted zT ≈ 0.33 at [800] K). Composition-based models are therefore useful for triage, but che","lycrystalline BiSbSe~3~ has been reported to reach zT close to 1.0 at [800] K with S ≈ −254 *µ*V K^−1^, and Cu~3~SbS~3~ and Ag~3~SbS~3~ show intr","Bi~0.5~Sb~1.5~Te~3~ may appear at 20 temperatures (300, 325, . . . , [800] K); under random splitting the test prediction becomes interpolation",3.5 Validation strategy
245,69,69,GENERATED,estm_dois,True,2,literature and share source papers: [69] ESTM source publications also appear in the t,"ands for high performance bulk thermoelectrics, Nature 473 (2011) 66--[69]. \[20\] L.-D. Zhao, S.-H. Lo, Y. Zhang, H. Sun, G. Tan, C. Uher, C.","toolkit for materials data mining, Comput. Mater. Sci. 152 (2018) 60--[69]. \[52\] T. Chen, C. Guestrin, XGBoost: A scalable tree boosting syst",,3.5 Validation strategy
245,300,300,GENERATED,na9_clusters_seen,False,10,occur in the training data ( [300] of the 528 chem,ndoped SrTiO~3~ has a large Seebeck coefficient (≈ −700 *µ*V K^−1^ at [300] K) but negligible electrical conductivity and high thermal conductivi,"a material such as Bi~0.5~Sb~1.5~Te~3~ may appear at 20 temperatures ([300], 325, . . . , 800 K); under random splitting the test prediction beco","ed curve data with sample metadata. Step 3 restricted temperatures to [300]--800 K, the practically relevant range for waste-heat recovery, and b",3.5 Validation strategy
249,0.05,0.05,UNCLASSIFIED,,False,8,compounds with energy above the convex hull E~hull~ ≤ [0.05] eV atom^−1^ (lower values indicate greater thermodynam,"y for S. Screening of the Materials Project with stability (E~hull~ ≤ [0.05] eV), band-gap and space-group filters identified 204 lead-free perovs","-range bounds: −1000 ≤ S ≤ 1000 *µ*V K^−1^, 10 ≤ *σ* ≤ 10^7^ S m^−1^, [0.05] ≤ *κ* ≤ 25 W m^−1^ K^−1^ and 0 ≤ zT ≤ 4. The Seebeck bound is an empi","ill--Pohl minimum is material-specific (typically ≈0.2--0.5 W/mK), so [0.05] W/mK is a permissive lower bound rather than the minimum itself.\] St",3.6 Virtual screening
251,300,300,UNCLASSIFIED,,False,10,"ed and the four models predict S, *σ*, *κ* and zT from [300] to 800 K in 100 K steps [[PENDING: NA11]]; the carrier",ndoped SrTiO~3~ has a large Seebeck coefficient (≈ −700 *µ*V K^−1^ at [300] K) but negligible electrical conductivity and high thermal conductivi,"a material such as Bi~0.5~Sb~1.5~Te~3~ may appear at 20 temperatures ([300], 325, . . . , 800 K); under random splitting the test prediction beco","ed curve data with sample metadata. Step 3 restricted temperatures to [300]--800 K, the practically relevant range for waste-heat recovery, and b",3.6 Virtual screening
251,800,800,UNCLASSIFIED,,False,28,"the four models predict S, *σ*, *κ* and zT from 300 to [800] K in 100 K steps [[PENDING: NA11]]; the carrier-type c","rSe~3~ emerged as the most credible candidate (predicted zT ≈ 0.33 at [800] K). Composition-based models are therefore useful for triage, but che","lycrystalline BiSbSe~3~ has been reported to reach zT close to 1.0 at [800] K with S ≈ −254 *µ*V K^−1^, and Cu~3~SbS~3~ and Ag~3~SbS~3~ show intr","Bi~0.5~Sb~1.5~Te~3~ may appear at 20 temperatures (300, 325, . . . , [800] K); under random splitting the test prediction becomes interpolation",3.6 Virtual screening
251,100,100,UNCLASSIFIED,,False,1,"models predict S, *σ*, *κ* and zT from 300 to 800 K in [100] K steps [[PENDING: NA11]]; the carrier-type classifier","and the four models predicted S, *σ*, *κ* and zT from 300 to 800 K in [100] K steps; the carrier-type classifier assigned the sign of S. Direct z",,,3.6 Virtual screening
255,20,20,UNCLASSIFIED,,True,9,er feature) and beeswarm plots are created for the top [20] features per target [[PENDING: NA3]]. Agreement betwee,"sumption because a material such as Bi~0.5~Sb~1.5~Te~3~ may appear at [20] temperatures (300, 325, . . . , 800 K); under random splitting the te","tegies were applied with the same model and features: (i) a random 80/[20] split; (ii) 5-fold and (iii) 10-fold CV, all partitioning data at row",ean \|SHAP\| per feature) and beeswarm plots were created for the top [20] features per target. Agreement between the most important features an,3.7 Model explainability
263,0.80,0.8,GENERATED,na8_slope_kappa,False,18,"0.68 (*σ*), [0.80] (*κ*) and 0.73","e the ionic radii of the A-, B- and X-site ions. Values of t between ≈[0.80] and 1.05 generally correspond to perovskite formation. Bartel et al.",on \[35\] LightGBM Compiled TE 14.1K [0.80] 0.86 Not stated Sun et al. \[14\],XGBoost Starrydata2 ∼160K N/R ∼[0.80] \[verify\] Wang et al. \[37\] Stacking,4.1.1 Chemistry-cluster cross-validation
263,5%,5,UNCLASSIFIED,,True,21,"d 0.73 (zT), and the top [5%] of zT rows (mean measured zT 1",(Materials Project constraints) differs from RQ2 answered in Chapter [5] (validation inflation). The Chapter 5 version is used here; screening,rs from RQ2 answered in Chapter 5 (validation inflation). The Chapter [5] version is used here; screening is treated as an application. Keep th,"0\]. Known limitations include digitization uncertainty (typically 2--[5%]), inter-laboratory variability for the same nominal composition and o",4.1.1 Chemistry-cluster cross-validation
266,5,5,GENERATED,table 5: repeats,True,21,** Chemistry-cluster grouped cross-validation results ([5] repeats of 5-fold CV; R^2^ is the mean ± standard devi,(Materials Project constraints) differs from RQ2 answered in Chapter [5] (validation inflation). The Chapter 5 version is used here; screening,rs from RQ2 answered in Chapter 5 (validation inflation). The Chapter [5] version is used here; screening is treated as an application. Keep th,"0\]. Known limitations include digitization uncertainty (typically 2--[5%]), inter-laboratory variability for the same nominal composition and o",4.1.1 Chemistry-cluster cross-validation
266,5,5,GENERATED,table 5: outer_folds,True,21,cluster grouped cross-validation results (5 repeats of [5]-fold CV; R^2^ is the mean ± standard deviation across,(Materials Project constraints) differs from RQ2 answered in Chapter [5] (validation inflation). The Chapter 5 version is used here; screening,rs from RQ2 answered in Chapter 5 (validation inflation). The Chapter [5] version is used here; screening is treated as an application. Keep th,"0\]. Known limitations include digitization uncertainty (typically 2--[5%]), inter-laboratory variability for the same nominal composition and o",4.1.1 Chemistry-cluster cross-validation
271,0.002,0.002,GENERATED,table 5: chem_sd_sigma,False,4,"| 51.5 | 87.9 | 185,064 | 397 | | log~10~*σ* | 0.702 ± [0.002] | 0.029 | 0.230 | 0.334 | 182,755 | 397 | | log~10~*κ*",0.012 zT 0.695 (32 features) 0.697 +[0.002] -------------------------------------------------------------------,M + random forest with a ridge meta-learner) improved R^2^ by at most [0.002] (Table 7). This confirms that the performance ceiling is determined b,------------- S 0.718 0.720 +[0.002] *σ* 0.603 0.602 −0.001 *κ*,4.1.1 Chemistry-cluster cross-validation
272,0.002,0.002,GENERATED,table 5: chem_sd_kappa,False,4,"0.230 | 0.334 | 182,755 | 397 | | log~10~*κ* | 0.809 ± [0.002] | 0.017 | 0.097 | 0.140 | 121,110 | 397 | | zT | 0.746",0.012 zT 0.695 (32 features) 0.697 +[0.002] -------------------------------------------------------------------,M + random forest with a ridge meta-learner) improved R^2^ by at most [0.002] (Table 7). This confirms that the performance ceiling is determined b,------------- S 0.718 0.720 +[0.002] *σ* 0.603 0.602 −0.001 *κ*,4.1.1 Chemistry-cluster cross-validation
282,5,5,UNCLASSIFIED,,True,21,". 8 compare the five validation methods. Random split, [5]-fold and 10-fold CV give practically identical R^2^ (m",(Materials Project constraints) differs from RQ2 answered in Chapter [5] (validation inflation). The Chapter 5 version is used here; screening,rs from RQ2 answered in Chapter 5 (validation inflation). The Chapter [5] version is used here; screening is treated as an application. Keep th,"0\]. Known limitations include digitization uncertainty (typically 2--[5%]), inter-laboratory variability for the same nominal composition and o",4.1.2 Validation method comparison
282,10,10,UNCLASSIFIED,,True,18,"the five validation methods. Random split, 5-fold and [10]-fold CV give practically identical R^2^ (maximum diffe","but negligible electrical conductivity and high thermal conductivity ([10]--12 W m^−1^ K^−1^), giving zT below 0.01. La or Nb doping introduces",d 5.2K N/R 0.97 [10]-fold CV Elavunkel & Padhan \[38\] Stacking Half-Heusler sma,"ation range could not be confirmed), Wang et al. random split (paper: [10]-fold CV) and Ma & Poon random split (preprint does not state the spli",4.1.2 Validation method comparison
282,0.002,0.002,GENERATED,spread_max,False,4,"identical R^2^ (maximum difference [0.002] per target), showing that all three leak the",0.012 zT 0.695 (32 features) 0.697 +[0.002] -------------------------------------------------------------------,M + random forest with a ridge meta-learner) improved R^2^ by at most [0.002] (Table 7). This confirms that the performance ceiling is determined b,------------- S 0.718 0.720 +[0.002] *σ* 0.603 0.602 −0.001 *κ*,4.1.2 Validation method comparison
285,80,80,UNCLASSIFIED,,True,1,"odel, frozen hyperparameters and 397 features). Random [80]/20 pools 20 independent draws; 5-fold and 10-fold are","trategies were applied with the same model and features: (i) a random [80]/20 split; (ii) 5-fold and (iii) 10-fold CV, all partitioning data at",,,4.1.2 Validation method comparison
285,20,20,UNCLASSIFIED,,True,9,"l, frozen hyperparameters and 397 features). Random 80/[20] pools 20 independent draws; 5-fold and 10-fold are sin","sumption because a material such as Bi~0.5~Sb~1.5~Te~3~ may appear at [20] temperatures (300, 325, . . . , 800 K); under random splitting the te","tegies were applied with the same model and features: (i) a random 80/[20] split; (ii) 5-fold and (iii) 10-fold CV, all partitioning data at row",ean \|SHAP\| per feature) and beeswarm plots were created for the top [20] features per target. Agreement between the most important features an,4.1.2 Validation method comparison
285,20,20,GENERATED,table 6: rand_draws,True,9,hyperparameters and 397 features). Random 80/20 pools [20] independent draws; 5-fold and 10-fold are single parti,"sumption because a material such as Bi~0.5~Sb~1.5~Te~3~ may appear at [20] temperatures (300, 325, . . . , 800 K); under random splitting the te","tegies were applied with the same model and features: (i) a random 80/[20] split; (ii) 5-fold and (iii) 10-fold CV, all partitioning data at row",ean \|SHAP\| per feature) and beeswarm plots were created for the top [20] features per target. Agreement between the most important features an,4.1.2 Validation method comparison
285,5,5,UNCLASSIFIED,,True,21,97 features). Random 80/20 pools 20 independent draws; [5]-fold and 10-fold are single partitions; composition an,(Materials Project constraints) differs from RQ2 answered in Chapter [5] (validation inflation). The Chapter 5 version is used here; screening,rs from RQ2 answered in Chapter 5 (validation inflation). The Chapter [5] version is used here; screening is treated as an application. Keep th,"0\]. Known limitations include digitization uncertainty (typically 2--[5%]), inter-laboratory variability for the same nominal composition and o",4.1.2 Validation method comparison
285,10,10,UNCLASSIFIED,,True,18,). Random 80/20 pools 20 independent draws; 5-fold and [10]-fold are single partitions; composition and chemistry,"but negligible electrical conductivity and high thermal conductivity ([10]--12 W m^−1^ K^−1^), giving zT below 0.01. La or Nb doping introduces",d 5.2K N/R 0.97 [10]-fold CV Elavunkel & Padhan \[38\] Stacking Half-Heusler sma,"ation range could not be confirmed), Wang et al. random split (paper: [10]-fold CV) and Ma & Poon random split (preprint does not state the spli",4.1.2 Validation method comparison
285,5,5,GENERATED,table 6: repeats,True,21,osition and chemistry cluster are the mean ± SD across [5] repeats. ∆R^2^ is random 80/20 minus chemistry cluster,(Materials Project constraints) differs from RQ2 answered in Chapter [5] (validation inflation). The Chapter 5 version is used here; screening,rs from RQ2 answered in Chapter 5 (validation inflation). The Chapter [5] version is used here; screening is treated as an application. Keep th,"0\]. Known limitations include digitization uncertainty (typically 2--[5%]), inter-laboratory variability for the same nominal composition and o",4.1.2 Validation method comparison
285,80,80,UNCLASSIFIED,,True,1,er are the mean ± SD across 5 repeats. ∆R^2^ is random [80]/20 minus chemistry cluster. | **Target** | **Random 8,"trategies were applied with the same model and features: (i) a random [80]/20 split; (ii) 5-fold and (iii) 10-fold CV, all partitioning data at",,,4.1.2 Validation method comparison
285,20,20,UNCLASSIFIED,,True,9,are the mean ± SD across 5 repeats. ∆R^2^ is random 80/[20] minus chemistry cluster. | **Target** | **Random 80/2,"sumption because a material such as Bi~0.5~Sb~1.5~Te~3~ may appear at [20] temperatures (300, 325, . . . , 800 K); under random splitting the te","tegies were applied with the same model and features: (i) a random 80/[20] split; (ii) 5-fold and (iii) 10-fold CV, all partitioning data at row",ean \|SHAP\| per feature) and beeswarm plots were created for the top [20] features per target. Agreement between the most important features an,4.1.2 Validation method comparison
287,80,80,UNCLASSIFIED,,True,1,0/20 minus chemistry cluster. | **Target** | **Random [80]/20** | **5-fold** | **10-fold** | **Composition** | **,"trategies were applied with the same model and features: (i) a random [80]/20 split; (ii) 5-fold and (iii) 10-fold CV, all partitioning data at",,,4.1.2 Validation method comparison
287,20,20,UNCLASSIFIED,,True,9,0 minus chemistry cluster. | **Target** | **Random 80/[20]** | **5-fold** | **10-fold** | **Composition** | **Che,"sumption because a material such as Bi~0.5~Sb~1.5~Te~3~ may appear at [20] temperatures (300, 325, . . . , 800 K); under random splitting the te","tegies were applied with the same model and features: (i) a random 80/[20] split; (ii) 5-fold and (iii) 10-fold CV, all partitioning data at row",ean \|SHAP\| per feature) and beeswarm plots were created for the top [20] features per target. Agreement between the most important features an,4.1.2 Validation method comparison
287,5,5,UNCLASSIFIED,,True,21,hemistry cluster. | **Target** | **Random 80/20** | **[5]-fold** | **10-fold** | **Composition** | **Chemistry c,(Materials Project constraints) differs from RQ2 answered in Chapter [5] (validation inflation). The Chapter 5 version is used here; screening,rs from RQ2 answered in Chapter 5 (validation inflation). The Chapter [5] version is used here; screening is treated as an application. Keep th,"0\]. Known limitations include digitization uncertainty (typically 2--[5%]), inter-laboratory variability for the same nominal composition and o",4.1.2 Validation method comparison
287,10,10,UNCLASSIFIED,,True,18,ter. | **Target** | **Random 80/20** | **5-fold** | **[10]-fold** | **Composition** | **Chemistry cluster** | **∆,"but negligible electrical conductivity and high thermal conductivity ([10]--12 W m^−1^ K^−1^), giving zT below 0.01. La or Nb doping introduces",d 5.2K N/R 0.97 [10]-fold CV Elavunkel & Padhan \[38\] Stacking Half-Heusler sma,"ation range could not be confirmed), Wang et al. random split (paper: [10]-fold CV) and Ma & Poon random split (preprint does not state the spli",4.1.2 Validation method comparison
289,0.958,0.958,GENERATED,table 6: rand_S,False,1,--------|-------------|-------------|----------| | S | [0.958] | 0.958 | 0.960 | 0.832 ± 0.004 | 0.753 ± 0.005 | +0.2,------------ ---------------- ----------- S 0.959 [0.958] 0.959 0.854 0.718 +0.241 *σ*,,,4.1.2 Validation method comparison
289,0.958,0.958,GENERATED,table 6: k5_S,False,1,|-------------|-------------|----------| | S | 0.958 | [0.958] | 0.960 | 0.832 ± 0.004 | 0.753 ± 0.005 | +0.205 | | *,------------ ---------------- ----------- S 0.959 [0.958] 0.959 0.854 0.718 +0.241 *σ*,,,4.1.2 Validation method comparison
290,0.002,0.002,GENERATED,table 6: comp_sd_sigma,False,4,005 | +0.205 | | *σ* | 0.915 | 0.915 | 0.917 | 0.776 ± [0.002] | 0.702 ± 0.002 | +0.213 | | *κ* | 0.943 | 0.944 | 0.9,0.012 zT 0.695 (32 features) 0.697 +[0.002] -------------------------------------------------------------------,M + random forest with a ridge meta-learner) improved R^2^ by at most [0.002] (Table 7). This confirms that the performance ceiling is determined b,------------- S 0.718 0.720 +[0.002] *σ* 0.603 0.602 −0.001 *κ*,4.1.2 Validation method comparison
290,0.002,0.002,GENERATED,table 6: chem_sd_sigma,False,4,*σ* | 0.915 | 0.915 | 0.917 | 0.776 ± 0.002 | 0.702 ± [0.002] | +0.213 | | *κ* | 0.943 | 0.944 | 0.946 | 0.857 ± 0.0,0.012 zT 0.695 (32 features) 0.697 +[0.002] -------------------------------------------------------------------,M + random forest with a ridge meta-learner) improved R^2^ by at most [0.002] (Table 7). This confirms that the performance ceiling is determined b,------------- S 0.718 0.720 +[0.002] *σ* 0.603 0.602 −0.001 *κ*,4.1.2 Validation method comparison
291,0.001,0.001,GENERATED,table 6: comp_sd_kappa,False,1,002 | +0.213 | | *κ* | 0.943 | 0.944 | 0.946 | 0.857 ± [0.001] | 0.809 ± 0.002 | +0.134 | | zT | 0.918 | 0.918 | 0.91,+0.002 *σ* 0.603 0.602 [−0.001] *κ* 0.778 0.778 0.000 zT,,,4.1.2 Validation method comparison
291,0.002,0.002,GENERATED,table 6: chem_sd_kappa,False,4,*κ* | 0.943 | 0.944 | 0.946 | 0.857 ± 0.001 | 0.809 ± [0.002] | +0.134 | | zT | 0.918 | 0.918 | 0.919 | 0.818 ± 0.00,0.012 zT 0.695 (32 features) 0.697 +[0.002] -------------------------------------------------------------------,M + random forest with a ridge meta-learner) improved R^2^ by at most [0.002] (Table 7). This confirms that the performance ceiling is determined b,------------- S 0.718 0.720 +[0.002] *σ* 0.603 0.602 −0.001 *κ*,4.1.2 Validation method comparison
292,0.001,0.001,GENERATED,table 6: comp_sd_zT,False,1,.002 | +0.134 | | zT | 0.918 | 0.918 | 0.919 | 0.818 ± [0.001] | 0.746 ± 0.005 | +0.172 | ![Fig,+0.002 *σ* 0.603 0.602 [−0.001] *κ* 0.778 0.778 0.000 zT,,,4.1.2 Validation method comparison
297,80,80,UNCLASSIFIED,,True,1,cluster CV is the lowest for every target; ∆ is random [80]/20 minus chemistry cluster. Error bars are the standar,"trategies were applied with the same model and features: (i) a random [80]/20 split; (ii) 5-fold and (iii) 10-fold CV, all partitioning data at",,,4.1.2 Validation method comparison
297,20,20,UNCLASSIFIED,,True,9,ster CV is the lowest for every target; ∆ is random 80/[20] minus chemistry cluster. Error bars are the standard d,"sumption because a material such as Bi~0.5~Sb~1.5~Te~3~ may appear at [20] temperatures (300, 325, . . . , 800 K); under random splitting the te","tegies were applied with the same model and features: (i) a random 80/[20] split; (ii) 5-fold and (iii) 10-fold CV, all partitioning data at row",ean \|SHAP\| per feature) and beeswarm plots were created for the top [20] features per target. Agreement between the most important features an,4.1.2 Validation method comparison
301,0.010,0.01,GENERATED,abl_delta_sigma,False,5,"0.006 (S), [0.010] (*σ*), 0.006","and high thermal conductivity (10--12 W m^−1^ K^−1^), giving zT below [0.01]. La or Nb doping introduces carriers and reduces both *κ* and S, rais","against the physical bounds of Step 1. A few records (8 of 125,283, \<[0.01%]) have zT \> 3.0, above the maximum reliably reported for bulk thermoe","ty. Key hyperparameters were colsample_bytree = 0.3, learning_rate = [0.01], max_depth = 10, n_estimators = 700 and subsample = 0.8; for the Seeb",4.1.3 Algorithm comparison
313,300,300,GENERATED,t_min,False,10,"4,539 rows within [300] -- 800 K) were not used",ndoped SrTiO~3~ has a large Seebeck coefficient (≈ −700 *µ*V K^−1^ at [300] K) but negligible electrical conductivity and high thermal conductivi,"a material such as Bi~0.5~Sb~1.5~Te~3~ may appear at 20 temperatures ([300], 325, . . . , 800 K); under random splitting the test prediction beco","ed curve data with sample metadata. Step 3 restricted temperatures to [300]--800 K, the practically relevant range for waste-heat recovery, and b",4.2 External validation
313,800,800,GENERATED,t_max,False,28,rows within 300 -- [800] K) were not used in model development. Result,"rSe~3~ emerged as the most credible candidate (predicted zT ≈ 0.33 at [800] K). Composition-based models are therefore useful for triage, but che","lycrystalline BiSbSe~3~ has been reported to reach zT close to 1.0 at [800] K with S ≈ −254 *µ*V K^−1^, and Cu~3~SbS~3~ and Ag~3~SbS~3~ show intr","Bi~0.5~Sb~1.5~Te~3~ may appear at 20 temperatures (300, 325, . . . , [800] K); under random splitting the test prediction becomes interpolation",4.2 External validation
313,−0.247,0.247,GENERATED,estm_b_drop_zT,False,1,0.498 in stratum (b) ( [−0.247] ) and 0.662 in stra,e~3~ Pnma 0.114 metastable 800 [0.247] 9 EuHfS~3~ Pnma 0.129 stable,,,4.2 External validation
313,0.275,0.275,GENERATED,estm_b_sigma,False,1,427 in stratum b; R^2^ = [0.275] ): ESTM extends beyond the conductivity range,e~3~ Pnma 0.117 metastable 800 [0.275] 5 NdLuSe~3~ Cmcm 0.496 stable,,,4.2 External validation
313,17,17,GENERATED,estm_b_ood,True,4,"1,448 rows; [17] % lie outside it) raises it to","e (zT) predictions with machine learning, ACS Appl. Mater. Interfaces [17] (2025) 1662--1673. \[Thesis cites 2024; volume 17 is the 2025 issue (",. Mater. Interfaces 17 (2025) 1662--1673. \[Thesis cites 2024; volume [17] is the 2025 issue (online Dec 2024). Use the year of the issue consis,"sis text says ""1,800 rows""; Fig. 5 says 1,780. Use the exact number. [17]. Issue: state whether MAD was scaled by 1.4826 (consistency with the",4.2 External validation
316,300,300,UNCLASSIFIED,,False,10,"external validation (R^2^). The 4,539 ESTM rows within [300]--800 K are scored in two strata that are never pooled:",ndoped SrTiO~3~ has a large Seebeck coefficient (≈ −700 *µ*V K^−1^ at [300] K) but negligible electrical conductivity and high thermal conductivi,"a material such as Bi~0.5~Sb~1.5~Te~3~ may appear at 20 temperatures ([300], 325, . . . , 800 K); under random splitting the test prediction beco","ed curve data with sample metadata. Step 3 restricted temperatures to [300]--800 K, the practically relevant range for waste-heat recovery, and b",4.2 External validation
316,800,800,UNCLASSIFIED,,False,28,"nal validation (R^2^). The 4,539 ESTM rows within 300--[800] K are scored in two strata that are never pooled: rows","rSe~3~ emerged as the most credible candidate (predicted zT ≈ 0.33 at [800] K). Composition-based models are therefore useful for triage, but che","lycrystalline BiSbSe~3~ has been reported to reach zT close to 1.0 at [800] K with S ≈ −254 *µ*V K^−1^, and Cu~3~SbS~3~ and Ag~3~SbS~3~ show intr","Bi~0.5~Sb~1.5~Te~3~ may appear at 20 temperatures (300, 325, . . . , [800] K); under random splitting the test prediction becomes interpolation",4.2 External validation
321,0.275,0.275,GENERATED,table 8: estm_b_sigma,False,1,566 | 0.354 | 0.512 | −0.399 | | *σ* | 0.702 | 0.399 | [0.275] | 0.408 | −0.427 | | *κ* | 0.809 | 0.689 | 0.618 | 0.6,e~3~ Pnma 0.117 metastable 800 [0.275] 5 NdLuSe~3~ Cmcm 0.496 stable,,,4.2 External validation
323,−0.247,0.247,GENERATED,table 8: estm_b_drop_zT,False,1,.191 | | zT (direct) | 0.746 | 0.662 | 0.498 | 0.534 | [−0.247] | ![Figure 9](../figures/fig9_es,e~3~ Pnma 0.114 metastable 800 [0.247] 9 EuHfS~3~ Pnma 0.129 stable,,,4.2 External validation
334,0.030,0.03,GENERATED,shap_zT_3_val,False,1,"ean NdValence (d-electron count; [0.030] ), governs carrier transport in transition-met",e means across five folds; fold-level standard deviations were ±0.01--[0.03] for all targets. \[Report the individual fold standard deviation for,,,4.3 Feature importance and explainability
344,20,20,UNCLASSIFIED,,True,9,"]] **Figure 10:** SHAP global feature importance (top [20] features) for (a) zT, (b) S, (c) *κ* and (d) *σ*. [[P","sumption because a material such as Bi~0.5~Sb~1.5~Te~3~ may appear at [20] temperatures (300, 325, . . . , 800 K); under random splitting the te","tegies were applied with the same model and features: (i) a random 80/[20] split; (ii) 5-fold and (iii) 10-fold CV, all partitioning data at row",ean \|SHAP\| per feature) and beeswarm plots were created for the top [20] features per target. Agreement between the most important features an,4.3 Feature importance and explainability
350,20,20,GENERATED,shap_share_temperature,True,9,"emperature accounts for [20] % of the mean \|SHAP\|, CBFV features for","sumption because a material such as Bi~0.5~Sb~1.5~Te~3~ may appear at [20] temperatures (300, 325, . . . , 800 K); under random splitting the te","tegies were applied with the same model and features: (i) a random 80/[20] split; (ii) 5-fold and (iii) 10-fold CV, all partitioning data at row",ean \|SHAP\| per feature) and beeswarm plots were created for the top [20] features per target. Agreement between the most important features an,4.3 Feature importance and explainability
350,28,28,GENERATED,shap_share_magpie,True,2,% and MAGPIE features for [28] % (shares over all 397,"ine-learning-driven synthesis of full-Heusler compounds, Chem. Mater. [28] (2016) 7324--7331. \[41\] S. Tamura, Isotope scattering of dispersiv","7. The thesis text referred to this figure as ""Figure 7""; corrected. [28]. Add the LightGBM and random-forest R^2^ values to this table so that",,4.3 Feature importance and explainability
362,5,5,UNCLASSIFIED,,True,21,"s repeated under random row-level validation (shuffled [5]-fold, five repeats, the same 56,088",(Materials Project constraints) differs from RQ2 answered in Chapter [5] (validation inflation). The Chapter 5 version is used here; screening,rs from RQ2 answered in Chapter 5 (validation inflation). The Chapter [5] version is used here; screening is treated as an application. Keep th,"0\]. Known limitations include digitization uncertainty (typically 2--[5%]), inter-laboratory variability for the same nominal composition and o",4.4 Direct versus component-wise zT prediction
365,5,5,UNCLASSIFIED,,True,21,rget's frozen hyperparameters. Chemistry-cluster CV is [5] repeats x 5 folds of grouped folds; random CV is 5 rep,(Materials Project constraints) differs from RQ2 answered in Chapter [5] (validation inflation). The Chapter 5 version is used here; screening,rs from RQ2 answered in Chapter 5 (validation inflation). The Chapter [5] version is used here; screening is treated as an application. Keep th,"0\]. Known limitations include digitization uncertainty (typically 2--[5%]), inter-laboratory variability for the same nominal composition and o",4.4 Direct versus component-wise zT prediction
365,5,5,UNCLASSIFIED,,True,21,n hyperparameters. Chemistry-cluster CV is 5 repeats x [5] folds of grouped folds; random CV is 5 repeats x 5 fol,(Materials Project constraints) differs from RQ2 answered in Chapter [5] (validation inflation). The Chapter 5 version is used here; screening,rs from RQ2 answered in Chapter 5 (validation inflation). The Chapter [5] version is used here; screening is treated as an application. Keep th,"0\]. Known limitations include digitization uncertainty (typically 2--[5%]), inter-laboratory variability for the same nominal composition and o",4.4 Direct versus component-wise zT prediction
365,5,5,UNCLASSIFIED,,True,21,is 5 repeats x 5 folds of grouped folds; random CV is [5] repeats x 5 folds of shuffled row-level folds; both po,(Materials Project constraints) differs from RQ2 answered in Chapter [5] (validation inflation). The Chapter 5 version is used here; screening,rs from RQ2 answered in Chapter 5 (validation inflation). The Chapter [5] version is used here; screening is treated as an application. Keep th,"0\]. Known limitations include digitization uncertainty (typically 2--[5%]), inter-laboratory variability for the same nominal composition and o",4.4 Direct versus component-wise zT prediction
365,5,5,UNCLASSIFIED,,True,21,s x 5 folds of grouped folds; random CV is 5 repeats x [5] folds of shuffled row-level folds; both pool the out-o,(Materials Project constraints) differs from RQ2 answered in Chapter [5] (validation inflation). The Chapter 5 version is used here; screening,rs from RQ2 answered in Chapter 5 (validation inflation). The Chapter [5] version is used here; screening is treated as an application. Keep th,"0\]. Known limitations include digitization uncertainty (typically 2--[5%]), inter-laboratory variability for the same nominal composition and o",4.4 Direct versus component-wise zT prediction
369,0.072,0.072,GENERATED,table 10: na7_mae_direct,False,2,--| | Direct (features → zT) | 0.727 | 0.132 | 0.917 | [0.072] | | Derived (S^2^*σ*T/*κ*) | 0.540 | 0.166 | 0.880 | 0,ptures the n-type character and the correct order of magnitude of zT ([0.072] vs 0.11 for a CaMnO~3~/CaMn~2~O~4~ composite) but overestimates the h,---- ---------- CaMnO~3~ composite 1100 [0.072] 0.11 −286 ≈−150\* n \[59\,,4.4 Direct versus component-wise zT prediction
382,0,0,UNCLASSIFIED,,True,9,band gap from the Materials Project. Stable: E~hull~ = [0]; metastable: 0 \< E~hull~ ≤ 0.05 eV atom^−1^. [[PENDI,"*V K^−1^, 10 ≤ *σ* ≤ 10^7^ S m^−1^, 0.05 ≤ *κ* ≤ 25 W m^−1^ K^−1^ and [0] ≤ zT ≤ 4. The Seebeck bound is an empirical cap that excludes gross d",T 68.0% 0.44 0.33 0.39 [0] to 3.55 -----------------------------------------------------------,−0.001 *κ* 0.778 0.778 [0.000] zT 0.697 0.699 +0.002 ----,4.5 Virtual screening
382,0,0,UNCLASSIFIED,,True,9,he Materials Project. Stable: E~hull~ = 0; metastable: [0] \< E~hull~ ≤ 0.05 eV atom^−1^. [[PENDING: NA11: discu,"*V K^−1^, 10 ≤ *σ* ≤ 10^7^ S m^−1^, 0.05 ≤ *κ* ≤ 25 W m^−1^ K^−1^ and [0] ≤ zT ≤ 4. The Seebeck bound is an empirical cap that excludes gross d",T 68.0% 0.44 0.33 0.39 [0] to 3.55 -----------------------------------------------------------,−0.001 *κ* 0.778 0.778 [0.000] zT 0.697 0.699 +0.002 ----,4.5 Virtual screening
382,0.05,0.05,UNCLASSIFIED,,False,8,oject. Stable: E~hull~ = 0; metastable: 0 \< E~hull~ ≤ [0.05] eV atom^−1^. [[PENDING: NA11: discussion of the leadi,"y for S. Screening of the Materials Project with stability (E~hull~ ≤ [0.05] eV), band-gap and space-group filters identified 204 lead-free perovs","-range bounds: −1000 ≤ S ≤ 1000 *µ*V K^−1^, 10 ≤ *σ* ≤ 10^7^ S m^−1^, [0.05] ≤ *κ* ≤ 25 W m^−1^ K^−1^ and 0 ≤ zT ≤ 4. The Seebeck bound is an empi","ill--Pohl minimum is material-specific (typically ≈0.2--0.5 W/mK), so [0.05] W/mK is a permissive lower bound rather than the minimum itself.\] St",4.5 Virtual screening
386,2.3,2.3,GENERATED,na4_pt_share,False,3,"composition-only family rules are [2.3] % of the S rows, manganites","d starrydata_samples.csv (sample metadata), together containing about [2.3] million data points. Each data point is a single property reading of","Fig. 5). ![Eleven-step data-cleaning pipeline from raw Starrydata2 (≈[2.3] M data points) to the final dataset (184,167 rows), with the number o","Figure 5:** Eleven-step data-cleaning pipeline from raw Starrydata2 (≈[2.3] M data points) to the final dataset (184,167 rows), with the number o",4.5 Virtual screening
390,800,800,UNCLASSIFIED,,False,28,blished measurements for perovskite oxides at or below [800] K]] **Table 12:** Literature validation of predicted,"rSe~3~ emerged as the most credible candidate (predicted zT ≈ 0.33 at [800] K). Composition-based models are therefore useful for triage, but che","lycrystalline BiSbSe~3~ has been reported to reach zT close to 1.0 at [800] K with S ≈ −254 *µ*V K^−1^, and Cu~3~SbS~3~ and Ag~3~SbS~3~ show intr","Bi~0.5~Sb~1.5~Te~3~ may appear at 20 temperatures (300, 325, . . . , [800] K); under random splitting the test prediction becomes interpolation",4.5.1 Literature validation
401,0.275,0.275,GENERATED,estm_b_sigma,False,1,; ESTM stratum (b) R^2^ = [0.275] ) because carrier concentration depends on dop,e~3~ Pnma 0.117 metastable 800 [0.275] 5 NdLuSe~3~ Cmcm 0.496 stable,,,4.7 Limitations
407,5,5,UNCLASSIFIED,,True,21,"ation methodology dominates reported accuracy. Random, [5]-fold and 10-fold CV give nearly identical, inflated R^",(Materials Project constraints) differs from RQ2 answered in Chapter [5] (validation inflation). The Chapter 5 version is used here; screening,rs from RQ2 answered in Chapter 5 (validation inflation). The Chapter [5] version is used here; screening is treated as an application. Keep th,"0\]. Known limitations include digitization uncertainty (typically 2--[5%]), inter-laboratory variability for the same nominal composition and o",5 Conclusions
407,10,10,UNCLASSIFIED,,True,18,"dology dominates reported accuracy. Random, 5-fold and [10]-fold CV give nearly identical, inflated R^2^ values; c","but negligible electrical conductivity and high thermal conductivity ([10]--12 W m^−1^ K^−1^), giving zT below 0.01. La or Nb doping introduces",d 5.2K N/R 0.97 [10]-fold CV Elavunkel & Padhan \[38\] Stacking Half-Heusler sma,"ation range could not be confirmed), Wang et al. random split (paper: [10]-fold CV) and Ma & Poon random split (preprint does not state the spli",5 Conclusions
409,0.010,0.01,GENERATED,abl_delta_max,False,5,"the descriptor set adds at most [0.010] to R^2^. [[PENDING: NA2: whether XGBoost, Lig","and high thermal conductivity (10--12 W m^−1^ K^−1^), giving zT below [0.01]. La or Nb doping introduces carriers and reduces both *κ* and S, rais","against the physical bounds of Step 1. A few records (8 of 125,283, \<[0.01%]) have zT \> 3.0, above the maximum reliably reported for bulk thermoe","ty. Key hyperparameters were colsample_bytree = 0.3, learning_rate = [0.01], max_depth = 10, n_estimators = 700 and subsample = 0.8; for the Seeb",5 Conclusions
411,0.275,0.275,GENERATED,estm_b_sigma,False,1,emains poorly predictable (R^2^ = [0.275] in stratum b). [[PENDING: NA10: experimental-,e~3~ Pnma 0.117 metastable 800 [0.275] 5 NdLuSe~3~ Cmcm 0.496 stable,,,5 Conclusions
431,22,22,GENERATED,snapshot_date,True,3,uses one pinned snapshot (pulled [22] August 2026 ) archived with its SHA-256 hash;,"tatistics (minimum, maximum, range, mean, average deviation, mode) of [22] elemental properties, yielding 132 features per composition. CBFV ext","preset of the matminer library \[39, 51\]: six statistics for each of [22] elemental properties, i.e. 132 features computed from the chemical fo","whether overlapping DOIs were checked, and consider excluding them. [22]. Issue: specify the unit of E_hull (eV/atom in the Materials Project)",Data availability
