host,rows,S,sigma,kappa,zT,family,n_rules_matched,all_matches,nearest_rule,why_not
Ag,95,95,0,0,0,unassignable,0,,cu2x_ag2x_liquid_like,a required site is empty
Ag(Te4Mo3)2,15,9,7,9,8,unassignable,0,,cu2x_ag2x_liquid_like,elements outside rule: Mo
Ag0.054Te0.399Pb0.407O0.14,5,5,4,0,0,unassignable,0,,bicuseo,ratio spread 1.412 > 0.15
Ag0.1066Te1Pb0.92057108,7,4,2,2,6,unassignable,0,,bicuseo,a required site is empty
Ag0.1076Te1Pb0.92860068,19,17,9,19,12,unassignable,0,,bicuseo,a required site is empty
Ag0.1086Te1Pb0.93681042,19,17,13,17,17,unassignable,0,,bicuseo,a required site is empty
Ag0.1098Sn0.6965Sb0.1674Te1,18,10,10,10,10,unassignable,0,,gete_type,elements outside rule: Ag
Ag0.1098Sn0.7Sb0.1674Te1,13,12,13,6,5,unassignable,0,,gete_type,elements outside rule: Ag
Ag0.11945Te1Pb0.945,19,16,14,17,14,unassignable,0,,bicuseo,a required site is empty
Ag0.11Ge0.61Sb0.22Te1,42,40,40,41,7,unassignable,0,,gete_type,elements outside rule: Ag
Ag0.11Ge0.62Sb0.13Te1Pb0.12,102,58,55,58,53,unassignable,0,,gete_type,elements outside rule: Ag
Ag0.11Ge0.74Sb0.13Te1,17,10,10,7,10,unassignable,0,,gete_type,elements outside rule: Ag
Ag0.11Ge0.77Te1Pb0.12,18,11,10,7,9,unassignable,0,,gete_type,elements outside rule: Ag
Ag0.11Ge0.89Te1,19,11,11,11,11,unassignable,0,,gete_type,elements outside rule: Ag
Ag0.11Te1.055Pb1,10,0,0,0,10,unassignable,0,,bicuseo,a required site is empty
Ag0.11Te1Pb0.910602,19,17,17,16,16,unassignable,0,,bicuseo,a required site is empty
Ag0.11Te1Pb0.945,72,46,47,42,44,unassignable,0,,bicuseo,a required site is empty
Ag0.1289Te1Pb0.945,19,16,13,13,13,unassignable,0,,bicuseo,a required site is empty
Ag0.12Sn0.82Te1,9,0,9,8,9,unassignable,0,,gete_type,elements outside rule: Ag
Ag0.12Sn0.88Sb0.12Te0.64Se0.24,19,10,11,11,9,unassignable,0,,iv_vi_rocksalt,elements outside rule: Ag
Ag0.13835Te1Pb0.945,19,15,16,13,14,unassignable,0,,bicuseo,a required site is empty
Ag0.13Ge0.53Sb0.27Te1,38,37,8,36,36,unassignable,0,,gete_type,elements outside rule: Ag
Ag0.143Te0.357Pb0.374O0.126,3,2,3,0,0,unassignable,0,,bicuseo,ratio spread 0.992 > 0.15
Ag0.1464Sn0.6Sb0.2232Te1,12,7,10,5,4,unassignable,0,,gete_type,elements outside rule: Ag
Ag0.1478Te1Pb0.945,18,16,7,0,14,unassignable,0,,bicuseo,a required site is empty
Ag0.15Ge0.85Sb0.15Se1.15,11,6,8,10,10,unassignable,0,,iv_vi_rocksalt,elements outside rule: Ag
Ag0.15Ge0.85Sb0.15Te1.15,63,29,23,21,48,unassignable,0,,gete_type,elements outside rule: Ag
Ag0.15Ge1Sb0.15Se1.3,9,9,8,9,9,unassignable,0,,iv_vi_rocksalt,elements outside rule: Ag
Ag0.15Ge1Sb0.15Te0.3Se1,10,10,7,10,10,unassignable,0,,iv_vi_rocksalt,elements outside rule: Ag
Ag0.15Sn0.7Sb0.15Te0.3Se0.7,8,7,8,4,7,unassignable,0,,iv_vi_rocksalt,elements outside rule: Ag
Ag0.15Sn0.85Sb0.15Te0.55Se0.3,18,9,9,9,9,unassignable,0,,iv_vi_rocksalt,elements outside rule: Ag
Ag0.15Te1Pb1,13,9,5,9,9,unassignable,0,,bicuseo,a required site is empty
Ag0.16Ge1Te1.1,7,5,6,4,4,unassignable,0,,gete_type,elements outside rule: Ag
Ag0.183Sn0.5Sb0.279Te1,13,13,12,5,4,unassignable,0,,gete_type,elements outside rule: Ag
Ag0.1Sn0.85Te1,10,0,9,9,6,unassignable,0,,gete_type,elements outside rule: Ag
Ag0.1Te1Pb0.9,10,8,7,9,9,unassignable,0,,bicuseo,a required site is empty
Ag0.2196Sn0.4Sb0.3348Te1,14,13,7,5,6,unassignable,0,,gete_type,elements outside rule: Ag
Ag0.2562Sn0.3Sb0.3906Te1,11,9,9,5,3,unassignable,0,,gete_type,elements outside rule: Ag
Ag0.25Sn0.5Sb0.25Te0.5Se0.5,11,6,7,5,6,unassignable,0,,iv_vi_rocksalt,elements outside rule: Ag
Ag0.2745Sn0.25Sb0.4185Te1,12,9,0,5,4,unassignable,0,,i_v_vi2,elements outside rule: Sn
Ag0.2928Sn0.2Sb0.4464Te1,13,11,10,5,5,unassignable,0,,i_v_vi2,elements outside rule: Sn
Ag0.2Bi0.5Sb0.3Te3,10,10,0,0,0,unassignable,0,,i_v_vi2,ratio spread 1.560 > 0.15
Ag0.2Ge0.8Sb0.2Te1.2,19,18,18,5,19,unassignable,0,,gete_type,elements outside rule: Ag
Ag0.2Ge1Sb0.2Se1.4,9,9,7,9,9,unassignable,0,,iv_vi_rocksalt,elements outside rule: Ag
Ag0.2Ge1Sb0.2Te0.4Se1,10,10,6,10,10,unassignable,0,,iv_vi_rocksalt,elements outside rule: Ag
Ag0.2Sn0.4Sb0.2Te1.2Pb0.4,8,8,8,8,8,unassignable,0,,gete_type,elements outside rule: Ag
Ag0.2Sn0.6Sb0.2Te0.4Se0.6,8,5,8,6,8,unassignable,0,,iv_vi_rocksalt,elements outside rule: Ag
Ag0.2Te1Pb1,11,11,5,0,0,unassignable,0,,bicuseo,a required site is empty
Ag0.3111Sn0.15Sb0.4743Te1,14,14,9,5,5,unassignable,0,,i_v_vi2,elements outside rule: Sn
Ag0.3294Sn0.1Sb0.5022Te1,9,5,4,5,3,unassignable,0,,i_v_vi2,elements outside rule: Sn
Ag0.32Ge1Te1.2,7,5,0,5,0,unassignable,0,,gete_type,elements outside rule: Ag
Ag0.33672Sb0.51336Te1,13,10,12,6,6,unassignable,0,,i_v_vi2,ratio spread 0.393 > 0.15
Ag0.3477Sb0.5301Te1,11,7,5,5,3,unassignable,0,,i_v_vi2,ratio spread 0.397 > 0.15
Ag0.35136Sb0.53568Te1,13,9,12,6,6,unassignable,0,,i_v_vi2,ratio spread 0.399 > 0.15
Ag0.355875Sb0.54405Te1,10,10,10,10,10,unassignable,0,,i_v_vi2,ratio spread 0.403 > 0.15
Ag0.35868Sb0.54684Te1,13,12,12,6,5,unassignable,0,,i_v_vi2,ratio spread 0.402 > 0.15
Ag0.36234Sb0.55242Te1,13,12,12,6,4,unassignable,0,,i_v_vi2,ratio spread 0.403 > 0.15
Ag0.365Sb0.558Te1,20,19,10,17,20,unassignable,0,,i_v_vi2,ratio spread 0.407 > 0.15
Ag0.366Sb0.46872Te1,17,17,16,9,14,unassignable,0,,i_v_vi2,ratio spread 0.301 > 0.15
Ag0.366Sb0.47988Te1,17,16,16,8,11,unassignable,0,,i_v_vi2,ratio spread 0.299 > 0.15
Ag0.366Sb0.48Te1,9,0,0,4,8,unassignable,0,,i_v_vi2,ratio spread 0.299 > 0.15
Ag0.366Sb0.49104Te1,17,16,16,5,11,unassignable,0,,i_v_vi2,ratio spread 0.296 > 0.15
Ag0.366Sb0.5022Te1,16,16,16,6,8,unassignable,0,,i_v_vi2,ratio spread 0.299 > 0.15
Ag0.366Sb0.50778Te1,17,17,16,7,8,unassignable,0,,i_v_vi2,ratio spread 0.310 > 0.15
Ag0.366Sb0.51336Te1,17,16,16,9,9,unassignable,0,,i_v_vi2,ratio spread 0.320 > 0.15
Ag0.366Sb0.51894Te1,17,16,16,8,14,unassignable,0,,i_v_vi2,ratio spread 0.331 > 0.15
Ag0.366Sb0.52452Te1,17,17,17,8,7,unassignable,0,,i_v_vi2,ratio spread 0.342 > 0.15
Ag0.366Sb0.52Te1,38,32,33,0,0,unassignable,0,,i_v_vi2,ratio spread 0.333 > 0.15
Ag0.366Sb0.53568Te1,17,15,17,9,13,unassignable,0,,i_v_vi2,ratio spread 0.363 > 0.15
Ag0.366Sb0.53Te1,11,11,11,6,10,unassignable,0,,i_v_vi2,ratio spread 0.352 > 0.15
Ag0.366Sb0.54684Te1,17,15,16,9,13,unassignable,0,,i_v_vi2,ratio spread 0.384 > 0.15
Ag0.366Sb0.54Te1,5,0,0,5,0,unassignable,0,,i_v_vi2,ratio spread 0.371 > 0.15
Ag0.366Sb0.558Te1,98,83,84,36,50,unassignable,0,,i_v_vi2,ratio spread 0.404 > 0.15
Ag0.366Sb0.56Te1,17,14,14,0,1,unassignable,0,,i_v_vi2,ratio spread 0.408 > 0.15
Ag0.366Sb0.58Te1,8,0,0,8,0,unassignable,0,,i_v_vi2,ratio spread 0.444 > 0.15
Ag0.3Bi0.5Sb0.2Te3,10,10,0,0,0,unassignable,0,,i_v_vi2,ratio spread 1.440 > 0.15
Ag0.3Ge1Sb0.3Se1.6,7,5,7,5,7,unassignable,0,,iv_vi_rocksalt,elements outside rule: Ag
Ag0.3Ge1Sb0.3Te0.6Se1,10,9,10,10,10,unassignable,0,,iv_vi_rocksalt,elements outside rule: Ag
Ag0.3Sn0.4Sb0.3Te0.6Se0.4,10,5,7,7,6,unassignable,0,,iv_vi_rocksalt,elements outside rule: Ag
Ag0.3Te1Pb1,13,13,0,0,0,unassignable,0,,bicuseo,a required site is empty
Ag0.4Bi0.5Sb1.1Te3,20,10,0,10,10,unassignable,0,,i_v_vi2,ratio spread 1.029 > 0.15
Ag0.4Bi2Te3,7,7,7,5,7,unassignable,0,,i_v_vi2,ratio spread 1.231 > 0.15
Ag0.4Ge1Te1.25,6,0,6,0,5,unassignable,0,,gete_type,elements outside rule: Ag
Ag0.5Bi0.375Sb1.125Te2.5,10,10,10,10,10,unassignable,0,,i_v_vi2,ratio spread 0.923 > 0.15
Ag0.5Ge0.5Bi0.5Te1.5,2,0,0,2,0,unassignable,0,,gete_type,elements outside rule: Ag
Ag0.5Te1Pb0.75,8,8,0,0,0,unassignable,0,,bicuseo,a required site is empty
Ag0.62Sb1.38Te2.26,12,11,12,1,11,unassignable,0,,i_v_vi2,ratio spread 0.728 > 0.15
Ag0.64Ge1Te1.4,6,0,6,3,3,unassignable,0,,gete_type,elements outside rule: Ag
Ag0.65Sb1.35Te2.26,16,15,16,5,0,unassignable,0,,i_v_vi2,ratio spread 0.671 > 0.15
Ag0.68Sb1.32Te2.26,14,14,14,4,14,unassignable,0,,i_v_vi2,ratio spread 0.613 > 0.15
Ag0.6Sb1.4Te2.4,26,26,23,0,26,unassignable,0,,i_v_vi2,ratio spread 0.750 > 0.15
Ag0.71Sb1.29Te2.26,15,15,15,5,15,unassignable,0,,i_v_vi2,ratio spread 0.556 > 0.15
Ag0.74Sb1.26Te2.26,15,14,15,4,15,unassignable,0,,i_v_vi2,ratio spread 0.498 > 0.15
Ag0.78Sb1.22Te2.22,15,15,15,5,15,unassignable,0,,i_v_vi2,ratio spread 0.424 > 0.15
Ag0.7Sb1.3Te2.3,13,13,10,0,13,unassignable,0,,i_v_vi2,ratio spread 0.571 > 0.15
Ag0.81Sb1.19Te2.19,22,22,20,3,14,unassignable,0,,i_v_vi2,ratio spread 0.368 > 0.15
Ag0.83Sb1.06Te2,12,6,9,3,3,unassignable,0,,i_v_vi2,ratio spread 0.239 > 0.15
Ag0.83Sb1.17Te2.17,26,26,26,0,26,unassignable,0,,i_v_vi2,ratio spread 0.331 > 0.15
Ag0.84Sb1.15Te2.16,45,44,45,15,45,unassignable,0,,i_v_vi2,ratio spread 0.303 > 0.15
Ag0.84Sb1.16Te2.16,15,15,15,5,15,unassignable,0,,i_v_vi2,ratio spread 0.312 > 0.15
Ag0.85Sb0.85Te1.85,12,0,0,0,12,i_v_vi2,1,i_v_vi2,,
Ag0.85Sn1Sb1.15Te3,15,15,15,0,0,unassignable,0,,gete_type,elements outside rule: Ag
Ag0.875Sb1Te2,14,0,0,14,0,i_v_vi2,1,i_v_vi2,,
Ag0.87Sb1.13Te2.13,16,15,15,5,15,unassignable,0,,i_v_vi2,ratio spread 0.254 > 0.15
Ag0.88Bi1.12Se2.12,15,10,6,10,10,unassignable,0,,i_v_vi2,ratio spread 0.235 > 0.15
Ag0.88Ge1Te1.55,7,6,6,4,5,unassignable,0,,gete_type,elements outside rule: Ag
Ag0.88Sb1Te2,13,8,9,3,3,i_v_vi2,1,i_v_vi2,,
Ag0.92Bi1.08Se2,16,7,11,10,12,unassignable,0,,i_v_vi2,ratio spread 0.160 > 0.15
Ag0.93Sb1.07Te2,16,15,15,5,15,i_v_vi2,1,i_v_vi2,,
Ag0.9Sb0.9Te2,3,3,3,3,3,i_v_vi2,1,i_v_vi2,,
Ag0.9Sb1.05Te2,5,4,4,4,3,unassignable,0,,i_v_vi2,ratio spread 0.153 > 0.15
Ag0.9Sb1.1Te2.1,58,57,52,4,22,unassignable,0,,i_v_vi2,ratio spread 0.197 > 0.15
Ag0.9Sb1Te2,4,3,4,4,3,i_v_vi2,1,i_v_vi2,,
Ag1.5Te1Pb0.25,12,10,0,7,9,unassignable,0,,bicuseo,a required site is empty
Ag1.79964Te1,15,11,12,12,9,cu2x_ag2x_liquid_like,1,cu2x_ag2x_liquid_like,,
Ag1.7Te1Pb0.15,15,11,10,7,8,unassignable,0,,bicuseo,a required site is empty
Ag1.8Te1,15,13,8,11,9,cu2x_ag2x_liquid_like,1,cu2x_ag2x_liquid_like,,
Ag1.9Se1,23,23,16,15,16,cu2x_ag2x_liquid_like,1,cu2x_ag2x_liquid_like,,
Ag1.9Se1.1,6,6,0,0,0,cu2x_ag2x_liquid_like,1,cu2x_ag2x_liquid_like,,
Ag1.9Te1,15,12,10,12,8,cu2x_ag2x_liquid_like,1,cu2x_ag2x_liquid_like,,
Ag10Te3.8Br3,6,6,0,0,0,unassignable,0,,cu2x_ag2x_liquid_like,elements outside rule: Br
Ag10Te4Br1.6Cl1.4,7,7,0,0,0,unassignable,0,,cu2x_ag2x_liquid_like,"elements outside rule: Br,Cl"
Ag10Te4Br2.4,7,7,0,0,0,unassignable,0,,cu2x_ag2x_liquid_like,elements outside rule: Br
Ag10Te4Br2.6,5,5,0,0,0,unassignable,0,,cu2x_ag2x_liquid_like,elements outside rule: Br
Ag10Te4Br2.8,5,5,0,0,0,unassignable,0,,cu2x_ag2x_liquid_like,elements outside rule: Br
Ag10Te4Br3,8,8,0,0,0,unassignable,0,,cu2x_ag2x_liquid_like,elements outside rule: Br
Ag11Bi78(SeO2)39,8,5,7,7,6,other_oxide,1,other_oxide,,
Ag11Te21,5,5,4,5,5,unassignable,0,,cu2x_ag2x_liquid_like,ratio spread 1.170 > 0.2
Ag12Ge85(Sb5Te38)3,37,34,34,36,35,unassignable,0,,gete_type,elements outside rule: Ag
Ag12Sb41Te47,4,4,3,0,0,unassignable,0,,i_v_vi2,ratio spread 1.137 > 0.15
Ag15Ge85Sb15Te182,4,4,3,0,0,unassignable,0,,gete_type,elements outside rule: Ag
Ag18Ge82Bi18Te82Se35,9,9,8,0,0,unassignable,0,,iv_vi_rocksalt,elements outside rule: Ag
Ag18Ge85Sb15Te116,38,37,36,37,36,unassignable,0,,gete_type,elements outside rule: Ag
Ag18Ge85Te198,5,5,5,0,0,unassignable,0,,gete_type,elements outside rule: Ag
Ag19(Ge39Te44)2,16,14,15,15,16,unassignable,0,,gete_type,elements outside rule: Ag
Ag1Bi0.25Sb0.75Te2,10,10,10,10,10,i_v_vi2,1,i_v_vi2,,
Ag1Bi0.5Sb0.5Se2,6,5,3,0,1,i_v_vi2,1,i_v_vi2,,
Ag1Bi1Se1S0.95,18,11,15,11,18,i_v_vi2,1,i_v_vi2,,
Ag1Bi2.7S5,13,3,3,12,0,unassignable,0,,i_v_vi2,ratio spread 0.823 > 0.15
Ag1Bi3S2.5Cl2.5,20,11,11,9,11,unassignable,0,,tetrahedrite,elements outside rule: Cl
Ag1Bi3S3.35Cl1.65,20,11,11,10,11,unassignable,0,,tetrahedrite,elements outside rule: Cl
Ag1Bi3S4.2Cl0.8,19,11,11,9,11,unassignable,0,,tetrahedrite,elements outside rule: Cl
Ag1Bi3S4.65,16,11,11,10,11,unassignable,0,,i_v_vi2,ratio spread 0.949 > 0.15
Ag1Bi3Se0.508S4.572,16,9,9,6,9,unassignable,0,,i_v_vi2,ratio spread 0.917 > 0.15
Ag1Bi3Se1.524S3.556,15,10,9,7,6,unassignable,0,,i_v_vi2,ratio spread 0.917 > 0.15
Ag1Bi3Se2.54S2.54,18,10,10,6,9,unassignable,0,,i_v_vi2,ratio spread 0.917 > 0.15
Ag1Bi3Se3.556S1.524,17,10,10,7,10,unassignable,0,,i_v_vi2,ratio spread 0.917 > 0.15
Ag1Bi3Se4.572S0.508,17,10,10,6,8,unassignable,0,,i_v_vi2,ratio spread 0.917 > 0.15
Ag1Ge5.5Te7.5,20,15,17,18,15,unassignable,0,,gete_type,elements outside rule: Ag
Ag1Sb0.92Se2,9,9,9,8,9,i_v_vi2,1,i_v_vi2,,
Ag1Sb0.93Te2,31,31,31,20,31,i_v_vi2,1,i_v_vi2,,
Ag1Sb0.94Se2,9,9,9,6,9,i_v_vi2,1,i_v_vi2,,
Ag1Sb0.94Te2,10,6,6,6,6,i_v_vi2,1,i_v_vi2,,
Ag1Sb0.95Te2,39,39,39,20,31,i_v_vi2,1,i_v_vi2,,
Ag1Sb0.9Se2,14,14,0,0,0,i_v_vi2,1,i_v_vi2,,
Ag1Sb0.9Te2,12,11,11,9,11,i_v_vi2,1,i_v_vi2,,
Ag1Sb1Te0.25Se1.75,6,6,0,0,6,i_v_vi2,1,i_v_vi2,,
Ag1Sb1Te0.5Se1.5,10,10,0,0,0,i_v_vi2,1,i_v_vi2,,
Ag1Sb1Te0.75Se1.25,25,25,0,0,0,i_v_vi2,1,i_v_vi2,,
Ag1Sb1Te1.25Se0.75,9,9,0,0,0,i_v_vi2,1,i_v_vi2,,
Ag1Sb1Te1.5Se0.5,9,9,0,0,0,i_v_vi2,1,i_v_vi2,,
Ag1Sb1Te1.75Se0.25,10,10,0,0,9,i_v_vi2,1,i_v_vi2,,
Ag1Sb1Te1.8,9,9,9,9,9,i_v_vi2,1,i_v_vi2,,
Ag1Sb1Te1.85,35,33,24,25,35,i_v_vi2,1,i_v_vi2,,
Ag1Sb1Te1.8Se0.2,14,13,12,8,13,i_v_vi2,1,i_v_vi2,,
Ag1Sb1Te1.9,24,21,22,20,22,i_v_vi2,1,i_v_vi2,,
Ag1Te1Pb0.5,13,13,0,0,0,unassignable,0,,bicuseo,a required site is empty
Ag2.1Se0.9,6,6,0,0,0,cu2x_ag2x_liquid_like,1,cu2x_ag2x_liquid_like,,
Ag2.1Se1,7,7,0,0,0,cu2x_ag2x_liquid_like,1,cu2x_ag2x_liquid_like,,
Ag2.2Se1,7,7,0,0,0,cu2x_ag2x_liquid_like,1,cu2x_ag2x_liquid_like,,
Ag2.3Se1,7,7,0,0,0,cu2x_ag2x_liquid_like,1,cu2x_ag2x_liquid_like,,
Ag2.4Se1,7,7,0,0,0,cu2x_ag2x_liquid_like,1,cu2x_ag2x_liquid_like,,
Ag2.5Se1,7,7,0,0,0,unassignable,0,,cu2x_ag2x_liquid_like,ratio spread 0.222 > 0.2
Ag2.8Sb1Te2Se1,29,28,26,12,0,unassignable,0,,i_v_vi2,ratio spread 1.019 > 0.15
Ag22Sb28Te53,13,11,11,10,11,unassignable,0,,i_v_vi2,ratio spread 0.235 > 0.15
Ag23Sb27Te52,15,12,15,12,13,unassignable,0,,i_v_vi2,ratio spread 0.158 > 0.15
Ag23Te12,8,8,0,0,0,cu2x_ag2x_liquid_like,1,cu2x_ag2x_liquid_like,,
Ag24Sb26Te51,14,10,14,11,13,i_v_vi2,1,i_v_vi2,,
Ag25Ge75Sb25(Te28Se3)4,13,13,13,7,13,unassignable,0,,iv_vi_rocksalt,elements outside rule: Ag
Ag25Ge75Sb25Te122,13,13,13,7,13,unassignable,0,,gete_type,elements outside rule: Ag
Ag25Ge75Sb25Te124,26,26,21,14,26,unassignable,0,,gete_type,elements outside rule: Ag
Ag26Sb24Te49,14,13,14,14,14,i_v_vi2,1,i_v_vi2,,
Ag27Sb23Te48,14,12,12,13,14,unassignable,0,,i_v_vi2,ratio spread 0.162 > 0.15
Ag2Ge3Bi2Te3Se4,14,10,9,10,10,unassignable,0,,iv_vi_rocksalt,elements outside rule: Ag
Ag2S,13,6,7,11,6,cu2x_ag2x_liquid_like,1,cu2x_ag2x_liquid_like,,
Ag2S1.05,4,4,4,3,4,cu2x_ag2x_liquid_like,1,cu2x_ag2x_liquid_like,,
Ag2S1.1,4,3,4,3,3,cu2x_ag2x_liquid_like,1,cu2x_ag2x_liquid_like,,
Ag2Sb3Te3Se2,12,11,11,4,6,unassignable,0,,i_v_vi2,ratio spread 0.400 > 0.15
Ag2Sb3Te4Se,11,11,11,6,6,unassignable,0,,i_v_vi2,ratio spread 0.400 > 0.15
Ag2Sb4Te7,16,8,9,9,8,unassignable,0,,i_v_vi2,ratio spread 0.632 > 0.15
Ag2Sb8Te13,15,8,5,7,8,unassignable,0,,i_v_vi2,ratio spread 1.091 > 0.15
Ag2SbTe2,8,8,7,7,8,unassignable,0,,i_v_vi2,ratio spread 0.750 > 0.15
Ag2Se,147,100,111,83,86,cu2x_ag2x_liquid_like,1,cu2x_ag2x_liquid_like,,
Ag2Se0.55S0.45,5,3,5,5,5,cu2x_ag2x_liquid_like,1,cu2x_ag2x_liquid_like,,
Ag2Se0.6S0.4,5,3,5,5,5,cu2x_ag2x_liquid_like,1,cu2x_ag2x_liquid_like,,
Ag2Se0.7S0.3,5,5,4,5,5,cu2x_ag2x_liquid_like,1,cu2x_ag2x_liquid_like,,
Ag2Se0.8S0.2,4,4,4,3,4,cu2x_ag2x_liquid_like,1,cu2x_ag2x_liquid_like,,
Ag2Se0.9,9,9,8,9,8,cu2x_ag2x_liquid_like,1,cu2x_ag2x_liquid_like,,
Ag2Se0.95,5,5,0,0,0,cu2x_ag2x_liquid_like,1,cu2x_ag2x_liquid_like,,
Ag2Se1.05,15,12,6,7,7,cu2x_ag2x_liquid_like,1,cu2x_ag2x_liquid_like,,
Ag2Se1.06,5,5,5,5,4,cu2x_ag2x_liquid_like,1,cu2x_ag2x_liquid_like,,
Ag2Se1.08,5,5,5,5,3,cu2x_ag2x_liquid_like,1,cu2x_ag2x_liquid_like,,
Ag2Se1.1,10,6,6,7,7,cu2x_ag2x_liquid_like,1,cu2x_ag2x_liquid_like,,
Ag2Te,218,135,208,70,64,cu2x_ag2x_liquid_like,1,cu2x_ag2x_liquid_like,,
Ag2Te0.2Se0.8,4,3,3,4,4,cu2x_ag2x_liquid_like,1,cu2x_ag2x_liquid_like,,
Ag2Te0.3Se0.7,4,4,3,4,4,cu2x_ag2x_liquid_like,1,cu2x_ag2x_liquid_like,,
Ag2Te0.4Se0.6,4,4,4,4,4,cu2x_ag2x_liquid_like,1,cu2x_ag2x_liquid_like,,
Ag2Te0.5Se0.5,125,49,45,19,58,cu2x_ag2x_liquid_like,1,cu2x_ag2x_liquid_like,,
Ag2Te0.6S0.4,13,0,0,9,9,cu2x_ag2x_liquid_like,1,cu2x_ag2x_liquid_like,,
Ag2Te0.7S0.3,11,0,0,8,5,cu2x_ag2x_liquid_like,1,cu2x_ag2x_liquid_like,,
Ag2Te0.8S0.2,12,0,0,7,9,cu2x_ag2x_liquid_like,1,cu2x_ag2x_liquid_like,,
Ag2Te0.9,13,0,0,6,8,cu2x_ag2x_liquid_like,1,cu2x_ag2x_liquid_like,,
Ag2Te1.05,14,7,6,8,7,cu2x_ag2x_liquid_like,1,cu2x_ag2x_liquid_like,,
Ag2Te1.075,11,6,8,8,6,cu2x_ag2x_liquid_like,1,cu2x_ag2x_liquid_like,,
Ag2Te1.1,10,7,7,7,5,cu2x_ag2x_liquid_like,1,cu2x_ag2x_liquid_like,,
Ag2Te10Pb9,4,4,2,0,0,unassignable,0,,bicuseo,a required site is empty
Ag2Te2Pb0.945,13,0,0,0,13,unassignable,0,,bicuseo,a required site is empty
Ag2Te3C2,10,5,5,5,0,unassignable,0,,cu2x_ag2x_liquid_like,elements outside rule: C
Ag2TeC5,5,5,3,0,0,unassignable,0,,cu2x_ag2x_liquid_like,elements outside rule: C
Ag2TeC9,5,4,3,0,0,unassignable,0,,cu2x_ag2x_liquid_like,elements outside rule: C
Ag3.4Mo9Se11,38,34,38,35,35,unassignable,0,,cu2x_ag2x_liquid_like,elements outside rule: Mo
Ag3.5Mo9Se11,20,19,18,16,17,unassignable,0,,cu2x_ag2x_liquid_like,elements outside rule: Mo
Ag3.6Mo9Se11,33,27,26,24,26,unassignable,0,,cu2x_ag2x_liquid_like,elements outside rule: Mo
Ag3.7Mo9Se11,20,20,19,11,17,unassignable,0,,cu2x_ag2x_liquid_like,elements outside rule: Mo
Ag3.8Mo9Se11,40,37,39,33,37,unassignable,0,,cu2x_ag2x_liquid_like,elements outside rule: Mo
Ag32Te65,5,5,3,5,5,unassignable,0,,cu2x_ag2x_liquid_like,ratio spread 1.210 > 0.2
Ag37Bi126(SeO2)63,8,7,4,6,7,other_oxide,1,other_oxide,,
Ag3Ge17Bi3Te17Se6,9,9,8,0,0,unassignable,0,,iv_vi_rocksalt,elements outside rule: Ag
Ag3Ge17Sb3Te20,19,19,18,16,14,unassignable,0,,gete_type,elements outside rule: Ag
Ag3Ge17Sb3Te23,43,37,35,17,23,unassignable,0,,gete_type,elements outside rule: Ag
Ag3Ge22Bi3(Te11Se3)2,9,9,6,0,0,unassignable,0,,iv_vi_rocksalt,elements outside rule: Ag
Ag3Ge2Bi3(TeSe3)2,11,10,6,0,0,unassignable,0,,bicuseo,elements outside rule: Ge
Ag3Ge5P6,70,43,53,35,54,unassignable,0,,clathrate_type_i,elements outside rule: P
Ag3Ge7Bi3Te7Se6,16,9,9,8,9,unassignable,0,,iv_vi_rocksalt,elements outside rule: Ag
Ag3SbTe2Se,25,18,24,14,0,unassignable,0,,i_v_vi2,ratio spread 1.091 > 0.15
Ag48Bi103Se52O103,9,7,7,7,7,other_oxide,1,other_oxide,,
Ag4Ge20Sb6Te31,18,18,18,7,18,unassignable,0,,gete_type,elements outside rule: Ag
Ag4Mo9Se11,29,14,17,13,29,unassignable,0,,cu2x_ag2x_liquid_like,elements outside rule: Mo
Ag4Sb6(TeSe)5,16,13,16,0,10,unassignable,0,,i_v_vi2,ratio spread 0.400 > 0.15
Ag4Sb6Te7Se3,10,8,6,5,5,unassignable,0,,i_v_vi2,ratio spread 0.400 > 0.15
Ag4Sb6Te9Se,16,12,15,10,10,unassignable,0,,i_v_vi2,ratio spread 0.400 > 0.15
Ag4SeS,7,7,7,7,5,cu2x_ag2x_liquid_like,1,cu2x_ag2x_liquid_like,,
Ag4TeS,98,50,41,80,91,cu2x_ag2x_liquid_like,1,cu2x_ag2x_liquid_like,,
Ag57Bi86(SeO2)43,10,7,7,7,5,other_oxide,1,other_oxide,,
Ag5Sb5(Te3Se2)2,17,16,16,11,10,i_v_vi2,1,i_v_vi2,,
Ag5Sb5(Te4Se)2,16,16,16,10,11,i_v_vi2,1,i_v_vi2,,
Ag5Sb5Te7Se3,16,15,16,11,11,i_v_vi2,1,i_v_vi2,,
Ag5Sb5Te9Se,16,16,15,11,8,i_v_vi2,1,i_v_vi2,,
Ag5Te1.4Se0.6Cl1,8,8,0,0,0,unassignable,0,,cu2x_ag2x_liquid_like,elements outside rule: Cl
Ag6.52Ge35Sb6.52Te50,18,18,18,10,9,unassignable,0,,gete_type,elements outside rule: Ag
Ag6.52Ge36Sb6.52Te50,18,18,18,9,0,unassignable,0,,gete_type,elements outside rule: Ag
Ag6.52Ge37Sb6.52Te49,46,38,37,20,20,unassignable,0,,gete_type,elements outside rule: Ag
Ag6.52Ge37Sb6.52Te50,50,42,46,14,19,unassignable,0,,gete_type,elements outside rule: Ag
Ag6.5Ge36Sb6.5Te50,18,18,0,0,0,unassignable,0,,gete_type,elements outside rule: Ag
Ag6.5Ge37Sb6.5Te50,18,18,0,0,0,unassignable,0,,gete_type,elements outside rule: Ag
Ag6Ge20Sb4Te29,18,14,18,5,18,unassignable,0,,gete_type,elements outside rule: Ag
Ag6Sb53Te41,3,3,3,0,0,unassignable,0,,i_v_vi2,ratio spread 1.774 > 0.15
Ag7Ge13Bi7Te13Se14,10,10,10,0,0,unassignable,0,,iv_vi_rocksalt,elements outside rule: Ag
Ag7Ge20Sb3Te28,18,17,9,5,14,unassignable,0,,gete_type,elements outside rule: Ag
Ag7Ge3Bi7Te3Se14,10,10,10,0,0,unassignable,0,,bicuseo,elements outside rule: Ge
Ag7Te22Pb21,19,18,15,0,0,unassignable,0,,bicuseo,a required site is empty
Ag8GeTe6,6,5,4,3,3,unassignable,0,,cu2x_ag2x_liquid_like,elements outside rule: Ge
Ag8Sn0.95Se6,4,3,3,4,4,unassignable,0,,cu2x_ag2x_liquid_like,elements outside rule: Sn
Ag8SnS6,8,6,5,4,4,unassignable,0,,cu2x_ag2x_liquid_like,elements outside rule: Sn
Ag8SnSe6,70,59,59,29,41,unassignable,0,,cu2x_ag2x_liquid_like,elements outside rule: Sn
AgBi3S5,66,36,35,28,34,unassignable,0,,i_v_vi2,ratio spread 0.923 > 0.15
AgBiPbSe3,45,40,41,39,0,unassignable,0,,bicuseo,a required site is empty
AgBiS,18,18,18,8,17,unassignable,0,,i_v_vi2,ratio spread 0.600 > 0.15
AgBiS2,14,14,8,5,14,i_v_vi2,1,i_v_vi2,,
AgBiSe2,208,182,163,132,166,i_v_vi2,1,i_v_vi2,,
AgBiSeS,121,73,78,72,101,i_v_vi2,1,i_v_vi2,,
AgGe3BiTe3Se2,15,8,8,8,0,unassignable,0,,iv_vi_rocksalt,elements outside rule: Ag
AgGe3SbTe5,7,6,6,5,4,unassignable,0,,gete_type,elements outside rule: Ag
AgGe4Bi(Te2Se)2,9,9,6,9,9,unassignable,0,,iv_vi_rocksalt,elements outside rule: Ag
AgGe4SbTe5,5,3,4,1,3,unassignable,0,,gete_type,elements outside rule: Ag
AgGe4SbTe6,45,44,43,21,34,unassignable,0,,gete_type,elements outside rule: Ag
AgGeBiTeSe2,59,32,37,31,32,unassignable,0,,iv_vi_rocksalt,elements outside rule: Ag
AgGeSbTe,16,0,0,0,16,unassignable,0,,gete_type,elements outside rule: Ag
AgSb(Te2Pb)2,11,11,11,0,0,unassignable,0,,gete_type,elements outside rule: Ag
AgSb(Te3Pb2)2,11,11,10,0,0,unassignable,0,,gete_type,elements outside rule: Ag
AgSb(Te4Pb3)2,11,11,11,0,0,unassignable,0,,gete_type,elements outside rule: Ag
AgSb(Te5Pb4)2,11,11,11,0,0,unassignable,0,,gete_type,elements outside rule: Ag
AgSbO3,16,7,3,6,4,other_oxide,1,other_oxide,,
AgSbSe2,283,259,221,185,229,i_v_vi2,1,i_v_vi2,,
AgSbTe,32,0,32,0,0,unassignable,0,,i_v_vi2,ratio spread 0.600 > 0.15
AgSbTe2,521,393,398,289,383,i_v_vi2,1,i_v_vi2,,
AgSbTeSe,24,24,15,9,18,i_v_vi2,1,i_v_vi2,,
AgSn2SbTe4,15,6,3,11,11,unassignable,0,,gete_type,elements outside rule: Ag
AgSn4SbTe6,135,85,80,82,86,unassignable,0,,gete_type,elements outside rule: Ag
AgSn5SbTe7,87,50,45,52,47,unassignable,0,,gete_type,elements outside rule: Ag
AgSnSe2,15,15,15,10,15,unassignable,0,,snse_type,elements outside rule: Ag
AgTe10Pb9,9,5,5,3,5,unassignable,0,,bicuseo,a required site is empty
AgTe4Mo3,18,10,10,11,10,unassignable,0,,cu2x_ag2x_liquid_like,elements outside rule: Mo
AgTePb,15,8,4,9,8,unassignable,0,,bicuseo,a required site is empty
Al,3,0,0,3,0,unassignable,0,,zintl_14_1_11,M above 10% of atoms
Al(VFe)2,9,9,0,0,0,unassignable,0,,full_heusler,ratio spread 0.750 > 0.15
Al0.062Cr1,16,0,16,0,0,unassignable,0,,full_heusler,a required site is empty
Al0.076Cu0.53Ni0.47O0.114,17,9,10,0,5,unassignable,0,,clathrate_type_i,elements outside rule: O
Al0.07Si0.93,80,80,0,0,0,unassignable,0,,clathrate_type_i,a required site is empty
Al0.12Co1Si0.88,19,15,15,4,4,unassignable,0,,full_heusler,a required site is empty
Al0.1336Re0.73Si1.5364Ru0.24,11,4,0,3,6,unassignable,0,,tm_silicide,elements outside rule: Al
Al0.14Cu0.53Ni0.47O0.21,11,7,7,0,4,unassignable,0,,clathrate_type_i,elements outside rule: O
Al0.15Zn0.85Te1,7,4,5,3,3,unassignable,0,,tetradymite,"elements outside rule: Al,Zn"
Al0.16In0.84N1,5,4,5,0,0,unassignable,0,,zintl_14_1_11,elements outside rule: N
Al0.16Si0.84,34,34,0,0,0,unassignable,0,,clathrate_type_i,a required site is empty
Al0.1In0.1Ga0.8N1,14,10,10,6,7,unassignable,0,,zintl_14_1_11,elements outside rule: N
Al0.24In0.525Ga0.235As1,40,23,23,40,40,unassignable,0,,zintl_14_1_11,M above 10% of atoms
Al0.24V0.227772Fe0.50692,10,10,10,0,4,full_heusler,1,full_heusler,,
Al0.25Cr1Fe1Co1Ni1,10,9,5,0,0,unassignable,0,,full_heusler,ratio spread 1.364 > 0.15
Al0.26In0.3Ga0.44N1,5,3,5,0,0,unassignable,0,,zintl_14_1_11,elements outside rule: N
Al0.28In0.72N1,7,0,0,5,5,unassignable,0,,zintl_14_1_11,elements outside rule: N
Al0.2In0.53Ga0.27As1,20,13,15,17,17,unassignable,0,,zintl_14_1_11,M above 10% of atoms
Al0.2In1Ga0.8As1,166,78,98,18,37,unassignable,0,,zintl_14_1_11,M above 10% of atoms
Al0.35In0.65N1,8,5,5,3,0,unassignable,0,,zintl_14_1_11,elements outside rule: N
Al0.4Bi0.4Sb1.2Te3,9,9,0,9,9,unassignable,0,,tetradymite,elements outside rule: Al
Al0.4Bi0.4Sb1.6Te3O0.6,7,7,7,7,7,unassignable,0,,tetradymite,"elements outside rule: Al,O"
Al0.4Fe1.6Ni1O4,8,8,0,0,0,other_oxide,1,other_oxide,,
Al0.55In0.45N1,6,5,4,0,0,unassignable,0,,zintl_14_1_11,elements outside rule: N
Al0.57In0.43N1,5,0,0,4,5,unassignable,0,,zintl_14_1_11,elements outside rule: N
Al0.57V1Fe2Si0.43,4,1,4,0,0,full_heusler,1,full_heusler,,
Al0.5Cr1Fe1Co1Ni1,9,9,9,0,0,unassignable,0,,full_heusler,ratio spread 1.000 > 0.15
Al0.5Cr1Fe1Cu1Ni2,17,13,6,0,15,unassignable,0,,full_heusler,ratio spread 1.286 > 0.15
Al0.5Ga0.5Cu3Sn1S5,7,6,7,7,7,unassignable,0,,diamond_like_cu,"elements outside rule: Al,Ga"
Al0.67V1Fe2Si0.33,3,0,3,0,0,full_heusler,1,full_heusler,,
Al0.6Fe1.4Ni1O4,7,7,0,0,0,other_oxide,1,other_oxide,,
Al0.6V0.8Fe2.2Si0.4,4,4,0,0,0,unassignable,0,,full_heusler,ratio spread 0.310 > 0.15
Al0.75Cr1Fe1Co1Ni1,11,9,9,0,0,unassignable,0,,full_heusler,ratio spread 0.692 > 0.15
Al0.78V1Fe2Si0.22,4,0,4,0,0,full_heusler,1,full_heusler,,
Al0.79V1.21Fe2,19,18,19,19,18,unassignable,0,,full_heusler,ratio spread 0.420 > 0.15
Al0.7Zn1.2Sb1.6,6,5,6,5,6,unassignable,0,,zintl_14_1_11,M above 10% of atoms
Al0.81In0.19N1,20,12,16,20,19,unassignable,0,,zintl_14_1_11,elements outside rule: N
Al0.82V1.18Fe2,20,18,19,18,18,unassignable,0,,full_heusler,ratio spread 0.360 > 0.15
Al0.85V1.15Fe2,19,18,19,18,18,unassignable,0,,full_heusler,ratio spread 0.300 > 0.15
Al0.85V1Fe2,13,12,9,0,0,unassignable,0,,full_heusler,ratio spread 0.158 > 0.15
Al0.87V1Fe2,11,9,11,0,0,full_heusler,1,full_heusler,,
Al0.88V1.12Fe2,41,37,27,18,18,unassignable,0,,full_heusler,ratio spread 0.240 > 0.15
Al0.88V1Fe2,22,16,20,3,3,full_heusler,1,full_heusler,,
Al0.8955Zn0.4Sb1.2,3,2,2,2,3,unassignable,0,,zintl_14_1_11,M above 10% of atoms
Al0.8Fe1.2Ni1O4,14,14,0,0,0,other_oxide,1,other_oxide,,
Al0.8V1.2Fe2,6,0,0,6,5,unassignable,0,,full_heusler,ratio spread 0.400 > 0.15
Al0.8V1Fe2Ge0.2,12,5,11,0,0,full_heusler,1,full_heusler,,
Al0.8V1Fe2Si0.2,32,10,29,0,0,full_heusler,1,full_heusler,,
Al0.8V1Ga0.2Fe2,12,10,11,0,0,full_heusler,1,full_heusler,,
Al0.8Zn0.8Sb1.4,6,4,6,5,6,unassignable,0,,zintl_14_1_11,M above 10% of atoms
Al0.91V1.09Fe2,28,26,26,15,17,unassignable,0,,full_heusler,ratio spread 0.180 > 0.15
Al0.91V1.11Fe2,9,9,0,0,0,unassignable,0,,full_heusler,ratio spread 0.199 > 0.15
Al0.91V1.12Fe2,9,9,0,0,0,unassignable,0,,full_heusler,ratio spread 0.208 > 0.15
Al0.91V1.1Fe2,9,9,9,0,0,unassignable,0,,full_heusler,ratio spread 0.189 > 0.15
Al0.925Cu1O2,5,0,0,5,0,other_oxide,1,other_oxide,,
Al0.92V0.9Fe2,11,0,11,0,0,full_heusler,1,full_heusler,,
Al0.92V1.08Fe2,38,18,20,0,0,unassignable,0,,full_heusler,ratio spread 0.160 > 0.15
Al0.92V1Fe2,40,17,37,3,3,full_heusler,1,full_heusler,,
Al0.93V1Fe2,25,20,17,0,8,full_heusler,1,full_heusler,,
Al0.94V1.06Fe2,27,10,19,12,5,full_heusler,1,full_heusler,,
Al0.95Cu1O2,15,15,0,0,0,other_oxide,1,other_oxide,,
Al0.95V0.95Fe2,21,12,10,5,13,full_heusler,1,full_heusler,,
Al0.95V1.05Fe2,46,16,32,10,1,full_heusler,1,full_heusler,,
Al0.95V1Fe2,149,79,99,21,20,full_heusler,1,full_heusler,,
Al0.9Cu1O2,36,23,0,9,4,other_oxide,1,other_oxide,,
Al0.9V0.95Fe2,49,48,33,0,1,full_heusler,1,full_heusler,,
Al0.9V0.9Fe2,12,11,11,0,0,full_heusler,1,full_heusler,,
Al0.9V1.05Fe2,15,5,13,0,0,unassignable,0,,full_heusler,ratio spread 0.153 > 0.15
Al0.9V1.1Fe2,33,18,18,12,3,unassignable,0,,full_heusler,ratio spread 0.200 > 0.15
Al0.9V1Fe2,297,224,237,11,13,full_heusler,1,full_heusler,,
Al0.9V1Fe2S1,10,9,9,0,0,unassignable,0,,full_heusler,elements outside rule: S
Al0.9Zn0.4Sb1.2,3,3,3,3,3,unassignable,0,,zintl_14_1_11,M above 10% of atoms
Al1.05V0.95Fe2,19,17,10,0,0,full_heusler,1,full_heusler,,
Al1.06V0.94Fe2,14,4,13,0,1,full_heusler,1,full_heusler,,
Al1.07V0.95Fe2,5,5,0,0,0,full_heusler,1,full_heusler,,
Al1.08V0.89Fe2,9,9,9,0,0,unassignable,0,,full_heusler,ratio spread 0.192 > 0.15
Al1.08V0.91Fe2,9,9,9,0,0,unassignable,0,,full_heusler,ratio spread 0.171 > 0.15
Al1.08V0.92Fe2,19,16,12,0,0,unassignable,0,,full_heusler,ratio spread 0.160 > 0.15
Al1.08V0.9Fe2,9,9,9,0,0,unassignable,0,,full_heusler,ratio spread 0.181 > 0.15
Al1.08V2Fe2,9,9,9,0,0,unassignable,0,,full_heusler,ratio spread 0.735 > 0.15
Al1.09V2Fe2,9,9,0,0,0,unassignable,0,,full_heusler,ratio spread 0.733 > 0.15
Al1.12V0.88Fe2,18,17,9,0,0,unassignable,0,,full_heusler,ratio spread 0.240 > 0.15
Al1.12V1.88Fe2,9,9,0,0,0,unassignable,0,,full_heusler,ratio spread 0.660 > 0.15
Al1.15O0.45,6,0,0,6,0,other_oxide,1,other_oxide,,
Al1.1V0.9Fe2,14,5,13,0,1,unassignable,0,,full_heusler,ratio spread 0.200 > 0.15
Al1.1V1.9Fe2,9,9,0,0,0,unassignable,0,,full_heusler,ratio spread 0.675 > 0.15
Al1.24B14,5,5,4,5,5,unassignable,0,,zintl_14_1_11,elements outside rule: B
Al1.25Cr1Fe1Co1Ni1,12,9,7,0,0,unassignable,0,,full_heusler,ratio spread 0.400 > 0.15
Al1.2V0.8Fe2,6,0,0,6,4,unassignable,0,,full_heusler,ratio spread 0.400 > 0.15
Al1.55B14,5,5,4,5,5,unassignable,0,,zintl_14_1_11,elements outside rule: B
Al1.5Cr1Fe1Co1Ni1,9,8,9,0,0,unassignable,0,,full_heusler,ratio spread 0.375 > 0.15
Al1.5Cr1Fe1Cu1Ni2,17,12,7,0,13,unassignable,0,,full_heusler,ratio spread 0.667 > 0.15
Al1.75Cr1Fe1Co1Ni1,12,9,9,0,0,unassignable,0,,full_heusler,ratio spread 0.529 > 0.15
Al1.86B14,5,5,3,5,5,unassignable,0,,zintl_14_1_11,elements outside rule: B
Al100Cu100O199,6,6,0,0,0,other_oxide,1,other_oxide,,
Al11Re4,17,0,17,0,0,unassignable,0,,zintl_14_1_11,elements outside rule: Re
Al13Fe18Si19,20,20,20,0,0,unassignable,0,,full_heusler,a required site is empty
Al13Ru7,9,0,9,5,0,unassignable,0,,full_heusler,a required site is empty
Al17Re2Pd5,9,9,0,0,0,unassignable,0,,full_heusler,elements outside rule: Re
Al1Fe2.85,20,0,20,0,0,unassignable,0,,full_heusler,a required site is empty
Al1V0.3Fe2.7,20,0,20,0,0,unassignable,0,,full_heusler,ratio spread 1.189 > 0.15
Al1V0.45Fe2.55,20,0,20,0,0,unassignable,0,,full_heusler,ratio spread 0.908 > 0.15
Al1V0.5Fe2.5,13,0,8,9,0,unassignable,0,,full_heusler,ratio spread 0.818 > 0.15
Al1V0.6Fe2.4,20,0,20,0,0,unassignable,0,,full_heusler,ratio spread 0.643 > 0.15
Al1V0.75Fe2,16,7,16,4,3,unassignable,0,,full_heusler,ratio spread 0.273 > 0.15
Al1V0.75Fe2.25,19,0,19,0,0,unassignable,0,,full_heusler,ratio spread 0.391 > 0.15
Al1V0.81Fe2,5,5,0,0,0,unassignable,0,,full_heusler,ratio spread 0.203 > 0.15
Al1V0.83Fe2,15,4,13,0,0,unassignable,0,,full_heusler,ratio spread 0.180 > 0.15
Al1V0.84Fe2,9,9,9,5,0,unassignable,0,,full_heusler,ratio spread 0.169 > 0.15
Al1V0.85Fe2,23,16,18,0,0,unassignable,0,,full_heusler,ratio spread 0.158 > 0.15
Al1V0.86Fe2,15,10,7,0,0,full_heusler,1,full_heusler,,
Al1V0.87Fe2,19,16,7,0,0,full_heusler,1,full_heusler,,
Al1V0.88Fe2,15,5,13,0,0,full_heusler,1,full_heusler,,
Al1V0.8Fe2,33,30,25,0,0,unassignable,0,,full_heusler,ratio spread 0.214 > 0.15
Al1V0.8Fe2Mo0.2,5,5,1,0,0,unassignable,0,,full_heusler,elements outside rule: Mo
Al1V0.8Fe2W0.2,14,11,10,0,0,unassignable,0,,full_heusler,elements outside rule: W
Al1V0.91Fe2,10,4,7,0,0,full_heusler,1,full_heusler,,
Al1V0.92Fe2,22,13,18,6,5,full_heusler,1,full_heusler,,
Al1V0.93Fe2,25,8,21,0,0,full_heusler,1,full_heusler,,
Al1V0.94Fe2,28,13,25,6,5,full_heusler,1,full_heusler,,
Al1V0.95Fe2,64,38,49,5,0,full_heusler,1,full_heusler,,
Al1V0.9Fe2,181,107,148,16,11,full_heusler,1,full_heusler,,
Al1V1.05Fe2,46,17,36,0,0,full_heusler,1,full_heusler,,
Al1V1.14Fe1.86,20,0,20,0,0,unassignable,0,,full_heusler,ratio spread 0.205 > 0.15
Al1V1F1.88,7,7,0,0,0,unassignable,0,,full_heusler,elements outside rule: F
Al1V1Fe1.2Co0.8,16,10,6,10,8,full_heusler,1,full_heusler,,
Al1V1Fe1.4Co0.6,19,8,10,0,11,full_heusler,1,full_heusler,,
Al1V1Fe1.6Co0.4,19,10,10,11,11,full_heusler,1,full_heusler,,
Al1V1Fe1.76Co0.24,20,10,10,10,10,full_heusler,1,full_heusler,,
Al1V1Fe1.7Co0.3,18,11,11,10,9,full_heusler,1,full_heusler,,
Al1V1Fe1.84,13,8,6,5,7,full_heusler,1,full_heusler,,
Al1V1Fe1.88,12,4,11,0,0,full_heusler,1,full_heusler,,
Al1V1Fe1.9,22,13,17,3,4,full_heusler,1,full_heusler,,
Al2.25Cr1Fe1Co1Ni1,10,9,6,5,4,unassignable,0,,full_heusler,ratio spread 0.789 > 0.15
Al2.5Cr1Fe1Co1Ni1,10,9,9,4,6,unassignable,0,,full_heusler,ratio spread 0.900 > 0.15
Al2.5Cr1Fe1Cu1Ni2,14,12,6,0,12,unassignable,0,,full_heusler,ratio spread 0.818 > 0.15
Al2.75Cr1Fe1Co1Ni1,8,8,5,5,5,unassignable,0,,full_heusler,ratio spread 1.000 > 0.15
Al22Re3Pd7,21,12,8,5,3,unassignable,0,,full_heusler,elements outside rule: Re
Al22Re3Pd8,19,19,18,0,0,unassignable,0,,full_heusler,elements outside rule: Re
Al23Re3Pd7,15,8,15,0,0,unassignable,0,,full_heusler,elements outside rule: Re
Al25(Fe18Si19)2,10,10,10,0,0,unassignable,0,,full_heusler,a required site is empty
Al25(V9Fe16)3,8,0,8,0,0,full_heusler,1,full_heusler,,
Al25V23Fe52,8,0,8,0,0,full_heusler,1,full_heusler,,
Al26(FeSi)37,39,36,36,37,0,unassignable,0,,full_heusler,a required site is empty
Al27(FeSi)37,6,6,6,6,0,unassignable,0,,full_heusler,a required site is empty
Al2Bi4Te4Br2.54Cl7.46,6,6,0,0,0,unassignable,0,,tetradymite,"elements outside rule: Al,Br,Cl"
Al2CrFeCoNi,34,32,33,28,28,unassignable,0,,full_heusler,ratio spread 0.667 > 0.15
Al2Fe,10,7,7,1,0,unassignable,0,,full_heusler,a required site is empty
Al2In5Ga3As5,31,0,0,31,0,unassignable,0,,zintl_14_1_11,M above 10% of atoms
Al2O3,26,25,0,6,7,other_oxide,1,other_oxide,,
Al2Ru,23,0,9,19,0,unassignable,0,,full_heusler,a required site is empty
Al2Ru0.8075,11,10,10,6,6,unassignable,0,,full_heusler,a required site is empty
Al2Ru0.833,11,10,10,6,6,unassignable,0,,full_heusler,a required site is empty
Al2Ru0.85,36,28,30,17,17,unassignable,0,,full_heusler,a required site is empty
Al2Ru0.9,5,0,0,5,0,unassignable,0,,full_heusler,a required site is empty
Al3(FeSi)4,10,10,10,0,0,unassignable,0,,full_heusler,a required site is empty
Al33(RePd2)5,13,13,0,0,0,unassignable,0,,full_heusler,elements outside rule: Re
Al34Re5Pd11,19,17,19,0,6,unassignable,0,,full_heusler,elements outside rule: Re
Al37Ir13,10,0,0,10,0,unassignable,0,,full_heusler,a required site is empty
Al3CrFeCoNi,11,9,9,6,6,unassignable,0,,full_heusler,ratio spread 1.091 > 0.15
Al3Fe,12,6,0,12,6,unassignable,0,,full_heusler,a required site is empty
Al3V,4,4,0,0,0,unassignable,0,,full_heusler,a required site is empty
Al3V0.9,3,3,0,0,0,unassignable,0,,full_heusler,a required site is empty
Al5.4Re4.7Si4.6,12,6,6,5,0,unassignable,0,,clathrate_type_i,elements outside rule: Re
Al5.5Re4.7Si4.5,10,8,8,5,0,unassignable,0,,clathrate_type_i,elements outside rule: Re
Al5Co1.8,8,7,7,4,0,unassignable,0,,full_heusler,a required site is empty
Al5Co1.9,9,5,6,4,0,unassignable,0,,full_heusler,a required site is empty
Al5Co2,10,7,7,3,0,unassignable,0,,full_heusler,a required site is empty
Al5Fe2,36,6,0,36,6,unassignable,0,,full_heusler,a required site is empty
Al5Re4.7Si5,23,13,13,10,0,unassignable,0,,clathrate_type_i,elements outside rule: Re
Al62Fe12Cu25,7,1,6,0,0,unassignable,0,,full_heusler,a required site is empty
Al66Re9Pd20,9,9,0,0,0,unassignable,0,,full_heusler,elements outside rule: Re
Al67(RePd2)10,9,9,0,0,0,unassignable,0,,full_heusler,elements outside rule: Re
Al67Re10Pd19,7,7,0,0,0,unassignable,0,,full_heusler,elements outside rule: Re
Al67Re10Pd23,20,16,20,0,6,unassignable,0,,full_heusler,elements outside rule: Re
Al67Re8.5Pd20,10,10,0,0,0,unassignable,0,,full_heusler,elements outside rule: Re
Al67Re8Pd21,9,9,0,0,0,unassignable,0,,full_heusler,elements outside rule: Re
Al67Re9Pd20,9,9,0,0,0,unassignable,0,,full_heusler,elements outside rule: Re
Al68(Re4Pd7)3,20,17,20,0,6,unassignable,0,,full_heusler,elements outside rule: Re
Al68(RePd2)11,19,10,19,0,6,unassignable,0,,full_heusler,elements outside rule: Re
Al68Re8.5Pd20,9,9,0,0,0,unassignable,0,,full_heusler,elements outside rule: Re
Al68Re9Pd19,9,9,0,0,0,unassignable,0,,full_heusler,elements outside rule: Re
Al68Re9Pd20,9,9,0,0,0,unassignable,0,,full_heusler,elements outside rule: Re
Al68Re9Pd22,13,9,9,5,5,unassignable,0,,full_heusler,elements outside rule: Re
Al68Re9Pd23,28,20,16,9,7,unassignable,0,,full_heusler,elements outside rule: Re
Al6Re4.7Si4,13,9,8,5,0,unassignable,0,,clathrate_type_i,elements outside rule: Re
Al6Re4.7Si4.3,12,8,5,5,0,unassignable,0,,clathrate_type_i,elements outside rule: Re
Al7(FeSi)9,27,24,26,7,0,unassignable,0,,full_heusler,a required site is empty
Al7.5Re10Pd20,4,0,0,0,4,unassignable,0,,full_heusler,elements outside rule: Re
Al71(Fe3Pd10)2,18,16,18,5,6,unassignable,0,,full_heusler,a required site is empty
Al71(Pd10Ru3)2,37,29,35,6,6,unassignable,0,,full_heusler,a required site is empty
Al71(Pd5Ru2)4,37,35,37,0,0,unassignable,0,,full_heusler,a required site is empty
Al71Pd20,38,32,36,6,6,unassignable,0,,full_heusler,a required site is empty
Al71Pd20Ru9,19,17,18,5,5,unassignable,0,,full_heusler,a required site is empty
Al71Re5.4Pd20,60,45,53,10,15,unassignable,0,,full_heusler,elements outside rule: Re
Al71Re7Pd20,19,16,18,4,4,unassignable,0,,full_heusler,elements outside rule: Re
Al71Re9Pd20,92,74,75,26,20,unassignable,0,,full_heusler,elements outside rule: Re
Al72Re17Si11,3,3,0,0,0,unassignable,0,,clathrate_type_i,elements outside rule: Re
Al72Re8.5Pd20,4,0,0,0,4,unassignable,0,,full_heusler,elements outside rule: Re
Al73Ir27,7,0,0,7,0,unassignable,0,,full_heusler,a required site is empty
Al73Re17Si10,4,4,0,0,0,unassignable,0,,clathrate_type_i,elements outside rule: Re
Al76Re17Si7,3,3,0,0,0,unassignable,0,,clathrate_type_i,elements outside rule: Re
Al7RePd2,6,0,0,6,0,unassignable,0,,full_heusler,elements outside rule: Re
Al9Fe4,24,12,0,21,12,unassignable,0,,full_heusler,a required site is empty
AlCrCo2,11,9,10,0,0,full_heusler,1,full_heusler,,
AlCrFeCoNi,11,9,9,0,0,unassignable,0,,full_heusler,ratio spread 0.429 > 0.15
AlCrFeCuNi2,17,13,6,0,10,unassignable,0,,full_heusler,ratio spread 0.750 > 0.15
AlCu3SnS5,9,7,7,5,7,unassignable,0,,diamond_like_cu,elements outside rule: Al
AlCuO2,119,89,0,13,23,other_oxide,1,other_oxide,,
AlFe2Co,12,12,12,0,0,unassignable,0,,full_heusler,a required site is empty
AlFe2Ni,12,12,7,0,0,unassignable,0,,full_heusler,a required site is empty
AlFe3,28,0,26,6,0,unassignable,0,,full_heusler,a required site is empty
AlFeCo2,8,8,8,0,0,unassignable,0,,full_heusler,a required site is empty
AlFeNiO4,10,10,0,0,0,other_oxide,1,other_oxide,,
AlNi3C,3,2,2,3,0,unassignable,0,,clathrate_type_i,elements outside rule: C
AlSb,14,8,7,12,9,unassignable,0,,zintl_14_1_11,M above 10% of atoms
AlV3,10,0,10,0,0,unassignable,0,,full_heusler,a required site is empty
AlVF2,16,16,0,0,0,unassignable,0,,full_heusler,elements outside rule: F
AlVFe2,405,221,324,26,38,full_heusler,1,full_heusler,,
AlVFeCo,19,10,10,10,10,full_heusler,1,full_heusler,,
AlZnO,75,74,74,0,0,other_oxide,1,other_oxide,,
As2Pt,11,10,11,0,11,unassignable,0,,skutterudite,elements outside rule: Pt
Au,90,90,0,0,0,unassignable,0,,clathrate_type_i,a required site is empty
B,306,193,1,117,96,unassignable,0,,sige,elements outside rule: B
B10C,18,10,10,6,10,unassignable,0,,sige,"elements outside rule: B,C"
B11C,54,24,10,34,0,unassignable,0,,sige,"elements outside rule: B,C"
B12C2.69,3,3,0,0,0,unassignable,0,,sige,"elements outside rule: B,C"
B13C1.75,6,6,0,0,0,unassignable,0,,sige,"elements outside rule: B,C"
B13C1.87,5,5,0,0,0,unassignable,0,,sige,"elements outside rule: B,C"
B13C2,17,12,10,0,0,unassignable,0,,sige,"elements outside rule: B,C"
B13C2.23,4,4,0,0,0,unassignable,0,,sige,"elements outside rule: B,C"
B14C1.48,3,3,0,0,0,unassignable,0,,sige,"elements outside rule: B,C"
B193C48,8,6,1,2,6,unassignable,0,,sige,"elements outside rule: B,C"
B23C2,8,7,8,0,0,unassignable,0,,sige,"elements outside rule: B,C"
B325C81O37,5,5,0,0,4,unassignable,0,,bicuseo,"elements outside rule: B,C"
B341(C17O6)5,6,5,0,0,6,unassignable,0,,bicuseo,"elements outside rule: B,C"
B371C93,13,5,4,7,9,unassignable,0,,sige,"elements outside rule: B,C"
B4.3C1,7,3,5,0,0,unassignable,0,,sige,"elements outside rule: B,C"
B4C,77,39,25,11,24,unassignable,0,,sige,"elements outside rule: B,C"
B5C,16,9,9,9,9,unassignable,0,,sige,"elements outside rule: B,C"
B6.4C1,8,0,0,8,0,unassignable,0,,sige,"elements outside rule: B,C"
B6C,18,10,10,7,10,unassignable,0,,sige,"elements outside rule: B,C"
B6C82N5.52O6,10,10,0,0,0,unassignable,0,,bicuseo,"elements outside rule: B,C,N"
B6S0.599,5,5,0,0,0,unassignable,0,,tetradymite,elements outside rule: B
B6S0.609,5,5,0,0,0,unassignable,0,,tetradymite,elements outside rule: B
B6S0.628,3,3,0,0,0,unassignable,0,,tetradymite,elements outside rule: B
B7C,41,13,11,29,10,unassignable,0,,sige,"elements outside rule: B,C"
B8C,38,15,22,16,9,unassignable,0,,sige,"elements outside rule: B,C"
B9C,20,10,10,10,10,unassignable,0,,sige,"elements outside rule: B,C"
BN,7,0,0,0,7,unassignable,0,,sige,"elements outside rule: B,N"
BP,6,6,0,0,0,unassignable,0,,skutterudite,elements outside rule: B
BPHOF,2,0,2,0,0,other_oxide,1,other_oxide,,
BTe3I2,9,9,9,6,9,unassignable,0,,tetradymite,"elements outside rule: B,I"
Ba(CdSb)2,54,0,0,0,54,zintl_122,1,zintl_122,,
Ba(CuS)2,39,19,20,10,19,unassignable,0,,bicuseo,a required site is empty
Ba(CuSe)2,23,19,19,0,0,unassignable,0,,bicuseo,a required site is empty
Ba(CuTe)2,131,106,109,94,110,unassignable,0,,bicuseo,a required site is empty
Ba(FeSb3)4,43,43,15,19,15,skutterudite,1,skutterudite,,
Ba(GaSb)2,52,23,46,27,25,unassignable,0,,skutterudite,filler above 8% of atoms
Ba(MnSb)2,24,22,17,0,0,zintl_122,1,zintl_122,,
Ba(Sb3Os)4,8,8,0,0,0,unassignable,0,,skutterudite,elements outside rule: Os
Ba(Sb3Ru)4,8,8,0,0,0,unassignable,0,,half_heusler,elements outside rule: Ba
Ba(ScTe2)2,10,10,0,0,0,unassignable,0,,bicuseo,elements outside rule: Sc
Ba(YTe2)2,10,10,0,0,0,unassignable,0,,bicuseo,elements outside rule: Y
Ba(ZnSb)2,123,59,60,68,65,zintl_122,1,zintl_122,,
Ba0.19Co1O2,19,10,10,11,10,other_oxide,1,other_oxide,,
Ba0.19Sr0.81Si2,4,3,3,3,4,unassignable,0,,clathrate_type_i,a required site is empty
Ba0.25La0.75Mn1O3,14,12,13,0,0,manganite,2,manganite;other_oxide,,
Ba0.26Nd0.46Fe1O3,20,0,20,0,0,other_oxide,1,other_oxide,,
Ba0.28Co1O2,19,11,10,10,11,other_oxide,1,other_oxide,,
Ba0.29La0.39Fe1O3,19,0,19,0,0,other_oxide,1,other_oxide,,
Ba0.33Co1O2,19,11,11,10,10,other_oxide,1,other_oxide,,
Ba0.33La0.67Mn0.95O3,3,3,0,0,0,manganite,2,manganite;other_oxide,,
Ba0.33La0.67Mn0.9O3,3,0,3,0,0,manganite,2,manganite;other_oxide,,
Ba0.33La0.67Mn1O3,14,6,8,0,0,manganite,2,manganite;other_oxide,,
Ba0.35Gd0.35Co1O3,5,0,5,0,0,other_oxide,1,other_oxide,,
Ba0.36La0.26Fe1O3,20,0,20,0,0,other_oxide,1,other_oxide,,
Ba0.38La0.34Fe1O3,19,0,19,0,0,other_oxide,1,other_oxide,,
Ba0.397La0.603Mn1O3,4,0,4,0,0,manganite,2,manganite;other_oxide,,
Ba0.3Co1O2,20,11,11,10,10,other_oxide,1,other_oxide,,
Ba0.3Eu0.7Ti1O3,20,2,1,10,7,perovskite_titanate,2,perovskite_titanate;other_oxide,,
Ba0.3Gd0.3Co1O3,4,0,4,0,0,other_oxide,1,other_oxide,,
Ba0.3La0.7Fe1O3,11,0,11,0,0,other_oxide,1,other_oxide,,
Ba0.3Nd0.7Co1O3,3,0,3,0,0,other_oxide,1,other_oxide,,
Ba0.3Sr0.6Ti1O3,11,10,10,10,0,perovskite_titanate,2,perovskite_titanate;other_oxide,,
Ba0.3Sr0.7Co0.8O3,5,0,5,0,0,cobaltite,2,cobaltite;other_oxide,,
Ba0.425Sr0.425Co0.8O3,91,0,91,0,0,cobaltite,2,cobaltite;other_oxide,,
Ba0.45Gd0.45Co1O3,5,0,5,0,0,other_oxide,1,other_oxide,,
Ba0.45Sr0.45Co0.8O3,60,0,60,0,0,cobaltite,2,cobaltite;other_oxide,,
Ba0.46Sr0.5Pr1Co2O5,10,0,10,0,0,cobaltite,2,cobaltite;other_oxide,,
Ba0.475Sr0.475Co0.8O3,39,0,39,0,0,cobaltite,2,cobaltite;other_oxide,,
Ba0.47La0.33Fe0.3Co0.7O3,16,0,16,0,0,other_oxide,1,other_oxide,,
Ba0.47Sr0.47Co0.8O3,10,0,10,0,0,cobaltite,2,cobaltite;other_oxide,,
Ba0.485Sr0.485Co0.8O3,10,0,10,0,0,cobaltite,2,cobaltite;other_oxide,,
Ba0.4975Ca0.4975Mg2Bi2,13,7,9,11,10,zintl_122,1,zintl_122,,
Ba0.4Eu0.6Ti1O3,23,3,0,9,11,perovskite_titanate,2,perovskite_titanate;other_oxide,,
Ba0.4Gd0.4Co1O3,5,0,5,0,0,other_oxide,1,other_oxide,,
Ba0.4La0.6Co0.8O3,12,0,12,0,0,other_oxide,1,other_oxide,,
Ba0.4La0.6Fe0.8O3,24,19,5,0,0,other_oxide,1,other_oxide,,
Ba0.4La0.6Fe1O3,14,0,14,0,0,other_oxide,1,other_oxide,,
Ba0.4Nd0.6Co1O3,3,0,3,0,0,other_oxide,1,other_oxide,,
Ba0.4Nd0.6Fe0.9O3,14,0,14,0,0,other_oxide,1,other_oxide,,
Ba0.4Sr0.4Co0.8O3,79,0,79,0,0,cobaltite,2,cobaltite;other_oxide,,
Ba0.4Sr0.4Fe0.95O3,8,0,8,0,0,other_oxide,1,other_oxide,,
Ba0.4Sr0.4Fe0.9O3,3,0,3,0,0,other_oxide,1,other_oxide,,
Ba0.4Sr0.4Fe1O3,5,0,5,0,0,other_oxide,1,other_oxide,,
Ba0.4Sr0.4Pr0.6Fe0.8O3,10,0,10,0,0,other_oxide,1,other_oxide,,
Ba0.4Sr0.6Co0.8O3,4,0,4,0,0,cobaltite,2,cobaltite;other_oxide,,
Ba0.4Sr0.6Pb1.1O3.2,18,9,9,0,6,other_oxide,1,other_oxide,,
Ba0.4Sr0.6Pb1.2O3.4,19,9,10,0,3,other_oxide,1,other_oxide,,
Ba0.4Sr0.6Pb1O3,17,9,9,0,3,other_oxide,1,other_oxide,,
Ba0.515Sr0.515Co0.8O3,9,0,9,0,0,cobaltite,2,cobaltite;other_oxide,,
Ba0.51Sr0.34Co0.85O3,5,0,5,0,0,cobaltite,2,cobaltite;other_oxide,,
Ba0.545Sr0.545Co0.8O3,8,0,8,0,0,cobaltite,2,cobaltite;other_oxide,,
Ba0.5498La0.45Co0.9O3,9,0,9,0,0,other_oxide,1,other_oxide,,
Ba0.54Sr0.36Co0.85O3,5,0,5,0,0,cobaltite,2,cobaltite;other_oxide,,
Ba0.575Sr0.575Co0.8O3,6,0,6,0,0,cobaltite,2,cobaltite;other_oxide,,
Ba0.57La0.33Fe0.3Co0.7O3,17,0,17,0,0,other_oxide,1,other_oxide,,
Ba0.57Sr0.38Co0.85O3,4,0,4,0,0,cobaltite,2,cobaltite;other_oxide,,
Ba0.5Ca0.5B6,11,0,6,6,0,unassignable,0,,skutterudite,elements outside rule: B
Ba0.5Eu0.5Ti1O3,12,1,0,5,6,perovskite_titanate,2,perovskite_titanate;other_oxide,,
Ba0.5Gd0.5Co1O3,6,0,6,0,0,other_oxide,1,other_oxide,,
Ba0.5La0.3Co1O3,18,0,18,0,0,other_oxide,1,other_oxide,,
Ba0.5La0.5Co1O3,41,1,40,0,0,other_oxide,1,other_oxide,,
Ba0.5La0.5Fe1O3,70,0,70,0,0,other_oxide,1,other_oxide,,
Ba0.5La1.5Cu1Ir1O6,10,10,0,0,0,other_oxide,1,other_oxide,,
Ba0.5Nd0.5Co1O3,4,0,4,0,0,other_oxide,1,other_oxide,,
Ba0.5Nd0.5Fe0.9O3,15,0,15,0,0,other_oxide,1,other_oxide,,
Ba0.5Nd0.5Fe1O3,4,0,4,0,0,other_oxide,1,other_oxide,,
Ba0.5Pr0.5Co1O3,21,1,20,0,0,other_oxide,1,other_oxide,,
Ba0.5Sr0.4Ti1O3,12,10,10,10,0,perovskite_titanate,2,perovskite_titanate;other_oxide,,
Ba0.5Sr0.5B6,6,0,5,1,0,unassignable,0,,skutterudite,elements outside rule: B
Ba0.5Sr0.5Co0.68O3,7,0,7,0,0,cobaltite,2,cobaltite;other_oxide,,
Ba0.5Sr0.5Co0.6O3,3,0,3,0,0,cobaltite,2,cobaltite;other_oxide,,
Ba0.5Sr0.5Co0.72O3,7,0,7,0,0,cobaltite,2,cobaltite;other_oxide,,
Ba0.5Sr0.5Co0.768O3,5,0,5,0,0,cobaltite,2,cobaltite;other_oxide,,
Ba0.5Sr0.5Co0.76O3,10,0,10,0,0,cobaltite,2,cobaltite;other_oxide,,
Ba0.5Sr0.5Co0.8O3,193,0,193,0,0,cobaltite,2,cobaltite;other_oxide,,
Ba0.5Sr0.5Co1O3,3,0,3,0,0,cobaltite,2,cobaltite;other_oxide,,
Ba0.5Sr0.5Fe0.25Co0.7O3,7,0,7,0,0,cobaltite,2,cobaltite;other_oxide,,
Ba0.5Sr0.5Fe0.28Co0.7O3,13,0,13,0,0,cobaltite,2,cobaltite;other_oxide,,
Ba0.5Sr0.5Fe0.3Co0.7O3,7,0,7,0,0,cobaltite,2,cobaltite;other_oxide,,
Ba0.5Sr0.5Fe0.4Co0.6O3,39,0,39,0,0,cobaltite,2,cobaltite;other_oxide,,
Ba0.5Sr0.5Fe0.5Sb0.5O3,3,0,3,0,0,other_oxide,1,other_oxide,,
Ba0.5Sr0.5Fe0.6Co0.4O3,38,0,38,0,0,cobaltite,2,cobaltite;other_oxide,,
Ba0.5Sr0.5Fe0.7O3,4,0,4,0,0,other_oxide,1,other_oxide,,
Ba0.5Sr0.5Fe0.85O3,11,0,11,0,0,other_oxide,1,other_oxide,,
Ba0.5Sr0.5Fe0.8O3,159,0,159,0,0,other_oxide,1,other_oxide,,
Ba0.5Sr0.5Fe0.95O3,5,0,5,0,0,other_oxide,1,other_oxide,,
Ba0.5Sr0.5Fe0.9O3,38,0,38,0,0,other_oxide,1,other_oxide,,
Ba0.5Sr0.5Fe1O3,44,0,44,0,0,other_oxide,1,other_oxide,,
Ba0.5Sr0.5La1Fe1.8O6,10,0,10,0,0,other_oxide,1,other_oxide,,
Ba0.5Sr0.5Nb2O6,38,33,24,11,13,other_oxide,1,other_oxide,,
Ba0.5Sr0.5Pb1O3,9,0,9,0,0,other_oxide,1,other_oxide,,
Ba0.5Sr0.5Pr0.94Co2O5,9,0,9,0,0,cobaltite,2,cobaltite;other_oxide,,
Ba0.5Sr0.5Pr1Co2O5,10,0,10,0,0,cobaltite,2,cobaltite;other_oxide,,
Ba0.5Sr0.5Sb1O3,3,0,3,0,0,other_oxide,1,other_oxide,,
Ba0.62La0.33Fe0.3Co0.7O3,34,0,34,0,0,other_oxide,1,other_oxide,,
Ba0.665La0.335Mn1O3,4,0,4,0,0,manganite,2,manganite;other_oxide,,
Ba0.67La0.33Fe0.3Co0.7O3,34,0,34,0,0,other_oxide,1,other_oxide,,
Ba0.6Eu0.4Ti1O3,22,2,0,10,10,perovskite_titanate,2,perovskite_titanate;other_oxide,,
Ba0.6La0.4Co0.8O3,10,0,10,0,0,other_oxide,1,other_oxide,,
Ba0.6La0.4Fe0.8O3,17,17,0,0,0,other_oxide,1,other_oxide,,
Ba0.6La1.4Cu1Ir1O6,9,9,0,0,0,other_oxide,1,other_oxide,,
Ba0.6Nb2O6,13,10,10,10,10,other_oxide,1,other_oxide,,
Ba0.6Nd0.4Fe0.9O3,17,0,17,0,0,other_oxide,1,other_oxide,,
Ba0.6Pr0.94Co2O5,18,0,18,0,0,other_oxide,1,other_oxide,,
Ba0.6Sr0.4Co0.7O3,3,0,3,0,0,cobaltite,2,cobaltite;other_oxide,,
Ba0.6Sr0.4Co0.8O3,20,0,20,0,0,cobaltite,2,cobaltite;other_oxide,,
Ba0.6Sr0.4Co0.9O3,40,0,40,0,0,cobaltite,2,cobaltite;other_oxide,,
Ba0.6Sr0.6Pr0.4Fe0.8O3,10,0,10,0,0,other_oxide,1,other_oxide,,
Ba0.6Sr1.4Fe0.8Mo0.8O6,5,5,0,0,0,other_oxide,1,other_oxide,,
Ba0.6Sr1.4Fe0.9Mo0.8O6,5,5,0,0,0,other_oxide,1,other_oxide,,
Ba0.6Sr1.4Mn1Fe1Mo0.8O6,5,5,0,0,0,manganite,2,manganite;other_oxide,,
Ba0.74625Mg2Bi2,16,10,10,10,10,unassignable,0,,zintl_122,ratio spread 0.277 > 0.15
Ba0.75B6,11,0,10,2,0,unassignable,0,,skutterudite,elements outside rule: B
Ba0.75Nb2O6,15,10,8,8,10,other_oxide,1,other_oxide,,
Ba0.795Cd2Sb2,14,0,0,0,14,unassignable,0,,zintl_122,ratio spread 0.220 > 0.15
Ba0.7975Cd2Sb2,15,0,0,0,15,unassignable,0,,zintl_122,ratio spread 0.217 > 0.15
Ba0.7Eu0.3Ti0.95O3,5,2,4,5,4,perovskite_titanate,2,perovskite_titanate;other_oxide,,
Ba0.7Eu0.3Ti0.9O3,4,2,3,3,3,perovskite_titanate,2,perovskite_titanate;other_oxide,,
Ba0.7Eu0.3Ti1O3,8,6,8,7,6,perovskite_titanate,2,perovskite_titanate;other_oxide,,
Ba0.7La0.3Co0.8O3,17,0,17,0,0,other_oxide,1,other_oxide,,
Ba0.7La1.3Cu1Ir1O6,10,10,0,0,0,other_oxide,1,other_oxide,,
Ba0.7Pr0.94Co2O5,9,0,9,0,0,other_oxide,1,other_oxide,,
Ba0.7Pr1Co1Cu1O5,9,0,9,0,0,other_oxide,1,other_oxide,,
Ba0.86Fe3Co1Sb12,5,5,0,0,0,skutterudite,1,skutterudite,,
Ba0.87Fe4Sb12,30,30,30,18,18,skutterudite,1,skutterudite,,
Ba0.8Co0.8O3,62,0,62,0,0,other_oxide,1,other_oxide,,
Ba0.8Co0.9O3,15,0,15,0,0,other_oxide,1,other_oxide,,
Ba0.8Co1O3,20,5,15,0,0,other_oxide,1,other_oxide,,
Ba0.8Fe0.3Co0.7O3,7,0,7,0,0,other_oxide,1,other_oxide,,
Ba0.8Fe0.8O3,19,19,0,0,0,other_oxide,1,other_oxide,,
Ba0.8La1.2Cu1Ir1O6,10,10,0,0,0,other_oxide,1,other_oxide,,
Ba0.8Nb0.3Co0.7O3,8,0,8,0,0,other_oxide,1,other_oxide,,
Ba0.8Pr0.94Co2O5,18,0,18,0,0,other_oxide,1,other_oxide,,
Ba0.8Pr1Co1Cu1O5,9,0,9,0,0,other_oxide,1,other_oxide,,
Ba0.8Ti1O3,32,11,10,19,10,perovskite_titanate,2,perovskite_titanate;other_oxide,,
Ba0.8Zr0.52Ti0.48O3,14,14,0,0,0,perovskite_titanate,2,perovskite_titanate;other_oxide,,
Ba0.925Cu2Se2,10,10,10,0,0,unassignable,0,,bicuseo,a required site is empty
Ba0.92Ni4Sn5.3B7S1,6,0,0,6,0,unassignable,0,,clathrate_type_i,"elements outside rule: B,S"
Ba0.92Ni4Sn5.3Sb7,45,19,20,27,7,unassignable,0,,half_heusler,elements outside rule: Ba
Ba0.94Nd1Co2O5.48,12,11,0,10,0,other_oxide,1,other_oxide,,
Ba0.94Nd1Co2O5.5,12,9,0,12,0,other_oxide,1,other_oxide,,
Ba0.95Cu2S2,19,18,19,0,0,unassignable,0,,bicuseo,a required site is empty
Ba0.95Cu2Se2,8,6,6,0,0,unassignable,0,,bicuseo,a required site is empty
Ba0.95Eu0.3Ag1Sb1,10,8,9,9,9,unassignable,0,,skutterudite,elements outside rule: Ag
Ba0.95Fe0.85O3,7,0,7,0,0,other_oxide,1,other_oxide,,
Ba0.95Fe0.8O3,5,0,5,0,0,other_oxide,1,other_oxide,,
Ba0.95Fe0.9O3,3,0,3,0,0,other_oxide,1,other_oxide,,
Ba0.95Fe1O3,35,0,35,0,0,other_oxide,1,other_oxide,,
Ba0.95Sn1O3,7,7,1,0,0,other_oxide,1,other_oxide,,
Ba0.9Co0.7O3,3,0,3,0,0,other_oxide,1,other_oxide,,
Ba0.9Co0.8O3,6,0,6,0,0,other_oxide,1,other_oxide,,
Ba0.9Cu2S2,19,19,19,0,0,unassignable,0,,bicuseo,a required site is empty
Ba0.9Cu2Se2,11,11,11,0,0,unassignable,0,,bicuseo,a required site is empty
Ba0.9Fe0.3Co0.7O3,14,0,14,0,0,other_oxide,1,other_oxide,,
Ba0.9Fe1O3,9,0,9,0,0,other_oxide,1,other_oxide,,
Ba0.9Fe2Co2Sb12,6,6,0,0,0,skutterudite,1,skutterudite,,
Ba0.9Pr0.94Co2O5,9,0,9,0,0,other_oxide,1,other_oxide,,
Ba0.9Pr1Co1Cu1O5,9,0,9,0,0,other_oxide,1,other_oxide,,
Ba0.9Sn1O3,6,6,1,0,0,other_oxide,1,other_oxide,,
Ba0.9Ti1O3,37,20,20,30,10,perovskite_titanate,2,perovskite_titanate;other_oxide,,
Ba0.9Zr0.52Ti0.48O3,14,14,0,0,0,perovskite_titanate,2,perovskite_titanate;other_oxide,,
Ba1.45Co1Bi1O4,5,3,2,0,0,cobaltite,2,cobaltite;other_oxide,,
Ba1.5Sr4.5Co5O15,23,23,0,0,0,cobaltite,2,cobaltite;other_oxide,,
Ba1.84Y1Cu3O7,7,7,0,0,0,other_oxide,1,other_oxide,,
Ba1.8Co2Bi1.8O8,20,10,20,0,0,cobaltite,2,cobaltite;other_oxide,,
Ba1.9Ca2.4Mg10Si7,37,23,22,11,11,unassignable,0,,mg2x,"elements outside rule: Ba,Ca"
Ba12Ga4Ge45,20,10,10,8,14,unassignable,0,,clathrate_type_i,ratio spread 1.154 > 0.15
Ba12Ge47,34,15,24,24,26,unassignable,0,,clathrate_type_i,a required site is empty
Ba12Ge49,21,19,18,19,18,unassignable,0,,clathrate_type_i,a required site is empty
Ba15(Ga8Ge13)4,17,17,0,0,0,clathrate_type_i,1,clathrate_type_i,,
Ba15Ga28Ge57,19,16,10,11,12,clathrate_type_i,1,clathrate_type_i,,
Ba15Ga29Ge55,20,16,20,10,12,clathrate_type_i,1,clathrate_type_i,,
Ba15Ga29Ge56,40,33,38,22,21,clathrate_type_i,1,clathrate_type_i,,
Ba16(Ga11Ge17)3,18,18,0,0,0,unassignable,0,,clathrate_type_i,ratio spread 0.189 > 0.15
Ba16Y8Cu24O59,3,3,3,0,0,other_oxide,1,other_oxide,,
Ba1Ag1As0.95,26,22,22,0,0,unassignable,0,,clathrate_type_i,elements outside rule: As
Ba1Ag2Sn0.9Se4,2,2,0,0,0,unassignable,0,,bicuseo,elements outside rule: Sn
Ba1Bi0.25Pb0.75O3,11,11,0,0,0,other_oxide,1,other_oxide,,
Ba1Co0.85O3,8,0,8,0,0,other_oxide,1,other_oxide,,
Ba1Co0.8O3,3,0,3,0,0,other_oxide,1,other_oxide,,
Ba1Co1Bi0.8O4,9,3,0,7,0,cobaltite,2,cobaltite;other_oxide,,
Ba1Co1Bi0.9O4,18,0,0,18,0,cobaltite,2,cobaltite;other_oxide,,
Ba1Cu1.9Te2,10,10,10,6,10,unassignable,0,,bicuseo,a required site is empty
Ba1Cu6Te6.4,11,11,11,6,9,unassignable,0,,bicuseo,a required site is empty
Ba1Eu0.2Ag1Sb1,17,9,9,9,9,unassignable,0,,skutterudite,elements outside rule: Ag
Ba1Eu1Co2O5.5,3,3,2,0,0,other_oxide,1,other_oxide,,
Ba1Fe0.75Ni0.25O3,8,0,8,0,0,other_oxide,1,other_oxide,,
Ba1Fe0.85O3,3,0,3,0,0,other_oxide,1,other_oxide,,
Ba1Fe0.925O3,3,0,3,0,0,other_oxide,1,other_oxide,,
Ba1Fe0.95O3,4,0,4,0,0,other_oxide,1,other_oxide,,
Ba1Fe0.9O3,3,0,3,0,0,other_oxide,1,other_oxide,,
Ba1Fe3.7Sb12,100,80,90,70,83,skutterudite,1,skutterudite,,
Ba1Ga1.9Sb2,20,8,20,10,10,unassignable,0,,skutterudite,filler above 8% of atoms
Ba1Gd1.85Co1O5,18,0,0,13,9,other_oxide,1,other_oxide,,
Ba1Gd1.8Co1O5,24,0,0,16,14,other_oxide,1,other_oxide,,
Ba1Gd1.9Co1O5,19,0,0,15,10,other_oxide,1,other_oxide,,
Ba1Gd1Co1.6O5,9,0,0,9,0,other_oxide,1,other_oxide,,
Ba1Gd1Co1.8O5,6,0,0,6,0,other_oxide,1,other_oxide,,
Ba1Gd1Co2O5.44,4,0,4,0,0,other_oxide,1,other_oxide,,
Ba1Gd1Co2O5.45,6,0,6,0,0,other_oxide,1,other_oxide,,
Ba1Gd1Co2O5.487,3,3,0,0,0,other_oxide,1,other_oxide,,
Ba1Gd1Co2O5.494,3,3,0,0,0,other_oxide,1,other_oxide,,
Ba1Gd1Co2O5.497,3,3,0,0,0,other_oxide,1,other_oxide,,
Ba1Gd1Co2O5.5,19,4,17,1,0,other_oxide,1,other_oxide,,
Ba1Gd1Co2O5.501,3,3,0,0,0,other_oxide,1,other_oxide,,
Ba1Gd1Co2O5.507,3,3,0,0,0,other_oxide,1,other_oxide,,
Ba1Gd1Co2O5.51,6,0,6,0,0,other_oxide,1,other_oxide,,
Ba1Gd1Co2O5.515,2,2,0,0,0,other_oxide,1,other_oxide,,
Ba1Gd1Co2O5.525,4,0,4,0,0,other_oxide,1,other_oxide,,
Ba1Gd1Co2O5.535,4,0,4,0,0,other_oxide,1,other_oxide,,
Ba1Gd1Co2O5.539,3,3,0,0,0,other_oxide,1,other_oxide,,
Ba1Gd1Co2O5.65,6,0,6,0,0,other_oxide,1,other_oxide,,
Ba1Gd1Fe0.6Co1.4O5,9,0,0,9,0,other_oxide,1,other_oxide,,
Ba1Gd1Fe0.8Co1.2O5,9,0,0,9,0,other_oxide,1,other_oxide,,
Ba1Ho1Co2O5.5,7,1,7,0,0,other_oxide,1,other_oxide,,
Ba1In1Fe3.7Sb13,60,42,52,57,56,unassignable,0,,skutterudite,filler above 8% of atoms
Ba1In1Fe3.7Sb14,20,20,15,18,18,unassignable,0,,skutterudite,filler above 8% of atoms
Ba1La0.5Pr0.5Fe1Cu1O5,7,5,5,0,0,other_oxide,1,other_oxide,,
Ba1La0.5Sm0.5Fe1Cu1O5,9,9,9,9,9,other_oxide,1,other_oxide,,
Ba1La0.75Fe1Cu1O5,17,10,14,0,0,other_oxide,1,other_oxide,,
Ba1La1Fe0.95Cu0.95O5,8,8,0,0,0,other_oxide,1,other_oxide,,
Ba1La1Fe0.95Cu1O5,96,91,89,0,0,other_oxide,1,other_oxide,,
Ba1La1Fe1Cu0.9O5,20,19,19,0,0,other_oxide,1,other_oxide,,
Ba1Lu0.92Co4O7,9,9,0,4,4,other_oxide,1,other_oxide,,
Ba1Lu0.94Co4O7,9,9,0,4,4,other_oxide,1,other_oxide,,
Ba1Lu0.9Co4O7,9,9,0,4,4,other_oxide,1,other_oxide,,
Ba1Mn1.3Zn0.7Sb2,3,3,3,0,0,zintl_122,1,zintl_122,,
Ba1Mn1.5Zn0.5Sb2,4,4,3,0,0,zintl_122,1,zintl_122,,
Ba1Mn1.7Zn0.3Sb2,7,6,3,0,0,zintl_122,1,zintl_122,,
Ba1Nd0.92Co2O5.5,4,2,3,3,3,other_oxide,1,other_oxide,,
Ba1Nd0.9Co2O5.5,4,3,3,3,2,other_oxide,1,other_oxide,,
Ba1Nd1Co2O5.455,3,0,3,0,0,other_oxide,1,other_oxide,,
Ba1Nd1Co2O5.5,9,8,6,6,5,other_oxide,1,other_oxide,,
Ba1Nd1Co2O5.509,3,3,0,0,0,other_oxide,1,other_oxide,,
Ba1Nd1Co2O5.515,3,0,3,0,0,other_oxide,1,other_oxide,,
Ba1Nd1Co2O5.55,4,3,1,0,0,other_oxide,1,other_oxide,,
Ba1Nd1Co2O5.56,3,0,3,0,0,other_oxide,1,other_oxide,,
Ba1Nd1Co2O5.615,3,0,3,0,0,other_oxide,1,other_oxide,,
Ba1Nd1Co2O5.69,3,0,3,0,0,other_oxide,1,other_oxide,,
Ba1Pb0.8O3,31,0,31,0,0,other_oxide,1,other_oxide,,
Ba1Pr0.75Fe1Cu1O5,14,9,8,0,0,other_oxide,1,other_oxide,,
Ba1Pr0.94Co2O5,18,0,18,0,0,other_oxide,1,other_oxide,,
Ba1Sm0.6Fe1Cu1O5,4,3,4,4,3,other_oxide,1,other_oxide,,
Ba1Sr2Mn1Fe1Mo0.8O6,5,5,0,0,0,manganite,2,manganite;other_oxide,,
Ba1Y0.85Co4O7,5,5,0,5,5,other_oxide,1,other_oxide,,
Ba1Y0.8Co4O7,5,5,0,0,0,other_oxide,1,other_oxide,,
Ba1Y0.95Co4O7,3,3,0,0,0,other_oxide,1,other_oxide,,
Ba1Y0.9Co4O7,4,4,0,0,0,other_oxide,1,other_oxide,,
Ba1Y1Co2O5.37,4,1,0,1,4,other_oxide,1,other_oxide,,
Ba1Y1Co2O5.5,4,3,3,0,0,other_oxide,1,other_oxide,,
Ba1Y1Fe0.8Cu1O5,6,4,4,0,0,other_oxide,1,other_oxide,,
Ba1Y1Fe0.95Cu1O5,6,6,0,0,0,other_oxide,1,other_oxide,,
Ba1Y1Fe0.9Cu1O5,3,3,0,0,0,other_oxide,1,other_oxide,,
Ba24(Ga3Ge17)5,25,22,21,6,11,unassignable,0,,clathrate_type_i,ratio spread 0.914 > 0.15
Ba24Al9Ge91,13,11,10,6,11,unassignable,0,,clathrate_type_i,ratio spread 1.124 > 0.15
Ba24Ga9Ge91,22,20,20,6,10,unassignable,0,,clathrate_type_i,ratio spread 1.124 > 0.15
Ba24Ge95,18,10,13,10,13,unassignable,0,,clathrate_type_i,a required site is empty
Ba277Ga554Ge1039,7,5,5,4,4,clathrate_type_i,1,clathrate_type_i,,
Ba2Al4Si7,59,44,39,18,30,clathrate_type_i,1,clathrate_type_i,,
Ba2Ca2Bi1.6O10,73,0,73,0,0,other_oxide,1,other_oxide,,
Ba2Co1.6Bi2O8,20,10,20,4,4,cobaltite,2,cobaltite;other_oxide,,
Ba2Co1.8Bi2O8,20,10,20,0,0,cobaltite,2,cobaltite;other_oxide,,
Ba2Co2Bi1.4O8,19,19,19,0,19,cobaltite,2,cobaltite;other_oxide,,
Ba2Co2Bi1.6O8,40,19,40,0,19,cobaltite,2,cobaltite;other_oxide,,
Ba2Co2Bi1.8O8,39,29,39,0,19,cobaltite,2,cobaltite;other_oxide,,
Ba2Co2Bi2C0.8O8,20,20,20,2,2,cobaltite,2,cobaltite;other_oxide,,
Ba2Co9O14,28,21,3,2,2,other_oxide,1,other_oxide,,
Ba2Cu3.3Te5,10,10,0,0,0,unassignable,0,,bicuseo,a required site is empty
Ba2Cu3O7,70,16,40,6,8,other_oxide,1,other_oxide,,
Ba2Er(CuO2)4,5,5,0,0,0,other_oxide,1,other_oxide,,
Ba2Fe11(CoO11)2,21,16,15,0,0,other_oxide,1,other_oxide,,
Ba2Ga2Ge9,47,29,9,0,11,unassignable,0,,clathrate_type_i,ratio spread 0.778 > 0.15
Ba2Ga3Ge8,11,0,0,0,11,unassignable,0,,clathrate_type_i,ratio spread 0.337 > 0.15
Ba2Ga4Ge5,40,19,20,19,19,unassignable,0,,clathrate_type_i,ratio spread 0.375 > 0.15
Ba2Ga4Ge7,110,81,25,48,51,clathrate_type_i,1,clathrate_type_i,,
Ba2Ga4Sn7,13,12,13,0,0,clathrate_type_i,1,clathrate_type_i,,
Ba2Ho1Cu2.4O6,4,4,0,3,4,other_oxide,1,other_oxide,,
Ba2Ho1Cu2.5O6,3,3,0,3,3,other_oxide,1,other_oxide,,
Ba2Ho1Cu2.6O6,4,3,0,3,4,other_oxide,1,other_oxide,,
Ba2Ho1Cu2.7O6,4,3,0,3,4,other_oxide,1,other_oxide,,
Ba2Pr0.742Cu3O7,35,10,9,10,6,other_oxide,1,other_oxide,,
Ba2Pr1.06Cu3O7,39,10,10,9,10,other_oxide,1,other_oxide,,
Ba2Pr1Cu2.8O7,5,5,0,0,0,other_oxide,1,other_oxide,,
Ba2PrCu3O7,11,3,8,0,0,other_oxide,1,other_oxide,,
Ba2Sb2Se5,10,0,0,10,0,unassignable,0,,tetradymite,elements outside rule: Ba
Ba2SmCu3O7,4,0,4,0,0,other_oxide,1,other_oxide,,
Ba2Ti(SiO4)2,12,0,0,12,0,perovskite_titanate,2,perovskite_titanate;other_oxide,,
Ba2Ti2Cr2As4O,3,0,3,0,0,unassignable,0,,skutterudite,"elements outside rule: Cr,O,Ti"
Ba2Y(CuO2)3,6,6,0,0,0,other_oxide,1,other_oxide,,
Ba2Y0.848Cu3O7,40,10,10,10,10,other_oxide,1,other_oxide,,
Ba2Y0.8Cu3O7,40,12,28,0,0,other_oxide,1,other_oxide,,
Ba2Y0.93Cu3O7,16,16,0,0,0,other_oxide,1,other_oxide,,
Ba2Y0.95Cu3O7,7,7,0,0,0,other_oxide,1,other_oxide,,
Ba2Y1.06Cu3O7,37,10,10,10,7,other_oxide,1,other_oxide,,
Ba2Y1Cu2.82O7,14,14,0,0,0,other_oxide,1,other_oxide,,
Ba2Y1Cu2.85O7,17,17,0,0,0,other_oxide,1,other_oxide,,
Ba2YCu3O7,176,102,74,0,0,other_oxide,1,other_oxide,,
Ba2Zn2Ge9,28,20,16,8,10,unassignable,0,,clathrate_type_i,ratio spread 0.778 > 0.15
Ba2ZnGe10,33,20,12,16,10,unassignable,0,,clathrate_type_i,ratio spread 1.258 > 0.15
Ba3(Cu7Te6)2,30,30,0,0,0,unassignable,0,,bicuseo,a required site is empty
Ba3.5Sr3.5Co6O18,25,25,0,0,0,cobaltite,2,cobaltite;other_oxide,,
Ba3Co2C0.7O8,9,2,9,0,0,other_oxide,1,other_oxide,,
Ba3Cu13Te12,20,20,0,0,0,unassignable,0,,bicuseo,a required site is empty
Ba3Cu2Si21,20,20,0,0,0,unassignable,0,,clathrate_type_i,ratio spread 1.438 > 0.15
Ba3Cu3Si20,19,19,0,0,0,unassignable,0,,clathrate_type_i,ratio spread 1.169 > 0.15
Ba3Ga6Ge11,16,16,15,6,12,clathrate_type_i,1,clathrate_type_i,,
Ba3Ga7Si16,40,40,0,12,40,unassignable,0,,clathrate_type_i,ratio spread 0.353 > 0.15
Ba3Nb4O15,33,21,18,20,23,other_oxide,1,other_oxide,,
Ba3Nd4Ti9O27,8,8,8,0,0,perovskite_titanate,2,perovskite_titanate;other_oxide,,
Ba480Ga959Ge1798,10,5,5,6,4,clathrate_type_i,1,clathrate_type_i,,
Ba4Al2(Ga2Ge5)3,32,27,0,0,6,clathrate_type_i,1,clathrate_type_i,,
Ba4Al2(Ga2Sn5)3,13,12,12,6,12,clathrate_type_i,1,clathrate_type_i,,
Ba4Al2Ga8Ge13,20,20,0,20,20,unassignable,0,,clathrate_type_i,ratio spread 0.369 > 0.15
Ba4Al3(Ga2Si3)4,3,3,3,0,0,unassignable,0,,clathrate_type_i,ratio spread 0.543 > 0.15
Ba4Al3(GaSi3)5,3,3,3,0,0,clathrate_type_i,1,clathrate_type_i,,
Ba4Al3(GaSn3)5,13,12,12,6,12,clathrate_type_i,1,clathrate_type_i,,
Ba4Al4Ga4Ge15,9,9,0,0,0,clathrate_type_i,1,clathrate_type_i,,
Ba4Al4Ga4Sn15,12,12,12,5,12,clathrate_type_i,1,clathrate_type_i,,
Ba4Al5(GaSn5)3,12,12,12,0,0,clathrate_type_i,1,clathrate_type_i,,
Ba4Al6Si17,92,73,74,7,5,unassignable,0,,clathrate_type_i,ratio spread 0.399 > 0.15
Ba4Al7Ge16,12,10,7,0,0,unassignable,0,,clathrate_type_i,ratio spread 0.195 > 0.15
Ba4Al7Si15,16,16,14,4,16,clathrate_type_i,1,clathrate_type_i,,
Ba4Al7Si16,37,37,36,7,5,unassignable,0,,clathrate_type_i,ratio spread 0.195 > 0.15
Ba4Al8Ge15,32,26,17,4,5,clathrate_type_i,1,clathrate_type_i,,
Ba4Al8Si13,19,16,10,6,10,clathrate_type_i,1,clathrate_type_i,,
Ba4Al8Si15,77,68,27,15,27,clathrate_type_i,1,clathrate_type_i,,
Ba4Al9Ge14,12,9,9,0,0,unassignable,0,,clathrate_type_i,ratio spread 0.188 > 0.15
Ba4Cu2Si21,38,37,18,0,0,unassignable,0,,clathrate_type_i,ratio spread 1.302 > 0.15
Ba4Cu3(Si2Ge3)4,28,18,20,17,20,unassignable,0,,clathrate_type_i,ratio spread 1.062 > 0.15
Ba4Cu3(Si3Ge2)4,9,5,5,5,5,unassignable,0,,clathrate_type_i,ratio spread 1.062 > 0.15
Ba4Cu3(Si4Ge)4,9,5,5,5,5,unassignable,0,,clathrate_type_i,ratio spread 1.062 > 0.15
Ba4Cu3(SiGe)10,9,9,9,9,9,unassignable,0,,clathrate_type_i,ratio spread 1.062 > 0.15
Ba4Cu3Ge20,74,59,16,13,28,unassignable,0,,clathrate_type_i,ratio spread 1.062 > 0.15
Ba4Cu3Si20,19,19,0,0,0,unassignable,0,,clathrate_type_i,ratio spread 1.062 > 0.15
Ba4Cu7Ge3P13,16,0,0,0,16,unassignable,0,,skutterudite,"elements outside rule: Cu,Ge"
Ba4Cu8P15,23,7,1,0,16,unassignable,0,,skutterudite,elements outside rule: Cu
Ba4Ga10Ge13,20,20,0,0,0,unassignable,0,,clathrate_type_i,ratio spread 0.369 > 0.15
Ba4Ga2Ge19Au2,12,7,6,7,6,unassignable,0,,clathrate_type_i,ratio spread 0.831 > 0.15
Ba4Ga2Si19Au2,20,20,0,0,0,unassignable,0,,clathrate_type_i,ratio spread 0.831 > 0.15
Ba4Ga3Ge20,13,10,6,5,9,unassignable,0,,clathrate_type_i,ratio spread 1.062 > 0.15
Ba4Ga5Ge17,29,25,7,7,6,unassignable,0,,clathrate_type_i,ratio spread 0.553 > 0.15
Ba4Ga5Si17,17,17,0,0,0,unassignable,0,,clathrate_type_i,ratio spread 0.553 > 0.15
Ba4Ga6Ge17,33,31,10,5,10,unassignable,0,,clathrate_type_i,ratio spread 0.399 > 0.15
Ba4Ga7Ge16,60,36,19,10,16,unassignable,0,,clathrate_type_i,ratio spread 0.195 > 0.15
Ba4Ga7Si16,46,46,46,0,46,unassignable,0,,clathrate_type_i,ratio spread 0.195 > 0.15
Ba4Ga7Sn15,12,12,12,0,0,clathrate_type_i,1,clathrate_type_i,,
Ba4Ga8Ge15,260,159,117,81,100,clathrate_type_i,1,clathrate_type_i,,
Ba4Ga8Si15,44,33,13,6,26,clathrate_type_i,1,clathrate_type_i,,
Ba4Ga8Sn15,723,638,599,189,602,clathrate_type_i,1,clathrate_type_i,,
Ba4Ga9Ge14,20,20,0,0,20,unassignable,0,,clathrate_type_i,ratio spread 0.188 > 0.15
Ba4Ga9Sn14,14,14,14,0,0,unassignable,0,,clathrate_type_i,ratio spread 0.188 > 0.15
Ba4Ge19,10,0,10,0,0,unassignable,0,,clathrate_type_i,a required site is empty
Ba4Ge20Au3,43,38,5,0,0,unassignable,0,,clathrate_type_i,ratio spread 1.062 > 0.15
Ba4Ge21,55,54,55,55,55,unassignable,0,,clathrate_type_i,a required site is empty
Ba4Ge21Au2,20,20,0,0,0,unassignable,0,,clathrate_type_i,ratio spread 1.302 > 0.15
Ba4In3(GaGe3)5,5,2,2,3,3,clathrate_type_i,1,clathrate_type_i,,
Ba4In8Ge15,13,10,10,6,10,clathrate_type_i,1,clathrate_type_i,,
Ba4Ni2Ge21,12,9,11,0,0,unassignable,0,,clathrate_type_i,ratio spread 1.302 > 0.15
Ba4Si20Au3,38,35,16,7,15,unassignable,0,,clathrate_type_i,ratio spread 1.062 > 0.15
Ba4Si21Au2,18,14,18,16,16,unassignable,0,,clathrate_type_i,ratio spread 1.302 > 0.15
Ba4Zn3(GaGe9)2,4,4,4,3,3,unassignable,0,,clathrate_type_i,ratio spread 0.611 > 0.15
Ba4Zn3Ge19,37,20,21,16,18,unassignable,0,,clathrate_type_i,ratio spread 1.013 > 0.15
Ba4Zn4Ge19,106,65,55,34,32,unassignable,0,,clathrate_type_i,ratio spread 0.831 > 0.15
Ba5Nd8.54Ti18O54,10,7,7,5,5,perovskite_titanate,2,perovskite_titanate;other_oxide,,
Ba6.31Ga14Si32,20,20,0,6,20,unassignable,0,,clathrate_type_i,ratio spread 0.305 > 0.15
Ba6.51Ga14Si32,20,20,0,6,20,unassignable,0,,clathrate_type_i,ratio spread 0.275 > 0.15
Ba655(Ga437Ge819)3,10,5,5,7,4,clathrate_type_i,1,clathrate_type_i,,
Ba6Al3Ge22,34,25,25,10,17,unassignable,0,,clathrate_type_i,ratio spread 1.010 > 0.15
Ba6Cu5Si41,20,20,0,0,0,unassignable,0,,clathrate_type_i,ratio spread 1.302 > 0.15
Ba6Ga3Ge22,39,29,30,12,21,unassignable,0,,clathrate_type_i,ratio spread 1.010 > 0.15
Ba6Ge25,84,69,67,42,60,unassignable,0,,clathrate_type_i,a required site is empty
Ba6In3Ge22,13,11,11,6,10,unassignable,0,,clathrate_type_i,ratio spread 1.010 > 0.15
Ba6Zn7Ge39,17,12,7,4,4,unassignable,0,,clathrate_type_i,ratio spread 1.040 > 0.15
Ba7(Al8Si15)2,19,16,13,3,16,clathrate_type_i,1,clathrate_type_i,,
Ba7(Cu2Si21)2,20,20,0,0,0,unassignable,0,,clathrate_type_i,ratio spread 1.366 > 0.15
Ba7(Cu3Si20)2,19,19,0,0,0,unassignable,0,,clathrate_type_i,ratio spread 1.113 > 0.15
Ba7(Ga7Ge13)2,11,11,11,0,0,clathrate_type_i,1,clathrate_type_i,,
Ba7(Ga8Ge15)2,40,39,0,25,40,clathrate_type_i,1,clathrate_type_i,,
Ba7(Si20Au3)2,12,12,9,0,7,unassignable,0,,clathrate_type_i,ratio spread 1.113 > 0.15
Ba7.4Si41Au4.7,7,4,3,0,0,unassignable,0,,clathrate_type_i,ratio spread 1.245 > 0.15
Ba7.4Si41Au5.3,7,5,3,0,0,unassignable,0,,clathrate_type_i,ratio spread 1.184 > 0.15
Ba7.59Ga16Sn31,12,5,12,0,8,clathrate_type_i,1,clathrate_type_i,,
Ba7.5Ga14Ge32,9,3,4,3,5,unassignable,0,,clathrate_type_i,ratio spread 0.200 > 0.15
Ba7.5Ga16Ge30,20,20,0,12,20,clathrate_type_i,1,clathrate_type_i,,
Ba7.5Si40Au5.5,8,5,3,0,0,unassignable,0,,clathrate_type_i,ratio spread 1.135 > 0.15
Ba7.5Si40Au6,8,5,3,0,0,unassignable,0,,clathrate_type_i,ratio spread 1.087 > 0.15
Ba7.5Si41Au5.4,8,5,3,0,0,unassignable,0,,clathrate_type_i,ratio spread 1.169 > 0.15
Ba7.5Si42Au4.4,6,5,4,0,0,unassignable,0,,clathrate_type_i,ratio spread 1.292 > 0.15
Ba7.6Al6Ga6.4Si34,20,20,0,0,0,unassignable,0,,clathrate_type_i,ratio spread 0.376 > 0.15
Ba7.6Si41Au5,8,5,3,0,0,unassignable,0,,clathrate_type_i,ratio spread 1.203 > 0.15
Ba7.6Si42Au4.5,6,0,6,0,0,unassignable,0,,clathrate_type_i,ratio spread 1.276 > 0.15
Ba7Al13Si33,10,9,9,2,1,unassignable,0,,clathrate_type_i,ratio spread 0.309 > 0.15
Ba7Cu5Si41,19,19,0,0,0,unassignable,0,,clathrate_type_i,ratio spread 1.238 > 0.15
Ba7Si40Au5.56,12,11,10,0,8,unassignable,0,,clathrate_type_i,ratio spread 1.157 > 0.15
Ba8(AgGe8)5,7,4,4,6,4,unassignable,0,,clathrate_type_i,ratio spread 1.157 > 0.15
Ba8(CuGe8)5,110,78,77,24,22,unassignable,0,,clathrate_type_i,ratio spread 1.157 > 0.15
Ba8(Ga4Ge11)3,36,29,11,0,0,unassignable,0,,clathrate_type_i,ratio spread 0.368 > 0.15
Ba8(GaGe2)15,11,5,3,5,4,clathrate_type_i,1,clathrate_type_i,,
Ba8(GaSi2)15,22,16,16,13,16,clathrate_type_i,1,clathrate_type_i,,
Ba8(GaSn2)15,68,49,66,0,38,clathrate_type_i,1,clathrate_type_i,,
Ba8(Ge8Au)5,10,5,5,6,5,unassignable,0,,clathrate_type_i,ratio spread 1.157 > 0.15
Ba8(NiGe14)3,51,25,34,22,23,unassignable,0,,clathrate_type_i,ratio spread 1.406 > 0.15
Ba8(Si8Au)5,19,19,0,0,0,unassignable,0,,clathrate_type_i,ratio spread 1.157 > 0.15
Ba8(Zn2Ge13)3,18,3,9,3,11,unassignable,0,,clathrate_type_i,ratio spread 1.037 > 0.15
Ba8Ag5Ge39,3,0,0,3,0,unassignable,0,,clathrate_type_i,ratio spread 1.134 > 0.15
Ba8Ag5Ge41,4,0,0,4,0,unassignable,0,,clathrate_type_i,ratio spread 1.180 > 0.15
Ba8Al13Si33,19,19,10,0,0,unassignable,0,,clathrate_type_i,ratio spread 0.296 > 0.15
Ba8Al14Si31,39,34,32,11,24,unassignable,0,,clathrate_type_i,ratio spread 0.163 > 0.15
Ba8Al15Si31,269,219,148,34,103,clathrate_type_i,1,clathrate_type_i,,
Ba8Al16Si27,20,16,10,6,10,clathrate_type_i,1,clathrate_type_i,,
Ba8Al16Si29,20,16,14,6,9,clathrate_type_i,1,clathrate_type_i,,
Ba8Al17Si29,17,15,0,6,8,clathrate_type_i,1,clathrate_type_i,,
Ba8Al3.2Ga13Ge30,9,9,0,0,0,clathrate_type_i,1,clathrate_type_i,,
Ba8Al3.68Ga12Ge30,14,9,0,0,6,clathrate_type_i,1,clathrate_type_i,,
Ba8Al3Ga16Ge27,20,20,0,20,20,unassignable,0,,clathrate_type_i,ratio spread 0.279 > 0.15
Ba8Al3Ga16Si27,7,7,7,0,0,unassignable,0,,clathrate_type_i,ratio spread 0.279 > 0.15
Ba8Al5.28Ga11Ge30,14,9,0,0,6,clathrate_type_i,1,clathrate_type_i,,
Ba8Al5.3Ga7.4Si33,20,20,19,0,0,unassignable,0,,clathrate_type_i,ratio spread 0.317 > 0.15
Ba8Al5Ga11Ge30,13,10,10,0,0,clathrate_type_i,1,clathrate_type_i,,
Ba8Al5Ga16Ge25,20,20,0,20,20,unassignable,0,,clathrate_type_i,ratio spread 0.457 > 0.15
Ba8Al6Ga11Si29,3,3,3,0,0,clathrate_type_i,1,clathrate_type_i,,
Ba8Cd7Si39,14,14,0,0,0,unassignable,0,,clathrate_type_i,ratio spread 0.945 > 0.15
Ba8Cu3.5Ge41,68,30,29,22,24,unassignable,0,,clathrate_type_i,ratio spread 1.332 > 0.15
Ba8Cu3.6Si42,11,10,11,5,8,unassignable,0,,clathrate_type_i,ratio spread 1.343 > 0.15
Ba8Cu3.8Si42,10,10,10,5,8,unassignable,0,,clathrate_type_i,ratio spread 1.322 > 0.15
Ba8Cu4.2Si41,5,5,0,0,0,unassignable,0,,clathrate_type_i,ratio spread 1.260 > 0.15
Ba8Cu4.2Si42,10,10,10,0,0,unassignable,0,,clathrate_type_i,ratio spread 1.282 > 0.15
Ba8Cu4.4Si42,13,12,13,1,1,unassignable,0,,clathrate_type_i,ratio spread 1.262 > 0.15
Ba8Cu4.57Si41,18,18,18,0,0,unassignable,0,,clathrate_type_i,ratio spread 1.223 > 0.15
Ba8Cu4.5Si18Ge23,10,10,10,5,8,unassignable,0,,clathrate_type_i,ratio spread 1.230 > 0.15
Ba8Cu4.64Si41,18,18,18,0,0,unassignable,0,,clathrate_type_i,ratio spread 1.216 > 0.15
Ba8Cu4.6Si41,10,10,10,5,8,unassignable,0,,clathrate_type_i,ratio spread 1.220 > 0.15
Ba8Cu4.6Si6.4Ge35,12,10,10,0,8,unassignable,0,,clathrate_type_i,ratio spread 1.229 > 0.15
Ba8Cu4.7Si18Ge23,12,10,7,8,8,unassignable,0,,clathrate_type_i,ratio spread 1.210 > 0.15
Ba8Cu4.7Si6Ge35,57,40,40,0,30,unassignable,0,,clathrate_type_i,ratio spread 1.210 > 0.15
Ba8Cu4Si41,10,10,0,0,0,unassignable,0,,clathrate_type_i,ratio spread 1.280 > 0.15
Ba8Cu5(Si3Ge17)2,38,4,14,11,11,unassignable,0,,clathrate_type_i,ratio spread 1.157 > 0.15
Ba8Cu5.3Ge41,3,2,0,0,3,unassignable,0,,clathrate_type_i,ratio spread 1.151 > 0.15
Ba8Cu5.4Ge41,4,2,0,0,3,unassignable,0,,clathrate_type_i,ratio spread 1.142 > 0.15
Ba8Cu5.4Si41,20,20,0,0,0,unassignable,0,,clathrate_type_i,ratio spread 1.142 > 0.15
Ba8Cu5.5Ge40,4,3,0,0,4,unassignable,0,,clathrate_type_i,ratio spread 1.109 > 0.15
Ba8Cu5.6Ge40,3,2,0,0,3,unassignable,0,,clathrate_type_i,ratio spread 1.099 > 0.15
Ba8Cu5Ge41,21,19,19,16,17,unassignable,0,,clathrate_type_i,ratio spread 1.180 > 0.15
Ba8Cu5Si10Ge31,10,10,10,6,8,unassignable,0,,clathrate_type_i,ratio spread 1.180 > 0.15
Ba8Cu5Si13Ge28,10,10,10,5,8,unassignable,0,,clathrate_type_i,ratio spread 1.180 > 0.15
Ba8Cu5Si18Ge23,34,27,29,14,23,unassignable,0,,clathrate_type_i,ratio spread 1.180 > 0.15
Ba8Cu5Si25Ge16,10,10,10,8,8,unassignable,0,,clathrate_type_i,ratio spread 1.180 > 0.15
Ba8Cu5Si35Ge6,10,10,10,6,8,unassignable,0,,clathrate_type_i,ratio spread 1.180 > 0.15
Ba8Cu5Si3Ge38,10,10,10,8,8,unassignable,0,,clathrate_type_i,ratio spread 1.180 > 0.15
Ba8Cu5Si41,373,237,225,93,97,unassignable,0,,clathrate_type_i,ratio spread 1.180 > 0.15
Ba8Cu5Si42,52,40,46,8,8,unassignable,0,,clathrate_type_i,ratio spread 1.203 > 0.15
Ba8Cu5Si43,93,48,82,15,16,unassignable,0,,clathrate_type_i,ratio spread 1.225 > 0.15
Ba8Cu5Si44,48,42,42,8,8,unassignable,0,,clathrate_type_i,ratio spread 1.246 > 0.15
Ba8Cu5Si6Ge35,35,16,20,24,16,unassignable,0,,clathrate_type_i,ratio spread 1.180 > 0.15
Ba8Cu5Si6Sn3Ge32,13,0,0,10,8,unassignable,0,,clathrate_type_i,ratio spread 1.180 > 0.15
Ba8Cu6Si17Ge23,13,8,10,5,8,unassignable,0,,clathrate_type_i,ratio spread 1.062 > 0.15
Ba8Cu7Si16Ge23,18,10,10,8,8,unassignable,0,,clathrate_type_i,ratio spread 0.945 > 0.15
Ba8Cu7Si39,11,11,10,5,8,unassignable,0,,clathrate_type_i,ratio spread 0.945 > 0.15
Ba8Ga13Ge32,21,6,5,6,15,unassignable,0,,clathrate_type_i,ratio spread 0.265 > 0.15
Ba8Ga13Ge33,10,0,0,0,10,unassignable,0,,clathrate_type_i,ratio spread 0.296 > 0.15
Ba8Ga13Si32,19,19,0,0,0,unassignable,0,,clathrate_type_i,ratio spread 0.265 > 0.15
Ba8Ga15Ge31,65,53,12,10,30,clathrate_type_i,1,clathrate_type_i,,
Ba8Ga15Si32,40,40,40,0,40,clathrate_type_i,1,clathrate_type_i,,
Ba8Ga15Sn31,13,12,12,0,13,clathrate_type_i,1,clathrate_type_i,,
Ba8Ga16(Si3Ge7)3,7,5,5,0,0,clathrate_type_i,1,clathrate_type_i,,
Ba8Ga16(SiGe5)5,15,8,4,8,0,clathrate_type_i,1,clathrate_type_i,,
Ba8Ga16(Sn5Ge)5,15,15,15,0,0,clathrate_type_i,1,clathrate_type_i,,
Ba8Ga16Ge27,34,16,0,16,16,clathrate_type_i,1,clathrate_type_i,,
Ba8Ga16Ge29,33,30,10,24,24,clathrate_type_i,1,clathrate_type_i,,
Ba8Ga16Si11Ge19,7,6,6,0,0,clathrate_type_i,1,clathrate_type_i,,
Ba8Ga16Si13Ge17,7,6,4,0,0,clathrate_type_i,1,clathrate_type_i,,
Ba8Ga16Si3.49Ge27,4,1,1,4,0,clathrate_type_i,1,clathrate_type_i,,
Ba8Ga16Si4.54Ge26,6,6,4,0,0,clathrate_type_i,1,clathrate_type_i,,
Ba8Ga16Si8Ge23,7,5,5,0,0,clathrate_type_i,1,clathrate_type_i,,
Ba8Ga16Sn25Ge4.6,15,15,15,7,7,clathrate_type_i,1,clathrate_type_i,,
Ba8Ga16Sn29,38,37,37,0,25,clathrate_type_i,1,clathrate_type_i,,
Ba8Ga16Sn31,24,22,24,0,17,clathrate_type_i,1,clathrate_type_i,,
Ba8Ga17Ge29,31,29,9,4,4,clathrate_type_i,1,clathrate_type_i,,
Ba8Ga17Ge30,11,9,9,4,4,clathrate_type_i,1,clathrate_type_i,,
Ba8Ga17Ge33,20,20,19,0,0,clathrate_type_i,1,clathrate_type_i,,
Ba8Ga17Si29,28,22,0,0,19,clathrate_type_i,1,clathrate_type_i,,
Ba8Ga17Sn20Ge9,17,16,16,8,8,clathrate_type_i,1,clathrate_type_i,,
Ba8Ga17Sn24Ge4.6,15,15,15,0,7,clathrate_type_i,1,clathrate_type_i,,
Ba8Ga17Sn27,15,15,14,0,0,unassignable,0,,clathrate_type_i,ratio spread 0.165 > 0.15
Ba8Ga17Sn28,26,20,25,0,13,clathrate_type_i,1,clathrate_type_i,,
Ba8Ga17Sn29,26,26,26,6,18,clathrate_type_i,1,clathrate_type_i,,
Ba8Ga17Sn30,12,9,12,0,9,clathrate_type_i,1,clathrate_type_i,,
Ba8Ga18Sn23Ge4.6,10,10,7,2,2,unassignable,0,,clathrate_type_i,ratio spread 0.202 > 0.15
Ba8Ga19Ge27,20,20,0,0,0,unassignable,0,,clathrate_type_i,ratio spread 0.279 > 0.15
Ba8Ga19Sn21Ge8,18,17,18,9,9,unassignable,0,,clathrate_type_i,ratio spread 0.210 > 0.15
Ba8Ga3Ge43,15,6,10,6,7,unassignable,0,,clathrate_type_i,ratio spread 1.426 > 0.15
Ba8Ga4(Ge13Pt)3,19,19,0,0,0,unassignable,0,,clathrate_type_i,elements outside rule: Pt
Ba8Ga4(NiGe13)3,14,9,9,0,0,unassignable,0,,clathrate_type_i,ratio spread 0.945 > 0.15
Ba8Ga4.5Ge42,13,9,9,4,6,unassignable,0,,clathrate_type_i,ratio spread 1.252 > 0.15
Ba8Ga7(Ge12Au)3,12,8,7,8,5,unassignable,0,,clathrate_type_i,ratio spread 0.611 > 0.15
Ba8Ga7(Si12Au)3,18,18,0,0,0,unassignable,0,,clathrate_type_i,ratio spread 0.611 > 0.15
Ba8Ge40Au5.5,19,19,0,0,0,unassignable,0,,clathrate_type_i,ratio spread 1.109 > 0.15
Ba8Ge41Au5,40,40,0,0,0,unassignable,0,,clathrate_type_i,ratio spread 1.180 > 0.15
Ba8Ge41Au5.3,17,3,3,10,7,unassignable,0,,clathrate_type_i,ratio spread 1.151 > 0.15
Ba8Ge41Au5.33,9,5,5,5,3,unassignable,0,,clathrate_type_i,ratio spread 1.148 > 0.15
Ba8Ge42Au3.5,20,20,0,0,0,unassignable,0,,clathrate_type_i,ratio spread 1.353 > 0.15
Ba8Ge42Au4.5,20,20,0,0,0,unassignable,0,,clathrate_type_i,ratio spread 1.252 > 0.15
Ba8Ge43,38,22,30,28,16,unassignable,0,,clathrate_type_i,a required site is empty
Ba8Ge43Au3,20,20,0,0,0,unassignable,0,,clathrate_type_i,ratio spread 1.426 > 0.15
Ba8In9Ga7Ge30,5,2,2,3,3,clathrate_type_i,1,clathrate_type_i,,
Ba8Na3Ga4Ge39,11,0,0,0,11,unassignable,0,,clathrate_type_i,ratio spread 1.154 > 0.15
Ba8Ni2.8Ge41,26,10,10,8,8,unassignable,0,,clathrate_type_i,ratio spread 1.407 > 0.15
Ba8Ni2.8Ge42,25,10,10,8,8,unassignable,0,,clathrate_type_i,ratio spread 1.427 > 0.15
Ba8Ni3.5Ge42,54,18,36,7,43,unassignable,0,,clathrate_type_i,ratio spread 1.353 > 0.15
Ba8Ni3.8Ge42,17,8,8,13,13,unassignable,0,,clathrate_type_i,ratio spread 1.322 > 0.15
Ba8Ni4.2Ge42,17,17,16,0,0,unassignable,0,,clathrate_type_i,ratio spread 1.282 > 0.15
Ba8Si40Au5.59,20,9,10,16,15,unassignable,0,,clathrate_type_i,ratio spread 1.100 > 0.15
Ba8Si41Au4.6,6,6,0,0,0,unassignable,0,,clathrate_type_i,ratio spread 1.220 > 0.15
Ba8Si41Au5,44,35,40,30,29,unassignable,0,,clathrate_type_i,ratio spread 1.180 > 0.15
Ba8Si41Au5.43,19,9,15,15,16,unassignable,0,,clathrate_type_i,ratio spread 1.139 > 0.15
Ba8Si41Ni3.5,23,23,22,0,0,unassignable,0,,clathrate_type_i,ratio spread 1.332 > 0.15
Ba8Si41Pt5,3,3,3,0,0,unassignable,0,,clathrate_type_i,elements outside rule: Pt
Ba8Si42Ni3.5,20,10,10,14,15,unassignable,0,,clathrate_type_i,ratio spread 1.353 > 0.15
Ba8Si43,3,3,2,0,0,unassignable,0,,clathrate_type_i,a required site is empty
Ba8Si9Ni3.4Ge34,19,11,10,15,15,unassignable,0,,clathrate_type_i,ratio spread 1.384 > 0.15
Ba8Y4Cu12O31,3,3,3,0,0,other_oxide,1,other_oxide,,
Ba8Zn2.8Ga16Ge27,34,16,0,17,16,unassignable,0,,clathrate_type_i,ratio spread 0.268 > 0.15
Ba8Zn3.2Ga16Ge27,34,16,0,16,16,unassignable,0,,clathrate_type_i,ratio spread 0.290 > 0.15
Ba8Zn3.2Ge40,26,10,10,8,8,unassignable,0,,clathrate_type_i,ratio spread 1.342 > 0.15
Ba8Zn3.33Ge40,19,10,10,8,10,unassignable,0,,clathrate_type_i,ratio spread 1.328 > 0.15
Ba8Zn3.6Ge40,26,10,10,8,8,unassignable,0,,clathrate_type_i,ratio spread 1.300 > 0.15
Ba8Zn3.75Ge39,11,10,6,5,6,unassignable,0,,clathrate_type_i,ratio spread 1.261 > 0.15
Ba8Zn3Cu3Ge40,4,4,4,4,3,unassignable,0,,clathrate_type_i,ratio spread 1.062 > 0.15
Ba8Zn3Ga16Ge27,91,72,0,72,72,unassignable,0,,clathrate_type_i,ratio spread 0.279 > 0.15
Ba8Zn4.21Ge39,19,10,11,8,10,unassignable,0,,clathrate_type_i,ratio spread 1.214 > 0.15
Ba8Zn4.67Ge39,20,10,10,8,9,unassignable,0,,clathrate_type_i,ratio spread 1.167 > 0.15
Ba8Zn4Ge39,11,0,10,0,9,unassignable,0,,clathrate_type_i,ratio spread 1.235 > 0.15
Ba8Zn5.3Ge39,14,10,13,7,10,unassignable,0,,clathrate_type_i,ratio spread 1.105 > 0.15
Ba8Zn5Ge39,56,31,38,24,29,unassignable,0,,clathrate_type_i,ratio spread 1.134 > 0.15
Ba8Zn6.4Ge39,40,9,30,3,20,unassignable,0,,clathrate_type_i,ratio spread 1.000 > 0.15
Ba8Zn6.5Ge39,40,13,16,4,40,unassignable,0,,clathrate_type_i,ratio spread 0.991 > 0.15
Ba8Zn6Ga3Ge37,4,4,4,4,4,unassignable,0,,clathrate_type_i,ratio spread 0.720 > 0.15
Ba8Zn7.43Ge39,17,16,16,0,0,unassignable,0,,clathrate_type_i,ratio spread 0.907 > 0.15
Ba8Zn7.57Ge38,34,20,20,16,20,unassignable,0,,clathrate_type_i,ratio spread 0.869 > 0.15
Ba8Zn7Ge37,28,16,19,8,9,unassignable,0,,clathrate_type_i,ratio spread 0.894 > 0.15
Ba8Zn7Ge38,59,27,29,13,50,unassignable,0,,clathrate_type_i,ratio spread 0.920 > 0.15
Ba8Zn7Ge39,73,36,27,14,45,unassignable,0,,clathrate_type_i,ratio spread 0.945 > 0.15
Ba8Zn7Si39,28,26,0,2,0,unassignable,0,,clathrate_type_i,ratio spread 0.945 > 0.15
Ba8Zn8Ge37,92,58,57,32,59,unassignable,0,,clathrate_type_i,ratio spread 0.805 > 0.15
Ba9(Ga5Sn12)4,16,16,16,16,16,unassignable,0,,clathrate_type_i,ratio spread 0.358 > 0.15
BaAg2SnSe4,12,3,1,8,0,unassignable,0,,bicuseo,elements outside rule: Sn
BaAgAs,28,22,22,0,0,unassignable,0,,skutterudite,elements outside rule: Ag
BaAgSb,108,71,72,33,75,unassignable,0,,skutterudite,elements outside rule: Ag
BaAlCuP2,13,13,0,11,8,unassignable,0,,skutterudite,"elements outside rule: Al,Cu"
BaB6,11,0,6,5,0,unassignable,0,,skutterudite,elements outside rule: B
BaBiTe3,41,21,41,34,39,unassignable,0,,bicuseo,a required site is empty
BaCaLaCu3O7,3,3,2,0,0,other_oxide,1,other_oxide,,
BaCeO3,11,0,0,11,0,other_oxide,1,other_oxide,,
BaCoBiO4,292,232,282,20,21,cobaltite,2,cobaltite;other_oxide,,
BaCoO3,10,0,10,0,0,other_oxide,1,other_oxide,,
BaCu2GeSe4,5,0,0,5,0,unassignable,0,,bicuseo,elements outside rule: Ge
BaCu2SnSe4,8,0,0,8,0,unassignable,0,,bicuseo,elements outside rule: Sn
BaCu4S3,36,20,33,27,18,unassignable,0,,bicuseo,a required site is empty
BaCu6Te6S,9,4,7,6,6,unassignable,0,,bicuseo,a required site is empty
BaCu6Te6Se,21,11,11,13,12,unassignable,0,,bicuseo,a required site is empty
BaDyCo4O7,22,13,1,2,12,other_oxide,1,other_oxide,,
BaDyFeCuO5,6,6,0,0,0,other_oxide,1,other_oxide,,
BaErCo4O7,21,12,1,2,10,other_oxide,1,other_oxide,,
BaErFeCuO5,10,10,0,0,0,other_oxide,1,other_oxide,,
BaFe3CoSb12,7,7,0,0,0,skutterudite,1,skutterudite,,
BaFe3NiSb12,20,15,17,12,17,skutterudite,1,skutterudite,,
BaFe5CoO11,25,21,15,0,0,other_oxide,1,other_oxide,,
BaFe6CoO11,27,20,21,0,0,other_oxide,1,other_oxide,,
BaFeO3,10,0,10,0,0,other_oxide,1,other_oxide,,
BaGd(CoO3)2,6,0,6,0,0,other_oxide,1,other_oxide,,
BaGd2CoO5,35,0,0,23,23,other_oxide,1,other_oxide,,
BaGdCo2O5,22,3,10,9,0,other_oxide,1,other_oxide,,
BaGdFeCoO5,19,12,7,7,0,other_oxide,1,other_oxide,,
BaGdFeCuO5,4,4,0,0,0,other_oxide,1,other_oxide,,
BaGe4,87,71,72,44,61,unassignable,0,,clathrate_type_i,a required site is empty
BaGe5,18,9,9,8,10,unassignable,0,,clathrate_type_i,a required site is empty
BaHoCo4O7,23,12,1,0,13,other_oxide,1,other_oxide,,
BaHoFeCuO5,4,4,0,0,0,other_oxide,1,other_oxide,,
BaLaCuIrO6,10,10,0,0,0,other_oxide,1,other_oxide,,
BaLaFeCuO5,53,40,47,0,0,other_oxide,1,other_oxide,,
BaLuCo4O7,29,25,1,13,12,other_oxide,1,other_oxide,,
BaLuFeCuO5,5,5,0,0,0,other_oxide,1,other_oxide,,
BaMnO3,15,5,0,5,5,other_oxide,1,other_oxide,,
BaMoO3,5,5,0,0,0,other_oxide,1,other_oxide,,
BaNdCo2O5,4,0,4,0,0,other_oxide,1,other_oxide,,
BaNdFeCoO5,20,19,18,0,0,other_oxide,1,other_oxide,,
BaOsO3,4,0,4,0,0,other_oxide,1,other_oxide,,
BaPbO3,32,0,32,0,0,other_oxide,1,other_oxide,,
BaPrFeCuO5,24,7,22,0,0,other_oxide,1,other_oxide,,
BaRuO3,20,10,10,14,10,other_oxide,1,other_oxide,,
BaSi2,3,0,0,2,1,unassignable,0,,clathrate_type_i,a required site is empty
BaSmFeCoO5,12,11,7,0,0,other_oxide,1,other_oxide,,
BaSmFeCuO5,18,10,7,5,3,other_oxide,1,other_oxide,,
BaSmMn2O6,18,6,0,12,0,other_oxide,1,other_oxide,,
BaSnO3,63,28,31,20,12,other_oxide,1,other_oxide,,
BaTbFeCuO5,9,9,0,0,0,other_oxide,1,other_oxide,,
BaTiO3,3,3,0,0,0,perovskite_titanate,2,perovskite_titanate;other_oxide,,
BaTmCo4O7,14,1,1,5,13,other_oxide,1,other_oxide,,
BaUO3,12,4,0,7,7,other_oxide,1,other_oxide,,
BaYCo2O5,3,0,3,0,0,other_oxide,1,other_oxide,,
BaYCo4O7,18,18,0,0,0,other_oxide,1,other_oxide,,
BaYFeCuO5,17,17,0,0,0,other_oxide,1,other_oxide,,
BaYb(CoO2)4,12,1,11,0,0,other_oxide,1,other_oxide,,
BaYbCo4O7,20,20,0,0,0,other_oxide,1,other_oxide,,
BaYbFeCuO5,4,4,0,0,0,other_oxide,1,other_oxide,,
BaZrO3,10,0,0,10,0,other_oxide,1,other_oxide,,
Bi,15,11,15,11,11,unassignable,0,,tetradymite,a required site is empty
Bi(SbTe2)3,100,75,43,33,35,tetradymite,1,tetradymite,,
Bi(SbTe2)4,12,9,12,8,10,tetradymite,1,tetradymite,,
Bi0.062Sb0.32Te0.6,4,3,4,3,0,tetradymite,1,tetradymite,,
Bi0.062Sb0.32Te0.61,27,21,19,20,0,tetradymite,1,tetradymite,,
Bi0.11Te1,18,18,0,0,0,unassignable,0,,tetradymite,ratio spread 1.433 > 0.15
Bi0.23Sb0.06Te0.61Se0.1,12,9,10,6,10,unassignable,0,,tetradymite,ratio spread 0.480 > 0.15
Bi0.24Sb0.05Te0.61Se0.1,12,8,11,6,10,unassignable,0,,tetradymite,ratio spread 0.480 > 0.15
Bi0.24Te0.62Se0.1,12,6,10,7,10,unassignable,0,,tetradymite,ratio spread 0.667 > 0.15
Bi0.25Sb1.75Te3,15,14,15,10,10,tetradymite,1,tetradymite,,
Bi0.25Te0.62Se0.11,12,7,9,6,6,unassignable,0,,tetradymite,ratio spread 0.643 > 0.15
Bi0.26Te0.62Se0.11,12,9,10,5,11,unassignable,0,,tetradymite,ratio spread 0.607 > 0.15
Bi0.288Te0.707,10,5,5,5,5,unassignable,0,,tetradymite,ratio spread 0.483 > 0.15
Bi0.288Te0.709,10,5,5,5,5,unassignable,0,,tetradymite,ratio spread 0.486 > 0.15
Bi0.289Te0.71,10,5,5,5,5,unassignable,0,,tetradymite,ratio spread 0.484 > 0.15
Bi0.32Sb1.68Te3,18,11,13,11,17,tetradymite,1,tetradymite,,
Bi0.34Sb1.66Te3,14,12,4,13,14,tetradymite,1,tetradymite,,
Bi0.356Sb1.424Te3,7,7,7,7,7,tetradymite,1,tetradymite,,
Bi0.35Sb1.65Te3,24,24,23,18,19,tetradymite,1,tetradymite,,
Bi0.368Sb1.472Te3,7,7,7,7,7,tetradymite,1,tetradymite,,
Bi0.36Sb0.064Te0.576,6,0,0,6,0,tetradymite,1,tetradymite,,
Bi0.36Sb1.64Te3,50,21,49,15,15,tetradymite,1,tetradymite,,
Bi0.384Sb1.536Te3,7,7,7,7,7,tetradymite,1,tetradymite,,
Bi0.38Sb1.62Te3,15,14,15,11,13,tetradymite,1,tetradymite,,
Bi0.392Sb1.568Te3,7,7,7,7,7,tetradymite,1,tetradymite,,
Bi0.3992Sb1.5968Te3,8,0,8,0,0,tetradymite,1,tetradymite,,
Bi0.3Sb1.1232Te2.2,8,7,0,8,7,tetradymite,1,tetradymite,,
Bi0.3Sb1.625Te3,28,22,18,26,18,tetradymite,1,tetradymite,,
Bi0.3Sb1.65Te3,28,21,17,27,26,tetradymite,1,tetradymite,,
Bi0.3Sb1.675Te3,28,15,13,26,18,tetradymite,1,tetradymite,,
Bi0.3Sb1.6925Te1,11,11,11,11,11,unassignable,0,,tetradymite,ratio spread 0.997 > 0.15
Bi0.3Sb1.695Te1,12,11,12,11,8,unassignable,0,,tetradymite,ratio spread 0.998 > 0.15
Bi0.3Sb1.6975Te1,12,12,12,11,11,unassignable,0,,tetradymite,ratio spread 0.999 > 0.15
Bi0.3Sb1.6992Te1,12,11,10,6,10,unassignable,0,,tetradymite,ratio spread 1.000 > 0.15
Bi0.3Sb1.699Te1,11,11,11,11,11,unassignable,0,,tetradymite,ratio spread 1.000 > 0.15
Bi0.3Sb1.6Te3,28,15,16,26,26,tetradymite,1,tetradymite,,
Bi0.3Sb1.7Te1,11,11,11,10,11,unassignable,0,,tetradymite,ratio spread 1.000 > 0.15
Bi0.3Sb1.7Te3,93,62,70,49,57,tetradymite,1,tetradymite,,
Bi0.41Te0.59,6,5,6,0,0,tetradymite,1,tetradymite,,
Bi0.42Sb1.51Te3,33,0,33,0,0,tetradymite,1,tetradymite,,
Bi0.42Sb1.58Te3,34,32,34,33,31,tetradymite,1,tetradymite,,
Bi0.42Sb1.58Te3O0.33,11,11,11,10,10,unassignable,0,,tetradymite,elements outside rule: O
Bi0.43Sb1.5Te3,8,8,8,8,8,tetradymite,1,tetradymite,,
Bi0.44Sb1.56Te3,60,54,56,45,49,tetradymite,1,tetradymite,,
Bi0.4554Sb1.5246Te3,19,14,13,16,12,tetradymite,1,tetradymite,,
Bi0.4577Sb1.5323Te3,19,14,11,15,10,tetradymite,1,tetradymite,,
Bi0.45885Sb1.53615Te3,20,15,15,16,14,tetradymite,1,tetradymite,,
Bi0.45954Sb1.53846Te3,17,16,16,13,14,tetradymite,1,tetradymite,,
Bi0.45Sb1.35Te2.8,10,10,10,10,10,tetradymite,1,tetradymite,,
Bi0.45Sb1.35Te3,17,17,0,17,17,tetradymite,1,tetradymite,,
Bi0.45Sb1.4058Te2.8,9,6,0,8,7,tetradymite,1,tetradymite,,
Bi0.45Sb1.55Te3,82,48,44,39,25,tetradymite,1,tetradymite,,
Bi0.4608Sb1.5392Te3,10,4,9,5,7,tetradymite,1,tetradymite,,
Bi0.4656Sb1.5344Te3,10,5,6,10,7,tetradymite,1,tetradymite,,
Bi0.46Sb1.54Te3,28,18,14,21,11,tetradymite,1,tetradymite,,
Bi0.46Sb1.5Te3,8,8,8,8,8,tetradymite,1,tetradymite,,
Bi0.4704Sb1.5296Te3,19,15,17,18,14,tetradymite,1,tetradymite,,
Bi0.4752Sb1.5248Te3,10,8,9,8,9,tetradymite,1,tetradymite,,
Bi0.475Sb1.425Te3,38,37,20,33,38,tetradymite,1,tetradymite,,
Bi0.475Sb1.4529Te3,8,8,0,8,7,tetradymite,1,tetradymite,,
Bi0.475Sb1.5Te3,9,5,4,5,4,tetradymite,1,tetradymite,,
Bi0.485Sb1.5Te3,9,5,4,4,4,tetradymite,1,tetradymite,,
Bi0.4875Sb1.4625Te3,19,18,18,13,18,tetradymite,1,tetradymite,,
Bi0.4875Sb1.47645Te3,8,8,0,8,7,tetradymite,1,tetradymite,,
Bi0.48Sb1.515Te3,6,4,5,5,5,tetradymite,1,tetradymite,,
Bi0.48Sb1.51Te3,5,4,5,4,5,tetradymite,1,tetradymite,,
Bi0.48Sb1.52Te3,343,224,251,225,204,tetradymite,1,tetradymite,,
Bi0.48Sb1.5Te3,5,4,5,5,4,tetradymite,1,tetradymite,,
Bi0.4925Sb1.4775Te3,9,9,9,9,7,tetradymite,1,tetradymite,,
Bi0.495Sb1.485Te3,34,20,20,19,16,tetradymite,1,tetradymite,,
Bi0.495Sb1.5Te3,8,5,5,4,4,tetradymite,1,tetradymite,,
Bi0.4975Sb1.4925Te3,11,10,10,6,11,tetradymite,1,tetradymite,,
Bi0.49875Sb1.49625Te3,11,10,10,6,11,tetradymite,1,tetradymite,,
Bi0.49Sb1.47Te3,35,21,20,20,16,tetradymite,1,tetradymite,,
Bi0.49Sb1.51Te3,10,9,10,0,0,tetradymite,1,tetradymite,,
Bi0.4Sb1.3116Te2.6,8,8,0,0,0,tetradymite,1,tetradymite,,
Bi0.4Sb1.585Te3,21,20,20,19,20,tetradymite,1,tetradymite,,
Bi0.4Sb1.58Te3,23,21,21,19,17,tetradymite,1,tetradymite,,
Bi0.4Sb1.593Te3,9,7,6,7,6,tetradymite,1,tetradymite,,
Bi0.4Sb1.595Te3,34,31,30,25,28,tetradymite,1,tetradymite,,
Bi0.4Sb1.597Te3,23,17,18,13,16,tetradymite,1,tetradymite,,
Bi0.4Sb1.599Te3,23,18,18,14,20,tetradymite,1,tetradymite,,
Bi0.4Sb1.59Te3,43,38,37,36,38,tetradymite,1,tetradymite,,
Bi0.4Sb1.5Te3,8,8,8,8,8,tetradymite,1,tetradymite,,
Bi0.4Sb1.603Te3,10,9,6,6,8,tetradymite,1,tetradymite,,
Bi0.4Sb1.608Te3,10,6,6,8,7,tetradymite,1,tetradymite,,
Bi0.4Sb1.61Te3,18,16,17,15,15,tetradymite,1,tetradymite,,
Bi0.4Sb1.62Te3,8,8,8,8,8,tetradymite,1,tetradymite,,
Bi0.4Sb1.633Te3,8,8,8,8,8,tetradymite,1,tetradymite,,
Bi0.4Sb1.6Se3,9,9,9,0,0,tetradymite,1,tetradymite,,
Bi0.4Sb1.6Te0.6Se2.4,9,9,9,0,0,tetradymite,1,tetradymite,,
Bi0.4Sb1.6Te1.2Se1.8,9,9,9,0,0,tetradymite,1,tetradymite,,
Bi0.4Sb1.6Te1.8Se1.2,9,9,9,0,0,tetradymite,1,tetradymite,,
Bi0.4Sb1.6Te2.4Se0.6,9,9,9,0,0,tetradymite,1,tetradymite,,
Bi0.4Sb1.6Te2.7,9,9,8,8,8,tetradymite,1,tetradymite,,
Bi0.4Sb1.6Te3,323,270,273,201,181,tetradymite,1,tetradymite,,
Bi0.4Sb1.6Te3.2,27,20,26,20,22,tetradymite,1,tetradymite,,
Bi0.4Sb1.6Te3.3Pb0.3,22,22,22,12,10,gete_sb2te3_pseudobinary,1,gete_sb2te3_pseudobinary,,
Bi0.4Sb1.6Te3.45,8,8,8,0,0,tetradymite,1,tetradymite,,
Bi0.4Sb1.6Te3.77Pb0.539,7,7,6,7,0,gete_sb2te3_pseudobinary,1,gete_sb2te3_pseudobinary,,
Bi0.4Sb1.6Te3C0.5,8,5,8,8,8,unassignable,0,,tetradymite,elements outside rule: C
Bi0.4Sb1.7Te3,5,5,4,4,0,tetradymite,1,tetradymite,,
Bi0.52Sb1.48Te3,93,65,65,78,78,tetradymite,1,tetradymite,,
Bi0.53Sb1.5Te3,7,4,6,7,7,tetradymite,1,tetradymite,,
Bi0.54Te0.46,3,0,3,3,3,unassignable,0,,tetradymite,ratio spread 0.551 > 0.15
Bi0.55Sb1.45Te3,9,9,9,9,9,tetradymite,1,tetradymite,,
Bi0.56Sb1.74Te2.69,4,3,3,3,3,unassignable,0,,tetradymite,ratio spread 0.248 > 0.15
Bi0.5Sb1.28Te3,9,9,9,9,9,tetradymite,1,tetradymite,,
Bi0.5Sb1.37Te3,10,10,0,0,0,tetradymite,1,tetradymite,,
Bi0.5Sb1.38Te3,9,9,9,9,8,tetradymite,1,tetradymite,,
Bi0.5Sb1.3Te3,40,30,0,26,26,tetradymite,1,tetradymite,,
Bi0.5Sb1.42Te3,28,27,18,18,17,tetradymite,1,tetradymite,,
Bi0.5Sb1.43Te3,10,10,0,0,0,tetradymite,1,tetradymite,,
Bi0.5Sb1.44Te3,28,27,18,18,18,tetradymite,1,tetradymite,,
Bi0.5Sb1.45Te3,55,43,9,30,28,tetradymite,1,tetradymite,,
Bi0.5Sb1.46Te3,25,24,15,14,15,tetradymite,1,tetradymite,,
Bi0.5Sb1.47Te3,6,4,6,4,5,tetradymite,1,tetradymite,,
Bi0.5Sb1.485Te3,35,28,32,19,32,tetradymite,1,tetradymite,,
Bi0.5Sb1.48Te3,19,18,9,9,7,tetradymite,1,tetradymite,,
Bi0.5Sb1.494Te3,13,11,10,11,11,tetradymite,1,tetradymite,,
Bi0.5Sb1.495Te3,40,36,37,25,36,tetradymite,1,tetradymite,,
Bi0.5Sb1.499Te3,13,11,10,10,12,tetradymite,1,tetradymite,,
Bi0.5Sb1.49Te3,33,32,33,18,29,tetradymite,1,tetradymite,,
Bi0.5Sb1.4Te3,50,40,0,26,25,tetradymite,1,tetradymite,,
Bi0.5Sb1.548Te3,8,4,4,5,5,tetradymite,1,tetradymite,,
Bi0.5Sb1.563Te3,9,4,6,5,5,tetradymite,1,tetradymite,,
Bi0.5Sb1.596Te3,9,5,5,5,5,tetradymite,1,tetradymite,,
Bi0.5Sb1.5Se3,6,1,0,4,5,tetradymite,1,tetradymite,,
Bi0.5Sb1.5Te2.7Se0.3,4,0,0,3,3,tetradymite,1,tetradymite,,
Bi0.5Sb1.5Te3,3291,2651,2554,1910,1980,tetradymite,1,tetradymite,,
Bi0.5Sb1.5Te3.2,13,7,7,6,0,tetradymite,1,tetradymite,,
Bi0.5Sb1.5Te3.25,6,6,6,0,0,tetradymite,1,tetradymite,,
Bi0.5Sb1.5Te3.3,30,27,26,0,0,tetradymite,1,tetradymite,,
Bi0.5Sb1.5Te3.4,24,21,22,0,0,tetradymite,1,tetradymite,,
Bi0.5Sb1.5Te3.5,10,7,9,0,0,unassignable,0,,tetradymite,ratio spread 0.154 > 0.15
Bi0.5Sb1.5Te3.7,5,5,4,0,0,unassignable,0,,tetradymite,ratio spread 0.209 > 0.15
Bi0.5Sb1.5Te3C0.28,103,92,83,27,60,unassignable,0,,tetradymite,elements outside rule: C
Bi0.5Sb1.5Te3C0.34,11,6,11,10,8,unassignable,0,,tetradymite,elements outside rule: C
Bi0.5Sb1.5Te3C0.4,11,6,11,0,5,unassignable,0,,tetradymite,elements outside rule: C
Bi0.5Sb1.5Te4,6,5,5,0,0,unassignable,0,,tetradymite,ratio spread 0.286 > 0.15
Bi0.5Sb1.5Te5,4,3,2,0,1,unassignable,0,,tetradymite,ratio spread 0.500 > 0.15
Bi0.5Sb1.68Te3,7,7,7,0,0,tetradymite,1,tetradymite,,
Bi0.5Sb1.69Te2.81,4,3,3,4,3,unassignable,0,,tetradymite,ratio spread 0.156 > 0.15
Bi0.5Sb1.7Te3,28,26,27,26,26,tetradymite,1,tetradymite,,
Bi0.67Sb1.5Te3,6,4,6,6,4,tetradymite,1,tetradymite,,
Bi0.6Sb1.5Te3,7,4,5,5,4,tetradymite,1,tetradymite,,
Bi0.75Sb0.25Se1,11,7,5,9,5,unassignable,0,,tetradymite,ratio spread 0.400 > 0.15
Bi0.7Sb0.3Se1,15,8,8,9,8,unassignable,0,,tetradymite,ratio spread 0.400 > 0.15
Bi0.7Sb0.3Te1,22,16,15,16,16,unassignable,0,,tetradymite,ratio spread 0.400 > 0.15
Bi0.7Sb1.3Te3,29,16,20,19,11,tetradymite,1,tetradymite,,
Bi0.82Sb0.18,6,6,6,5,6,unassignable,0,,tetradymite,a required site is empty
Bi0.85Sb0.15,25,18,22,5,3,unassignable,0,,tetradymite,a required site is empty
Bi0.85Sb0.15C0.08,6,6,5,6,6,unassignable,0,,tetradymite,elements outside rule: C
Bi0.85Sb0.15C0.12,3,3,3,3,3,unassignable,0,,tetradymite,elements outside rule: C
Bi0.85Sb0.15Se1,12,8,8,9,8,unassignable,0,,tetradymite,ratio spread 0.400 > 0.15
Bi0.87Sb0.13,10,10,10,0,0,unassignable,0,,tetradymite,a required site is empty
Bi0.88Sb0.12,27,20,26,11,9,unassignable,0,,tetradymite,a required site is empty
Bi0.8Sb0.2,5,5,4,0,0,unassignable,0,,tetradymite,a required site is empty
Bi0.8Sb0.2Te1,20,15,14,17,13,unassignable,0,,tetradymite,ratio spread 0.400 > 0.15
Bi0.92Sb1.08Te3,4,4,4,3,4,tetradymite,1,tetradymite,,
Bi0.94Sb1Te3,4,4,4,3,3,tetradymite,1,tetradymite,,
Bi0.9Sb0.1,15,9,15,1,0,unassignable,0,,tetradymite,a required site is empty
Bi0.9Sb0.1Te1,19,17,11,13,15,unassignable,0,,tetradymite,ratio spread 0.400 > 0.15
Bi0.9Sb1.1Te3,3,2,3,0,0,tetradymite,1,tetradymite,,
Bi1.2Sb0.8Te3,10,6,10,9,9,tetradymite,1,tetradymite,,
Bi1.2Sb5Te9,33,33,27,24,24,tetradymite,1,tetradymite,,
Bi1.3Sb0.7Te3,7,6,7,0,0,tetradymite,1,tetradymite,,
Bi1.45Sb0.55Te2.7Se0.3,10,10,10,10,10,tetradymite,1,tetradymite,,
Bi1.4Rh3I9,21,15,9,14,17,unassignable,0,,half_heusler,elements outside rule: I
Bi1.4Sb0.6Te2.7Se0.3,10,6,10,10,10,tetradymite,1,tetradymite,,
Bi1.4Sb0.6Te3,9,9,9,9,9,tetradymite,1,tetradymite,,
Bi1.53Sb0.47Te2.7Se0.3,10,10,10,10,10,tetradymite,1,tetradymite,,
Bi1.57Sb0.43Te2.7Se0.3,10,10,10,10,10,tetradymite,1,tetradymite,,
Bi1.5Ru2O7,6,6,0,0,0,other_oxide,1,other_oxide,,
Bi1.5Sb0.5Se3,18,8,9,10,11,tetradymite,1,tetradymite,,
Bi1.5Sb0.5Te2.7Se0.3,10,7,10,10,10,tetradymite,1,tetradymite,,
Bi1.5Sb0.5Te3,3,3,2,2,2,tetradymite,1,tetradymite,,
Bi1.6Sb0.4Te2.4Se0.3S0.3,7,6,6,6,0,tetradymite,1,tetradymite,,
Bi1.6Sb0.4Te2.7Se0.3,9,9,9,9,8,tetradymite,1,tetradymite,,
Bi1.6Sb0.4Te3,10,10,9,10,9,tetradymite,1,tetradymite,,
Bi1.6Sb1.6Te3,6,5,6,6,0,unassignable,0,,tetradymite,ratio spread 0.462 > 0.15
Bi1.6Se2.4O0.4,33,8,7,9,9,unassignable,0,,bicuseo,a required site is empty
Bi1.75Te3.25,5,5,5,0,0,unassignable,0,,tetradymite,ratio spread 0.213 > 0.15
Bi1.7Sb0.3Te2.55Se0.3,7,5,6,4,0,tetradymite,1,tetradymite,,
Bi1.7Sb0.3Te2.7Se0.3,10,10,10,10,8,tetradymite,1,tetradymite,,
Bi1.7Sb0.3Te3,10,9,9,9,10,tetradymite,1,tetradymite,,
Bi1.7Se2.55O0.3,32,9,8,7,8,unassignable,0,,bicuseo,a required site is empty
Bi1.82Te2.82,10,10,10,10,10,tetradymite,1,tetradymite,,
Bi1.82Te3,10,10,10,10,10,tetradymite,1,tetradymite,,
Bi1.82Te3.18,10,10,10,10,10,unassignable,0,,tetradymite,ratio spread 0.152 > 0.15
Bi1.84Te2.484Se0.276,7,7,7,7,7,tetradymite,1,tetradymite,,
Bi1.84Te2.76,17,4,11,6,0,tetradymite,1,tetradymite,,
Bi1.84Te3,12,2,6,5,0,tetradymite,1,tetradymite,,
Bi1.85Se3,8,8,8,4,4,tetradymite,1,tetradymite,,
Bi1.85Te3,15,13,15,4,4,tetradymite,1,tetradymite,,
Bi1.86Te3,72,60,65,66,64,tetradymite,1,tetradymite,,
Bi1.88Se1O2,12,10,10,10,10,other_oxide,1,other_oxide,,
Bi1.88Te2.538Se0.282,7,7,7,7,7,tetradymite,1,tetradymite,,
Bi1.88Te2.7Se0.3,9,0,8,8,9,tetradymite,1,tetradymite,,
Bi1.88Te2.82,7,6,6,6,0,tetradymite,1,tetradymite,,
Bi1.8Se1O2,3,3,3,0,0,other_oxide,1,other_oxide,,
Bi1.8Se2.7,28,8,6,6,8,tetradymite,1,tetradymite,,
Bi1.8Te2.43Se0.27,7,7,7,7,7,tetradymite,1,tetradymite,,
Bi1.8Te2.7,7,4,6,4,0,tetradymite,1,tetradymite,,
Bi1.8Te2.7Se0.3,33,28,33,29,27,tetradymite,1,tetradymite,,
Bi1.8Te3,89,74,73,45,32,tetradymite,1,tetradymite,,
Bi1.9Sb0.67Te3,8,8,8,4,4,unassignable,0,,tetradymite,ratio spread 0.249 > 0.15
Bi1.9Se1O2,34,32,29,20,21,other_oxide,1,other_oxide,,
Bi1.9Se2.85,27,8,7,5,7,tetradymite,1,tetradymite,,
Bi1.9Se3,61,61,61,0,0,tetradymite,1,tetradymite,,
Bi1.9Te2.6Se0.4,8,8,8,8,8,tetradymite,1,tetradymite,,
Bi1.9Te2.7Se0.3,47,45,47,46,45,tetradymite,1,tetradymite,,
Bi1.9Te2.8,8,8,8,8,8,tetradymite,1,tetradymite,,
Bi1.9Te2.85,151,123,136,124,131,tetradymite,1,tetradymite,,
Bi1.9Te3,77,70,69,53,59,tetradymite,1,tetradymite,,
Bi10(Te4Se)3,5,5,5,5,3,tetradymite,1,tetradymite,,
Bi100Te133Se15,21,21,21,21,21,tetradymite,1,tetradymite,,
Bi100Te134Se15,7,6,7,5,7,tetradymite,1,tetradymite,,
Bi11Sb11Te11O3,11,10,11,11,10,unassignable,0,,tetradymite,elements outside rule: O
Bi128Sb36Te173Se19,12,9,9,9,8,unassignable,0,,tetradymite,ratio spread 0.247 > 0.15
Bi12Pb5Se23,3,2,2,3,0,unassignable,0,,iv_vi_rocksalt,"site pn is 0.706 of sites A+pn, not below 1/3"
Bi12Sb38Te75,46,34,34,32,32,tetradymite,1,tetradymite,,
Bi13(S9I)2,64,62,61,59,60,unassignable,0,,tetradymite,elements outside rule: I
Bi135Te203H97(C65N16)2,16,15,14,10,12,unassignable,0,,tetradymite,"elements outside rule: C,H,N"
Bi13Te131Se19,3,3,3,3,3,unassignable,0,,tetradymite,ratio spread 1.540 > 0.15
Bi149Sb25(Te101Se11)2,11,9,8,7,9,unassignable,0,,tetradymite,ratio spread 0.153 > 0.15
Bi159Te239,7,7,7,7,7,tetradymite,1,tetradymite,,
Bi17212Te24025,9,8,9,4,7,tetradymite,1,tetradymite,,
Bi173Te220,5,4,5,5,3,unassignable,0,,tetradymite,ratio spread 0.165 > 0.15
Bi17786Te24823,9,5,8,5,7,tetradymite,1,tetradymite,,
Bi177Te239Se27,12,5,9,11,9,tetradymite,1,tetradymite,,
Bi177Te266,7,7,7,7,7,tetradymite,1,tetradymite,,
Bi177Te266H160C160O57,11,10,11,11,11,unassignable,0,,bicuseo,"elements outside rule: C,H"
Bi179Te237(H3C4)11,8,6,7,5,6,unassignable,0,,tetradymite,"elements outside rule: C,H"
Bi17Sb3,28,24,22,9,3,unassignable,0,,tetradymite,a required site is empty
Bi180Te239,10,8,8,10,9,tetradymite,1,tetradymite,,
Bi181Te244Se27O29,8,5,0,8,7,unassignable,0,,bicuseo,a required site is empty
Bi181Te272,3,3,3,0,0,tetradymite,1,tetradymite,,
Bi185(Te125Se14)2,9,4,5,4,4,tetradymite,1,tetradymite,,
Bi187Te261,5,5,5,5,5,tetradymite,1,tetradymite,,
Bi187Te280,13,11,12,11,11,tetradymite,1,tetradymite,,
Bi19(Te68Se7)4,3,3,3,3,3,unassignable,0,,tetradymite,ratio spread 1.653 > 0.15
Bi190Te251Se28,8,7,7,7,6,tetradymite,1,tetradymite,,
Bi192Te259Se41,8,4,5,5,5,tetradymite,1,tetradymite,,
Bi192Te260Se29,6,5,5,3,3,tetradymite,1,tetradymite,,
Bi193(Te9Se)29,8,6,0,5,7,tetradymite,1,tetradymite,,
Bi195Te293(HC)34,11,10,10,11,11,unassignable,0,,tetradymite,"elements outside rule: C,H"
Bi197(Te133Se15)2,6,5,5,3,4,tetradymite,1,tetradymite,,
Bi197Te207Se89,11,10,11,0,0,tetradymite,1,tetradymite,,
Bi197Te265Se29,7,6,0,7,7,tetradymite,1,tetradymite,,
Bi198S293,16,9,6,8,8,tetradymite,1,tetradymite,,
Bi198S295,15,8,6,8,8,tetradymite,1,tetradymite,,
Bi199S298,15,9,6,8,8,tetradymite,1,tetradymite,,
Bi199Te249Se50,17,16,16,16,17,tetradymite,1,tetradymite,,
Bi199Te254Se45,11,6,9,8,5,tetradymite,1,tetradymite,,
Bi199Te263Se29,8,8,8,8,6,tetradymite,1,tetradymite,,
Bi199Te269Se30,5,4,5,0,0,tetradymite,1,tetradymite,,
Bi199Te280,10,0,0,0,10,tetradymite,1,tetradymite,,
Bi199Te298,35,34,33,7,7,tetradymite,1,tetradymite,,
Bi199Te299,7,7,7,7,7,tetradymite,1,tetradymite,,
Bi19Sb61Te120,8,5,4,5,8,tetradymite,1,tetradymite,,
Bi19Sb77Te144,7,7,7,7,7,tetradymite,1,tetradymite,,
Bi19Te29,22,22,20,22,22,tetradymite,1,tetradymite,,
Bi19Te31,10,10,5,3,0,tetradymite,1,tetradymite,,
Bi1Sb0.94Te2Se1,4,2,3,2,2,tetradymite,1,tetradymite,,
Bi1Sb0.95Te2Se1,7,4,4,4,6,tetradymite,1,tetradymite,,
Bi1Sb1Se2.76,33,19,19,19,18,tetradymite,1,tetradymite,,
Bi1Sb1Se2.82,149,81,76,78,82,tetradymite,1,tetradymite,,
Bi1Sb1Te1.5Se1.5,25,25,25,22,22,tetradymite,1,tetradymite,,
Bi1Sb1Te2.7Se0.3,7,6,7,0,0,tetradymite,1,tetradymite,,
Bi1Te1I0.88,7,7,7,7,7,unassignable,0,,tetradymite,elements outside rule: I
Bi1Te1I0.94,7,7,7,7,7,unassignable,0,,tetradymite,elements outside rule: I
Bi1Te2.7Se0.3,16,0,0,0,16,unassignable,0,,tetradymite,ratio spread 0.667 > 0.15
Bi2(PbS2)3,45,45,45,34,45,unassignable,0,,iv_vi_rocksalt,"site pn is 0.400 of sites A+pn, not below 1/3"
Bi2(TeSe)3,4,0,4,0,0,unassignable,0,,tetradymite,ratio spread 0.667 > 0.15
Bi2.1Te2.7,4,4,4,3,4,unassignable,0,,tetradymite,ratio spread 0.154 > 0.15
Bi20(Sb4Te23)3,7,7,7,5,7,unassignable,0,,tetradymite,ratio spread 0.359 > 0.15
Bi20(Te9Se)3,63,38,61,33,36,tetradymite,1,tetradymite,,
Bi200Te249Se50,9,8,9,8,8,tetradymite,1,tetradymite,,
Bi200Te264Se29,8,6,7,7,6,tetradymite,1,tetradymite,,
Bi200Te269Se30,5,0,5,0,0,tetradymite,1,tetradymite,,
Bi200Te279,5,3,5,4,2,tetradymite,1,tetradymite,,
Bi201(Te133Se15)2,7,6,7,4,6,tetradymite,1,tetradymite,,
Bi201(Te134Se15)2,8,7,7,6,7,tetradymite,1,tetradymite,,
Bi202Te265Se29,8,7,8,8,8,tetradymite,1,tetradymite,,
Bi2092Te2919,9,6,9,9,5,tetradymite,1,tetradymite,,
Bi20Te26Se4.38,5,4,5,4,5,tetradymite,1,tetradymite,,
Bi22Sb3,3,0,3,1,0,unassignable,0,,tetradymite,a required site is empty
Bi22Sb65Te186,18,9,9,14,15,unassignable,0,,tetradymite,ratio spread 0.351 > 0.15
Bi22Sb7.5Te70,21,13,15,15,14,unassignable,0,,tetradymite,ratio spread 0.451 > 0.15
Bi22Sb78Te131O19,8,6,5,7,6,unassignable,0,,tetradymite,elements outside rule: O
Bi23Sb77Te137O13,25,5,7,4,24,unassignable,0,,tetradymite,elements outside rule: O
Bi24Sb73Te198,21,11,8,12,19,unassignable,0,,tetradymite,ratio spread 0.306 > 0.15
Bi25Sb61Te132,9,7,6,6,6,tetradymite,1,tetradymite,,
Bi25Sb75Te149,8,7,7,6,7,tetradymite,1,tetradymite,,
Bi27Te23,5,5,5,0,0,unassignable,0,,tetradymite,ratio spread 0.551 > 0.15
Bi28Sb145Te273,35,28,29,22,28,tetradymite,1,tetradymite,,
Bi28Sb157Te277,9,8,8,0,7,tetradymite,1,tetradymite,,
Bi28Sb161Te284,9,7,8,0,8,tetradymite,1,tetradymite,,
Bi29(Sb55Te97)3,7,7,7,6,5,tetradymite,1,tetradymite,,
Bi29Sb11Te60,6,5,6,5,4,tetradymite,1,tetradymite,,
Bi29Sb162Te287,7,7,7,0,0,tetradymite,1,tetradymite,,
Bi29Sb165Te292,8,8,7,0,6,tetradymite,1,tetradymite,,
Bi29Sb3,6,2,5,6,0,unassignable,0,,tetradymite,a required site is empty
Bi2Mo2O9,8,0,0,8,0,other_oxide,1,other_oxide,,
Bi2MoSe5,8,8,0,0,0,unassignable,0,,tetradymite,elements outside rule: Mo
Bi2O3,7,7,0,0,0,other_oxide,1,other_oxide,,
Bi2Pb0.9S3,17,15,16,16,15,unassignable,0,,iv_vi_rocksalt,"site pn is 0.690 of sites A+pn, not below 1/3"
Bi2PbS4,36,33,33,25,30,unassignable,0,,iv_vi_rocksalt,"site pn is 0.667 of sites A+pn, not below 1/3"
Bi2Ru2O7,6,6,0,0,0,other_oxide,1,other_oxide,,
Bi2S3,411,309,296,283,288,tetradymite,1,tetradymite,,
Bi2Sb0.33Te3,8,8,8,4,4,unassignable,0,,tetradymite,ratio spread 0.152 > 0.15
Bi2Sb11Te12,10,10,9,9,10,unassignable,0,,tetradymite,ratio spread 0.476 > 0.15
Bi2Sb3,6,6,4,0,0,unassignable,0,,tetradymite,a required site is empty
Bi2Sb8Te15,5,5,5,5,5,tetradymite,1,tetradymite,,
Bi2SbTe3,3,3,2,3,3,unassignable,0,,tetradymite,ratio spread 0.400 > 0.15
Bi2Se,9,9,9,0,0,unassignable,0,,tetradymite,ratio spread 1.000 > 0.15
Bi2Se0.2985S2.6865,17,10,10,9,10,tetradymite,1,tetradymite,,
Bi2Se0.29S2.52,13,9,9,9,8,tetradymite,1,tetradymite,,
Bi2Se0.4S2.4,13,9,5,8,9,tetradymite,1,tetradymite,,
Bi2Se0.5S2.3,12,7,9,5,9,tetradymite,1,tetradymite,,
Bi2Se0.71S2.1,13,9,5,6,9,tetradymite,1,tetradymite,,
Bi2Se0.74625S2.23875,9,9,9,9,9,tetradymite,1,tetradymite,,
Bi2Se1.06O2,12,2,2,8,8,other_oxide,1,other_oxide,,
Bi2Se2.83,6,5,5,5,5,tetradymite,1,tetradymite,,
Bi2Se2S,9,9,9,9,9,tetradymite,1,tetradymite,,
Bi2Se3,176,125,137,100,92,tetradymite,1,tetradymite,,
Bi2SeO2,424,263,255,240,248,other_oxide,1,other_oxide,,
Bi2SeS2,182,112,107,96,130,tetradymite,1,tetradymite,,
Bi2Te,6,5,2,0,0,unassignable,0,,tetradymite,ratio spread 1.000 > 0.15
Bi2Te0.5Se2.5,9,9,9,0,0,tetradymite,1,tetradymite,,
Bi2Te0.6Se2.4,22,21,22,20,21,tetradymite,1,tetradymite,,
Bi2Te0.9Se2,9,9,8,8,8,tetradymite,1,tetradymite,,
Bi2Te1.1Se1.9,9,8,9,5,8,tetradymite,1,tetradymite,,
Bi2Te1.2Se1.8,20,20,20,19,19,tetradymite,1,tetradymite,,
Bi2Te1.4Se1.6,9,8,9,5,8,tetradymite,1,tetradymite,,
Bi2Te1.5Se1.5,106,105,102,99,20,tetradymite,1,tetradymite,,
Bi2Te1.6Se1.4,14,14,14,14,14,tetradymite,1,tetradymite,,
Bi2Te1.7Se1.3,28,28,28,17,28,tetradymite,1,tetradymite,,
Bi2Te1.8Se1.2,70,70,70,69,69,tetradymite,1,tetradymite,,
Bi2Te1.9Se1.1,160,87,87,89,160,tetradymite,1,tetradymite,,
Bi2Te2.14Se0.89,9,9,6,0,0,tetradymite,1,tetradymite,,
Bi2Te2.1Se0.9,64,58,59,50,46,tetradymite,1,tetradymite,,
Bi2Te2.25,6,5,3,4,4,unassignable,0,,tetradymite,ratio spread 0.286 > 0.15
Bi2Te2.25Se0.75,10,9,9,10,9,tetradymite,1,tetradymite,,
Bi2Te2.28Se0.72,8,8,8,8,8,tetradymite,1,tetradymite,,
Bi2Te2.2Se0.8,92,86,90,75,90,tetradymite,1,tetradymite,,
Bi2Te2.3Se0.3S0.4,24,22,23,24,22,tetradymite,1,tetradymite,,
Bi2Te2.3Se0.7,26,21,24,17,22,tetradymite,1,tetradymite,,
Bi2Te2.4,8,6,8,7,5,unassignable,0,,tetradymite,ratio spread 0.222 > 0.15
Bi2Te2.42Se0.58,7,6,5,0,0,tetradymite,1,tetradymite,,
Bi2Te2.458Se0.5,11,11,9,11,8,tetradymite,1,tetradymite,,
Bi2Te2.464Se0.5,11,11,11,11,11,tetradymite,1,tetradymite,,
Bi2Te2.476Se0.5,11,6,9,11,11,tetradymite,1,tetradymite,,
Bi2Te2.47Se0.5,11,10,6,11,11,tetradymite,1,tetradymite,,
Bi2Te2.482Se0.5,12,10,11,8,11,tetradymite,1,tetradymite,,
Bi2Te2.488Se0.5,11,10,10,11,9,tetradymite,1,tetradymite,,
Bi2Te2.494Se0.5,11,10,10,11,11,tetradymite,1,tetradymite,,
Bi2Te2.4Se0.6,322,232,218,231,172,tetradymite,1,tetradymite,,
Bi2Te2.4Se0.6C0.3,10,10,10,7,7,unassignable,0,,tetradymite,elements outside rule: C
Bi2Te2.5,11,11,11,0,0,unassignable,0,,tetradymite,ratio spread 0.182 > 0.15
Bi2Te2.51Se0.4,9,9,6,0,0,tetradymite,1,tetradymite,,
Bi2Te2.52Se0.48,8,5,5,5,5,tetradymite,1,tetradymite,,
Bi2Te2.52Se0.5,5,5,5,5,5,tetradymite,1,tetradymite,,
Bi2Te2.54Se0.5,5,5,5,5,0,tetradymite,1,tetradymite,,
Bi2Te2.55Se0.45,45,43,44,35,39,tetradymite,1,tetradymite,,
Bi2Te2.55Se0.45C0.6,8,7,6,7,5,unassignable,0,,tetradymite,elements outside rule: C
Bi2Te2.56Se0.5,5,5,5,5,5,tetradymite,1,tetradymite,,
Bi2Te2.57Se0.27,9,9,5,0,0,tetradymite,1,tetradymite,,
Bi2Te2.58Se0.5,5,5,5,5,5,tetradymite,1,tetradymite,,
Bi2Te2.592Se0.288,7,7,7,7,7,tetradymite,1,tetradymite,,
Bi2Te2.5Mo1Se2.5,8,8,0,0,0,unassignable,0,,tetradymite,elements outside rule: Mo
Bi2Te2.5Se0.3,22,19,21,22,22,tetradymite,1,tetradymite,,
Bi2Te2.5Se0.5,76,68,72,57,70,tetradymite,1,tetradymite,,
Bi2Te2.62,18,18,11,0,0,tetradymite,1,tetradymite,,
Bi2Te2.64,9,9,6,0,0,tetradymite,1,tetradymite,,
Bi2Te2.646Se0.294,15,15,15,7,7,tetradymite,1,tetradymite,,
Bi2Te2.64Se0.36,8,5,5,5,5,tetradymite,1,tetradymite,,
Bi2Te2.6595Se0.2955,8,8,8,0,0,tetradymite,1,tetradymite,,
Bi2Te2.65Se0.35,8,8,8,8,8,tetradymite,1,tetradymite,,
Bi2Te2.673Se0.297,7,5,5,0,0,tetradymite,1,tetradymite,,
Bi2Te2.67Se0.27,4,4,3,3,3,tetradymite,1,tetradymite,,
Bi2Te2.67Se0.3498,9,6,9,0,9,tetradymite,1,tetradymite,,
Bi2Te2.6811Se0.2979,8,8,8,8,8,tetradymite,1,tetradymite,,
Bi2Te2.6838Se0.2982,8,8,8,8,8,tetradymite,1,tetradymite,,
Bi2Te2.6865Se0.2985,48,48,10,47,47,tetradymite,1,tetradymite,,
Bi2Te2.6892Se0.2988,8,6,8,8,5,tetradymite,1,tetradymite,,
Bi2Te2.6919Se0.2991,8,8,8,8,8,tetradymite,1,tetradymite,,
Bi2Te2.6946Se0.2994,8,8,8,8,8,tetradymite,1,tetradymite,,
Bi2Te2.6Se0.4,44,37,42,37,38,tetradymite,1,tetradymite,,
Bi2Te2.7,25,5,15,10,0,tetradymite,1,tetradymite,,
Bi2Te2.7006Se0.2994,4,3,3,4,0,tetradymite,1,tetradymite,,
Bi2Te2.7015Se0.2985,4,3,3,4,0,tetradymite,1,tetradymite,,
Bi2Te2.7106Se0.3,9,8,7,7,6,tetradymite,1,tetradymite,,
Bi2Te2.7118Se0.3,9,9,7,8,7,tetradymite,1,tetradymite,,
Bi2Te2.7132Se0.3,9,4,7,4,7,tetradymite,1,tetradymite,,
Bi2Te2.7142Se0.3,9,5,5,7,7,tetradymite,1,tetradymite,,
Bi2Te2.71Se0.3,8,8,8,8,7,tetradymite,1,tetradymite,,
Bi2Te2.72Se0.3,8,8,8,8,7,tetradymite,1,tetradymite,,
Bi2Te2.73Se0.27,42,9,9,40,41,tetradymite,1,tetradymite,,
Bi2Te2.73Se0.3,5,5,5,4,4,tetradymite,1,tetradymite,,
Bi2Te2.74,6,6,6,4,4,tetradymite,1,tetradymite,,
Bi2Te2.75Se0.25,4,4,4,4,3,tetradymite,1,tetradymite,,
Bi2Te2.76,35,6,5,34,25,tetradymite,1,tetradymite,,
Bi2Te2.77,6,6,6,4,5,tetradymite,1,tetradymite,,
Bi2Te2.79,108,95,90,46,69,tetradymite,1,tetradymite,,
Bi2Te2.79I0.4,26,26,24,24,26,unassignable,0,,tetradymite,elements outside rule: I
Bi2Te2.7Se0.29,5,5,5,0,0,tetradymite,1,tetradymite,,
Bi2Te2.7Se0.3,892,727,786,653,583,tetradymite,1,tetradymite,,
Bi2Te2.7Se0.303,12,12,12,9,9,tetradymite,1,tetradymite,,
Bi2Te2.7Se0.3075,12,0,12,9,9,tetradymite,1,tetradymite,,
Bi2Te2.7Se0.3108,12,0,11,9,9,tetradymite,1,tetradymite,,
Bi2Te2.7Se0.3144,11,0,10,9,9,tetradymite,1,tetradymite,,
Bi2Te2.7Se0.318,12,12,12,9,9,tetradymite,1,tetradymite,,
Bi2Te2.8,29,19,18,25,21,tetradymite,1,tetradymite,,
Bi2Te2.82,22,10,17,9,0,tetradymite,1,tetradymite,,
Bi2Te2.83Se0.33,9,9,9,0,9,tetradymite,1,tetradymite,,
Bi2Te2.83Se0.35,9,7,9,0,9,tetradymite,1,tetradymite,,
Bi2Te2.85,9,9,9,9,9,tetradymite,1,tetradymite,,
Bi2Te2PbSe2,6,5,6,2,0,unassignable,0,,iv_vi_rocksalt,"site pn is 0.667 of sites A+pn, not below 1/3"
Bi2Te2S,13,8,12,13,13,tetradymite,1,tetradymite,,
Bi2Te2Se,156,103,106,63,153,tetradymite,1,tetradymite,,
Bi2Te2Se0.3,9,8,9,0,0,unassignable,0,,tetradymite,ratio spread 0.264 > 0.15
Bi2Te2Se0.76,9,9,9,0,9,tetradymite,1,tetradymite,,
Bi2Te2Se0.78,9,9,9,0,9,tetradymite,1,tetradymite,,
Bi2Te2Se0.8,9,9,9,0,9,tetradymite,1,tetradymite,,
Bi2Te2Se0.82,18,18,18,0,18,tetradymite,1,tetradymite,,
Bi2Te2Se0.9,1,1,0,1,0,tetradymite,1,tetradymite,,
Bi2Te2Se1.05,6,4,6,4,4,tetradymite,1,tetradymite,,
Bi2Te3,799,694,677,473,453,tetradymite,1,tetradymite,,
Bi2Te3.17,21,21,19,21,21,tetradymite,1,tetradymite,,
Bi2Te3.18,7,7,7,7,7,tetradymite,1,tetradymite,,
Bi2Te3.24Pb1Se0.81,3,2,2,3,0,unassignable,0,,iv_vi_rocksalt,"site pn is 0.667 of sites A+pn, not below 1/3"
Bi2Te3.25,10,10,10,2,0,tetradymite,1,tetradymite,,
Bi2Te3.2Pb1Se0.8,3,3,3,0,0,unassignable,0,,iv_vi_rocksalt,"site pn is 0.667 of sites A+pn, not below 1/3"
Bi2Te3.3,10,10,10,0,0,tetradymite,1,tetradymite,,
Bi2Te3.45,10,9,10,0,0,tetradymite,1,tetradymite,,
Bi2Te3.5Mo1Se1.5,8,8,0,0,0,unassignable,0,,tetradymite,elements outside rule: Mo
Bi2Te3C,7,5,5,0,5,unassignable,0,,tetradymite,elements outside rule: C
Bi2Te3C0.4,7,3,5,4,5,unassignable,0,,tetradymite,elements outside rule: C
Bi2Te3C0.5,8,8,8,5,8,unassignable,0,,tetradymite,elements outside rule: C
Bi2Te3C0.6,7,7,5,7,7,unassignable,0,,tetradymite,elements outside rule: C
Bi2Te3C1.25,6,4,5,0,5,unassignable,0,,tetradymite,elements outside rule: C
Bi2Te3C1.7,6,5,5,0,5,unassignable,0,,tetradymite,elements outside rule: C
Bi2Te3C2,5,4,4,1,4,unassignable,0,,tetradymite,elements outside rule: C
Bi2Te3C3.5,3,3,2,3,2,unassignable,0,,tetradymite,elements outside rule: C
Bi2Te3MoSe2,8,8,0,0,0,unassignable,0,,tetradymite,elements outside rule: Mo
Bi2Te3Se0.3,63,62,63,34,40,tetradymite,1,tetradymite,,
Bi2Te4MoSe,8,8,0,0,0,unassignable,0,,tetradymite,elements outside rule: Mo
Bi2Te4Pb,29,25,26,5,3,gete_sb2te3_pseudobinary,1,gete_sb2te3_pseudobinary,,
Bi2Te5Mo,16,16,0,0,0,unassignable,0,,tetradymite,elements outside rule: Mo
Bi2Te5Pb2,7,5,5,4,0,gete_sb2te3_pseudobinary,1,gete_sb2te3_pseudobinary,,
Bi2TeMoSe4,8,8,0,0,0,unassignable,0,,tetradymite,elements outside rule: Mo
Bi2TeO2,14,14,14,5,4,other_oxide,1,other_oxide,,
Bi2TeS2,9,5,9,9,9,tetradymite,1,tetradymite,,
Bi2TeSe2,8,8,8,7,8,tetradymite,1,tetradymite,,
Bi30(Sb13Te23)13,9,8,9,9,8,tetradymite,1,tetradymite,,
Bi30Sb116Te247,10,6,6,9,0,tetradymite,1,tetradymite,,
Bi30Sb169Te298,7,7,7,0,0,tetradymite,1,tetradymite,,
Bi30Sb170Te299,9,8,8,9,9,tetradymite,1,tetradymite,,
Bi32Sb121Te252,8,6,8,4,0,tetradymite,1,tetradymite,,
Bi32Sb95Te226,11,11,11,0,0,unassignable,0,,tetradymite,ratio spread 0.170 > 0.15
Bi33(Sb14Te33)7,14,9,10,11,4,unassignable,0,,tetradymite,ratio spread 0.161 > 0.15
Bi33(Sb18Te37)7,11,10,5,6,0,tetradymite,1,tetradymite,,
Bi34Sb103Te237,3,3,3,0,0,tetradymite,1,tetradymite,,
Bi34Sb131Te266,9,4,6,6,0,tetradymite,1,tetradymite,,
Bi35B27(Sb55Te109)2,24,15,22,20,18,unassignable,0,,tetradymite,elements outside rule: B
Bi35B27Sb111Te218,8,7,4,6,7,unassignable,0,,tetradymite,elements outside rule: B
Bi35Sb104Te237,11,10,10,2,10,tetradymite,1,tetradymite,,
Bi36Sb137Te273,9,4,8,8,0,tetradymite,1,tetradymite,,
Bi37(Sb56Te125)2,11,8,11,0,0,tetradymite,1,tetradymite,,
Bi37Sb13,4,0,3,2,2,unassignable,0,,tetradymite,a required site is empty
Bi37Sb144Te281,11,5,11,11,0,tetradymite,1,tetradymite,,
Bi37Sb149Te280N27,8,7,7,5,7,unassignable,0,,tetradymite,elements outside rule: N
Bi37Te13,8,6,7,6,7,unassignable,0,,tetradymite,ratio spread 1.241 > 0.15
Bi39(Sb77Te145)2,8,7,7,6,7,tetradymite,1,tetradymite,,
Bi39(Sb79Te148)2,8,8,7,8,8,tetradymite,1,tetradymite,,
Bi39Sb156Te293,7,7,7,7,7,tetradymite,1,tetradymite,,
Bi39Sb156Te295,7,0,0,0,7,tetradymite,1,tetradymite,,
Bi39Sb157Te294,7,7,6,7,7,tetradymite,1,tetradymite,,
Bi39Sb157Te295,13,12,12,9,10,tetradymite,1,tetradymite,,
Bi39Sb158Te297,7,0,0,0,7,tetradymite,1,tetradymite,,
Bi3Os3O11,4,1,3,0,0,other_oxide,1,other_oxide,,
Bi3Sb17Te30,18,17,17,16,18,tetradymite,1,tetradymite,,
Bi3Sb2,10,5,9,0,0,unassignable,0,,tetradymite,a required site is empty
Bi3Sb7Te15,4,3,4,3,4,tetradymite,1,tetradymite,,
Bi3Te2,5,5,5,0,0,unassignable,0,,tetradymite,ratio spread 0.769 > 0.15
Bi3Te7,3,3,3,3,3,unassignable,0,,tetradymite,ratio spread 0.435 > 0.15
Bi40(Sb53Te99)3,7,6,7,7,7,tetradymite,1,tetradymite,,
Bi40(Te17Se3)3,11,6,9,6,7,tetradymite,1,tetradymite,,
Bi40Sb119Te258,14,7,10,14,11,tetradymite,1,tetradymite,,
Bi40Sb158Te297,5,4,5,4,5,tetradymite,1,tetradymite,,
Bi40Sb159Te298,37,36,37,35,15,tetradymite,1,tetradymite,,
Bi40Sb159Te299,12,5,5,5,12,tetradymite,1,tetradymite,,
Bi40Sb160Te299,7,0,0,0,7,tetradymite,1,tetradymite,,
Bi40Te57,27,20,22,24,0,tetradymite,1,tetradymite,,
Bi41(Sb41Te88)3,11,6,11,0,0,tetradymite,1,tetradymite,,
Bi41(Sb53Te100)3,12,9,11,5,0,tetradymite,1,tetradymite,,
Bi41Sb122Te245O37,9,6,7,4,5,unassignable,0,,tetradymite,elements outside rule: O
Bi41Sb9,4,0,2,3,0,unassignable,0,,tetradymite,a required site is empty
Bi43(Sb43Te88)3,62,42,47,34,39,tetradymite,1,tetradymite,,
Bi43(Sb43Te90)3,9,8,8,5,6,tetradymite,1,tetradymite,,
Bi43(Sb45Te89)3,8,8,4,6,8,tetradymite,1,tetradymite,,
Bi43Sb129Te259,4,4,3,3,3,tetradymite,1,tetradymite,,
Bi43Sb129Te265,27,19,17,20,18,tetradymite,1,tetradymite,,
Bi43Sb129Te268,9,7,9,7,7,tetradymite,1,tetradymite,,
Bi43Sb129Te272,9,7,5,8,6,tetradymite,1,tetradymite,,
Bi43Te53,47,42,47,0,0,unassignable,0,,tetradymite,ratio spread 0.196 > 0.15
Bi43Te57,4,3,3,3,3,tetradymite,1,tetradymite,,
Bi44Sb133(Te133O17)2,9,5,9,5,5,unassignable,0,,tetradymite,elements outside rule: O
Bi44Sb133Te277,6,3,4,3,4,tetradymite,1,tetradymite,,
Bi44Sb134(Te89O11)3,9,7,5,5,5,unassignable,0,,tetradymite,elements outside rule: O
Bi44Sb141Te277,11,10,10,10,11,tetradymite,1,tetradymite,,
Bi46(SbTe2)139,5,5,3,3,3,tetradymite,1,tetradymite,,
Bi46Sb139Te277,9,5,9,5,5,tetradymite,1,tetradymite,,
Bi47Sb140Te281,9,9,9,9,9,tetradymite,1,tetradymite,,
Bi47Sb141(Te47O5)6,7,5,4,4,3,unassignable,0,,tetradymite,elements outside rule: O
Bi47Sb141Te283,18,17,14,14,14,tetradymite,1,tetradymite,,
Bi47Te65Se7,16,10,15,0,0,tetradymite,1,tetradymite,,
Bi48(SbTe2)143,9,9,9,9,9,tetradymite,1,tetradymite,,
Bi48(SbTe2)145,9,9,9,9,9,tetradymite,1,tetradymite,,
Bi48Sb144Te289,18,17,15,15,16,tetradymite,1,tetradymite,,
Bi48Sb146Te291,7,5,7,3,3,tetradymite,1,tetradymite,,
Bi48Sb152Te287,8,7,4,5,4,tetradymite,1,tetradymite,,
Bi48Sb152Te299,6,4,5,3,4,tetradymite,1,tetradymite,,
Bi49(SbTe2)148,13,10,10,10,11,tetradymite,1,tetradymite,,
Bi49Sb148Te295,11,6,9,9,8,tetradymite,1,tetradymite,,
Bi49Sb148Te297,24,23,23,23,22,tetradymite,1,tetradymite,,
Bi49Sb151Te293,8,3,5,6,6,tetradymite,1,tetradymite,,
Bi49Sb151Te296,8,4,6,7,7,tetradymite,1,tetradymite,,
Bi4Pb7Se13,4,0,0,3,3,unassignable,0,,iv_vi_rocksalt,"site pn is 0.364 of sites A+pn, not below 1/3"
Bi4Sb,14,8,13,2,2,unassignable,0,,tetradymite,a required site is empty
Bi4Se3,61,39,42,20,12,unassignable,0,,tetradymite,ratio spread 0.667 > 0.15
Bi4Te2.34765Pb1Se4.70235,3,2,3,3,0,unassignable,0,,iv_vi_rocksalt,"site pn is 0.800 of sites A+pn, not below 1/3"
Bi4Te2.3643Pb1Se4.7357,3,1,2,3,0,unassignable,0,,iv_vi_rocksalt,"site pn is 0.800 of sites A+pn, not below 1/3"
Bi4Te2.7Se3.21,12,0,12,9,9,tetradymite,1,tetradymite,,
Bi4Te3,5,5,0,0,0,unassignable,0,,tetradymite,ratio spread 0.667 > 0.15
Bi4Te4.70235Pb1Se2.34765,3,2,3,3,0,unassignable,0,,iv_vi_rocksalt,"site pn is 0.800 of sites A+pn, not below 1/3"
Bi4Te5,5,5,0,0,0,unassignable,0,,tetradymite,ratio spread 0.182 > 0.15
Bi4Te5.6Pb1Se1.4,20,18,20,3,0,unassignable,0,,iv_vi_rocksalt,"site pn is 0.800 of sites A+pn, not below 1/3"
Bi4Te5Pb2,6,5,5,0,0,unassignable,0,,gete_sb2te3_pseudobinary,charge imbalance 0.462 > 0.15
Bi4Te5Se,9,8,9,8,8,tetradymite,1,tetradymite,,
Bi4Te6.65Pb1,20,19,20,0,0,gete_sb2te3_pseudobinary,1,gete_sb2te3_pseudobinary,,
Bi4Te6Pb1Se0.7,20,18,20,3,0,unassignable,0,,iv_vi_rocksalt,"site pn is 0.800 of sites A+pn, not below 1/3"
Bi4Te7Pb,210,184,204,10,0,gete_sb2te3_pseudobinary,1,gete_sb2te3_pseudobinary,,
Bi5.6Sb2.4Se7,13,6,7,6,7,unassignable,0,,tetradymite,ratio spread 0.526 > 0.15
Bi5.6Sb2.4Te1Se6,11,6,7,6,6,unassignable,0,,tetradymite,ratio spread 0.526 > 0.15
Bi5.6Sb2.4Te2Se5,10,6,4,6,6,unassignable,0,,tetradymite,ratio spread 0.526 > 0.15
Bi50(SbTe2)149,21,15,16,14,16,tetradymite,1,tetradymite,,
Bi50Sb149Te297,12,9,10,10,11,tetradymite,1,tetradymite,,
Bi50Sb149Te299,24,17,17,15,16,tetradymite,1,tetradymite,,
Bi50Sb150Te299,27,23,21,21,23,tetradymite,1,tetradymite,,
Bi53Sb119Te264,9,7,4,5,7,tetradymite,1,tetradymite,,
Bi57Te73,5,4,5,0,0,unassignable,0,,tetradymite,ratio spread 0.158 > 0.15
Bi5Te6,5,5,5,5,5,unassignable,0,,tetradymite,ratio spread 0.222 > 0.15
Bi5Te68,5,5,5,0,4,unassignable,0,,tetradymite,ratio spread 1.603 > 0.15
Bi5Te7,84,36,48,29,36,tetradymite,1,tetradymite,,
Bi6.4Sb1.6Se7,13,7,7,7,7,unassignable,0,,tetradymite,ratio spread 0.526 > 0.15
Bi62Te93(HC)33,39,38,38,38,38,unassignable,0,,tetradymite,"elements outside rule: C,H"
Bi63Sb37,3,0,3,2,0,unassignable,0,,tetradymite,a required site is empty
Bi66Te89Se11,8,4,4,4,4,tetradymite,1,tetradymite,,
Bi6Pb5Se14,65,53,54,55,54,unassignable,0,,iv_vi_rocksalt,"site pn is 0.545 of sites A+pn, not below 1/3"
Bi6Te10Pb,22,22,21,1,0,gete_sb2te3_pseudobinary,1,gete_sb2te3_pseudobinary,,
Bi6Te2.5Pb1Se7.5,3,3,3,0,0,unassignable,0,,iv_vi_rocksalt,"site pn is 0.857 of sites A+pn, not below 1/3"
Bi6Te4.4Pb2Se6.6,3,2,3,0,0,unassignable,0,,iv_vi_rocksalt,"site pn is 0.750 of sites A+pn, not below 1/3"
Bi6Te6.6Pb2Se4.4,3,2,3,0,0,unassignable,0,,iv_vi_rocksalt,"site pn is 0.750 of sites A+pn, not below 1/3"
Bi6Te7,5,5,0,0,0,unassignable,0,,tetradymite,ratio spread 0.250 > 0.15
Bi6Te7.5Pb1Se2.5,3,3,3,0,0,unassignable,0,,iv_vi_rocksalt,"site pn is 0.857 of sites A+pn, not below 1/3"
Bi77Sb23,4,0,3,4,3,unassignable,0,,tetradymite,a required site is empty
Bi7Sb0.8Se7,11,6,8,6,5,unassignable,0,,tetradymite,ratio spread 0.503 > 0.15
Bi7Sb21Te53,14,10,8,11,5,unassignable,0,,tetradymite,ratio spread 0.232 > 0.15
Bi7Sb3,14,9,13,2,0,unassignable,0,,tetradymite,a required site is empty
Bi7Te3,5,5,1,0,0,unassignable,0,,tetradymite,ratio spread 1.111 > 0.15
Bi8425Te11761,9,4,9,9,6,tetradymite,1,tetradymite,,
Bi8Se7,20,11,16,10,10,unassignable,0,,tetradymite,ratio spread 0.526 > 0.15
Bi8Te13,20,20,20,0,0,tetradymite,1,tetradymite,,
Bi8Te9,5,5,0,0,0,unassignable,0,,tetradymite,ratio spread 0.286 > 0.15
Bi95(Te64Se11)2,7,3,3,4,4,tetradymite,1,tetradymite,,
Bi95(Te64Se7)2,7,4,0,5,6,tetradymite,1,tetradymite,,
Bi95Sb295Te286,3,3,3,3,2,unassignable,0,,tetradymite,ratio spread 0.687 > 0.15
Bi97Sb100(TeSe)97,9,8,9,9,9,unassignable,0,,tetradymite,ratio spread 0.415 > 0.15
Bi97Te131Se19,8,4,5,4,5,tetradymite,1,tetradymite,,
Bi99Sb100(TeSe)99,18,17,17,18,17,unassignable,0,,tetradymite,ratio spread 0.405 > 0.15
Bi99Te134Se15,6,4,5,3,4,tetradymite,1,tetradymite,,
Bi9Sb,20,10,15,6,2,unassignable,0,,tetradymite,a required site is empty
Bi9Sb41Te50,9,9,9,9,9,unassignable,0,,tetradymite,ratio spread 0.400 > 0.15
Bi9Te11,5,3,4,0,0,unassignable,0,,tetradymite,ratio spread 0.204 > 0.15
BiSCl,8,8,8,6,8,unassignable,0,,tetradymite,elements outside rule: Cl
BiSb,8,1,7,0,0,unassignable,0,,tetradymite,a required site is empty
BiSb7Te12,9,8,9,8,8,tetradymite,1,tetradymite,,
BiSbSe3,140,78,70,76,74,tetradymite,1,tetradymite,,
BiSbTe,73,67,68,65,67,unassignable,0,,tetradymite,ratio spread 1.000 > 0.15
BiSbTe2S,5,3,4,5,4,tetradymite,1,tetradymite,,
BiSbTe2Se,21,12,12,16,11,tetradymite,1,tetradymite,,
BiSbTe3,4,3,3,4,4,tetradymite,1,tetradymite,,
BiSbTeSe,9,8,9,8,8,unassignable,0,,tetradymite,ratio spread 0.400 > 0.15
BiSe,83,52,44,39,40,unassignable,0,,tetradymite,ratio spread 0.400 > 0.15
BiSeO,12,10,9,6,8,other_oxide,1,other_oxide,,
BiTe,7,7,6,6,4,unassignable,0,,tetradymite,ratio spread 0.400 > 0.15
BiTe15,4,4,0,4,0,unassignable,0,,tetradymite,ratio spread 1.636 > 0.15
BiTe16,5,5,5,0,5,unassignable,0,,tetradymite,ratio spread 1.657 > 0.15
BiTe17,4,3,4,0,3,unassignable,0,,tetradymite,ratio spread 1.676 > 0.15
BiTe2,22,17,13,16,0,unassignable,0,,tetradymite,ratio spread 0.286 > 0.15
BiTe3,5,3,4,5,0,unassignable,0,,tetradymite,ratio spread 0.667 > 0.15
BiTe4,5,3,5,0,0,unassignable,0,,tetradymite,ratio spread 0.909 > 0.15
BiTe9,8,0,6,6,7,unassignable,0,,tetradymite,ratio spread 1.429 > 0.15
BiTeI,7,7,7,7,7,unassignable,0,,tetradymite,elements outside rule: I
BiTeSe,6,6,6,4,6,unassignable,0,,tetradymite,ratio spread 0.286 > 0.15
C,36,25,28,0,0,unassignable,0,,sige,elements outside rule: C
Ca,22,22,0,0,0,unassignable,0,,skutterudite,filler above 8% of atoms
Ca(CdSb)2,8,6,4,7,6,zintl_122,1,zintl_122,,
Ca(CoO2)2,4,4,0,0,0,cobaltite,2,cobaltite;other_oxide,,
Ca(FeSb3)4,48,46,17,32,35,skutterudite,1,skutterudite,,
Ca(MgBi)2,127,67,58,59,97,zintl_122,1,zintl_122,,
Ca(ZnP)2,9,5,0,4,2,unassignable,0,,skutterudite,elements outside rule: Zn
Ca(ZnSb)2,63,51,50,25,43,zintl_122,1,zintl_122,,
Ca0.102Co0.092O0.788,20,19,19,5,0,cobaltite,2,cobaltite;other_oxide,,
Ca0.104Co0.094O0.793,20,19,19,4,0,cobaltite,2,cobaltite;other_oxide,,
Ca0.25Sm0.75Fe1O3,10,0,10,0,0,other_oxide,1,other_oxide,,
Ca0.25Yb0.75Zn2Sb2,28,25,25,20,25,zintl_122,1,zintl_122,,
Ca0.26Nd0.32Fe1O3,8,0,8,0,0,other_oxide,1,other_oxide,,
Ca0.2Cu1Bi0.8Se1O1,20,20,20,6,0,bicuseo,2,bicuseo;other_oxide,,
Ca0.33La0.67Mn1O3,2,2,0,0,0,manganite,2,manganite;other_oxide,,
Ca0.33Pr0.67Mn1O3,4,3,4,4,0,manganite,2,manganite;other_oxide,,
Ca0.35Co1O2,9,0,9,0,0,cobaltite,2,cobaltite;other_oxide,,
Ca0.35La0.65Fe1O3,11,0,11,0,0,other_oxide,1,other_oxide,,
Ca0.3Cu1Bi0.7Se1O1,20,20,20,6,6,bicuseo,2,bicuseo;other_oxide,,
Ca0.3Eu0.7Zn2Sb2,16,15,15,15,14,zintl_122,1,zintl_122,,
Ca0.3La0.7Co1O3,8,0,8,0,0,cobaltite,2,cobaltite;other_oxide,,
Ca0.3La0.7Fe1O3,13,0,13,0,0,other_oxide,1,other_oxide,,
Ca0.3La0.7Mn1O3,26,1,24,1,0,manganite,2,manganite;other_oxide,,
Ca0.3La0.7Ti1O3,7,0,0,7,0,perovskite_titanate,2,perovskite_titanate;other_oxide,,
Ca0.3Pr0.7Cr1O3,16,15,16,0,0,other_oxide,1,other_oxide,,
Ca0.3Pr0.7Mn1O3,9,9,0,0,0,manganite,2,manganite;other_oxide,,
Ca0.3Sm0.7Fe1O3,10,0,10,0,0,other_oxide,1,other_oxide,,
Ca0.3Yb0.7Mg2Bi2,10,6,5,5,6,zintl_122,1,zintl_122,,
Ca0.45La0.5Mn1O3,8,3,2,3,0,manganite,2,manganite;other_oxide,,
Ca0.46La0.5Fe1O3,19,0,19,0,0,other_oxide,1,other_oxide,,
Ca0.47La2.53S4,17,16,15,3,0,unassignable,0,,bicuseo,a required site is empty
Ca0.4Ce0.6Ag0.4Sb1,12,10,10,10,6,unassignable,0,,skutterudite,elements outside rule: Ag
Ca0.4Co1O2,7,6,1,0,0,cobaltite,2,cobaltite;other_oxide,,
Ca0.4La0.5Mn1O3,8,3,2,3,0,manganite,2,manganite;other_oxide,,
Ca0.4La0.6Fe0.8O3,12,0,12,0,0,other_oxide,1,other_oxide,,
Ca0.4La0.6Fe1O3,16,0,16,0,0,other_oxide,1,other_oxide,,
Ca0.4La0.6Mn1O3,21,8,15,17,0,manganite,2,manganite;other_oxide,,
Ca0.4Sm0.6Co1O3,9,0,9,0,0,cobaltite,2,cobaltite;other_oxide,,
Ca0.4Sm0.6Fe1O3,6,0,6,0,0,other_oxide,1,other_oxide,,
Ca0.4Yb0.6Cd2Sb2,15,12,12,11,13,zintl_122,1,zintl_122,,
Ca0.5Eu0.5Zn2Sb2,28,24,25,11,20,zintl_122,1,zintl_122,,
Ca0.5Fe2Co0.5O4,10,10,0,0,0,cobaltite,2,cobaltite;other_oxide,,
Ca0.5La0.5Co1O3,6,1,5,0,0,cobaltite,2,cobaltite;other_oxide,,
Ca0.5La0.5Fe0.8O3,3,0,3,0,0,other_oxide,1,other_oxide,,
Ca0.5La0.5Fe1O3,16,0,16,0,0,other_oxide,1,other_oxide,,
Ca0.5La0.5Mn1O3,12,1,11,0,0,manganite,2,manganite;other_oxide,,
Ca0.5La0.5Ti1O3,8,0,0,8,0,perovskite_titanate,2,perovskite_titanate;other_oxide,,
Ca0.5La2.5Te4,20,19,20,5,15,unassignable,0,,bicuseo,a required site is empty
Ca0.5Pr0.5Fe0.9O3,5,0,5,0,0,other_oxide,1,other_oxide,,
Ca0.5Pr0.5Mn1O3,9,9,0,0,0,manganite,2,manganite;other_oxide,,
Ca0.5Sm0.5Fe1O3,10,0,10,0,0,other_oxide,1,other_oxide,,
Ca0.5Yb0.5Cd2Sb2,15,13,8,12,11,zintl_122,1,zintl_122,,
Ca0.5Yb0.5Mg1.9Bi2,17,10,10,8,10,zintl_122,1,zintl_122,,
Ca0.5Yb0.5Mg2Bi2,14,12,11,9,10,zintl_122,1,zintl_122,,
Ca0.5Yb0.5Zn2Sb2,26,23,24,21,25,zintl_122,1,zintl_122,,
Ca0.65Yb0.35Mg1.9Bi2,15,10,7,10,10,zintl_122,1,zintl_122,,
Ca0.6Ce0.4Ag0.6Sb1,12,10,6,10,7,unassignable,0,,skutterudite,elements outside rule: Ag
Ca0.6Eu0.4Mn1O3,15,0,15,0,0,manganite,2,manganite;other_oxide,,
Ca0.6Eu0.4Zn2Sb2,20,19,19,4,16,zintl_122,1,zintl_122,,
Ca0.6Fe2Co0.4O4,12,12,0,0,0,cobaltite,2,cobaltite;other_oxide,,
Ca0.6La0.4Co1O3,7,0,7,0,0,cobaltite,2,cobaltite;other_oxide,,
Ca0.6La0.4Fe0.8O3,4,0,4,0,0,other_oxide,1,other_oxide,,
Ca0.6La0.4Fe1O3,13,0,13,0,0,other_oxide,1,other_oxide,,
Ca0.6La1.4Cu1Ir1O6,10,10,0,0,0,other_oxide,1,other_oxide,,
Ca0.6Pr0.4Mn1O3,6,5,6,5,0,manganite,2,manganite;other_oxide,,
Ca0.6Yb0.4Cd2Sb2,15,14,9,10,11,zintl_122,1,zintl_122,,
Ca0.73La2.27S4,17,17,16,2,0,unassignable,0,,bicuseo,a required site is empty
Ca0.74625Mg1.85Bi2,10,0,0,0,10,unassignable,0,,zintl_122,ratio spread 0.285 > 0.15
Ca0.74625Mg1.9Bi2,10,0,0,0,10,unassignable,0,,zintl_122,ratio spread 0.282 > 0.15
Ca0.74625Mg2Bi2,27,10,10,11,20,unassignable,0,,zintl_122,ratio spread 0.277 > 0.15
Ca0.75B6,26,4,12,14,2,unassignable,0,,skutterudite,elements outside rule: B
Ca0.75Cr2O4,4,4,0,2,0,other_oxide,1,other_oxide,,
Ca0.75Ti1O3,20,19,20,10,11,perovskite_titanate,2,perovskite_titanate;other_oxide,,
Ca0.75Yb0.25Mg1.9Bi2,16,8,10,8,10,zintl_122,1,zintl_122,,
Ca0.75Yb0.25Zn2Sb2,25,19,25,23,23,zintl_122,1,zintl_122,,
Ca0.7Eu0.3Mn1O3,13,0,13,0,0,manganite,2,manganite;other_oxide,,
Ca0.7Eu0.3Zn2Sb2,37,33,33,22,30,zintl_122,1,zintl_122,,
Ca0.7Fe2O4,11,11,0,0,0,other_oxide,1,other_oxide,,
Ca0.7Gd0.3Mn1O3,4,0,4,0,0,manganite,2,manganite;other_oxide,,
Ca0.7La0.3Cr0.3Fe0.7O3,6,0,6,0,0,other_oxide,1,other_oxide,,
Ca0.7La0.3Fe0.8O3,6,0,6,0,0,other_oxide,1,other_oxide,,
Ca0.7Mn1Bi0.25O3,4,0,4,0,0,manganite,2,manganite;other_oxide,,
Ca0.7Mn1Bi0.28O3,3,0,3,0,0,manganite,2,manganite;other_oxide,,
Ca0.7Mn1O3,23,3,23,9,3,manganite,2,manganite;other_oxide,,
Ca0.7Pr0.3Mn1O3,8,8,0,0,0,manganite,2,manganite;other_oxide,,
Ca0.7Yb0.3Mg2Bi2,9,5,5,5,5,zintl_122,1,zintl_122,,
Ca0.81Ce0.18Ag0.85Sb1,12,10,10,6,10,unassignable,0,,skutterudite,elements outside rule: Ag
Ca0.82Ce0.18Ag0.85Sb1,20,10,10,10,10,unassignable,0,,skutterudite,elements outside rule: Ag
Ca0.82Mn1O3,119,37,115,5,5,manganite,2,manganite;other_oxide,,
Ca0.83Ce0.17Ag0.85Sb1,20,10,10,10,10,unassignable,0,,skutterudite,elements outside rule: Ag
Ca0.84Ce0.16Ag0.85Sb1,19,18,18,19,16,unassignable,0,,skutterudite,elements outside rule: Ag
Ca0.84Ce0.16Ag0.86Sb1,9,9,9,9,9,unassignable,0,,skutterudite,elements outside rule: Ag
Ca0.84Ce0.16Ag0.87Sb1,10,10,10,10,10,unassignable,0,,skutterudite,elements outside rule: Ag
Ca0.84Ce0.16Ag0.88Sb1,8,8,8,8,8,unassignable,0,,skutterudite,elements outside rule: Ag
Ca0.84Ce0.16Ag0.89Sb1,9,9,9,9,9,unassignable,0,,skutterudite,elements outside rule: Ag
Ca0.84Ce0.16Ag0.9Sb1,10,10,10,10,10,unassignable,0,,skutterudite,elements outside rule: Ag
Ca0.84Mn1O3,98,35,92,9,13,manganite,2,manganite;other_oxide,,
Ca0.85Ce0.15Ag0.85Sb1,18,10,10,10,10,unassignable,0,,skutterudite,elements outside rule: Ag
Ca0.85Mg1.9Bi2,17,10,6,10,10,unassignable,0,,zintl_122,ratio spread 0.161 > 0.15
Ca0.85Mn1O3,121,58,113,15,27,manganite,2,manganite;other_oxide,,
Ca0.86Mn1O3,103,38,92,5,5,manganite,2,manganite;other_oxide,,
Ca0.875Mn1O3,20,3,20,0,0,manganite,2,manganite;other_oxide,,
Ca0.87Co1H1.16O3.16,5,3,5,0,0,cobaltite,2,cobaltite;other_oxide,,
Ca0.87Mn1O3,28,11,11,5,6,manganite,2,manganite;other_oxide,,
Ca0.88Mn1O3,176,62,138,31,30,manganite,2,manganite;other_oxide,,
Ca0.89Mn1O3,31,14,13,4,5,manganite,2,manganite;other_oxide,,
Ca0.8Cd2Sb2,15,14,14,11,9,unassignable,0,,zintl_122,ratio spread 0.214 > 0.15
Ca0.8Ce0.2Ag0.8Sb1,12,10,10,10,10,unassignable,0,,skutterudite,elements outside rule: Ag
Ca0.8Fe2O4,14,14,0,0,0,other_oxide,1,other_oxide,,
Ca0.8La2.2Te4,20,17,18,5,0,unassignable,0,,bicuseo,a required site is empty
Ca0.8Mn1O3,165,69,149,39,45,manganite,2,manganite;other_oxide,,
Ca0.8Ru1O3,18,10,11,6,7,other_oxide,1,other_oxide,,
Ca0.8Zn2Sb2,20,19,19,5,17,unassignable,0,,zintl_122,ratio spread 0.214 > 0.15
Ca0.91Fe4Sb12,22,11,11,6,17,skutterudite,1,skutterudite,,
Ca0.91Mn1O3,65,18,47,4,5,manganite,2,manganite;other_oxide,,
Ca0.925Mn1O3,32,9,10,6,7,manganite,2,manganite;other_oxide,,
Ca0.928Co1H1.16O3.16,4,2,4,0,0,cobaltite,2,cobaltite;other_oxide,,
Ca0.92Fe4Sb12,10,10,10,6,6,skutterudite,1,skutterudite,,
Ca0.92Mn0.92O3,73,36,55,0,0,manganite,2,manganite;other_oxide,,
Ca0.92Mn1O3,307,140,251,56,57,manganite,2,manganite;other_oxide,,
Ca0.934Mn1O3,19,3,5,6,5,manganite,2,manganite;other_oxide,,
Ca0.93Co4O1,7,7,0,0,0,unassignable,0,,skutterudite,elements outside rule: O
Ca0.93Co4O9,9,9,0,0,0,cobaltite,2,cobaltite;other_oxide,,
Ca0.93Fe4Sb12,30,29,29,18,18,skutterudite,1,skutterudite,,
Ca0.93Mn1O3,58,19,50,14,15,manganite,2,manganite;other_oxide,,
Ca0.94Mn0.94O3,96,39,68,8,8,manganite,2,manganite;other_oxide,,
Ca0.94Mn1O3,330,124,224,89,68,manganite,2,manganite;other_oxide,,
Ca0.95B6,5,0,0,5,0,unassignable,0,,skutterudite,elements outside rule: B
Ca0.95Mn0.95O3,9,9,9,0,0,manganite,2,manganite;other_oxide,,
Ca0.95Mn1Bi0.95O3,17,10,17,0,0,manganite,2,manganite;other_oxide,,
Ca0.95Mn1O3,415,198,321,51,60,manganite,2,manganite;other_oxide,,
Ca0.9Fe2O4,8,8,0,0,0,other_oxide,1,other_oxide,,
Ca0.9Mn0.85O3,10,5,4,6,6,manganite,2,manganite;other_oxide,,
Ca0.9Mn0.8O3,24,3,21,0,0,manganite,2,manganite;other_oxide,,
Ca0.9Mn0.92O3,9,9,9,0,0,manganite,2,manganite;other_oxide,,
Ca0.9Mn0.95O3,41,13,33,5,6,manganite,2,manganite;other_oxide,,
Ca0.9Mn0.9O3,111,42,80,5,5,manganite,2,manganite;other_oxide,,
Ca0.9Mn1O3,1086,404,846,163,158,manganite,2,manganite;other_oxide,,
Ca0.9Mn1O3.18,19,0,19,0,0,manganite,2,manganite;other_oxide,,
Ca0.9Mn1O3.36,19,0,19,0,0,manganite,2,manganite;other_oxide,,
Ca0.9Ti0.3Mn0.7O3,12,0,12,0,0,perovskite_titanate,3,perovskite_titanate;manganite;other_oxide,,
Ca0.9Ti1O3,40,38,37,20,21,perovskite_titanate,2,perovskite_titanate;other_oxide,,
Ca0.9Zn2Sb2,17,15,15,14,14,zintl_122,1,zintl_122,,
Ca1.098Co1.61O4,16,11,10,0,0,cobaltite,2,cobaltite;other_oxide,,
Ca1.116Co1.62O4,20,20,20,20,20,cobaltite,2,cobaltite;other_oxide,,
Ca1.14Co1H1.14O3,5,5,0,0,0,cobaltite,2,cobaltite;other_oxide,,
Ca1.159Co1.61O4,16,11,10,0,0,cobaltite,2,cobaltite;other_oxide,,
Ca1.178Co1.62O4,20,20,20,20,20,cobaltite,2,cobaltite;other_oxide,,
Ca1.1La1.9Te4,20,17,18,5,19,unassignable,0,,bicuseo,a required site is empty
Ca1.22Co1.61O4,16,10,10,0,0,cobaltite,2,cobaltite;other_oxide,,
Ca1.24Co1.62O3.767,11,11,0,1,0,cobaltite,2,cobaltite;other_oxide,,
Ca1.24Co1.62O4,114,71,66,10,3,cobaltite,2,cobaltite;other_oxide,,
Ca1.4Co1.7O4,13,9,6,3,3,cobaltite,2,cobaltite;other_oxide,,
Ca1.5Co2Pb0.7O6.34,3,2,2,0,0,cobaltite,2,cobaltite;other_oxide,,
Ca1.5Co3.5O6.5,13,10,10,0,0,cobaltite,2,cobaltite;other_oxide,,
Ca1.6Co2.61O6,19,19,13,0,0,cobaltite,2,cobaltite;other_oxide,,
Ca1.6Co2Bi1Pb1O7,8,0,8,0,0,cobaltite,2,cobaltite;other_oxide,,
Ca1.6Mn1Bi0.4O4,9,6,4,3,5,manganite,2,manganite;other_oxide,,
Ca1.75Co4Bi1.25O9,13,3,4,7,7,cobaltite,2,cobaltite;other_oxide,,
Ca1.7Co2O5,25,5,20,0,0,cobaltite,2,cobaltite;other_oxide,,
Ca1.7Fe1Mo1O6,14,10,10,4,6,other_oxide,1,other_oxide,,
Ca1.7Mn1O4,5,3,1,2,2,manganite,2,manganite;other_oxide,,
Ca1.85Co1Bi2O6,6,0,0,6,0,cobaltite,2,cobaltite;other_oxide,,
Ca1.85Co2.62O6,16,10,10,9,9,cobaltite,2,cobaltite;other_oxide,,
Ca1.85Co2O5,25,5,20,0,0,cobaltite,2,cobaltite;other_oxide,,
Ca1.8Co1Bi2O6,14,0,0,14,0,cobaltite,2,cobaltite;other_oxide,,
Ca1.8Co2.61O6,55,37,36,6,6,cobaltite,2,cobaltite;other_oxide,,
Ca1.8Co2.7Cu0.9O7,4,0,4,0,0,cobaltite,2,cobaltite;other_oxide,,
Ca1.8Fe1Mo1O6,16,11,11,5,9,other_oxide,1,other_oxide,,
Ca1.8Mn1O4,4,1,0,3,1,manganite,2,manganite;other_oxide,,
Ca1.9Co1Bi2O6,7,0,0,7,0,cobaltite,2,cobaltite;other_oxide,,
Ca1.9Co2.61O6,11,5,7,3,3,cobaltite,2,cobaltite;other_oxide,,
Ca1.9Fe1Mo1O6,13,6,8,5,9,other_oxide,1,other_oxide,,
Ca1.9Mn1O4,3,0,0,2,2,manganite,2,manganite;other_oxide,,
Ca126Co168Si58(C2O13)29,7,4,4,0,0,cobaltite,2,cobaltite;other_oxide,,
Ca14Bi11,11,11,1,0,0,zintl_14_1_11,1,zintl_14_1_11,,
Ca14Sb11,18,17,18,5,10,zintl_14_1_11,1,zintl_14_1_11,,
Ca155Co206Si48(C3O29)16,6,4,4,0,0,cobaltite,2,cobaltite;other_oxide,,
Ca15Fe14(B7O15)8,3,3,0,0,0,other_oxide,1,other_oxide,,
Ca15Fe16(B9O20)6,3,3,0,0,0,other_oxide,1,other_oxide,,
Ca15Fe23B47O120,2,2,0,0,0,other_oxide,1,other_oxide,,
Ca16Bi11,17,9,5,9,0,zintl_14_1_11,1,zintl_14_1_11,,
Ca16Sb11,18,11,10,9,0,zintl_14_1_11,1,zintl_14_1_11,,
Ca176(Co92O217)3,20,16,20,20,20,cobaltite,2,cobaltite;other_oxide,,
Ca181Co242O543,7,4,4,0,0,cobaltite,2,cobaltite;other_oxide,,
Ca190Co263O591,5,0,5,0,0,cobaltite,2,cobaltite;other_oxide,,
Ca1Co1H1.16O3.16,14,10,10,3,3,cobaltite,2,cobaltite;other_oxide,,
Ca1Fe2.5Co1.5Sb12,20,20,20,7,7,skutterudite,1,skutterudite,,
Ca1Fe3.5Sb12,20,19,17,7,7,skutterudite,1,skutterudite,,
Ca1Mg1.8Bi2,12,10,10,8,8,zintl_122,1,zintl_122,,
Ca1Mg1.9Bi2,72,46,43,41,47,zintl_122,1,zintl_122,,
Ca1Mn0.7Nb0.3O3,32,19,13,0,0,manganite,2,manganite;other_oxide,,
Ca1Mn0.85O3,90,37,56,5,0,manganite,2,manganite;other_oxide,,
Ca1Mn0.8O3,77,38,39,0,0,manganite,2,manganite;other_oxide,,
Ca1Mn0.92O3,239,153,162,23,22,manganite,2,manganite;other_oxide,,
Ca1Mn0.93O3,9,0,0,9,0,manganite,2,manganite;other_oxide,,
Ca1Mn0.94O3,153,80,82,8,5,manganite,2,manganite;other_oxide,,
Ca1Mn0.95O3,162,66,94,29,14,manganite,2,manganite;other_oxide,,
Ca1Mn0.9O3,132,77,58,5,0,manganite,2,manganite;other_oxide,,
Ca1Mn1Bi0.92O3,17,7,17,0,0,manganite,2,manganite;other_oxide,,
Ca1Mn1Zn0.8P2,4,3,3,3,0,unassignable,0,,skutterudite,"elements outside rule: Mn,Zn"
Ca1Mn1Zn0.9P2,5,4,2,5,3,unassignable,0,,skutterudite,"elements outside rule: Mn,Zn"
Ca1Mn6.5O12,5,4,5,0,0,manganite,2,manganite;other_oxide,,
Ca1Pb1S1.9,18,16,17,16,15,unassignable,0,,bicuseo,a required site is empty
Ca1Ru0.8O3,33,20,33,0,0,other_oxide,1,other_oxide,,
Ca1V0.4Mo0.6O3,10,0,10,0,0,other_oxide,1,other_oxide,,
Ca1V0.5Mo0.5O3,22,0,22,0,0,other_oxide,1,other_oxide,,
Ca1V0.6Mo0.4O3,10,0,10,0,0,other_oxide,1,other_oxide,,
Ca1V0.7Mo0.3O3,10,0,10,0,0,other_oxide,1,other_oxide,,
Ca1V0.89O2.63,12,1,11,0,0,other_oxide,1,other_oxide,,
Ca1V0.8O3,10,0,10,0,0,other_oxide,1,other_oxide,,
Ca1V1O2.81,76,0,76,0,0,other_oxide,1,other_oxide,,
Ca1Yb0.3Mn0.7O3,19,0,19,0,0,manganite,2,manganite;other_oxide,,
Ca1Yb0.4Mn0.6O3,20,3,20,0,0,manganite,2,manganite;other_oxide,,
Ca1Yb0.5Mn0.5O3,3,3,0,0,0,manganite,2,manganite;other_oxide,,
Ca1Zn0.25Ag0.5Sb1,17,10,10,10,10,unassignable,0,,zintl_122,elements outside rule: Ag
Ca1Zn0.25Cu0.5Sb1,12,9,9,9,9,unassignable,0,,zintl_122,elements outside rule: Cu
Ca1Zn0.2Ag0.6Sb1,10,10,10,10,10,unassignable,0,,zintl_122,elements outside rule: Ag
Ca1Zn0.35Ag0.3Sb1,12,10,9,10,10,unassignable,0,,zintl_122,elements outside rule: Ag
Ca1Zn0.3Ag0.4Sb1,11,10,10,7,10,unassignable,0,,zintl_122,elements outside rule: Ag
Ca1Zn0.4Ag0.14Sb1,20,10,10,10,10,unassignable,0,,zintl_122,elements outside rule: Ag
Ca1Zn0.4Ag0.16Sb1,20,10,10,10,10,unassignable,0,,zintl_122,elements outside rule: Ag
Ca1Zn0.4Ag0.18Sb1,10,10,10,9,10,unassignable,0,,zintl_122,elements outside rule: Ag
Ca1Zn0.4Ag0.2Sb1,11,10,10,10,10,unassignable,0,,zintl_122,elements outside rule: Ag
Ca1Zn1.8P2,8,6,7,6,3,unassignable,0,,skutterudite,elements outside rule: Zn
Ca1Zn1.9P2,7,4,6,5,2,unassignable,0,,skutterudite,elements outside rule: Zn
Ca2.1La0.9Te4,20,17,17,6,14,unassignable,0,,bicuseo,a required site is empty
Ca2.25Co4O9,21,15,8,0,0,cobaltite,2,cobaltite;other_oxide,,
Ca2.2Mg0.8Co4O9,20,0,20,0,0,cobaltite,2,cobaltite;other_oxide,,
Ca2.3Co4O9,39,14,11,21,22,cobaltite,2,cobaltite;other_oxide,,
Ca2.4Co3.8O8,11,10,10,0,0,cobaltite,2,cobaltite;other_oxide,,
Ca2.4Co4O8.4,14,10,10,10,11,cobaltite,2,cobaltite;other_oxide,,
Ca2.4Co4O9,91,31,70,21,19,cobaltite,2,cobaltite;other_oxide,,
Ca2.4Mn2O7,12,9,6,0,0,manganite,2,manganite;other_oxide,,
Ca2.51Co2O6,2,2,0,0,0,cobaltite,2,cobaltite;other_oxide,,
Ca2.55Co3.4O8,8,4,4,0,0,cobaltite,2,cobaltite;other_oxide,,
Ca2.55Co4O9,71,34,48,30,28,cobaltite,2,cobaltite;other_oxide,,
Ca2.5Co1.5O6,8,8,0,0,0,cobaltite,2,cobaltite;other_oxide,,
Ca2.5Co2Bi2.5O10,60,0,60,0,0,cobaltite,2,cobaltite;other_oxide,,
Ca2.5Co4O9,311,201,227,28,40,cobaltite,2,cobaltite;other_oxide,,
Ca2.5Mn2O7,6,4,4,0,4,manganite,2,manganite;other_oxide,,
Ca2.65Co4O9,20,5,20,0,0,cobaltite,2,cobaltite;other_oxide,,
Ca2.6Co1.6O6,5,5,0,0,0,cobaltite,2,cobaltite;other_oxide,,
Ca2.6Co4O9,70,35,52,2,2,cobaltite,2,cobaltite;other_oxide,,
Ca2.6Mn2O7,15,14,13,0,3,manganite,2,manganite;other_oxide,,
Ca2.75Co4O9,93,35,82,8,8,cobaltite,2,cobaltite;other_oxide,,
Ca2.775Co4O9,70,32,53,3,3,cobaltite,2,cobaltite;other_oxide,,
Ca2.78Co4O9,13,13,13,0,0,cobaltite,2,cobaltite;other_oxide,,
Ca2.7Co1.7O6,5,5,0,0,0,cobaltite,2,cobaltite;other_oxide,,
Ca2.7Co1O4,24,4,20,3,0,cobaltite,2,cobaltite;other_oxide,,
Ca2.7Co2O6,5,5,0,0,0,cobaltite,2,cobaltite;other_oxide,,
Ca2.7Co3.6O8,7,4,3,0,0,cobaltite,2,cobaltite;other_oxide,,
Ca2.7Co4O8.5,13,11,10,0,0,cobaltite,2,cobaltite;other_oxide,,
Ca2.7Co4O9,633,290,456,119,135,cobaltite,2,cobaltite;other_oxide,,
Ca2.7Mn2O7,5,4,4,0,4,manganite,2,manganite;other_oxide,,
Ca2.83Co4O9,19,19,19,0,0,cobaltite,2,cobaltite;other_oxide,,
Ca2.85Co2O6,22,22,0,2,0,cobaltite,2,cobaltite;other_oxide,,
Ca2.85Co3.8O8.55,8,4,4,0,0,cobaltite,2,cobaltite;other_oxide,,
Ca2.85Co4O9,95,69,47,3,3,cobaltite,2,cobaltite;other_oxide,,
Ca2.8Co3.8O9,12,12,12,12,12,cobaltite,2,cobaltite;other_oxide,,
Ca2.8Co4O9,750,395,525,212,208,cobaltite,2,cobaltite;other_oxide,,
Ca2.8Mn2O7,16,9,8,3,3,manganite,2,manganite;other_oxide,,
Ca212Co283O636,12,10,6,0,0,cobaltite,2,cobaltite;other_oxide,,
Ca217Co289O650,7,4,4,0,0,cobaltite,2,cobaltite;other_oxide,,
Ca232(Co28O65)13,40,10,10,10,10,cobaltite,2,cobaltite;other_oxide,,
Ca238Co373O859,40,10,10,10,10,cobaltite,2,cobaltite;other_oxide,,
Ca239Co319O717,6,4,4,0,0,cobaltite,2,cobaltite;other_oxide,,
Ca243(Co191O436)2,40,10,10,10,10,cobaltite,2,cobaltite;other_oxide,,
Ca243Co343O786,11,10,10,10,10,cobaltite,2,cobaltite;other_oxide,,
Ca249Co391O886,40,10,10,10,10,cobaltite,2,cobaltite;other_oxide,,
Ca253Co349O786,3,0,3,0,0,cobaltite,2,cobaltite;other_oxide,,
Ca258(Co69O155)5,13,10,10,0,0,cobaltite,2,cobaltite;other_oxide,,
Ca277Co369O830,20,19,17,10,10,cobaltite,2,cobaltite;other_oxide,,
Ca277Co382O859,5,0,5,0,0,cobaltite,2,cobaltite;other_oxide,,
Ca278Co371O834,16,9,11,0,0,cobaltite,2,cobaltite;other_oxide,,
Ca281(Co187O421)2,58,19,19,10,10,cobaltite,2,cobaltite;other_oxide,,
Ca282Co376O847,20,18,19,10,10,cobaltite,2,cobaltite;other_oxide,,
Ca287Co383O861,57,18,19,10,10,cobaltite,2,cobaltite;other_oxide,,
Ca293Co391O880,58,19,19,10,10,cobaltite,2,cobaltite;other_oxide,,
Ca297(Co99O223)4,56,18,18,10,10,cobaltite,2,cobaltite;other_oxide,,
Ca2Co(BiO3)2,20,0,0,20,0,cobaltite,2,cobaltite;other_oxide,,
Ca2Co1.6Bi1.68O7,18,18,0,0,0,cobaltite,2,cobaltite;other_oxide,,
Ca2Co1.6Bi2O8,20,10,19,0,0,cobaltite,2,cobaltite;other_oxide,,
Ca2Co1.7Bi1.4O8,13,7,6,0,0,cobaltite,2,cobaltite;other_oxide,,
Ca2Co1.7Bi1.6O8,15,7,10,0,0,cobaltite,2,cobaltite;other_oxide,,
Ca2Co1.7Bi1.8O8,13,7,6,0,0,cobaltite,2,cobaltite;other_oxide,,
Ca2Co1.7Bi2O8,307,240,261,25,5,cobaltite,2,cobaltite;other_oxide,,
Ca2Co1.8Bi2O8,20,10,20,0,0,cobaltite,2,cobaltite;other_oxide,,
Ca2Co2.51O6,40,33,36,0,0,cobaltite,2,cobaltite;other_oxide,,
Ca2Co2.56O6,32,23,22,0,0,cobaltite,2,cobaltite;other_oxide,,
Ca2Co2.61O6,46,38,31,0,0,cobaltite,2,cobaltite;other_oxide,,
Ca2Co2.62O6,39,20,30,14,19,cobaltite,2,cobaltite;other_oxide,,
Ca2Co2O5,127,43,98,5,5,cobaltite,2,cobaltite;other_oxide,,
Ca2Co2Pb0.75O6,20,20,20,0,0,cobaltite,2,cobaltite;other_oxide,,
Ca2Co3.6O7,12,12,10,0,0,cobaltite,2,cobaltite;other_oxide,,
Ca2Co3Cu0.7O7,3,1,3,0,0,cobaltite,2,cobaltite;other_oxide,,
Ca2Co4BiO9,4,3,3,0,0,cobaltite,2,cobaltite;other_oxide,,
Ca2Co4O9,31,18,18,0,0,cobaltite,2,cobaltite;other_oxide,,
Ca2Fe1.9O5,5,2,0,3,2,other_oxide,1,other_oxide,,
Ca2Fe2O5,21,10,0,14,7,other_oxide,1,other_oxide,,
Ca2FeMoO6,16,12,11,5,9,other_oxide,1,other_oxide,,
Ca2FeReO6,20,15,5,0,0,other_oxide,1,other_oxide,,
Ca2LaMn2O7,9,7,4,0,0,manganite,2,manganite;other_oxide,,
Ca2MnO4,41,22,0,20,16,manganite,2,manganite;other_oxide,,
Ca2Si,8,8,0,0,0,unassignable,0,,skutterudite,elements outside rule: Si
Ca2Yb12Sb11,47,16,10,16,17,zintl_14_1_11,1,zintl_14_1_11,,
Ca2Yb14Sb11,7,7,5,0,0,zintl_14_1_11,1,zintl_14_1_11,,
Ca3(Co2O5)2,7,5,5,3,3,cobaltite,2,cobaltite;other_oxide,,
Ca3(CoO3)2,336,316,0,24,7,cobaltite,2,cobaltite;other_oxide,,
Ca3.2Yb1.65Al2Sb6,10,10,10,8,10,unassignable,0,,zintl_14_1_11,M above 10% of atoms
Ca3.46Yb1.35Al2Sb6,8,7,4,6,7,unassignable,0,,zintl_14_1_11,M above 10% of atoms
Ca3Al0.95Sb3,20,14,20,20,20,unassignable,0,,zintl_14_1_11,M above 10% of atoms
Ca3AlSb3,119,65,88,77,98,unassignable,0,,zintl_14_1_11,M above 10% of atoms
Ca3CeBi3,12,11,7,0,0,unassignable,0,,zintl_122,elements outside rule: Ce
Ca3CeSb3,11,11,0,0,0,unassignable,0,,skutterudite,filler above 8% of atoms
Ca3Co1.5O6,10,3,0,4,3,cobaltite,2,cobaltite;other_oxide,,
Ca3Co1.8O6,9,3,0,3,3,cobaltite,2,cobaltite;other_oxide,,
Ca3Co1.9O6,5,5,0,0,0,cobaltite,2,cobaltite;other_oxide,,
Ca3Co3.4O9,28,24,21,0,0,cobaltite,2,cobaltite;other_oxide,,
Ca3Co3.5O9,25,20,20,0,0,cobaltite,2,cobaltite;other_oxide,,
Ca3Co3.6O9,49,35,31,0,0,cobaltite,2,cobaltite;other_oxide,,
Ca3Co3.75O9,26,19,21,0,0,cobaltite,2,cobaltite;other_oxide,,
Ca3Co3.7O9,51,24,40,4,5,cobaltite,2,cobaltite;other_oxide,,
Ca3Co3.8O9,267,157,167,115,67,cobaltite,2,cobaltite;other_oxide,,
Ca3Co4.26O9,16,14,14,0,0,cobaltite,2,cobaltite;other_oxide,,
Ca3Co4.54O9,13,12,12,0,0,cobaltite,2,cobaltite;other_oxide,,
Ca3Co4C2.7O9,3,3,0,2,0,cobaltite,2,cobaltite;other_oxide,,
Ca3Co4O9,3239,2026,2546,569,549,cobaltite,2,cobaltite;other_oxide,,
Ca3Co5O9,15,14,14,0,0,cobaltite,2,cobaltite;other_oxide,,
Ca3CoRhO6,8,8,2,0,0,cobaltite,2,cobaltite;other_oxide,,
Ca3Er1Bi1.5Sb1.5,13,13,0,0,0,unassignable,0,,zintl_122,elements outside rule: Er
Ca3GdSb3,12,12,0,0,0,unassignable,0,,skutterudite,filler above 8% of atoms
Ca3GeO,4,3,0,4,0,other_oxide,1,other_oxide,,
Ca3Ho1Bi1.5Sb1.5,12,12,0,0,0,unassignable,0,,zintl_122,elements outside rule: Ho
Ca3La1Bi1.5Sb1.5,12,12,0,0,0,unassignable,0,,zintl_122,elements outside rule: La
Ca3LaBi3,12,12,7,0,0,unassignable,0,,bicuseo,a required site is empty
Ca3LaSb3,12,12,0,0,0,unassignable,0,,skutterudite,filler above 8% of atoms
Ca3Lu1Bi1.5Sb1.5,12,12,0,0,0,unassignable,0,,zintl_122,elements outside rule: Lu
Ca3Mn0.75Co1.25O6,10,4,0,3,3,cobaltite,2,cobaltite;other_oxide,,
Ca3Mn0.9Co3O9,3,3,0,3,3,cobaltite,2,cobaltite;other_oxide,,
Ca3Mn2O7,35,24,10,11,14,manganite,2,manganite;other_oxide,,
Ca3MnCoO6,7,0,0,3,4,other_oxide,1,other_oxide,,
Ca3MnO7,13,13,0,0,0,manganite,2,manganite;other_oxide,,
Ca3NdBi3,12,12,7,0,0,unassignable,0,,zintl_122,elements outside rule: Nd
Ca3PrBi3,13,13,5,0,0,unassignable,0,,zintl_122,elements outside rule: Pr
Ca3SiO,4,4,0,3,0,other_oxide,1,other_oxide,,
Ca3SmBi3,12,12,6,0,0,unassignable,0,,zintl_122,elements outside rule: Sm
Ca3SmSb3,12,12,0,0,0,unassignable,0,,skutterudite,filler above 8% of atoms
Ca3TbSb3,12,12,0,0,0,unassignable,0,,skutterudite,elements outside rule: Tb
Ca4.5Al2Sb6,17,0,17,0,0,unassignable,0,,zintl_14_1_11,M above 10% of atoms
Ca48La27(Co49O123)2,10,8,10,7,10,cobaltite,2,cobaltite;other_oxide,,
Ca4Mn3O10,173,60,133,12,5,manganite,2,manganite;other_oxide,,
Ca4Yb10Sb11,44,16,18,15,14,zintl_14_1_11,1,zintl_14_1_11,,
Ca5(AlSb3)2,126,74,107,61,105,unassignable,0,,zintl_14_1_11,M above 10% of atoms
Ca5(GaSb3)2,40,24,40,20,24,unassignable,0,,skutterudite,filler above 8% of atoms
Ca5(InSb3)2,43,29,37,16,19,unassignable,0,,skutterudite,filler above 8% of atoms
Ca5Al0.95In0.95Sb6,20,10,17,0,20,unassignable,0,,zintl_14_1_11,M above 10% of atoms
Ca5Al1.75Sb6,20,0,20,0,0,unassignable,0,,zintl_14_1_11,M above 10% of atoms
Ca5Al1.7Sb6,39,25,26,11,39,unassignable,0,,zintl_14_1_11,M above 10% of atoms
Ca5Al1.8Sb6,39,27,33,21,32,unassignable,0,,zintl_14_1_11,M above 10% of atoms
Ca5Al1.9Sb6,44,35,36,17,41,unassignable,0,,zintl_14_1_11,M above 10% of atoms
Ca5Ga1.7Sb6,20,9,20,6,19,unassignable,0,,skutterudite,filler above 8% of atoms
Ca5Ga1.8Sb6,19,11,0,10,18,unassignable,0,,skutterudite,filler above 8% of atoms
Ca5Ga1.9Sb6,20,11,20,11,18,unassignable,0,,skutterudite,filler above 8% of atoms
Ca5In0.8Sb6,20,0,20,10,20,unassignable,0,,zintl_14_1_11,ratio spread 0.417 > 0.15
Ca5In0.95Sb6,20,18,20,10,20,unassignable,0,,zintl_14_1_11,ratio spread 0.417 > 0.15
Ca5In0.9Sb6,20,19,19,10,20,unassignable,0,,zintl_14_1_11,ratio spread 0.417 > 0.15
Ca5In1.7Sb6,20,15,20,0,20,unassignable,0,,skutterudite,filler above 8% of atoms
Ca5In1.8Sb6,6,6,2,0,3,unassignable,0,,skutterudite,filler above 8% of atoms
Ca5In1.9Sb6,20,17,16,0,20,unassignable,0,,skutterudite,filler above 8% of atoms
Ca5InSb6,20,19,20,10,20,unassignable,0,,zintl_14_1_11,ratio spread 0.417 > 0.15
Ca5Mn4O13,18,5,5,14,4,manganite,2,manganite;other_oxide,,
Ca5Si3,11,10,10,6,0,unassignable,0,,skutterudite,elements outside rule: Si
Ca6Mn5O16,16,5,5,14,5,manganite,2,manganite;other_oxide,,
Ca6Yb8Sb11,7,0,0,7,0,zintl_14_1_11,1,zintl_14_1_11,,
Ca8.447Mn10O28,23,6,6,5,6,manganite,2,manganite;other_oxide,,
Ca8Mn8O25,19,6,4,5,4,manganite,2,manganite;other_oxide,,
Ca8Mn9O27,23,6,6,5,6,manganite,2,manganite;other_oxide,,
Ca8Yb6Sb11,10,0,0,10,0,zintl_14_1_11,1,zintl_14_1_11,,
Ca9(Co3O7)4,74,42,24,23,24,cobaltite,2,cobaltite;other_oxide,,
Ca9Al20Zn4Sb9,10,10,10,10,10,unassignable,0,,zintl_14_1_11,M above 10% of atoms
Ca9Al3Zn4.5Sb9,10,10,10,9,10,unassignable,0,,zintl_14_1_11,M above 10% of atoms
Ca9Zn3.5Sb9,8,8,8,6,8,unassignable,0,,zintl_122,ratio spread 1.426 > 0.15
Ca9Zn4.2Sb9,19,11,10,8,9,unassignable,0,,zintl_122,ratio spread 1.327 > 0.15
Ca9Zn4.35Sb9,20,10,10,10,10,unassignable,0,,zintl_122,ratio spread 1.306 > 0.15
Ca9Zn4.3Sb9,38,20,20,23,20,unassignable,0,,zintl_122,ratio spread 1.313 > 0.15
Ca9Zn4.4Sb9,37,20,19,19,21,unassignable,0,,zintl_122,ratio spread 1.299 > 0.15
Ca9Zn4.5Sb9,10,4,6,7,2,unassignable,0,,zintl_122,ratio spread 1.286 > 0.15
Ca9Zn4.6Sb9,33,10,9,10,22,unassignable,0,,zintl_122,ratio spread 1.272 > 0.15
Ca9Zn4.7Sb9,20,10,8,15,10,unassignable,0,,zintl_122,ratio spread 1.259 > 0.15
Ca9Zn5Sb9,39,21,21,25,20,unassignable,0,,zintl_122,ratio spread 1.219 > 0.15
CaB6,15,3,7,4,2,unassignable,0,,skutterudite,elements outside rule: B
CaCeAgSb,15,10,10,10,6,unassignable,0,,skutterudite,elements outside rule: Ag
CaCoBiO4,23,6,16,6,1,cobaltite,2,cobaltite;other_oxide,,
CaCoO3,47,46,40,0,0,cobaltite,2,cobaltite;other_oxide,,
CaCr2O4,3,3,0,2,0,other_oxide,1,other_oxide,,
CaCu3(RuO3)4,11,11,0,0,0,other_oxide,1,other_oxide,,
CaFe2(CoSb6)2,20,19,20,7,7,skutterudite,1,skutterudite,,
CaFe3CoSb12,20,20,20,9,7,skutterudite,1,skutterudite,,
CaGdMnO3,17,10,17,0,0,manganite,2,manganite;other_oxide,,
CaIrO3,27,9,4,9,5,other_oxide,1,other_oxide,,
CaLa2Mn3O9,9,7,9,0,0,manganite,2,manganite;other_oxide,,
CaLuSb3,12,12,0,0,0,unassignable,0,,skutterudite,elements outside rule: Lu
CaMn2O4,5,0,0,5,0,manganite,2,manganite;other_oxide,,
CaMn6CuO12,5,5,4,0,0,manganite,2,manganite;other_oxide,,
CaMn6O12,6,6,6,0,0,manganite,2,manganite;other_oxide,,
CaMnO3,2133,993,1413,506,402,manganite,2,manganite;other_oxide,,
CaRuO3,30,8,19,17,5,other_oxide,1,other_oxide,,
CaSO4,18,18,0,0,0,other_oxide,1,other_oxide,,
CaSi,11,6,10,6,0,unassignable,0,,sige,elements outside rule: Ca
Cd(FeO2)2,3,3,0,0,0,other_oxide,1,other_oxide,,
Cd0.115Ge0.885Te1,20,20,20,10,16,unassignable,0,,gete_type,elements outside rule: Cd
Cd0.12Ge0.88Te1,40,39,39,19,29,unassignable,0,,gete_type,elements outside rule: Cd
Cd0.12Sn1Te1,20,11,10,10,10,unassignable,0,,gete_type,elements outside rule: Cd
Cd0.135Ge0.865Te1,20,19,20,11,10,unassignable,0,,gete_type,elements outside rule: Cd
Cd0.13Ge0.87Te1,20,19,19,10,16,unassignable,0,,gete_type,elements outside rule: Cd
Cd0.15Ge0.95Te1,20,12,19,10,16,unassignable,0,,gete_type,elements outside rule: Cd
Cd0.15Sn1Te1,20,10,10,10,10,unassignable,0,,gete_type,elements outside rule: Cd
Cd0.16Ge0.94Te1,20,20,19,10,14,unassignable,0,,gete_type,elements outside rule: Cd
Cd0.1Ge0.9Te1,40,34,34,17,22,unassignable,0,,gete_type,elements outside rule: Cd
Cd0.21Hg0.79Se1,31,31,0,0,0,unassignable,0,,tetradymite,"elements outside rule: Cd,Hg"
Cd0.24Hg0.76Se1,16,16,0,0,0,unassignable,0,,tetradymite,"elements outside rule: Cd,Hg"
Cd0.35Hg0.65Se1,14,14,0,0,0,unassignable,0,,tetradymite,"elements outside rule: Cd,Hg"
Cd0.4Fe1.9Cu0.6O4,9,9,0,0,0,other_oxide,1,other_oxide,,
Cd0.4Fe2.3O4,7,7,0,0,0,other_oxide,1,other_oxide,,
Cd0.4Fe2Cu0.6O4,3,3,0,0,0,other_oxide,1,other_oxide,,
Cd0.4Fe2Ni0.6O4,4,4,0,0,0,other_oxide,1,other_oxide,,
Cd0.5Co0.5S1,6,6,0,0,0,unassignable,0,,tetrahedrite,elements outside rule: Cd
Cd0.5Cu2.5Sb0.94Se4,9,7,4,5,6,unassignable,0,,tetrahedrite,elements outside rule: Cd
Cd0.5Cu2.5Sb1Se4,5,3,3,4,4,unassignable,0,,tetrahedrite,elements outside rule: Cd
Cd0.5In2.25Te4,5,5,0,0,0,unassignable,0,,diamond_like_cu,elements outside rule: Cd
Cd0.5In2.2Ag0.4Te4,6,6,0,0,0,unassignable,0,,diamond_like_cu,"elements outside rule: Ag,Cd"
Cd0.6Fe2.2O4,4,4,0,0,0,other_oxide,1,other_oxide,,
Cd0.6Fe2Cu0.4O4,7,7,0,0,0,other_oxide,1,other_oxide,,
Cd0.6Fe2Ni0.4O4,4,4,0,0,0,other_oxide,1,other_oxide,,
Cd0.75Cu2.25Sb0.94Se4,8,5,5,5,5,unassignable,0,,tetrahedrite,elements outside rule: Cd
Cd0.75Cu2.25Sb1Se4,5,5,5,4,4,unassignable,0,,tetrahedrite,elements outside rule: Cd
Cd0.75In2.1Te4,12,12,0,0,0,unassignable,0,,diamond_like_cu,elements outside rule: Cd
Cd0.7Cu2.3Sn1Se3.8,9,8,6,5,8,unassignable,0,,diamond_like_cu,elements outside rule: Cd
Cd0.7Cu2Sn1Se4,5,5,5,5,5,unassignable,0,,diamond_like_cu,elements outside rule: Cd
Cd0.85Cu2.15Sn1Se4,8,7,7,4,7,unassignable,0,,diamond_like_cu,elements outside rule: Cd
Cd0.875Cu2.125Ge1Se4,16,16,16,16,16,unassignable,0,,cu2x_ag2x_liquid_like,"elements outside rule: Cd,Ge"
Cd0.8856O1,19,10,10,9,9,other_oxide,1,other_oxide,,
Cd0.892Cu2.105Ge0.909Se4,16,16,16,16,16,unassignable,0,,cu2x_ag2x_liquid_like,"elements outside rule: Cd,Ge"
Cd0.89Ga0.11Te1,4,0,0,4,0,unassignable,0,,diamond_like_cu,elements outside rule: Cd
Cd0.8Co0.2S1,6,6,0,0,0,unassignable,0,,tetrahedrite,elements outside rule: Cd
Cd0.8Cu2.1Sn1Se3.4,20,18,19,18,18,unassignable,0,,diamond_like_cu,elements outside rule: Cd
Cd0.8Cu2Sn1Se4,3,3,3,2,3,unassignable,0,,diamond_like_cu,elements outside rule: Cd
Cd0.8Fe2.1O4,6,6,0,0,0,other_oxide,1,other_oxide,,
Cd0.8Fe2O4,5,5,0,0,0,other_oxide,1,other_oxide,,
Cd0.8In2.1Te4,3,3,0,0,0,unassignable,0,,diamond_like_cu,elements outside rule: Cd
Cd0.915Cu2.103Ge0.911Se4,16,16,16,16,16,unassignable,0,,cu2x_ag2x_liquid_like,"elements outside rule: Cd,Ge"
Cd0.91O1,20,10,10,10,10,other_oxide,1,other_oxide,,
Cd0.92O0.92,58,16,14,14,14,other_oxide,1,other_oxide,,
Cd0.92O1,12,10,10,10,10,other_oxide,1,other_oxide,,
Cd0.935Cu2.123Ge0.901Se4,16,16,16,16,16,unassignable,0,,cu2x_ag2x_liquid_like,"elements outside rule: Cd,Ge"
Cd0.93O1,20,10,10,10,10,other_oxide,1,other_oxide,,
Cd0.94O1,11,10,10,10,10,other_oxide,1,other_oxide,,
Cd0.95Cu2Sn1Se4,21,14,12,11,13,unassignable,0,,diamond_like_cu,elements outside rule: Cd
Cd0.95O0.95,64,14,14,18,18,other_oxide,1,other_oxide,,
Cd0.95O1,58,30,30,30,30,other_oxide,1,other_oxide,,
Cd0.95S1,6,6,0,0,0,unassignable,0,,tetradymite,elements outside rule: Cd
Cd0.9Co0.1S1,6,6,0,0,0,unassignable,0,,tetrahedrite,elements outside rule: Cd
Cd0.9Cu2.147Ge0.903Se4,16,16,16,16,16,unassignable,0,,cu2x_ag2x_liquid_like,"elements outside rule: Cd,Ge"
Cd0.9Cu2.1Sn1Se4,17,6,9,9,8,unassignable,0,,diamond_like_cu,elements outside rule: Cd
Cd0.9O1,10,10,10,10,10,other_oxide,1,other_oxide,,
Cd1.6In3Cu3.4Te8,11,0,0,0,11,unassignable,0,,diamond_like_cu,elements outside rule: Cd
Cd1.7In3Cu3.3Te8,10,0,0,0,10,unassignable,0,,diamond_like_cu,elements outside rule: Cd
Cd1.8In3Cu3.2Te8,10,0,0,0,10,unassignable,0,,diamond_like_cu,elements outside rule: Cd
Cd1.9In3Cu3Te8,10,0,0,0,10,unassignable,0,,diamond_like_cu,elements outside rule: Cd
Cd1Cu2Sb0.94Se4,13,7,7,0,7,unassignable,0,,tetrahedrite,elements outside rule: Cd
Cd1Cu2Sn0.95Se4,6,3,4,5,3,unassignable,0,,diamond_like_cu,elements outside rule: Cd
Cd1Cu2Sn0.9Se4,9,8,5,6,4,unassignable,0,,diamond_like_cu,elements outside rule: Cd
Cd1Fe1.9O4,5,5,0,0,0,other_oxide,1,other_oxide,,
Cd2In3Cu3Te8,50,20,20,20,28,unassignable,0,,diamond_like_cu,elements outside rule: Cd
Cd2SnO4,5,5,0,0,0,other_oxide,1,other_oxide,,
Cd3As0.4P1.6,3,3,0,0,0,unassignable,0,,zintl_122,elements outside rule: P
Cd3As0.6P1.4,3,3,0,0,0,unassignable,0,,zintl_122,elements outside rule: P
Cd3As1.6,3,3,0,0,0,unassignable,0,,zintl_122,a required site is empty
Cd3As1.6P0.4,3,3,0,0,0,unassignable,0,,zintl_122,elements outside rule: P
Cd3As2,60,53,41,44,40,unassignable,0,,zintl_122,a required site is empty
Cd3AsP,3,3,0,0,0,unassignable,0,,zintl_122,elements outside rule: P
Cd3Co4O9,9,5,5,5,5,other_oxide,1,other_oxide,,
Cd3P1.8,3,3,0,0,0,unassignable,0,,zintl_122,elements outside rule: P
Cd3P2,10,0,10,0,0,unassignable,0,,zintl_122,elements outside rule: P
CdAg2Bi6Se11,20,18,18,17,13,unassignable,0,,tetrahedrite,elements outside rule: Cd
CdBi4Pb2S9,19,17,17,17,13,unassignable,0,,iv_vi_rocksalt,elements outside rule: Cd
CdCu2SnSe4,77,62,62,42,61,unassignable,0,,diamond_like_cu,elements outside rule: Cd
CdCu3SbSe4,3,2,2,3,3,unassignable,0,,tetrahedrite,elements outside rule: Cd
CdIn2O4,4,4,0,0,0,in2o3_based,2,in2o3_based;other_oxide,,
CdO,1043,486,483,473,454,other_oxide,1,other_oxide,,
CdS,6,6,0,0,0,unassignable,0,,tetradymite,elements outside rule: Cd
CdSb,83,71,45,52,48,unassignable,0,,zintl_122,a required site is empty
CdTe,15,10,10,15,10,unassignable,0,,tetradymite,elements outside rule: Cd
Ce(CoSi)2,23,20,8,0,0,unassignable,0,,half_heusler,elements outside rule: Ce
Ce(FeAs3)4,20,16,14,8,0,skutterudite,1,skutterudite,,
Ce(FeP3)4,20,16,20,10,0,skutterudite,1,skutterudite,,
Ce(FeSb3)4,525,360,335,307,347,skutterudite,1,skutterudite,,
Ce(FeSi)2,22,18,9,0,0,unassignable,0,,half_heusler,elements outside rule: Ce
Ce(GaRh)2,3,0,3,0,0,unassignable,0,,skutterudite,filler above 8% of atoms
Ce(MnSi)2,3,3,0,0,0,unassignable,0,,half_heusler,elements outside rule: Ce
Ce(P3Ru)4,14,9,7,0,0,unassignable,0,,skutterudite,elements outside rule: Ru
Ce(Sb3Ru)4,42,20,0,19,19,unassignable,0,,half_heusler,elements outside rule: Ce
Ce(SiNi)2,30,24,7,4,0,unassignable,0,,half_heusler,elements outside rule: Ce
Ce(Sn3Ru2)2,19,19,0,0,0,unassignable,0,,half_heusler,elements outside rule: Ce
Ce(Tl3Te2)3,9,6,6,6,6,unassignable,0,,skutterudite,elements outside rule: Te
Ce0.3Bi1.7Te2.7Se0.3,6,5,6,5,5,unassignable,0,,tetradymite,elements outside rule: Ce
Ce0.3Bi1.7Te3,10,10,10,6,6,unassignable,0,,tetradymite,elements outside rule: Ce
Ce0.5Y0.5Mg1Ni4,6,6,6,0,0,unassignable,0,,skutterudite,"elements outside rule: Mg,Y"
Ce0.6Pr0.4Mn2Si2,3,3,0,0,0,unassignable,0,,half_heusler,"elements outside rule: Ce,Pr"
Ce0.75Sc0.25Pd3,3,3,3,3,3,unassignable,0,,half_heusler,elements outside rule: Ce
Ce0.7Cu0.3Se2,20,8,8,20,19,unassignable,0,,cu2x_ag2x_liquid_like,elements outside rule: Ce
Ce0.85Fe3Co1Sb12,19,19,19,19,19,skutterudite,1,skutterudite,,
Ce0.85Fe4Sb12,35,18,30,0,9,skutterudite,1,skutterudite,,
Ce0.85Pd3,3,3,3,3,3,unassignable,0,,half_heusler,elements outside rule: Ce
Ce0.88Fe3.51Sb12,19,19,19,19,19,skutterudite,1,skutterudite,,
Ce0.8Cu0.2Se2,20,9,8,20,18,unassignable,0,,cu2x_ag2x_liquid_like,elements outside rule: Ce
Ce0.8Fe2.6Co0.8Sb10,17,16,16,5,5,skutterudite,1,skutterudite,,
Ce0.92Fe4Sb12,19,19,19,19,19,skutterudite,1,skutterudite,,
Ce0.92Zn1Sb1O1,11,9,9,9,9,other_oxide,1,other_oxide,,
Ce0.95Cr1B6,11,9,7,9,0,unassignable,0,,tm_silicide,"elements outside rule: B,Ce"
Ce0.95Fe2.85Co0.95Sb11,17,16,17,5,5,skutterudite,1,skutterudite,,
Ce0.95Fe3Co1Sb12,48,34,38,24,24,skutterudite,1,skutterudite,,
Ce0.95Pd3,3,3,3,3,3,unassignable,0,,half_heusler,elements outside rule: Ce
Ce0.9Fe1Co3Sb12,4,3,3,0,4,skutterudite,1,skutterudite,,
Ce0.9Fe2.7Co0.9Sb11,17,16,17,5,5,skutterudite,1,skutterudite,,
Ce0.9Fe2.8Co0.9Sb11,17,16,16,5,5,skutterudite,1,skutterudite,,
Ce0.9Fe3.5Sb12,31,26,5,24,26,skutterudite,1,skutterudite,,
Ce0.9Fe3.75Sb12,7,5,5,4,5,skutterudite,1,skutterudite,,
Ce0.9Fe3Co1Sb12,37,12,14,15,23,skutterudite,1,skutterudite,,
Ce0.9Fe4Sb12,20,20,0,20,17,skutterudite,1,skutterudite,,
Ce0.9P12Ru4,13,13,8,0,0,unassignable,0,,skutterudite,elements outside rule: Ru
Ce0.9Pd3,3,3,3,3,3,unassignable,0,,half_heusler,elements outside rule: Ce
Ce0.9Se2,20,9,9,20,19,unassignable,0,,tetradymite,elements outside rule: Ce
Ce0.9Zn1Sb1O1,9,9,9,9,9,other_oxide,1,other_oxide,,
Ce1.2Zn2.8Sb3,16,15,11,0,0,unassignable,0,,zintl_122,elements outside rule: Ce
Ce1Al10Fe1.7,4,3,3,0,2,unassignable,0,,full_heusler,elements outside rule: Ce
Ce1Co0.8Cu0.2Si1,3,3,3,0,0,unassignable,0,,full_heusler,elements outside rule: Ce
Ce1Co0.8Si3,4,3,3,0,0,unassignable,0,,half_heusler,elements outside rule: Ce
Ce1Cu0.5Si2Ni1.5,4,4,0,3,0,unassignable,0,,clathrate_type_i,elements outside rule: Ce
Ce1Cu1.2Si2Ni0.8,4,4,0,4,0,unassignable,0,,clathrate_type_i,elements outside rule: Ce
Ce1Cu1.5Si2Ni0.5,4,4,1,3,0,unassignable,0,,clathrate_type_i,elements outside rule: Ce
Ce1Cu1.76Si2,4,4,0,3,0,unassignable,0,,clathrate_type_i,elements outside rule: Ce
Ce1Fe3.5Sb12,70,29,30,26,52,skutterudite,1,skutterudite,,
Ce1Fe3.6Sb12,20,16,18,16,10,skutterudite,1,skutterudite,,
Ce1Fe3.75Sb12,9,5,5,5,5,skutterudite,1,skutterudite,,
Ce1Fe3.7Sb12,37,34,32,27,27,skutterudite,1,skutterudite,,
Ce1Fe3.8Sb12,57,40,38,39,42,skutterudite,1,skutterudite,,
Ce1Ga0.5Ni4.5,13,13,12,0,0,unassignable,0,,skutterudite,filler above 8% of atoms
Ce1Ga0.675Ni4.325,13,13,13,0,0,unassignable,0,,skutterudite,filler above 8% of atoms
Ce1Ni2Ge1.76,3,3,0,0,0,unassignable,0,,half_heusler,elements outside rule: Ce
Ce1S1.4,3,3,0,0,0,unassignable,0,,tetradymite,elements outside rule: Ce
Ce1S1.408,5,5,0,0,0,unassignable,0,,tetradymite,elements outside rule: Ce
Ce1S1.43,4,4,0,0,0,unassignable,0,,tetradymite,elements outside rule: Ce
Ce1Si0.5Ni2Ge1.5,3,3,0,0,0,unassignable,0,,half_heusler,elements outside rule: Ce
Ce1Si0.74Ni2Ge1.26,4,4,0,0,0,unassignable,0,,half_heusler,elements outside rule: Ce
Ce1Si1.5Ni2Ge0.5,3,3,0,0,0,unassignable,0,,half_heusler,elements outside rule: Ce
Ce1Si1.74Ni2Ge0.26,4,4,0,0,0,unassignable,0,,half_heusler,elements outside rule: Ce
Ce1Si2Ni1.9,4,3,0,4,0,unassignable,0,,half_heusler,elements outside rule: Ce
Ce2(Ga3Ru)3,4,2,4,0,0,unassignable,0,,full_heusler,elements outside rule: Ce
Ce2.2Eu0.8S4,5,5,0,0,0,unassignable,0,,tetradymite,"elements outside rule: Ce,Eu"
Ce2.4Eu0.6S4,4,4,0,0,0,unassignable,0,,tetradymite,"elements outside rule: Ce,Eu"
Ce2.6Eu0.4S4,5,5,0,0,0,unassignable,0,,tetradymite,"elements outside rule: Ce,Eu"
Ce2.8S4,5,5,0,0,0,unassignable,0,,tetradymite,elements outside rule: Ce
Ce2Ni7,3,3,0,0,0,unassignable,0,,skutterudite,filler above 8% of atoms
Ce3Cu3Sb4,4,0,3,0,1,unassignable,0,,skutterudite,elements outside rule: Cu
Ce3Ni2B2N3,10,10,0,0,0,unassignable,0,,skutterudite,"elements outside rule: B,N"
Ce4Ge1.5Sb1.5,4,4,3,4,0,unassignable,0,,skutterudite,elements outside rule: Ge
Ce4Sb3,34,34,0,0,0,unassignable,0,,skutterudite,filler above 8% of atoms
Ce5Fe21Sb71,20,19,12,10,19,skutterudite,1,skutterudite,,
Ce7Ni3,3,3,1,0,0,unassignable,0,,skutterudite,filler above 8% of atoms
CeCrB6,12,12,9,7,0,unassignable,0,,skutterudite,"elements outside rule: B,Cr"
CeFe3CoSb12,155,118,130,101,107,skutterudite,1,skutterudite,,
CeNi,21,14,7,0,0,unassignable,0,,skutterudite,filler above 8% of atoms
CeNi15,13,13,13,0,0,unassignable,0,,skutterudite,a required site is empty
CeNi2,22,17,12,0,0,unassignable,0,,skutterudite,filler above 8% of atoms
CeNi3,10,3,8,0,0,unassignable,0,,skutterudite,filler above 8% of atoms
CeNi5,20,14,18,0,0,unassignable,0,,skutterudite,filler above 8% of atoms
CePd3,30,29,12,11,16,unassignable,0,,half_heusler,elements outside rule: Ce
CeSbPd,16,16,0,0,0,unassignable,0,,skutterudite,elements outside rule: Pd
CeSe2,11,1,0,11,11,unassignable,0,,tetradymite,elements outside rule: Ce
CeSi2,8,7,6,0,0,unassignable,0,,sige,elements outside rule: Ce
CeSi4Ni9,19,17,16,0,0,unassignable,0,,half_heusler,elements outside rule: Ce
CeSiNi4,3,3,0,0,0,unassignable,0,,skutterudite,elements outside rule: Si
CeSnIr,8,8,0,0,0,unassignable,0,,skutterudite,elements outside rule: Sn
CeSnRh,10,9,0,2,1,unassignable,0,,skutterudite,elements outside rule: Sn
CeYMgNi2,6,6,6,0,0,unassignable,0,,skutterudite,"elements outside rule: Mg,Y"
CeZnSbO,18,18,15,18,18,other_oxide,1,other_oxide,,
Co0.18Sn0.82O2,5,5,0,0,0,other_oxide,1,other_oxide,,
Co0.2Sb2Ir0.8,19,19,0,9,0,unassignable,0,,skutterudite,ratio spread 0.400 > 0.15
Co0.33Sb3Rh0.67,8,8,0,0,0,skutterudite,1,skutterudite,,
Co0.39498Sb0.58835,18,11,10,12,7,unassignable,0,,skutterudite,ratio spread 0.673 > 0.15
Co0.3956Sb0.58758,55,31,36,50,24,unassignable,0,,skutterudite,ratio spread 0.675 > 0.15
Co0.3958Sb0.5869,16,9,8,14,6,unassignable,0,,skutterudite,ratio spread 0.677 > 0.15
Co0.3Sb2Ru0.7,7,7,0,0,0,unassignable,0,,half_heusler,a required site is empty
Co0.4Sb2Ru0.6,5,5,0,0,0,unassignable,0,,half_heusler,a required site is empty
Co0.5Ni0.5B1,4,4,0,0,0,unassignable,0,,skutterudite,elements outside rule: B
Co0.5Sb2Ru0.5,5,5,0,0,0,unassignable,0,,half_heusler,a required site is empty
Co0.5Sb3Rh0.5,7,0,7,0,0,skutterudite,1,skutterudite,,
Co0.6Ni0.4Sb2.2,5,0,0,5,0,unassignable,0,,skutterudite,ratio spread 0.308 > 0.15
Co0.6Ni0.4Sb3,17,17,9,5,5,skutterudite,1,skutterudite,,
Co0.6Sb2Ru0.4,7,7,0,0,0,unassignable,0,,half_heusler,a required site is empty
Co0.6Sb3Rh0.4,10,0,10,0,0,skutterudite,1,skutterudite,,
Co0.72Sb3,14,10,11,0,0,unassignable,0,,skutterudite,ratio spread 0.326 > 0.15
Co0.73Sb3Rh0.27,10,10,10,8,0,skutterudite,1,skutterudite,,
Co0.74Sb3,15,9,13,4,6,unassignable,0,,skutterudite,ratio spread 0.299 > 0.15
Co0.75Ni0.25Sn0.25Sb2.75,19,19,18,0,0,unassignable,0,,half_heusler,a required site is empty
Co0.75Sb3,17,17,17,0,0,unassignable,0,,skutterudite,ratio spread 0.286 > 0.15
Co0.76Sb3,14,14,7,6,7,unassignable,0,,skutterudite,ratio spread 0.273 > 0.15
Co0.79Ni0.21Sb3,20,13,19,10,10,skutterudite,1,skutterudite,,
Co0.7Ni0.3Sb2.4,3,0,0,3,0,unassignable,0,,skutterudite,ratio spread 0.222 > 0.15
Co0.7Ni0.3Sb3,17,17,11,5,5,skutterudite,1,skutterudite,,
Co0.7Sb2Ru0.3,8,8,0,0,0,unassignable,0,,half_heusler,a required site is empty
Co0.81Sb3,28,23,10,10,10,unassignable,0,,skutterudite,ratio spread 0.210 > 0.15
Co0.82Sb3,25,17,17,13,5,unassignable,0,,skutterudite,ratio spread 0.198 > 0.15
Co0.83Sb3,20,13,13,10,10,unassignable,0,,skutterudite,ratio spread 0.186 > 0.15
Co0.85Sb2.7,4,0,0,4,0,skutterudite,1,skutterudite,,
Co0.85Sb3,39,33,38,10,0,unassignable,0,,skutterudite,ratio spread 0.162 > 0.15
Co0.85Si1O0.3,20,10,10,10,11,unassignable,0,,half_heusler,elements outside rule: O
Co0.875Sb3,10,10,10,0,0,skutterudite,1,skutterudite,,
Co0.87Sb3,18,12,17,10,10,skutterudite,1,skutterudite,,
Co0.88Sb3,120,79,96,10,10,skutterudite,1,skutterudite,,
Co0.88Sb3Te0.24Pb0.24,15,9,10,0,0,unassignable,0,,half_heusler,elements outside rule: Te
Co0.88Sb3Te0.48Pb0.48,16,6,10,0,0,unassignable,0,,half_heusler,elements outside rule: Te
Co0.8Ni0.2Sb2.6,71,68,68,22,20,skutterudite,1,skutterudite,,
Co0.8Ni0.2Sb3,27,21,15,9,9,skutterudite,1,skutterudite,,
Co0.8Sb2Ru0.2,7,7,0,0,0,unassignable,0,,half_heusler,a required site is empty
Co0.91Sb3,30,23,24,6,5,skutterudite,1,skutterudite,,
Co0.925Sb3,37,35,37,6,6,skutterudite,1,skutterudite,,
Co0.925Si1O0.15,10,0,0,10,10,unassignable,0,,half_heusler,elements outside rule: O
Co0.92Sb1S1,18,5,10,5,5,unassignable,0,,tetrahedrite,ratio spread 1.288 > 0.15
Co0.92Sb2.84,5,0,0,5,0,skutterudite,1,skutterudite,,
Co0.92Sb3,123,69,71,63,57,skutterudite,1,skutterudite,,
Co0.92Sb3C0.252,19,9,9,10,9,unassignable,0,,skutterudite,elements outside rule: C
Co0.93B1,4,4,0,0,0,unassignable,0,,skutterudite,elements outside rule: B
Co0.93Sb3,80,65,70,24,24,skutterudite,1,skutterudite,,
Co0.94Sb1S1,32,15,21,13,15,unassignable,0,,tetrahedrite,ratio spread 1.281 > 0.15
Co0.94Sb3,54,39,42,16,11,skutterudite,1,skutterudite,,
Co0.95B1,3,3,0,0,0,unassignable,0,,skutterudite,elements outside rule: B
Co0.95Sb2.85,17,13,16,9,9,skutterudite,1,skutterudite,,
Co0.95Sb3,44,43,33,7,4,skutterudite,1,skutterudite,,
Co0.95Si1,15,11,11,11,10,unassignable,0,,half_heusler,a required site is empty
Co0.9Ni0.1B1,4,4,0,0,0,unassignable,0,,skutterudite,elements outside rule: B
Co0.9Sb2,27,27,0,0,0,unassignable,0,,skutterudite,ratio spread 0.298 > 0.15
Co0.9Sb2.7O0.2,46,14,34,27,9,unassignable,0,,skutterudite,elements outside rule: O
Co0.9Sb3,93,72,61,48,65,skutterudite,1,skutterudite,,
Co0.9Sb3.2,21,21,20,20,21,unassignable,0,,skutterudite,ratio spread 0.169 > 0.15
Co0.9Si1O0.2,20,11,11,11,10,unassignable,0,,half_heusler,elements outside rule: O
Co1.51Cu10Sb4S13,14,9,7,8,8,tetrahedrite,1,tetrahedrite,,
Co1.5Cu10Sb4S13,10,8,8,6,6,tetrahedrite,1,tetrahedrite,,
Co1.7Cu10Sb4S13,14,9,10,8,9,tetrahedrite,1,tetrahedrite,,
Co100Sb311,12,11,10,0,10,skutterudite,1,skutterudite,,
Co100Sb323,8,7,7,0,7,skutterudite,1,skutterudite,,
Co11Sb39,18,8,15,0,0,unassignable,0,,skutterudite,ratio spread 0.167 > 0.15
Co12Sb37,20,15,14,18,20,skutterudite,1,skutterudite,,
Co13B7,4,4,0,0,0,unassignable,0,,skutterudite,elements outside rule: B
Co174Sb529,10,2,8,8,8,skutterudite,1,skutterudite,,
Co1Sb0.75Te2.25,17,17,0,11,12,unassignable,0,,tetradymite,elements outside rule: Co
Co1Sb1S0.91,14,7,6,6,7,unassignable,0,,tetrahedrite,ratio spread 1.339 > 0.15
Co1Sb1S0.93,17,9,7,8,9,unassignable,0,,tetrahedrite,ratio spread 1.322 > 0.15
Co1Sb1S0.95,13,7,6,5,6,unassignable,0,,tetrahedrite,ratio spread 1.306 > 0.15
Co1Sb2.25Te0.75,16,16,0,12,11,unassignable,0,,skutterudite,elements outside rule: Te
Co1Sb2.375Te0.25,20,20,20,20,20,unassignable,0,,skutterudite,elements outside rule: Te
Co1Sb2.63As0.37,11,0,0,11,0,skutterudite,1,skutterudite,,
Co1Sb2.65Te0.225,20,19,20,20,20,unassignable,0,,skutterudite,elements outside rule: Te
Co1Sb2.6Te0.275,20,20,20,20,20,unassignable,0,,skutterudite,elements outside rule: Te
Co1Sb2.7,20,20,20,20,20,skutterudite,1,skutterudite,,
Co1Sb2.75,217,178,144,145,162,skutterudite,1,skutterudite,,
Co1Sb2.75As0.25,11,0,0,11,0,skutterudite,1,skutterudite,,
Co1Sb2.75Te0.2,99,83,43,75,81,unassignable,0,,skutterudite,elements outside rule: Te
Co1Sb2.79,100,73,86,73,60,skutterudite,1,skutterudite,,
Co1Sb2.7As0.3,14,14,6,0,0,skutterudite,1,skutterudite,,
Co1Sb2.7Se0.3,21,11,11,6,16,unassignable,0,,tetrahedrite,ratio spread 2.503 > 0.15
Co1Sb2.7Te0.3,21,14,14,8,8,unassignable,0,,skutterudite,elements outside rule: Te
Co1Sb2.8,51,34,36,34,47,skutterudite,1,skutterudite,,
Co1Sb2.81,16,16,10,0,0,skutterudite,1,skutterudite,,
Co1Sb2.825,39,15,33,8,20,skutterudite,1,skutterudite,,
Co1Sb2.84,10,10,0,0,0,skutterudite,1,skutterudite,,
Co1Sb2.8Se0.2,17,6,10,7,17,unassignable,0,,tetrahedrite,ratio spread 2.571 > 0.15
Co1Sb2.8Te0.2,31,10,10,18,7,unassignable,0,,skutterudite,elements outside rule: Te
Co1Sb2.8Te1,22,12,13,13,12,unassignable,0,,tetradymite,elements outside rule: Co
Co1Sb3.18,14,9,9,9,9,skutterudite,1,skutterudite,,
Co1Sb3.24,12,6,9,0,0,skutterudite,1,skutterudite,,
Co1Sb3C0.35,18,6,9,0,10,unassignable,0,,skutterudite,elements outside rule: C
Co1Sb3C0.46,18,10,10,0,6,unassignable,0,,skutterudite,elements outside rule: C
Co1Sb3C0.5,37,21,19,19,17,unassignable,0,,skutterudite,elements outside rule: C
Co1Sb3C0.57,19,8,10,0,10,unassignable,0,,skutterudite,elements outside rule: C
Co1Sb3C0.8,20,10,10,0,10,unassignable,0,,skutterudite,elements outside rule: C
Co1Si0.78Ge0.2,7,7,1,0,1,unassignable,0,,half_heusler,a required site is empty
Co1Si0.88Ge0.1,8,8,1,1,1,unassignable,0,,half_heusler,a required site is empty
Co1Si0.9,19,10,15,15,15,unassignable,0,,half_heusler,a required site is empty
Co1Si0.92,19,10,12,4,3,unassignable,0,,half_heusler,a required site is empty
Co1Si0.93,8,8,0,1,1,unassignable,0,,half_heusler,a required site is empty
Co1Si0.95,19,13,9,17,17,unassignable,0,,half_heusler,a required site is empty
Co1Si1.05,16,13,11,7,14,unassignable,0,,half_heusler,a required site is empty
Co1Sn0.2Sb2.8,17,9,8,8,9,unassignable,0,,half_heusler,a required site is empty
Co1Sn0.3Sb2.7,16,9,8,8,6,unassignable,0,,half_heusler,a required site is empty
Co1Sn0.4Sb2.6,17,9,8,9,8,unassignable,0,,half_heusler,a required site is empty
Co1Sn0.5Sb2.5,17,9,8,9,9,unassignable,0,,half_heusler,a required site is empty
Co1Sn1.5Te1.5,10,4,8,2,9,unassignable,0,,gete_type,elements outside rule: Co
Co2(GeS)3,107,94,104,103,104,unassignable,0,,snse_type,elements outside rule: Co
Co2(SnSe)3,20,19,0,10,20,unassignable,0,,snse_type,elements outside rule: Co
Co2.35Ru0.65O4.43,19,19,0,5,5,other_oxide,1,other_oxide,,
Co2.3Ru0.7O4.47,19,19,0,5,5,other_oxide,1,other_oxide,,
Co2.4Ru0.6O4.4,19,19,0,5,5,other_oxide,1,other_oxide,,
Co2.5Ni1.5Sb1,13,13,13,0,0,unassignable,0,,skutterudite,ratio spread 1.692 > 0.15
Co2.5Ni1.5Sb12,38,37,30,34,27,skutterudite,1,skutterudite,,
Co2.5Ru0.5O4.3,19,19,0,0,0,other_oxide,1,other_oxide,,
Co2.667Sn1.7S2,15,15,15,11,11,unassignable,0,,tetrahedrite,elements outside rule: Sn
Co2.667Sn1.8S2,15,15,15,11,11,unassignable,0,,tetrahedrite,elements outside rule: Sn
Co20Sb61,20,20,17,6,15,skutterudite,1,skutterudite,,
Co22Sb65,18,11,17,10,15,skutterudite,1,skutterudite,,
Co22Sb67,32,0,16,9,16,skutterudite,1,skutterudite,,
Co23(Sb23Te2)3,11,11,11,0,11,unassignable,0,,skutterudite,elements outside rule: Te
Co23Sb28,12,9,9,0,0,unassignable,0,,skutterudite,ratio spread 0.845 > 0.15
Co23Sb67Te10,9,9,9,0,9,unassignable,0,,skutterudite,elements outside rule: Te
Co23Sb68,36,20,16,18,31,skutterudite,1,skutterudite,,
Co25Sb76,11,11,10,0,10,skutterudite,1,skutterudite,,
Co27Sb73,11,10,10,0,0,skutterudite,1,skutterudite,,
Co2Cu10Sb4S13,12,4,9,3,5,tetrahedrite,1,tetrahedrite,,
Co2NiO4,4,3,0,3,0,other_oxide,1,other_oxide,,
Co2Sb3,60,41,40,47,40,unassignable,0,,skutterudite,ratio spread 0.667 > 0.15
Co2Sb7,12,10,9,9,10,unassignable,0,,skutterudite,ratio spread 0.154 > 0.15
Co3(SnS)2,16,16,16,0,16,unassignable,0,,half_heusler,elements outside rule: S
Co3.29Sb12,18,11,0,10,11,unassignable,0,,skutterudite,ratio spread 0.195 > 0.15
Co3.2Sb12,46,34,34,35,40,unassignable,0,,skutterudite,ratio spread 0.222 > 0.15
Co3.2Sb12Rh0.8,7,7,7,7,7,skutterudite,1,skutterudite,,
Co3.35Sb12,20,11,10,7,10,unassignable,0,,skutterudite,ratio spread 0.177 > 0.15
Co3.3B12S1,7,7,0,0,0,unassignable,0,,tetrahedrite,elements outside rule: B
Co3.3Sb12,55,43,12,0,31,unassignable,0,,skutterudite,ratio spread 0.192 > 0.15
Co3.3Sb12I1,9,5,3,6,6,unassignable,0,,skutterudite,elements outside rule: I
Co3.49Sb12,37,28,15,20,22,skutterudite,1,skutterudite,,
Co3.4Sb12,65,50,50,30,44,unassignable,0,,skutterudite,ratio spread 0.162 > 0.15
Co3.51Sb12,20,11,0,11,8,skutterudite,1,skutterudite,,
Co3.56Sb12,17,10,10,10,0,skutterudite,1,skutterudite,,
Co3.57Sb12,20,19,19,18,18,skutterudite,1,skutterudite,,
Co3.58Sb12,20,18,19,19,19,skutterudite,1,skutterudite,,
Co3.5Sb12,207,173,175,105,106,skutterudite,1,skutterudite,,
Co3.5Sb12I1,9,5,5,6,6,unassignable,0,,skutterudite,elements outside rule: I
Co3.61Sb12,16,10,0,10,10,skutterudite,1,skutterudite,,
Co3.625Sb12,14,10,10,10,10,skutterudite,1,skutterudite,,
Co3.63Sb12,37,19,17,16,19,skutterudite,1,skutterudite,,
Co3.65Sb12,14,9,9,5,8,skutterudite,1,skutterudite,,
Co3.67Sb12,32,20,18,19,19,skutterudite,1,skutterudite,,
Co3.68Sb12,42,24,29,23,23,skutterudite,1,skutterudite,,
Co3.6Sb12,169,142,133,108,125,skutterudite,1,skutterudite,,
Co3.6Sn6Se6,20,20,0,9,20,unassignable,0,,snse_type,elements outside rule: Co
Co3.75Sb12,296,203,216,194,200,skutterudite,1,skutterudite,,
Co3.7Sb12,49,29,27,34,33,skutterudite,1,skutterudite,,
Co3.7Sb12I1,12,5,6,7,6,unassignable,0,,skutterudite,elements outside rule: I
Co3.8Sb11,18,10,10,8,8,skutterudite,1,skutterudite,,
Co3.8Sb12,399,238,246,220,202,skutterudite,1,skutterudite,,
Co3.8Sn6Se6,20,18,0,10,20,unassignable,0,,snse_type,elements outside rule: Co
Co305Sb939,9,2,7,4,7,skutterudite,1,skutterudite,,
Co33Sb67,10,6,10,0,0,unassignable,0,,skutterudite,ratio spread 0.386 > 0.15
Co343Sb1051,11,5,5,3,9,skutterudite,1,skutterudite,,
Co361Sb1098,15,5,5,2,10,skutterudite,1,skutterudite,,
Co373Sb1125,6,0,6,5,4,skutterudite,1,skutterudite,,
Co380Sb1147,14,5,5,3,9,skutterudite,1,skutterudite,,
Co397Sb1192,20,12,18,17,15,skutterudite,1,skutterudite,,
Co398Sb1195,20,19,20,19,19,skutterudite,1,skutterudite,,
Co39Sb61,11,10,8,0,0,unassignable,0,,skutterudite,ratio spread 0.629 > 0.15
Co3B,4,4,0,0,0,unassignable,0,,skutterudite,elements outside rule: B
Co3B2,4,4,0,0,0,unassignable,0,,skutterudite,elements outside rule: B
Co3O4,69,69,0,0,0,other_oxide,1,other_oxide,,
Co3Sb10,6,4,3,5,1,skutterudite,1,skutterudite,,
Co3Sb7,10,10,10,0,0,unassignable,0,,skutterudite,ratio spread 0.250 > 0.15
Co3Sn0.8C1,3,3,0,0,2,unassignable,0,,half_heusler,elements outside rule: C
Co3Sn0.95C1,6,4,2,3,5,unassignable,0,,half_heusler,elements outside rule: C
Co3Sn0.9C1,3,2,2,3,2,unassignable,0,,half_heusler,elements outside rule: C
Co3Sn1.8S2,16,16,14,0,15,unassignable,0,,tetrahedrite,elements outside rule: Sn
Co4.21Sb12,11,10,11,10,10,skutterudite,1,skutterudite,,
Co4.32Sb12,11,10,11,10,10,skutterudite,1,skutterudite,,
Co4.44Sb12,11,10,11,10,10,skutterudite,1,skutterudite,,
Co49Sb51,9,6,5,0,0,unassignable,0,,skutterudite,ratio spread 0.970 > 0.15
Co4B,4,4,0,0,0,unassignable,0,,skutterudite,elements outside rule: B
Co4Ge0.86Sb11,17,17,16,0,14,unassignable,0,,half_heusler,a required site is empty
Co4Ge1.4Sb9Te1.6,15,13,9,13,13,unassignable,0,,half_heusler,elements outside rule: Te
Co4Ge1.9Sb8Te2.1,16,0,14,14,13,unassignable,0,,half_heusler,elements outside rule: Te
Co4GeSb11,57,56,56,22,47,unassignable,0,,half_heusler,a required site is empty
Co4Sb10Te1.1,15,14,8,14,9,unassignable,0,,skutterudite,elements outside rule: Te
Co4Sb11,850,679,689,589,661,skutterudite,1,skutterudite,,
Co4Sb11Te0.8,34,27,26,25,31,unassignable,0,,skutterudite,elements outside rule: Te
Co4Sb11Te0.85,19,17,15,9,17,unassignable,0,,skutterudite,elements outside rule: Te
Co4Sb12C1.2,17,11,9,6,10,unassignable,0,,skutterudite,elements outside rule: C
Co4Sb12C1.8,20,10,11,10,10,unassignable,0,,skutterudite,elements outside rule: C
Co4Sb12H,30,18,18,18,18,unassignable,0,,skutterudite,elements outside rule: H
Co4Sb12Te0.9,13,13,13,6,6,unassignable,0,,skutterudite,elements outside rule: Te
Co4Sb12Te1.2,13,13,13,6,6,unassignable,0,,skutterudite,elements outside rule: Te
Co4Sb13,87,71,68,30,61,skutterudite,1,skutterudite,,
Co4Sb13C3.3,19,9,11,10,9,unassignable,0,,skutterudite,elements outside rule: C
Co4Sb13C6,17,9,9,8,8,unassignable,0,,skutterudite,elements outside rule: C
Co4Sb13C7,19,9,7,10,6,unassignable,0,,skutterudite,elements outside rule: C
Co4Sn1.1Sb11,19,16,17,12,0,unassignable,0,,half_heusler,a required site is empty
Co4SnSb11,20,18,20,9,0,unassignable,0,,half_heusler,a required site is empty
Co5Si94,24,22,22,0,22,unassignable,0,,half_heusler,a required site is empty
Co7B3,3,3,0,0,0,unassignable,0,,skutterudite,elements outside rule: B
Co7Ni2.7Sb30,5,5,0,0,0,skutterudite,1,skutterudite,,
Co7Ni2.8Sb30,10,0,6,7,5,skutterudite,1,skutterudite,,
Co7O9,74,22,22,20,10,other_oxide,1,other_oxide,,
Co7Sb13,10,6,10,0,0,unassignable,0,,skutterudite,ratio spread 0.471 > 0.15
Co8.4Sb30,11,3,7,9,1,unassignable,0,,skutterudite,ratio spread 0.174 > 0.15
Co88Sb263S24,16,11,12,15,11,unassignable,0,,tetrahedrite,ratio spread 2.559 > 0.15
Co8Sn1.75Sb24,17,8,9,8,8,unassignable,0,,half_heusler,a required site is empty
Co92Sb277,16,13,15,6,9,skutterudite,1,skutterudite,,
Co92Sb277O23,20,11,15,18,15,unassignable,0,,skutterudite,elements outside rule: O
Co95Sb284,18,10,8,10,10,skutterudite,1,skutterudite,,
Co96Sb289,17,11,9,10,10,skutterudite,1,skutterudite,,
Co97Sb292,35,26,27,26,29,skutterudite,1,skutterudite,,
Co98Sb293,20,17,13,17,18,skutterudite,1,skutterudite,,
Co98Sb295,17,10,11,6,10,skutterudite,1,skutterudite,,
Co9Sb27S2,16,11,12,11,7,unassignable,0,,tetrahedrite,ratio spread 2.585 > 0.15
CoAs2,20,9,20,9,8,unassignable,0,,skutterudite,ratio spread 0.400 > 0.15
CoAs3,15,12,8,0,0,skutterudite,1,skutterudite,,
CoB,10,10,0,0,0,unassignable,0,,skutterudite,elements outside rule: B
CoCu2SnS4,14,9,0,8,8,unassignable,0,,tetrahedrite,elements outside rule: Sn
CoCuO2,14,14,0,0,0,other_oxide,1,other_oxide,,
CoGe6Sb3Te7,17,0,10,17,14,unassignable,0,,gete_type,elements outside rule: Co
CoNiSb,9,4,5,4,5,unassignable,0,,skutterudite,ratio spread 1.429 > 0.15
CoO2,4,4,0,0,0,other_oxide,1,other_oxide,,
CoO3,20,0,20,0,0,other_oxide,1,other_oxide,,
CoPdO2,17,6,5,6,0,other_oxide,1,other_oxide,,
CoS2,13,10,0,5,0,unassignable,0,,tetrahedrite,a required site is empty
CoSb12,16,12,12,5,6,unassignable,0,,skutterudite,ratio spread 1.200 > 0.15
CoSb2,49,41,14,12,6,unassignable,0,,skutterudite,ratio spread 0.400 > 0.15
CoSb3,13185,9031,8848,7148,7752,skutterudite,1,skutterudite,,
CoSb3As,10,9,9,9,8,unassignable,0,,skutterudite,ratio spread 0.286 > 0.15
CoSb4,21,15,9,8,10,unassignable,0,,skutterudite,ratio spread 0.286 > 0.15
CoSbAs,19,5,5,5,19,unassignable,0,,skutterudite,ratio spread 0.400 > 0.15
CoSbS,94,53,31,57,55,unassignable,0,,tetrahedrite,ratio spread 1.266 > 0.15
CoSi,148,92,94,45,33,unassignable,0,,half_heusler,a required site is empty
Cr,26,17,9,0,0,unassignable,0,,tm_silicide,a required site is empty
Cr0.091Si1Ge0.2,28,14,14,12,0,unassignable,0,,full_heusler,a required site is empty
Cr0.13Si0.87,20,20,20,0,0,unassignable,0,,tm_silicide,"X/M = 6.692 outside [1.7, 2.353]"
Cr0.15Si0.85,18,14,13,0,0,unassignable,0,,tm_silicide,"X/M = 5.667 outside [1.7, 2.353]"
Cr0.18Ni1.56,18,14,13,0,0,unassignable,0,,full_heusler,a required site is empty
Cr0.25Fe0.75Cu1O2,6,5,5,3,3,other_oxide,1,other_oxide,,
Cr0.25In0.75Cu1Se2,8,8,8,8,8,unassignable,0,,diamond_like_cu,elements outside rule: Cr
Cr0.28Si0.72,48,48,46,0,0,unassignable,0,,tm_silicide,"X/M = 2.571 outside [1.7, 2.353]"
Cr0.2Sb2Ru0.8,11,11,0,0,0,unassignable,0,,full_heusler,ratio spread 2.077 > 0.15
Cr0.33S1I0.67,19,19,19,0,0,unassignable,0,,tetradymite,"elements outside rule: Cr,I"
Cr0.33Si0.67,30,30,28,0,0,tm_silicide,1,tm_silicide,,
Cr0.35Si0.65,20,16,19,0,0,tm_silicide,1,tm_silicide,,
Cr0.3Sb2Ru0.7,8,8,0,0,0,unassignable,0,,full_heusler,ratio spread 1.925 > 0.15
Cr0.4Fe1.6Cu1O4,8,8,0,0,0,other_oxide,1,other_oxide,,
Cr0.4Sb2Ru0.6,10,10,0,0,0,unassignable,0,,full_heusler,ratio spread 1.889 > 0.15
Cr0.5Fe0.5Cu1O2,7,4,0,5,2,other_oxide,1,other_oxide,,
Cr0.5Fe1.5Cu1O4,8,8,0,0,0,other_oxide,1,other_oxide,,
Cr0.5In0.5Cu1Se2,8,8,8,8,8,unassignable,0,,diamond_like_cu,elements outside rule: Cr
Cr0.5Sb2Ru0.5,13,13,0,0,0,unassignable,0,,full_heusler,ratio spread 1.909 > 0.15
Cr0.6Sb2Ru0.4,8,8,0,0,0,unassignable,0,,full_heusler,ratio spread 1.929 > 0.15
Cr0.75Fe0.25Cu1O2,3,0,0,3,2,other_oxide,1,other_oxide,,
Cr0.75In0.25Cu1Se2,8,8,8,8,8,unassignable,0,,diamond_like_cu,elements outside rule: Cr
Cr0.75Si2Mo0.25,9,6,6,6,0,unassignable,0,,tm_silicide,elements outside rule: Mo
Cr0.7Fe1.3Co1O4,4,4,0,0,0,other_oxide,1,other_oxide,,
Cr0.7Sb2Ru0.3,9,9,0,0,0,unassignable,0,,full_heusler,ratio spread 1.947 > 0.15
Cr0.7Si2Mo0.3,10,6,6,6,6,unassignable,0,,tm_silicide,elements outside rule: Mo
Cr0.85Cu1O2,16,14,3,1,1,other_oxide,1,other_oxide,,
Cr0.85Si2,28,6,24,6,0,tm_silicide,1,tm_silicide,,
Cr0.8Sb2Ru0.2,9,9,0,0,0,unassignable,0,,full_heusler,ratio spread 1.966 > 0.15
Cr0.8Si2Mo0.2,10,6,6,6,6,unassignable,0,,tm_silicide,elements outside rule: Mo
Cr0.925Si2,19,0,19,0,0,tm_silicide,1,tm_silicide,,
Cr0.92Si2,29,0,26,0,3,tm_silicide,1,tm_silicide,,
Cr0.93Cu1O2,30,28,9,4,4,other_oxide,1,other_oxide,,
Cr0.93Si2,6,3,1,2,4,tm_silicide,1,tm_silicide,,
Cr0.94Cu1O2,12,6,9,4,2,other_oxide,1,other_oxide,,
Cr0.94Si2,36,0,36,0,0,tm_silicide,1,tm_silicide,,
Cr0.95Cu1O2,60,44,45,15,13,other_oxide,1,other_oxide,,
Cr0.95N1,7,5,5,4,0,unassignable,0,,tm_silicide,elements outside rule: N
Cr0.95Sb2,9,9,0,0,0,unassignable,0,,full_heusler,a required site is empty
Cr0.95Si2,35,9,24,9,9,tm_silicide,1,tm_silicide,,
Cr0.9Cu1O2,9,9,9,0,0,other_oxide,1,other_oxide,,
Cr0.9Fe1.1Co1O4,3,3,0,0,0,other_oxide,1,other_oxide,,
Cr0.9Mo0.1N1,4,0,0,4,0,unassignable,0,,tm_silicide,"elements outside rule: Mo,N"
Cr0.9Sb2,8,8,0,0,0,unassignable,0,,full_heusler,a required site is empty
Cr0.9Si1.9,17,0,17,0,0,tm_silicide,1,tm_silicide,,
Cr0.9Si2,61,9,44,14,14,tm_silicide,1,tm_silicide,,
Cr1.38In0.62Cu1Se4,7,7,0,0,0,unassignable,0,,diamond_like_cu,elements outside rule: Cr
Cr1.3Mo6S8,20,20,17,6,6,unassignable,0,,tetradymite,"elements outside rule: Cr,Mo"
Cr1.5Cu1Sb0.5S4,11,10,10,10,10,unassignable,0,,tetrahedrite,elements outside rule: Cr
Cr1.64Cu1Se4,6,6,0,0,0,unassignable,0,,cu2x_ag2x_liquid_like,elements outside rule: Cr
Cr1.78Cu1S4,10,10,10,10,10,unassignable,0,,cu2x_ag2x_liquid_like,elements outside rule: Cr
Cr1.79Cu1Se4,5,5,0,0,0,unassignable,0,,cu2x_ag2x_liquid_like,elements outside rule: Cr
Cr1.7Cu1S4,10,10,10,10,10,unassignable,0,,cu2x_ag2x_liquid_like,elements outside rule: Cr
Cr13Fe12,19,16,17,0,0,unassignable,0,,tm_silicide,a required site is empty
Cr13Fe7,15,9,15,0,0,unassignable,0,,tm_silicide,a required site is empty
Cr17Fe3,12,9,10,0,0,unassignable,0,,tm_silicide,a required site is empty
Cr19Fe6,15,10,11,0,0,unassignable,0,,tm_silicide,a required site is empty
Cr1Ag0.9Se2,10,9,9,7,6,unassignable,0,,cu2x_ag2x_liquid_like,elements outside rule: Cr
Cr1Cu1S2.1,9,8,8,0,0,unassignable,0,,cu2x_ag2x_liquid_like,elements outside rule: Cr
Cr1Fe0.8955Si2,5,5,5,0,0,unassignable,0,,tm_silicide,"X/M = 1.055 outside [1.7, 2.353]"
Cr1N0.91,20,20,20,1,0,unassignable,0,,tm_silicide,elements outside rule: N
Cr1Si1.9,30,17,30,10,0,tm_silicide,1,tm_silicide,,
Cr1Si2.1,2,0,2,0,0,tm_silicide,1,tm_silicide,,
Cr1Si2.2076,10,10,10,10,10,tm_silicide,1,tm_silicide,,
Cr22Fe3,6,4,3,0,0,unassignable,0,,tm_silicide,a required site is empty
Cr23Fe2,5,5,0,0,0,unassignable,0,,tm_silicide,a required site is empty
Cr2CdSe4,15,15,0,0,0,unassignable,0,,tetradymite,"elements outside rule: Cd,Cr"
Cr2CuTe4,6,6,0,0,0,unassignable,0,,cu2x_ag2x_liquid_like,elements outside rule: Cr
Cr2Fe0.41Cu0.59S4,6,6,0,0,0,unassignable,0,,tetrahedrite,elements outside rule: Cr
Cr2Fe0.55Cu0.45S4,10,10,0,0,0,unassignable,0,,tetrahedrite,elements outside rule: Cr
Cr2Fe0.86S4,6,6,0,0,0,unassignable,0,,tetrahedrite,elements outside rule: Cr
Cr2Fe0.94S4,8,8,0,0,0,unassignable,0,,tetrahedrite,elements outside rule: Cr
Cr2In0.54Cu0.46Se4,8,8,0,0,0,unassignable,0,,diamond_like_cu,elements outside rule: Cr
Cr2S3,28,10,10,12,10,unassignable,0,,tetradymite,elements outside rule: Cr
Cr2Se0.6S2.4,9,7,3,3,0,unassignable,0,,tetradymite,elements outside rule: Cr
Cr2Se0.9S2.1,8,5,0,5,0,unassignable,0,,tetradymite,elements outside rule: Cr
Cr2Se1.5S1.5,11,6,4,3,0,unassignable,0,,tetradymite,elements outside rule: Cr
Cr2Se2.4S0.6,14,11,6,3,0,unassignable,0,,tetradymite,elements outside rule: Cr
Cr2Se2.76,20,0,0,20,0,unassignable,0,,tetradymite,elements outside rule: Cr
Cr2Se2.7S0.3,20,0,0,20,0,unassignable,0,,tetradymite,elements outside rule: Cr
Cr2Se2.82,20,0,0,20,0,unassignable,0,,tetradymite,elements outside rule: Cr
Cr2Se3,308,6,0,304,0,unassignable,0,,tetradymite,elements outside rule: Cr
Cr31Fe19,16,12,14,0,0,unassignable,0,,tm_silicide,a required site is empty
Cr37Fe13,16,13,14,0,0,unassignable,0,,tm_silicide,a required site is empty
Cr39Fe11,18,11,15,0,0,unassignable,0,,tm_silicide,a required site is empty
Cr4Fe,23,12,11,0,0,unassignable,0,,tm_silicide,a required site is empty
Cr5Fe37B8,10,8,5,0,0,unassignable,0,,tm_silicide,elements outside rule: B
Cr5Fe74Co5B16,10,8,6,0,0,unassignable,0,,full_heusler,elements outside rule: B
Cr5Se8,10,8,8,5,6,unassignable,0,,tetradymite,elements outside rule: Cr
Cr7.5Co38B25,3,3,0,0,0,unassignable,0,,full_heusler,elements outside rule: B
Cr7.5Fe74B16,11,9,5,0,0,unassignable,0,,tm_silicide,elements outside rule: B
Cr77Fe23,10,5,10,0,0,unassignable,0,,tm_silicide,a required site is empty
Cr7Fe3,20,18,11,0,0,unassignable,0,,tm_silicide,a required site is empty
Cr81Fe19,11,5,11,0,0,unassignable,0,,tm_silicide,a required site is empty
Cr9Fe,9,6,9,0,0,unassignable,0,,tm_silicide,a required site is empty
CrAgSe2,42,32,32,19,26,unassignable,0,,cu2x_ag2x_liquid_like,elements outside rule: Cr
CrCuO2,111,76,49,21,13,other_oxide,1,other_oxide,,
CrCuS2,15,6,1,10,8,unassignable,0,,cu2x_ag2x_liquid_like,elements outside rule: Cr
CrCuSe2,50,47,48,48,50,unassignable,0,,cu2x_ag2x_liquid_like,elements outside rule: Cr
CrFeCoNi,5,5,5,2,2,unassignable,0,,full_heusler,a required site is empty
CrFeCoO4,3,3,0,0,0,other_oxide,1,other_oxide,,
CrFeCuNi2,19,14,6,1,16,unassignable,0,,full_heusler,a required site is empty
CrGeTe3,50,41,47,11,42,unassignable,0,,gete_type,elements outside rule: Cr
CrN,36,32,30,23,20,unassignable,0,,tm_silicide,elements outside rule: N
CrSb2,13,13,2,4,4,unassignable,0,,full_heusler,a required site is empty
CrSi12,4,4,0,0,0,unassignable,0,,tm_silicide,"X/M = 12.000 outside [1.7, 2.353]"
CrSi2,399,205,342,109,56,tm_silicide,1,tm_silicide,,
Cs(Bi2Te3)2,36,30,34,32,8,unassignable,0,,tetradymite,elements outside rule: Cs
Cs0.4K0.6V1O3,3,3,0,0,0,other_oxide,1,other_oxide,,
Cs0.6Ag0.8Bi2.2S4,5,2,0,3,0,unassignable,0,,tetrahedrite,elements outside rule: Cs
Cs0.732Pr2Cu5.272Te6,15,11,0,8,8,unassignable,0,,cu2x_ag2x_liquid_like,"elements outside rule: Cs,Pr"
Cs0.752La2Cu5.252Te6,10,9,0,5,9,unassignable,0,,bicuseo,elements outside rule: Cs
Cs0.772Ce2Cu5Te6,14,11,0,9,11,unassignable,0,,cu2x_ag2x_liquid_like,"elements outside rule: Ce,Cs"
Cs1.2Ag0.6Bi3.4S6,4,2,1,4,0,unassignable,0,,tetrahedrite,elements outside rule: Cs
Cs1Sn0.7Ge0.3I3,5,5,5,4,5,unassignable,0,,clathrate_type_i,elements outside rule: I
Cs1Sn0.8I3,5,5,5,3,4,unassignable,0,,clathrate_type_i,elements outside rule: I
Cs1Sn0.9I3,5,5,5,4,5,unassignable,0,,clathrate_type_i,elements outside rule: I
Cs1W1.67O6,5,1,0,5,0,other_oxide,1,other_oxide,,
Cs2HfI6,31,21,20,0,18,unassignable,0,,clathrate_type_i,"elements outside rule: Hf,I"
Cs2ZrI6,37,16,19,0,20,unassignable,0,,clathrate_type_i,"elements outside rule: I,Zr"
Cs4Al4Si19,4,3,0,3,0,unassignable,0,,clathrate_type_i,ratio spread 0.831 > 0.15
Cs4Cu3Bi9S17,10,0,0,10,0,unassignable,0,,tetrahedrite,elements outside rule: Cs
Cs4Na5Ge68,12,3,3,3,3,unassignable,0,,clathrate_type_i,a required site is empty
CsAg5TeS2,11,0,11,0,0,unassignable,0,,cu2x_ag2x_liquid_like,elements outside rule: Cs
CsBi3Se5,10,10,0,0,0,unassignable,0,,tetradymite,elements outside rule: Cs
CsBi3Te7Pb2,3,3,2,0,0,unassignable,0,,gete_type,elements outside rule: Cs
CsCd(BiSe2)3,17,17,0,0,0,unassignable,0,,tetradymite,"elements outside rule: Cd,Cs"
CsCu5Se3,90,46,46,47,46,unassignable,0,,cu2x_ag2x_liquid_like,elements outside rule: Cs
CsCuMo6Se7,8,0,7,4,0,unassignable,0,,cu2x_ag2x_liquid_like,"elements outside rule: Cs,Mo"
CsFeCuSe2N,15,0,0,0,15,unassignable,0,,tetrahedrite,"elements outside rule: Cs,N"
CsMo6Se7,6,0,5,4,0,unassignable,0,,tetradymite,"elements outside rule: Cs,Mo"
CsNa2Ge17,19,19,19,0,0,unassignable,0,,clathrate_type_i,a required site is empty
CsSiN,4,4,0,0,0,unassignable,0,,clathrate_type_i,elements outside rule: N
CsSnI3,47,41,39,35,36,unassignable,0,,clathrate_type_i,elements outside rule: I
CsTaWO6,5,0,0,5,0,other_oxide,1,other_oxide,,
CsTePbN,3,2,0,3,2,unassignable,0,,gete_type,"elements outside rule: Cs,N"
CsTmCl3,5,5,0,0,5,unassignable,0,,half_heusler,"elements outside rule: Cl,Cs"
CsVO3,5,5,0,0,0,other_oxide,1,other_oxide,,
Cu,168,168,0,0,0,unassignable,0,,cu2x_ag2x_liquid_like,a required site is empty
Cu(Mo3Se4)2,7,0,0,0,7,unassignable,0,,cu2x_ag2x_liquid_like,elements outside rule: Mo
Cu(Te4Mo3)2,17,8,5,9,5,unassignable,0,,cu2x_ag2x_liquid_like,elements outside rule: Mo
Cu0.12Sn0.94Te1,19,11,0,9,18,unassignable,0,,diamond_like_cu,ratio spread 1.980 > 0.15
Cu0.14Sn0.8835Te1,119,70,76,78,72,unassignable,0,,diamond_like_cu,ratio spread 1.897 > 0.15
Cu0.15Ge0.85Sb0.15Te0.85Se0.3,9,8,5,8,6,unassignable,0,,iv_vi_rocksalt,elements outside rule: Cu
Cu0.15Ni0.85,6,6,0,0,0,unassignable,0,,clathrate_type_i,a required site is empty
Cu0.18Sn0.8645Te1,13,10,10,10,10,unassignable,0,,diamond_like_cu,ratio spread 1.804 > 0.15
Cu0.18Te1Pb1,19,19,19,19,19,unassignable,0,,bicuseo,a required site is empty
Cu0.1Ge0.85Te1,10,6,0,10,6,unassignable,0,,gete_type,elements outside rule: Cu
Cu0.204Mo1S2,4,4,0,0,0,unassignable,0,,cu2x_ag2x_liquid_like,elements outside rule: Mo
Cu0.24Te1Pb1Se0.12,19,18,18,19,19,unassignable,0,,bicuseo,a required site is empty
Cu0.25Ni0.75,19,19,0,0,0,unassignable,0,,clathrate_type_i,a required site is empty
Cu0.2Ag1.77Te1,12,12,12,6,6,cu2x_ag2x_liquid_like,1,cu2x_ag2x_liquid_like,,
Cu0.2Ag1.8Te1,7,4,6,6,6,cu2x_ag2x_liquid_like,1,cu2x_ag2x_liquid_like,,
Cu0.2Ge0.8Sb0.2Te0.8Se0.4,9,6,5,0,0,unassignable,0,,iv_vi_rocksalt,elements outside rule: Cu
Cu0.36Bi2Te2.7Se0.3,5,0,0,5,5,unassignable,0,,i_v_vi2,ratio spread 1.275 > 0.15
Cu0.3Bi0.5Sb1.2Te3,10,10,0,8,8,unassignable,0,,i_v_vi2,ratio spread 1.200 > 0.15
Cu0.4Ag1.57Te1,12,12,12,4,6,cu2x_ag2x_liquid_like,1,cu2x_ag2x_liquid_like,,
Cu0.4Ag1.6Te1,6,6,4,6,6,cu2x_ag2x_liquid_like,1,cu2x_ag2x_liquid_like,,
Cu0.4Bi0.45Sb1.35Te3,10,10,10,10,10,unassignable,0,,i_v_vi2,ratio spread 1.135 > 0.15
Cu0.4Bi0.5Sb1.1Te3,20,20,0,7,8,unassignable,0,,i_v_vi2,ratio spread 1.029 > 0.15
Cu0.53Ni0.47,28,24,10,0,12,unassignable,0,,clathrate_type_i,a required site is empty
Cu0.53Ni0.47O0.08,16,9,9,0,5,unassignable,0,,clathrate_type_i,elements outside rule: O
Cu0.53Si0.08Ni0.47O0.16,14,12,8,0,4,unassignable,0,,clathrate_type_i,elements outside rule: O
Cu0.53Si0.11Ni0.47O0.22,13,0,10,0,4,unassignable,0,,clathrate_type_i,elements outside rule: O
Cu0.58Se0.42,4,3,3,0,0,unassignable,0,,cu2x_ag2x_liquid_like,ratio spread 0.366 > 0.2
Cu0.5Bi0.4Sb1.6Te3.3,5,5,5,4,4,unassignable,0,,i_v_vi2,ratio spread 1.084 > 0.15
Cu0.68Se0.32,6,5,4,0,0,cu2x_ag2x_liquid_like,1,cu2x_ag2x_liquid_like,,
Cu0.6Ag1.37Te1,37,36,28,5,4,cu2x_ag2x_liquid_like,1,cu2x_ag2x_liquid_like,,
Cu0.6Ag1.4Te1,6,6,4,6,5,cu2x_ag2x_liquid_like,1,cu2x_ag2x_liquid_like,,
Cu0.6Bi2Te2.7Se0.3,3,0,0,3,3,unassignable,0,,i_v_vi2,ratio spread 1.024 > 0.15
Cu0.75Se0.25,4,3,4,0,0,unassignable,0,,cu2x_ag2x_liquid_like,ratio spread 0.400 > 0.2
Cu0.85Bi0.4Sb1.6Te3.5,5,5,5,4,5,unassignable,0,,i_v_vi2,ratio spread 0.750 > 0.15
Cu0.85Bi0.875Se1O1,14,10,6,11,9,other_oxide,1,other_oxide,,
Cu0.875Bi0.875Se1O1,22,0,3,9,10,bicuseo,2,bicuseo;other_oxide,,
Cu0.875Bi1Se1O1,12,6,6,7,6,bicuseo,2,bicuseo;other_oxide,,
Cu0.8Ag1.2Te1,6,6,6,4,6,cu2x_ag2x_liquid_like,1,cu2x_ag2x_liquid_like,,
Cu0.8Bi0.4Sb1.2Te3,10,10,10,10,10,unassignable,0,,i_v_vi2,ratio spread 0.615 > 0.15
Cu0.8Ni0.2Bi0.875Se1O1,16,6,8,10,10,other_oxide,1,other_oxide,,
Cu0.925Ag0.925Te0.9,11,8,6,9,9,cu2x_ag2x_liquid_like,1,cu2x_ag2x_liquid_like,,
Cu0.925Bi0.925Se1O1,30,0,10,10,10,bicuseo,2,bicuseo;other_oxide,,
Cu0.925Bi1Se1O1,64,24,11,23,23,bicuseo,2,bicuseo;other_oxide,,
Cu0.92Bi0.92Se1O1,90,30,30,30,30,bicuseo,2,bicuseo;other_oxide,,
Cu0.92O1,28,12,6,0,10,other_oxide,1,other_oxide,,
Cu0.94Bi0.94Se1O1,90,30,26,29,30,bicuseo,2,bicuseo;other_oxide,,
Cu0.94Bi1Se1O1,10,6,10,10,10,bicuseo,2,bicuseo;other_oxide,,
Cu0.94Ni0.68,8,8,0,0,0,unassignable,0,,clathrate_type_i,a required site is empty
Cu0.94O1,28,11,5,5,7,other_oxide,1,other_oxide,,
Cu0.95Ag1Te1,7,5,5,5,5,cu2x_ag2x_liquid_like,1,cu2x_ag2x_liquid_like,,
Cu0.95Bi0.875Se1O1,10,5,5,5,5,bicuseo,2,bicuseo;other_oxide,,
Cu0.95Bi0.95Se1O1,27,0,7,10,10,bicuseo,2,bicuseo;other_oxide,,
Cu0.95Bi1Se1O1,46,20,7,18,17,bicuseo,2,bicuseo;other_oxide,,
Cu0.95O0.95,5,0,0,0,5,other_oxide,1,other_oxide,,
Cu0.95O1,6,3,1,0,6,other_oxide,1,other_oxide,,
Cu0.9Ag1Te1,6,4,4,4,4,cu2x_ag2x_liquid_like,1,cu2x_ag2x_liquid_like,,
Cu0.9Bi0.875Se1O1,15,8,9,10,10,bicuseo,2,bicuseo;other_oxide,,
Cu0.9Bi0.9Se1O1,31,10,11,20,20,bicuseo,2,bicuseo;other_oxide,,
Cu0.9Bi1Se1O1,81,34,22,33,33,bicuseo,2,bicuseo;other_oxide,,
Cu1.06Bi0.9024Se1O0.94,46,12,12,10,12,other_oxide,1,other_oxide,,
Cu1.17Bi2.28Te3,5,5,5,4,5,unassignable,0,,i_v_vi2,ratio spread 0.673 > 0.15
Cu1.25Te1,5,5,5,5,5,unassignable,0,,cu2x_ag2x_liquid_like,ratio spread 0.462 > 0.2
Cu1.38Mo6Se8,38,20,16,21,35,unassignable,0,,cu2x_ag2x_liquid_like,elements outside rule: Mo
Cu1.3Bi5Se8,6,4,5,5,6,unassignable,0,,i_v_vi2,ratio spread 1.078 > 0.15
Cu1.4Bi5Se8,6,4,6,4,6,unassignable,0,,i_v_vi2,ratio spread 1.038 > 0.15
Cu1.55S1,11,7,6,4,0,unassignable,0,,cu2x_ag2x_liquid_like,ratio spread 0.254 > 0.2
Cu1.56Ag0.4Se0.3S0.7,15,6,6,9,9,cu2x_ag2x_liquid_like,1,cu2x_ag2x_liquid_like,,
Cu1.576Bi4.6S8,19,13,15,13,15,unassignable,0,,i_v_vi2,ratio spread 0.892 > 0.15
Cu1.57Ag0.4Se0.3S0.7,12,7,6,8,10,cu2x_ag2x_liquid_like,1,cu2x_ag2x_liquid_like,,
Cu1.58Ag0.4Se0.3S0.7,9,8,6,5,8,cu2x_ag2x_liquid_like,1,cu2x_ag2x_liquid_like,,
Cu1.592Bi4.6S8,21,13,12,14,15,unassignable,0,,i_v_vi2,ratio spread 0.885 > 0.15
Cu1.59Ag0.4Se0.3S0.7,18,9,9,8,9,cu2x_ag2x_liquid_like,1,cu2x_ag2x_liquid_like,,
Cu1.59Se1,9,5,5,5,5,unassignable,0,,cu2x_ag2x_liquid_like,ratio spread 0.228 > 0.2
Cu1.5Bi5Se8,6,6,6,4,6,unassignable,0,,i_v_vi2,ratio spread 1.000 > 0.15
Cu1.5S1,12,7,6,6,0,unassignable,0,,cu2x_ag2x_liquid_like,ratio spread 0.286 > 0.2
Cu1.5Se1,8,5,5,5,4,unassignable,0,,cu2x_ag2x_liquid_like,ratio spread 0.286 > 0.2
Cu1.6745Bi4.7Se8,27,19,25,11,12,unassignable,0,,i_v_vi2,ratio spread 0.875 > 0.15
Cu1.6915Bi4.7Se8,27,27,25,14,13,unassignable,0,,i_v_vi2,ratio spread 0.869 > 0.15
Cu1.6Ag0.4Se0.3S0.7,12,5,3,5,8,cu2x_ag2x_liquid_like,1,cu2x_ag2x_liquid_like,,
Cu1.6Bi4.531S8,16,16,13,12,16,unassignable,0,,i_v_vi2,ratio spread 0.868 > 0.15
Cu1.6Bi4.577S8,16,15,16,12,16,unassignable,0,,i_v_vi2,ratio spread 0.878 > 0.15
Cu1.6Bi4.6S8,25,23,22,20,19,unassignable,0,,i_v_vi2,ratio spread 0.882 > 0.15
Cu1.6Bi5Se8,6,6,5,5,0,unassignable,0,,i_v_vi2,ratio spread 0.962 > 0.15
Cu1.6S1,10,7,6,4,0,unassignable,0,,cu2x_ag2x_liquid_like,ratio spread 0.222 > 0.2
Cu1.6Te1,5,4,4,3,4,unassignable,0,,cu2x_ag2x_liquid_like,ratio spread 0.222 > 0.2
Cu1.73S1,8,8,8,7,8,cu2x_ag2x_liquid_like,1,cu2x_ag2x_liquid_like,,
Cu1.75S1,8,6,6,4,5,cu2x_ag2x_liquid_like,1,cu2x_ag2x_liquid_like,,
Cu1.75Se1,48,31,32,22,22,cu2x_ag2x_liquid_like,1,cu2x_ag2x_liquid_like,,
Cu1.75Sn0.75Se2.75,11,11,11,11,11,unassignable,0,,diamond_like_cu,ratio spread 0.197 > 0.15
Cu1.75Te1,15,15,15,14,14,cu2x_ag2x_liquid_like,1,cu2x_ag2x_liquid_like,,
Cu1.76S1,9,8,8,8,5,cu2x_ag2x_liquid_like,1,cu2x_ag2x_liquid_like,,
Cu1.7Bi4.6745Se8,24,24,23,14,14,unassignable,0,,i_v_vi2,ratio spread 0.860 > 0.15
Cu1.7Bi4.6915Se8,26,25,25,14,14,unassignable,0,,i_v_vi2,ratio spread 0.864 > 0.15
Cu1.7Bi4.7Se8,36,31,30,22,26,unassignable,0,,i_v_vi2,ratio spread 0.865 > 0.15
Cu1.7S1,15,13,11,12,12,cu2x_ag2x_liquid_like,1,cu2x_ag2x_liquid_like,,
Cu1.82Sn0.76Se3,17,17,17,9,17,unassignable,0,,diamond_like_cu,ratio spread 0.270 > 0.15
Cu1.82Sn0.8645Se3,30,30,30,30,30,diamond_like_cu,1,diamond_like_cu,,
Cu1.82Sn0.8827Se3,20,20,20,20,20,diamond_like_cu,1,diamond_like_cu,,
Cu1.82Sn0.91Se3,10,10,10,10,10,diamond_like_cu,1,diamond_like_cu,,
Cu1.84S1,17,9,9,9,10,cu2x_ag2x_liquid_like,1,cu2x_ag2x_liquid_like,,
Cu1.84Se1,17,9,9,8,8,cu2x_ag2x_liquid_like,1,cu2x_ag2x_liquid_like,,
Cu1.85S1,7,7,7,7,7,cu2x_ag2x_liquid_like,1,cu2x_ag2x_liquid_like,,
Cu1.85Se1,6,0,6,0,0,cu2x_ag2x_liquid_like,1,cu2x_ag2x_liquid_like,,
Cu1.85Sn0.85Se2.85,11,11,11,11,11,diamond_like_cu,1,diamond_like_cu,,
Cu1.85Sn0.85Se3,10,10,10,10,10,unassignable,0,,diamond_like_cu,ratio spread 0.162 > 0.15
Cu1.85Sn0.8Se3,10,10,10,10,10,unassignable,0,,diamond_like_cu,ratio spread 0.220 > 0.15
Cu1.85Sn0.95Se3,10,10,10,10,10,diamond_like_cu,1,diamond_like_cu,,
Cu1.85Sn0.9Se3,11,10,10,6,10,diamond_like_cu,1,diamond_like_cu,,
Cu1.85Sn1Se3,12,12,11,12,12,diamond_like_cu,1,diamond_like_cu,,
Cu1.86S1,16,10,10,7,8,cu2x_ag2x_liquid_like,1,cu2x_ag2x_liquid_like,,
Cu1.86Se1,26,14,14,13,16,cu2x_ag2x_liquid_like,1,cu2x_ag2x_liquid_like,,
Cu1.86Sn0.93Se3,11,10,11,10,10,diamond_like_cu,1,diamond_like_cu,,
Cu1.885S1,16,10,10,10,10,cu2x_ag2x_liquid_like,1,cu2x_ag2x_liquid_like,,
Cu1.88S1,18,10,10,10,10,cu2x_ag2x_liquid_like,1,cu2x_ag2x_liquid_like,,
Cu1.88Se1,19,10,10,9,9,cu2x_ag2x_liquid_like,1,cu2x_ag2x_liquid_like,,
Cu1.89S1,17,10,10,10,10,cu2x_ag2x_liquid_like,1,cu2x_ag2x_liquid_like,,
Cu1.8Bi4.65Se8,6,4,4,5,6,unassignable,0,,i_v_vi2,ratio spread 0.818 > 0.15
Cu1.8S0.9,14,8,8,6,8,cu2x_ag2x_liquid_like,1,cu2x_ag2x_liquid_like,,
Cu1.8S1,274,192,194,158,174,cu2x_ag2x_liquid_like,1,cu2x_ag2x_liquid_like,,
Cu1.8Se0.3S0.7,15,9,9,9,9,cu2x_ag2x_liquid_like,1,cu2x_ag2x_liquid_like,,
Cu1.8Se0.5S0.5,15,9,10,10,8,cu2x_ag2x_liquid_like,1,cu2x_ag2x_liquid_like,,
Cu1.8Se0.7S0.3,18,10,10,10,10,cu2x_ag2x_liquid_like,1,cu2x_ag2x_liquid_like,,
Cu1.8Se1,47,30,28,22,20,cu2x_ag2x_liquid_like,1,cu2x_ag2x_liquid_like,,
Cu1.8Sn0.76Se2.8,22,22,22,22,22,unassignable,0,,diamond_like_cu,ratio spread 0.201 > 0.15
Cu1.8Sn0.776Se2.8,32,31,32,32,32,unassignable,0,,diamond_like_cu,ratio spread 0.181 > 0.15
Cu1.8Sn0.8Se2.8,11,11,11,11,11,unassignable,0,,diamond_like_cu,ratio spread 0.152 > 0.15
Cu1.8Sn1Se3,6,6,4,6,6,diamond_like_cu,1,diamond_like_cu,,
Cu1.9Bi4.6Se8,6,6,6,4,6,unassignable,0,,i_v_vi2,ratio spread 0.771 > 0.15
Cu1.9S1,75,45,46,37,36,cu2x_ag2x_liquid_like,1,cu2x_ag2x_liquid_like,,
Cu1.9Se1,37,28,28,24,24,cu2x_ag2x_liquid_like,1,cu2x_ag2x_liquid_like,,
Cu1.9Sn0.95Se3,10,10,10,10,10,diamond_like_cu,1,diamond_like_cu,,
Cu1.9Sn1Se3,6,6,5,6,6,diamond_like_cu,1,diamond_like_cu,,
Cu100Se189,11,10,9,7,9,unassignable,0,,cu2x_ag2x_liquid_like,ratio spread 1.163 > 0.2
Cu10As3.23S13,5,0,0,5,0,unassignable,0,,tetrahedrite,ratio spread 0.219 > 0.15
Cu10Ni1.5Sb4S13,22,19,17,17,18,tetrahedrite,1,tetrahedrite,,
Cu10Ni2Sb4S13,26,18,14,13,18,tetrahedrite,1,tetrahedrite,,
Cu10Ni4S13,17,16,16,16,14,unassignable,0,,tetrahedrite,a required site is empty
Cu10Sb2.53S13,3,0,0,3,0,unassignable,0,,diamond_like_cu,ratio spread 0.264 > 0.15
Cu10Sb3.35S13,2,2,0,2,2,diamond_like_cu,1,diamond_like_cu,,
Cu10Sb4S13,37,27,28,27,36,unassignable,0,,tetrahedrite,ratio spread 0.176 > 0.15
Cu10Se19,13,9,7,9,9,unassignable,0,,cu2x_ag2x_liquid_like,ratio spread 1.167 > 0.2
Cu10Te89Pb81,15,6,10,10,10,unassignable,0,,bicuseo,a required site is empty
Cu11(Te20Pb19)5,10,10,10,0,10,unassignable,0,,bicuseo,a required site is empty
Cu111Ag89Te100,6,6,4,6,5,cu2x_ag2x_liquid_like,1,cu2x_ag2x_liquid_like,,
Cu11Ni9,9,5,4,3,7,unassignable,0,,clathrate_type_i,a required site is empty
Cu11Sb3.59S13,14,8,7,9,10,tetrahedrite,2,tetrahedrite;diamond_like_cu,,
Cu11Sb3.5S13,8,5,8,5,7,tetrahedrite,2,tetrahedrite;diamond_like_cu,,
Cu11Sb4S13,116,88,72,77,85,tetrahedrite,1,tetrahedrite,,
Cu11Se21,47,28,27,28,24,unassignable,0,,cu2x_ag2x_liquid_like,ratio spread 1.170 > 0.2
Cu12Ge3S16,17,14,15,11,15,unassignable,0,,cu2x_ag2x_liquid_like,elements outside rule: Ge
Cu12Sb2.15Te1.85S13,10,9,9,8,9,unassignable,0,,diamond_like_cu,ratio spread 0.563 > 0.15
Cu12Sb2.19Te1.81S13,9,8,9,6,9,unassignable,0,,diamond_like_cu,ratio spread 0.549 > 0.15
Cu12Sb2.21Te1.79S13,9,9,7,9,8,unassignable,0,,diamond_like_cu,ratio spread 0.542 > 0.15
Cu12Sb2.59S13,10,9,10,8,8,unassignable,0,,tetrahedrite,ratio spread 0.399 > 0.15
Cu12Sb2.6S13,9,9,8,8,8,unassignable,0,,tetrahedrite,ratio spread 0.396 > 0.15
Cu12Sb2.75S13,9,9,8,7,8,unassignable,0,,tetrahedrite,ratio spread 0.349 > 0.15
Cu12Sb3.23S13,14,8,9,8,9,unassignable,0,,tetrahedrite,ratio spread 0.206 > 0.15
Cu12Sb3.25S13,10,9,6,7,8,unassignable,0,,tetrahedrite,ratio spread 0.200 > 0.15
Cu12Sb3.2S13,15,14,14,11,14,unassignable,0,,tetrahedrite,ratio spread 0.214 > 0.15
Cu12Sb3.38S13,14,8,9,8,9,unassignable,0,,tetrahedrite,ratio spread 0.163 > 0.15
Cu12Sb3.39S13,9,9,8,8,8,unassignable,0,,tetrahedrite,ratio spread 0.161 > 0.15
Cu12Sb3.48S13,9,9,8,5,8,tetrahedrite,1,tetrahedrite,,
Cu12Sb3.4S13,7,6,6,6,6,unassignable,0,,tetrahedrite,ratio spread 0.158 > 0.15
Cu12Sb3.5S13,23,16,17,17,18,tetrahedrite,1,tetrahedrite,,
Cu12Sb3.6S13,13,11,10,10,11,tetrahedrite,1,tetrahedrite,,
Cu12Sb3.7S13,5,5,4,5,5,tetrahedrite,1,tetrahedrite,,
Cu12Sb3.8S13,11,11,11,10,11,tetrahedrite,1,tetrahedrite,,
Cu12Sb3S13,54,44,43,40,43,unassignable,0,,tetrahedrite,ratio spread 0.273 > 0.15
Cu12Sb4S13,643,448,410,413,442,tetrahedrite,1,tetrahedrite,,
Cu12Sb4Se2S11,10,9,9,9,9,tetrahedrite,1,tetrahedrite,,
Cu12Sn3S16,30,18,18,15,16,unassignable,0,,diamond_like_cu,ratio spread 0.628 > 0.15
Cu133Ag67Te100,6,6,4,6,4,cu2x_ag2x_liquid_like,1,cu2x_ag2x_liquid_like,,
Cu13Ge3S16,82,57,67,53,67,unassignable,0,,cu2x_ag2x_liquid_like,elements outside rule: Ge
Cu13Sb4.2S13,9,9,9,9,9,tetrahedrite,1,tetrahedrite,,
Cu13Sb4S13,12,12,12,11,11,tetrahedrite,1,tetrahedrite,,
Cu13Sn3S16,123,88,85,110,102,unassignable,0,,diamond_like_cu,ratio spread 0.708 > 0.15
Cu14Pb93Se100,11,11,11,11,11,unassignable,0,,bicuseo,a required site is empty
Cu14Sb4.3S13,9,9,9,9,9,unassignable,0,,tetrahedrite,ratio spread 0.154 > 0.15
Cu14Sb4S13,24,24,24,22,22,unassignable,0,,tetrahedrite,ratio spread 0.158 > 0.15
Cu14Se11,4,3,3,0,0,unassignable,0,,cu2x_ag2x_liquid_like,ratio spread 0.444 > 0.2
Cu14Te100Pb93,11,10,10,0,10,unassignable,0,,bicuseo,a required site is empty
Cu160S89O23,9,8,8,7,7,unassignable,0,,bicuseo,a required site is empty
Cu17(Te25Pb23)4,10,10,10,0,10,unassignable,0,,bicuseo,a required site is empty
Cu181Se91,9,0,9,5,9,cu2x_ag2x_liquid_like,1,cu2x_ag2x_liquid_like,,
Cu195Se97,14,5,14,13,13,cu2x_ag2x_liquid_like,1,cu2x_ag2x_liquid_like,,
Cu197Se103,19,18,17,14,15,cu2x_ag2x_liquid_like,1,cu2x_ag2x_liquid_like,,
Cu199Se100,25,15,15,14,14,cu2x_ag2x_liquid_like,1,cu2x_ag2x_liquid_like,,
Cu199Se101,19,19,19,14,15,cu2x_ag2x_liquid_like,1,cu2x_ag2x_liquid_like,,
Cu199Se99,18,6,8,9,9,cu2x_ag2x_liquid_like,1,cu2x_ag2x_liquid_like,,
Cu19Pb91Se100,11,11,11,11,11,unassignable,0,,bicuseo,a required site is empty
Cu19Se11,20,19,19,10,15,cu2x_ag2x_liquid_like,1,cu2x_ag2x_liquid_like,,
Cu19Si,6,6,0,0,0,unassignable,0,,clathrate_type_i,a required site is empty
Cu1Ag1Se0.85,7,6,6,6,7,cu2x_ag2x_liquid_like,1,cu2x_ag2x_liquid_like,,
Cu1Ag1Se0.9,7,4,6,5,7,cu2x_ag2x_liquid_like,1,cu2x_ag2x_liquid_like,,
Cu1Ag1Se0.95,7,6,6,3,6,cu2x_ag2x_liquid_like,1,cu2x_ag2x_liquid_like,,
Cu1Ag1Te0.9,121,35,30,90,104,cu2x_ag2x_liquid_like,1,cu2x_ag2x_liquid_like,,
Cu1Bi0.176Se1.8O0.2,11,10,9,9,10,unassignable,0,,bicuseo,ratio spread 2.045 > 0.15
Cu1Bi0.264Se1.7O0.3,11,9,9,9,8,unassignable,0,,bicuseo,ratio spread 1.760 > 0.15
Cu1Bi0.66Se1.34O0.66,12,10,9,10,7,unassignable,0,,bicuseo,ratio spread 0.743 > 0.15
Cu1Bi0.73Se1.27O0.73,12,10,6,10,10,unassignable,0,,bicuseo,ratio spread 0.579 > 0.15
Cu1Bi0.76Se1.24O0.76,12,10,11,10,10,other_oxide,1,other_oxide,,
Cu1Bi0.7Se1.3O0.7,15,10,8,10,8,unassignable,0,,bicuseo,ratio spread 0.649 > 0.15
Cu1Bi0.825Se1O1,30,22,22,13,16,other_oxide,1,other_oxide,,
Cu1Bi0.84Se1O1,49,32,32,32,42,other_oxide,1,other_oxide,,
Cu1Bi0.85Se1O0.85,8,8,8,8,8,other_oxide,1,other_oxide,,
Cu1Bi0.85Se1O1,129,90,89,75,80,other_oxide,1,other_oxide,,
Cu1Bi0.86Se1O1,10,0,0,0,10,bicuseo,2,bicuseo;other_oxide,,
Cu1Bi0.875Se1O1,288,183,216,189,219,bicuseo,2,bicuseo;other_oxide,,
Cu1Bi0.88Se1O1,95,75,74,56,66,bicuseo,2,bicuseo;other_oxide,,
Cu1Bi0.8Pb0.2Se1O1,25,14,14,7,17,bicuseo,2,bicuseo;other_oxide,,
Cu1Bi0.8Se1O1,18,15,15,10,15,other_oxide,1,other_oxide,,
Cu1Bi0.905Se1O1,32,9,9,5,9,bicuseo,2,bicuseo;other_oxide,,
Cu1Bi0.91Se1O1,11,11,10,0,0,bicuseo,2,bicuseo;other_oxide,,
Cu1Bi0.9216Se1O1,43,10,11,10,12,bicuseo,2,bicuseo;other_oxide,,
Cu1Bi0.925Se1O0.925,19,9,10,10,9,bicuseo,2,bicuseo;other_oxide,,
Cu1Bi0.925Se1O1,217,112,117,101,104,bicuseo,2,bicuseo;other_oxide,,
Cu1Bi0.92Se1O1,254,188,182,166,167,bicuseo,2,bicuseo;other_oxide,,
Cu1Bi0.93Se1O1,11,11,11,10,10,bicuseo,2,bicuseo;other_oxide,,
Cu1Bi0.9408Se1O1,46,12,12,10,12,bicuseo,2,bicuseo;other_oxide,,
Cu1Bi0.945Se1O1,35,9,9,9,8,bicuseo,2,bicuseo;other_oxide,,
Cu1Bi0.94Se1O1,421,246,243,214,226,bicuseo,2,bicuseo;other_oxide,,
Cu1Bi0.94Te1O1,12,6,6,7,6,bicuseo,2,bicuseo;other_oxide,,
Cu1Bi0.95S1O1,12,7,5,7,7,bicuseo,2,bicuseo;other_oxide,,
Cu1Bi0.95Se1O0.95,17,8,9,9,9,bicuseo,2,bicuseo;other_oxide,,
Cu1Bi0.95Se1O1,202,122,123,94,88,bicuseo,2,bicuseo;other_oxide,,
Cu1Bi0.9Se1O1,340,211,203,205,195,bicuseo,2,bicuseo;other_oxide,,
Cu1Bi1Se0.85O1,13,13,12,13,13,other_oxide,1,other_oxide,,
Cu1Bi1Se0.92O1,10,9,6,10,8,bicuseo,2,bicuseo;other_oxide,,
Cu1Bi1Se0.94O1,10,9,10,10,10,bicuseo,2,bicuseo;other_oxide,,
Cu1Bi1Se0.95O1,6,3,1,3,3,bicuseo,2,bicuseo;other_oxide,,
Cu1Bi1Se0.9O1,41,19,9,15,19,bicuseo,2,bicuseo;other_oxide,,
Cu1Bi1Te0.2Se0.8O1,37,17,10,17,17,bicuseo,2,bicuseo;other_oxide,,
Cu1Bi1Te0.3Se0.7O1,29,10,3,6,10,bicuseo,2,bicuseo;other_oxide,,
Cu1Bi1Te0.4Se0.6O1,34,10,4,10,10,bicuseo,2,bicuseo;other_oxide,,
Cu1Bi1Te1O0.84,9,7,9,5,6,other_oxide,1,other_oxide,,
Cu1Bi1Te1O0.88,9,9,9,7,9,bicuseo,2,bicuseo;other_oxide,,
Cu1Bi2.23Te3,5,4,5,5,5,unassignable,0,,i_v_vi2,ratio spread 0.780 > 0.15
Cu1C0.7O1,11,9,8,4,0,other_oxide,1,other_oxide,,
Cu1Rh0.95O2,20,17,19,0,0,other_oxide,1,other_oxide,,
Cu1Rh0.9O2,62,52,30,4,4,other_oxide,1,other_oxide,,
Cu1Sb0.88Se2,8,8,8,8,8,i_v_vi2,1,i_v_vi2,,
Cu1Sb0.91Se2,9,8,6,7,7,i_v_vi2,1,i_v_vi2,,
Cu1Sb0.94Se2,6,5,6,6,6,i_v_vi2,1,i_v_vi2,,
Cu2.13Sn0.87Se3,17,13,10,14,14,unassignable,0,,diamond_like_cu,ratio spread 0.199 > 0.15
Cu2.15S1.15,60,47,42,3,6,cu2x_ag2x_liquid_like,1,cu2x_ag2x_liquid_like,,
Cu2.1Se1,10,10,9,3,5,cu2x_ag2x_liquid_like,1,cu2x_ag2x_liquid_like,,
Cu2.1Sn0.9Se3,17,15,12,11,14,unassignable,0,,diamond_like_cu,ratio spread 0.153 > 0.15
Cu2.1Sn1Se4,17,16,16,10,10,unassignable,0,,diamond_like_cu,ratio spread 0.296 > 0.15
Cu2.21Sn0.74Se3,17,17,17,9,17,unassignable,0,,diamond_like_cu,ratio spread 0.385 > 0.15
Cu2.3S1.3,62,55,48,3,10,cu2x_ag2x_liquid_like,1,cu2x_ag2x_liquid_like,,
Cu2.3Se1,5,5,5,0,0,cu2x_ag2x_liquid_like,1,cu2x_ag2x_liquid_like,,
Cu2.5Mo6S8,20,20,18,6,6,unassignable,0,,cu2x_ag2x_liquid_like,elements outside rule: Mo
Cu2.63Bi10Se16,11,11,11,10,11,unassignable,0,,i_v_vi2,ratio spread 1.072 > 0.15
Cu2.73Bi10Se16,12,11,11,11,11,unassignable,0,,i_v_vi2,ratio spread 1.052 > 0.15
Cu2.75Sb0.94Se4,13,8,8,7,7,diamond_like_cu,1,diamond_like_cu,,
Cu2.75Sb1Se4,8,4,4,4,4,diamond_like_cu,1,diamond_like_cu,,
Cu2.79Sb1Se4,13,7,6,7,7,diamond_like_cu,1,diamond_like_cu,,
Cu2.7Sn1S4,13,7,12,6,0,unassignable,0,,diamond_like_cu,ratio spread 0.285 > 0.15
Cu2.83Bi10Se16,11,11,11,11,11,unassignable,0,,i_v_vi2,ratio spread 1.033 > 0.15
Cu200O93,5,5,0,0,0,other_oxide,1,other_oxide,,
Cu200Se23O77,21,9,12,0,0,other_oxide,1,other_oxide,,
Cu23(Sn3S16)2,13,9,7,7,8,unassignable,0,,diamond_like_cu,ratio spread 0.586 > 0.15
Cu23Se27,5,4,5,0,0,unassignable,0,,cu2x_ag2x_liquid_like,ratio spread 0.805 > 0.2
Cu25(Ge3S16)2,17,13,14,12,13,unassignable,0,,cu2x_ag2x_liquid_like,elements outside rule: Ge
Cu25(Sn3S16)2,26,18,14,13,14,unassignable,0,,diamond_like_cu,ratio spread 0.669 > 0.15
Cu26Ge5.5S32,30,25,29,8,25,unassignable,0,,cu2x_ag2x_liquid_like,elements outside rule: Ge
Cu26Sn5.5S32,44,39,36,37,34,unassignable,0,,diamond_like_cu,ratio spread 0.771 > 0.15
Cu26Sn5S32,13,5,5,7,6,unassignable,0,,diamond_like_cu,ratio spread 0.837 > 0.15
Cu27Si16Ag5.5Au49,9,8,1,0,0,unassignable,0,,clathrate_type_i,a required site is empty
Cu28(Ge23Te26)3,16,15,15,15,16,unassignable,0,,gete_type,elements outside rule: Cu
Cu2Ag0.2Se1,19,18,19,18,19,cu2x_ag2x_liquid_like,1,cu2x_ag2x_liquid_like,,
Cu2Ag0.2Te1,20,20,20,20,20,cu2x_ag2x_liquid_like,1,cu2x_ag2x_liquid_like,,
Cu2Bi2.32Te3,5,5,4,5,5,unassignable,0,,i_v_vi2,ratio spread 0.423 > 0.15
Cu2Bi6Se3.2O6,59,40,35,38,40,other_oxide,1,other_oxide,,
Cu2Bi6Se3.4O6,57,40,29,40,40,other_oxide,1,other_oxide,,
Cu2Bi6Se3.6O6,86,56,52,60,56,other_oxide,1,other_oxide,,
Cu2Bi6Se3.8O6,20,14,7,11,13,other_oxide,1,other_oxide,,
Cu2Bi6Se3BrO6,22,20,20,20,20,other_oxide,1,other_oxide,,
Cu2Ge0.85Se3,16,9,9,7,7,unassignable,0,,cu2x_ag2x_liquid_like,elements outside rule: Ge
Cu2Ge0.93Se2.79,10,10,10,10,10,unassignable,0,,cu2x_ag2x_liquid_like,elements outside rule: Ge
Cu2Ge0.95Se3,16,9,9,7,7,unassignable,0,,cu2x_ag2x_liquid_like,elements outside rule: Ge
Cu2Ge0.9Se3,16,9,9,7,7,unassignable,0,,cu2x_ag2x_liquid_like,elements outside rule: Ge
Cu2Mo3S4,40,39,39,11,12,unassignable,0,,cu2x_ag2x_liquid_like,elements outside rule: Mo
Cu2Mo3Se4,75,0,75,0,0,unassignable,0,,cu2x_ag2x_liquid_like,elements outside rule: Mo
Cu2Ni3,3,0,3,0,0,unassignable,0,,clathrate_type_i,a required site is empty
Cu2NiSnS4,6,6,0,0,0,unassignable,0,,tetrahedrite,elements outside rule: Sn
Cu2O,3,0,3,0,0,other_oxide,1,other_oxide,,
Cu2S,271,152,163,50,75,cu2x_ag2x_liquid_like,1,cu2x_ag2x_liquid_like,,
Cu2S0.9,12,5,8,0,7,cu2x_ag2x_liquid_like,1,cu2x_ag2x_liquid_like,,
Cu2Se,1313,1053,1060,686,674,cu2x_ag2x_liquid_like,1,cu2x_ag2x_liquid_like,,
Cu2Se0.2S0.8,12,9,5,0,5,cu2x_ag2x_liquid_like,1,cu2x_ag2x_liquid_like,,
Cu2Se0.5S0.5,19,0,0,4,15,cu2x_ag2x_liquid_like,1,cu2x_ag2x_liquid_like,,
Cu2Se0.81S0.19,17,10,8,10,6,cu2x_ag2x_liquid_like,1,cu2x_ag2x_liquid_like,,
Cu2Se0.84S0.16,12,12,12,0,11,cu2x_ag2x_liquid_like,1,cu2x_ag2x_liquid_like,,
Cu2Se0.87,20,10,10,10,10,cu2x_ag2x_liquid_like,1,cu2x_ag2x_liquid_like,,
Cu2Se0.88,19,11,10,9,10,cu2x_ag2x_liquid_like,1,cu2x_ag2x_liquid_like,,
Cu2Se0.8S0.2,10,0,0,0,10,cu2x_ag2x_liquid_like,1,cu2x_ag2x_liquid_like,,
Cu2Se0.92,18,12,18,4,17,cu2x_ag2x_liquid_like,1,cu2x_ag2x_liquid_like,,
Cu2Se0.94,18,10,6,10,8,cu2x_ag2x_liquid_like,1,cu2x_ag2x_liquid_like,,
Cu2Se0.95,12,9,9,5,11,cu2x_ag2x_liquid_like,1,cu2x_ag2x_liquid_like,,
Cu2Se1.05,36,31,26,29,12,cu2x_ag2x_liquid_like,1,cu2x_ag2x_liquid_like,,
Cu2Se1.1,17,17,10,11,13,cu2x_ag2x_liquid_like,1,cu2x_ag2x_liquid_like,,
Cu2Sn0.69Se3,17,17,17,9,17,unassignable,0,,diamond_like_cu,ratio spread 0.346 > 0.15
Cu2Sn0.71Se3,17,17,17,9,17,unassignable,0,,diamond_like_cu,ratio spread 0.321 > 0.15
Cu2Sn0.75S3,9,9,9,5,5,unassignable,0,,diamond_like_cu,ratio spread 0.273 > 0.15
Cu2Sn0.79Se2.7,11,11,11,11,11,unassignable,0,,diamond_like_cu,ratio spread 0.234 > 0.15
Cu2Sn0.82Se2.7,51,43,44,44,42,unassignable,0,,diamond_like_cu,ratio spread 0.199 > 0.15
Cu2Sn0.85S3,36,24,24,20,19,unassignable,0,,diamond_like_cu,ratio spread 0.158 > 0.15
Cu2Sn0.85Se2.7,12,11,11,11,0,unassignable,0,,diamond_like_cu,ratio spread 0.164 > 0.15
Cu2Sn0.85Se3,20,19,19,18,20,unassignable,0,,diamond_like_cu,ratio spread 0.158 > 0.15
Cu2Sn0.88Se2.7,13,10,10,10,10,diamond_like_cu,1,diamond_like_cu,,
Cu2Sn0.8S3,40,22,30,18,18,unassignable,0,,diamond_like_cu,ratio spread 0.214 > 0.15
Cu2Sn0.8Se3,20,19,19,20,20,unassignable,0,,diamond_like_cu,ratio spread 0.214 > 0.15
Cu2Sn0.91Se2.7,13,8,11,11,9,diamond_like_cu,1,diamond_like_cu,,
Cu2Sn0.91Se3,11,11,11,11,11,diamond_like_cu,1,diamond_like_cu,,
Cu2Sn0.925Se2.1S0.9,7,7,7,7,7,diamond_like_cu,1,diamond_like_cu,,
Cu2Sn0.925Se3,88,73,61,66,55,diamond_like_cu,1,diamond_like_cu,,
Cu2Sn0.92Se3,16,14,14,14,14,diamond_like_cu,1,diamond_like_cu,,
Cu2Sn0.94Se2.7,12,11,11,11,11,diamond_like_cu,1,diamond_like_cu,,
Cu2Sn0.95S3,50,34,38,28,25,diamond_like_cu,1,diamond_like_cu,,
Cu2Sn0.95Se3,134,111,99,107,110,diamond_like_cu,1,diamond_like_cu,,
Cu2Sn0.9S3,48,27,26,19,26,diamond_like_cu,1,diamond_like_cu,,
Cu2Sn0.9Se3,40,29,34,27,39,diamond_like_cu,1,diamond_like_cu,,
Cu2Sn1.05Se3,4,2,1,3,3,diamond_like_cu,1,diamond_like_cu,,
Cu2Sn1C0.33Se3,17,16,15,13,13,unassignable,0,,diamond_like_cu,elements outside rule: C
Cu2Sn1Hg1Te0.8Se3.2,12,11,11,6,6,unassignable,0,,diamond_like_cu,elements outside rule: Hg
Cu2Sn1Hg1Te3.2Se0.8,12,12,11,6,6,unassignable,0,,diamond_like_cu,elements outside rule: Hg
Cu2Sn1Se2.5S0.5,10,10,10,10,10,diamond_like_cu,1,diamond_like_cu,,
Cu2Sn1Se2.6S0.4,14,10,6,9,11,diamond_like_cu,1,diamond_like_cu,,
Cu2Sn1Se2.7,11,9,7,9,6,diamond_like_cu,1,diamond_like_cu,,
Cu2Sn1Se2.7S0.3,12,11,11,11,7,diamond_like_cu,1,diamond_like_cu,,
Cu2Sn1Se2.8,14,11,10,10,7,diamond_like_cu,1,diamond_like_cu,,
Cu2SnHg(TeSe)2,11,11,0,4,6,unassignable,0,,diamond_like_cu,elements outside rule: Hg
Cu2SnHgSe4,8,8,7,2,2,unassignable,0,,diamond_like_cu,elements outside rule: Hg
Cu2SnHgTe4,12,12,11,6,6,unassignable,0,,diamond_like_cu,elements outside rule: Hg
Cu2SnS3,36,20,20,20,20,diamond_like_cu,1,diamond_like_cu,,
Cu2SnSe3,219,182,160,171,170,diamond_like_cu,1,diamond_like_cu,,
Cu2SnSe4,101,86,86,44,64,unassignable,0,,diamond_like_cu,ratio spread 0.300 > 0.15
Cu2Te,144,101,102,44,108,cu2x_ag2x_liquid_like,1,cu2x_ag2x_liquid_like,,
Cu2Te0.3Se0.7,7,7,7,4,4,cu2x_ag2x_liquid_like,1,cu2x_ag2x_liquid_like,,
Cu2Te0.46S0.54,15,10,10,8,9,cu2x_ag2x_liquid_like,1,cu2x_ag2x_liquid_like,,
Cu2Te0.48S0.52,14,11,9,9,7,cu2x_ag2x_liquid_like,1,cu2x_ag2x_liquid_like,,
Cu2Te0.5S0.5,20,10,11,11,9,cu2x_ag2x_liquid_like,1,cu2x_ag2x_liquid_like,,
Cu2Te0.5Se0.5,9,7,7,5,7,cu2x_ag2x_liquid_like,1,cu2x_ag2x_liquid_like,,
Cu2Te0.7Se0.3,7,7,7,5,7,cu2x_ag2x_liquid_like,1,cu2x_ag2x_liquid_like,,
Cu2Te0.9,8,7,7,7,7,cu2x_ag2x_liquid_like,1,cu2x_ag2x_liquid_like,,
Cu3(Mo3S4)2,20,20,19,6,6,unassignable,0,,cu2x_ag2x_liquid_like,elements outside rule: Mo
Cu3(RuO3)4,10,10,0,0,0,other_oxide,1,other_oxide,,
Cu3.4Ge3Se5,10,6,9,6,5,unassignable,0,,cu2x_ag2x_liquid_like,elements outside rule: Ge
Cu3.5Ge3Se5,9,8,6,4,7,unassignable,0,,cu2x_ag2x_liquid_like,elements outside rule: Ge
Cu3.5Mo6S8,20,20,19,6,6,unassignable,0,,cu2x_ag2x_liquid_like,elements outside rule: Mo
Cu3.6Ge3Se5,13,10,10,9,8,unassignable,0,,cu2x_ag2x_liquid_like,elements outside rule: Ge
Cu3.7Ge3Se5,8,4,5,6,7,unassignable,0,,cu2x_ag2x_liquid_like,elements outside rule: Ge
Cu3.8Ge3Se5,11,5,8,6,7,unassignable,0,,cu2x_ag2x_liquid_like,elements outside rule: Ge
Cu3Ge0.4P0.6S4,16,11,10,8,10,unassignable,0,,cu2x_ag2x_liquid_like,"elements outside rule: Ge,P"
Cu3P0.7S4,16,11,10,8,9,unassignable,0,,cu2x_ag2x_liquid_like,elements outside rule: P
Cu3P0.8S4,15,8,10,8,10,unassignable,0,,cu2x_ag2x_liquid_like,elements outside rule: P
Cu3P0.9S4,16,11,10,8,9,unassignable,0,,cu2x_ag2x_liquid_like,elements outside rule: P
Cu3PS4,6,0,0,6,0,unassignable,0,,cu2x_ag2x_liquid_like,elements outside rule: P
Cu3Sb0.85S4,22,12,18,13,12,unassignable,0,,diamond_like_cu,ratio spread 0.158 > 0.15
Cu3Sb0.86S4,8,7,6,6,7,diamond_like_cu,1,diamond_like_cu,,
Cu3Sb0.87S4,7,7,7,7,7,diamond_like_cu,1,diamond_like_cu,,
Cu3Sb0.88S4,8,5,6,4,6,diamond_like_cu,1,diamond_like_cu,,
Cu3Sb0.88Se4,8,7,6,7,7,diamond_like_cu,1,diamond_like_cu,,
Cu3Sb0.89S4,31,7,28,7,7,diamond_like_cu,1,diamond_like_cu,,
Cu3Sb0.91S4,10,7,5,7,7,diamond_like_cu,1,diamond_like_cu,,
Cu3Sb0.91Se4,33,16,16,16,16,diamond_like_cu,1,diamond_like_cu,,
Cu3Sb0.92S4,19,13,19,7,7,diamond_like_cu,1,diamond_like_cu,,
Cu3Sb0.92Se4,84,54,54,46,45,diamond_like_cu,1,diamond_like_cu,,
Cu3Sb0.93S4,8,7,5,7,7,diamond_like_cu,1,diamond_like_cu,,
Cu3Sb0.93Se4,32,14,16,13,16,diamond_like_cu,1,diamond_like_cu,,
Cu3Sb0.94S4,25,13,23,7,7,diamond_like_cu,1,diamond_like_cu,,
Cu3Sb0.94Se2.5S1.5,13,8,8,8,8,diamond_like_cu,1,diamond_like_cu,,
Cu3Sb0.94Se3.5S0.5,27,19,20,8,19,diamond_like_cu,1,diamond_like_cu,,
Cu3Sb0.94Se3S1,15,8,9,8,8,diamond_like_cu,1,diamond_like_cu,,
Cu3Sb0.94Se4,53,42,43,37,31,diamond_like_cu,1,diamond_like_cu,,
Cu3Sb0.95S4,9,4,6,3,2,diamond_like_cu,1,diamond_like_cu,,
Cu3Sb0.95Se4,9,8,8,8,8,diamond_like_cu,1,diamond_like_cu,,
Cu3Sb0.9S4,31,18,28,10,13,diamond_like_cu,1,diamond_like_cu,,
Cu3Sb0.9Se3.5S0.5,17,15,14,0,16,diamond_like_cu,1,diamond_like_cu,,
Cu3Sb0.9Se4,36,23,23,15,13,diamond_like_cu,1,diamond_like_cu,,
Cu3Sb1.0776Se4.24,15,15,15,9,15,diamond_like_cu,1,diamond_like_cu,,
Cu3Sb1Se2.8S1.2,16,16,16,16,16,diamond_like_cu,1,diamond_like_cu,,
Cu3Sb1Se3.2S0.8,16,16,16,16,16,diamond_like_cu,1,diamond_like_cu,,
Cu3Sb1Se3.5S0.5,30,30,29,0,30,diamond_like_cu,1,diamond_like_cu,,
Cu3SbS3,30,28,25,23,27,tetrahedrite,1,tetrahedrite,,
Cu3SbS4,36,19,36,7,7,diamond_like_cu,1,diamond_like_cu,,
Cu3SbSe4,585,469,466,422,404,diamond_like_cu,1,diamond_like_cu,,
Cu3Sn1.1S4,10,10,10,0,10,unassignable,0,,diamond_like_cu,ratio spread 0.305 > 0.15
Cu3Sn1.2S4,9,9,9,0,9,unassignable,0,,diamond_like_cu,ratio spread 0.223 > 0.15
Cu3Sn1.3S4,7,7,7,0,7,diamond_like_cu,1,diamond_like_cu,,
Cu3SnS4,11,11,10,1,10,unassignable,0,,diamond_like_cu,ratio spread 0.391 > 0.15
Cu4.4Sn2Se7,13,10,10,10,10,unassignable,0,,diamond_like_cu,ratio spread 0.153 > 0.15
Cu4.6Sn2Se7,10,10,10,9,10,unassignable,0,,diamond_like_cu,ratio spread 0.151 > 0.15
Cu40O17,23,12,11,0,0,other_oxide,1,other_oxide,,
Cu41Se59,5,4,4,0,0,unassignable,0,,cu2x_ag2x_liquid_like,ratio spread 0.969 > 0.2
Cu4Bi4S9,6,0,0,5,6,i_v_vi2,1,i_v_vi2,,
Cu4Bi4Se9,4,1,0,3,2,i_v_vi2,1,i_v_vi2,,
Cu4Ge3Se5,25,20,23,16,12,unassignable,0,,cu2x_ag2x_liquid_like,elements outside rule: Ge
Cu4Ni3,68,46,0,0,23,unassignable,0,,clathrate_type_i,a required site is empty
Cu4Sn7.5S15,5,5,0,0,5,unassignable,0,,diamond_like_cu,ratio spread 1.138 > 0.15
Cu4Sn7.5S16,9,8,0,0,8,unassignable,0,,diamond_like_cu,ratio spread 1.112 > 0.15
Cu4Sn7.5Se2S14,5,5,0,0,5,unassignable,0,,diamond_like_cu,ratio spread 1.112 > 0.15
Cu4Sn7S16,7,5,2,4,7,unassignable,0,,diamond_like_cu,ratio spread 1.047 > 0.15
Cu5(Si11Bi2)4,8,0,0,0,8,unassignable,0,,half_heusler,elements outside rule: Cu
Cu5(Si21Bi4)2,8,0,0,0,8,unassignable,0,,half_heusler,elements outside rule: Cu
Cu50Se8O17,12,12,0,0,0,other_oxide,1,other_oxide,,
Cu55Ni45C11,20,14,14,15,15,unassignable,0,,clathrate_type_i,elements outside rule: C
Cu55Ni45C16,4,4,3,4,4,unassignable,0,,clathrate_type_i,elements outside rule: C
Cu5Ag3Te4,6,4,5,6,5,cu2x_ag2x_liquid_like,1,cu2x_ag2x_liquid_like,,
Cu5Si41Bi8,8,0,0,0,8,unassignable,0,,half_heusler,elements outside rule: Cu
Cu5Sn2Se7,27,19,20,18,19,unassignable,0,,diamond_like_cu,ratio spread 0.220 > 0.15
Cu6SnWSe8,30,30,30,30,30,unassignable,0,,diamond_like_cu,elements outside rule: W
Cu7(SnS3)3,16,10,10,10,9,unassignable,0,,diamond_like_cu,ratio spread 0.158 > 0.15
Cu7.36Ge1S6,6,6,6,5,6,unassignable,0,,cu2x_ag2x_liquid_like,elements outside rule: Ge
Cu7.4S4,20,14,19,14,16,cu2x_ag2x_liquid_like,1,cu2x_ag2x_liquid_like,,
Cu77Ag23Te50,6,6,6,6,4,cu2x_ag2x_liquid_like,1,cu2x_ag2x_liquid_like,,
Cu7GeS6,6,6,6,4,6,unassignable,0,,cu2x_ag2x_liquid_like,elements outside rule: Ge
Cu7PSe6,23,16,19,13,9,unassignable,0,,cu2x_ag2x_liquid_like,elements outside rule: P
Cu7S4,10,9,10,9,9,cu2x_ag2x_liquid_like,1,cu2x_ag2x_liquid_like,,
Cu7Sn3S10,44,19,20,19,28,unassignable,0,,diamond_like_cu,ratio spread 0.153 > 0.15
Cu8GeS6,7,0,0,7,0,unassignable,0,,cu2x_ag2x_liquid_like,elements outside rule: Ge
Cu92Si8.41,7,7,0,0,0,unassignable,0,,clathrate_type_i,a required site is empty
Cu94Si6.46,6,6,0,0,0,unassignable,0,,clathrate_type_i,a required site is empty
Cu9Te4Cl3,35,16,18,17,9,unassignable,0,,cu2x_ag2x_liquid_like,elements outside rule: Cl
CuAgS,23,23,0,0,0,cu2x_ag2x_liquid_like,1,cu2x_ag2x_liquid_like,,
CuAgSe,100,70,69,65,53,cu2x_ag2x_liquid_like,1,cu2x_ag2x_liquid_like,,
CuAgTe,112,66,71,59,59,cu2x_ag2x_liquid_like,1,cu2x_ag2x_liquid_like,,
CuBO2,6,0,0,6,3,other_oxide,1,other_oxide,,
CuBi3Se2O3,17,7,7,7,10,other_oxide,1,other_oxide,,
CuBiSO,13,8,2,7,8,bicuseo,2,bicuseo;other_oxide,,
CuBiSeO,1439,828,782,688,695,bicuseo,2,bicuseo;other_oxide,,
CuBiTeO,60,38,38,40,38,bicuseo,2,bicuseo;other_oxide,,
CuGe2P3,4,3,4,3,4,unassignable,0,,skutterudite,"elements outside rule: Cu,Ge"
CuGe4P3,4,4,4,4,4,unassignable,0,,clathrate_type_i,elements outside rule: P
CuMo3S4,20,9,19,6,6,unassignable,0,,cu2x_ag2x_liquid_like,elements outside rule: Mo
CuMo3Se4,62,0,62,0,0,unassignable,0,,cu2x_ag2x_liquid_like,elements outside rule: Mo
CuO,90,29,21,6,56,other_oxide,1,other_oxide,,
CuRhO2,33,32,21,0,0,other_oxide,1,other_oxide,,
CuS,15,14,15,10,12,unassignable,0,,cu2x_ag2x_liquid_like,ratio spread 0.667 > 0.2
CuSbPbS3,13,0,0,13,0,unassignable,0,,iv_vi_rocksalt,elements outside rule: Cu
CuSbSe2,12,6,4,10,5,i_v_vi2,1,i_v_vi2,,
CuSbSe4,10,5,5,5,5,unassignable,0,,i_v_vi2,ratio spread 0.750 > 0.15
CuSe,6,6,5,5,6,unassignable,0,,cu2x_ag2x_liquid_like,ratio spread 0.667 > 0.2
CuSe2,13,9,9,9,10,unassignable,0,,cu2x_ag2x_liquid_like,ratio spread 1.200 > 0.2
CuSe4,15,12,8,13,13,unassignable,0,,cu2x_ag2x_liquid_like,ratio spread 1.556 > 0.2
CuTe4Mo3,17,9,9,9,6,unassignable,0,,cu2x_ag2x_liquid_like,elements outside rule: Mo
Dy(CuTe)3,18,10,10,9,0,unassignable,0,,cu2x_ag2x_liquid_like,elements outside rule: Dy
Dy0.5Mn0.5Co2Sn1,4,3,3,4,0,unassignable,0,,half_heusler,ratio spread 1.500 > 0.15
Dy0.9Co1O3,9,0,5,4,0,other_oxide,1,other_oxide,,
Dy0.9Fe1.5Co2.5Sb12,12,10,10,8,10,unassignable,0,,half_heusler,ratio spread 1.970 > 0.15
Dy1.75S2.625,17,11,10,0,0,unassignable,0,,tetradymite,elements outside rule: Dy
Dy1.7S2.55,12,10,10,0,0,unassignable,0,,tetradymite,elements outside rule: Dy
Dy1.85S2.775,15,10,10,0,0,unassignable,0,,tetradymite,elements outside rule: Dy
Dy1.8S2.7,12,10,10,0,0,unassignable,0,,tetradymite,elements outside rule: Dy
Dy1Co0.95O3,6,6,3,5,4,other_oxide,1,other_oxide,,
Dy2S3,42,29,26,3,0,unassignable,0,,tetradymite,elements outside rule: Dy
Dy3(Co2Sn)4,4,3,2,3,0,unassignable,0,,half_heusler,ratio spread 1.000 > 0.15
Dy3Ge13Ru4,13,10,9,1,0,unassignable,0,,half_heusler,ratio spread 1.500 > 0.15
Dy4Al8Si15,14,14,14,0,0,unassignable,0,,clathrate_type_i,elements outside rule: Dy
DyCoO3,17,10,1,12,0,other_oxide,1,other_oxide,,
DyHoErNbO7,5,0,0,5,0,other_oxide,1,other_oxide,,
DyNiO3,15,7,8,0,0,other_oxide,1,other_oxide,,
DyNiSb,39,31,39,20,20,half_heusler,1,half_heusler,,
DySnSe2,12,12,0,0,0,unassignable,0,,snse_type,elements outside rule: Dy
Er(CuTe)3,38,19,19,16,11,unassignable,0,,cu2x_ag2x_liquid_like,elements outside rule: Er
Er0.3Bi1.7Se3,6,6,6,3,3,unassignable,0,,tetradymite,elements outside rule: Er
Er0.4Bi1.6Se3,7,7,7,3,3,unassignable,0,,tetradymite,elements outside rule: Er
Er1.2Zn2.8Sb3,15,15,7,0,0,unassignable,0,,zintl_122,elements outside rule: Er
Er1Cu2.7Te3,16,9,9,9,11,unassignable,0,,cu2x_ag2x_liquid_like,elements outside rule: Er
Er1Ni0.25Sb1Pd0.75,17,10,10,6,8,half_heusler,1,half_heusler,,
Er1Ni0.5Sb1Pd0.5,17,11,12,9,11,half_heusler,1,half_heusler,,
Er1Ni0.75Sb1Pd0.25,14,6,10,6,10,half_heusler,1,half_heusler,,
Er1Ni1Sb0.95,22,18,10,7,10,half_heusler,1,half_heusler,,
Er2SbO2,16,4,5,3,4,other_oxide,1,other_oxide,,
Er2Zr2O7,12,5,0,7,0,other_oxide,1,other_oxide,,
Er3Cu3Sb4,4,3,3,2,0,unassignable,0,,half_heusler,elements outside rule: Cu
ErBiPd,30,10,25,8,6,half_heusler,1,half_heusler,,
ErCu2Te3,16,9,10,8,10,unassignable,0,,cu2x_ag2x_liquid_like,elements outside rule: Er
ErNiSb,49,32,30,21,29,half_heusler,1,half_heusler,,
ErSbPd,28,9,21,7,9,half_heusler,1,half_heusler,,
Eu(CdSb)2,38,19,24,20,27,zintl_122,1,zintl_122,,
Eu(FeSb3)4,20,17,15,12,16,skutterudite,1,skutterudite,,
Eu(MgBi)2,24,17,11,14,22,zintl_122,1,zintl_122,,
Eu(ZnSb)2,217,161,145,64,185,zintl_122,1,zintl_122,,
Eu0.68Nb1O3,3,3,0,0,0,other_oxide,1,other_oxide,,
Eu0.75Gd0.75Dy0.75Ho0.75Nb1O7,5,0,0,5,0,other_oxide,1,other_oxide,,
Eu0.76Nb1O3,3,3,0,0,0,other_oxide,1,other_oxide,,
Eu0.7Nb1O3,3,3,0,0,0,other_oxide,1,other_oxide,,
Eu0.88Nb1O3,3,3,0,0,0,other_oxide,1,other_oxide,,
Eu0.8Ti0.8O3,15,6,14,0,0,other_oxide,1,other_oxide,,
Eu0.8Ti1O3,26,3,2,10,11,other_oxide,1,other_oxide,,
Eu0.95Ti1O3,16,10,8,6,6,other_oxide,1,other_oxide,,
Eu0.9Nb1O3,2,2,0,0,0,other_oxide,1,other_oxide,,
Eu0.9Ti1O3,39,12,10,16,17,other_oxide,1,other_oxide,,
Eu0.9Zn2Sb2,34,32,33,33,32,zintl_122,1,zintl_122,,
Eu1.1Zn2Sb2,9,9,9,9,9,zintl_122,1,zintl_122,,
Eu1.2Zn2.8Sb3,15,13,13,0,0,unassignable,0,,zintl_122,ratio spread 0.220 > 0.15
Eu11(CdSb2)6,37,18,36,16,22,unassignable,0,,zintl_122,ratio spread 1.200 > 0.15
Eu11(CdSb4)3,10,0,0,10,0,unassignable,0,,zintl_122,ratio spread 1.541 > 0.15
Eu11(ZnSb2)6,20,11,20,12,14,unassignable,0,,zintl_122,ratio spread 1.200 > 0.15
Eu11Cd5Sb12,20,14,13,10,19,unassignable,0,,zintl_122,ratio spread 1.308 > 0.15
Eu11Cd6(Sb5As)2,19,9,18,6,12,unassignable,0,,zintl_122,ratio spread 1.200 > 0.15
Eu11Cd6Sb11,18,11,18,9,15,unassignable,0,,zintl_122,ratio spread 1.231 > 0.15
Eu11Zn1.5Cd4.5Sb12,20,12,19,8,16,unassignable,0,,zintl_122,ratio spread 1.200 > 0.15
Eu11Zn4.4Cd1.6Sb12,20,11,19,8,17,unassignable,0,,zintl_122,ratio spread 1.200 > 0.15
Eu1Cd1.8Sb2,28,23,21,12,18,zintl_122,1,zintl_122,,
Eu1Cd1.9Sb2,12,5,9,5,7,zintl_122,1,zintl_122,,
Eu1Mn0.4Cd1.6Sb2,12,5,9,7,7,zintl_122,1,zintl_122,,
Eu1Mn0.6Cd1.4Sb2,11,6,5,9,7,zintl_122,1,zintl_122,,
Eu1Zn0.25Cu0.5Sb1,6,5,5,4,5,unassignable,0,,zintl_122,elements outside rule: Cu
Eu1Zn0.3Cd1.7Sb2,17,15,16,9,11,zintl_122,1,zintl_122,,
Eu1Zn0.4Cd1.6Sb2,17,10,10,9,13,zintl_122,1,zintl_122,,
Eu1Zn0.5Cd1.5Sb2,17,16,17,9,12,zintl_122,1,zintl_122,,
Eu1Zn0.6Cd1.4Sb2,17,16,17,9,14,zintl_122,1,zintl_122,,
Eu1Zn0.7Cd1.3Sb2,17,16,17,9,11,zintl_122,1,zintl_122,,
Eu1Zn0.9Cd1.1Sb2,17,13,14,9,14,zintl_122,1,zintl_122,,
Eu1Zn1.4Cd0.6Sb2,28,20,18,18,19,zintl_122,1,zintl_122,,
Eu1Zn1.8Sb2,45,22,18,17,33,zintl_122,1,zintl_122,,
Eu2Zn0.94Sb2,8,7,6,6,6,unassignable,0,,zintl_122,ratio spread 1.323 > 0.15
Eu2Zn0.95Sb2,18,15,13,14,15,unassignable,0,,zintl_122,ratio spread 1.317 > 0.15
Eu2ZnSb2,68,43,46,46,43,unassignable,0,,zintl_122,ratio spread 1.286 > 0.15
Eu3(GaP2)2,3,3,0,1,0,unassignable,0,,skutterudite,filler above 8% of atoms
Eu4Ga8Ge15,104,34,35,67,0,clathrate_type_i,1,clathrate_type_i,,
Eu5(InSb3)2,86,77,80,57,76,unassignable,0,,skutterudite,filler above 8% of atoms
Eu5(SnAs3)2,5,3,3,4,3,unassignable,0,,skutterudite,elements outside rule: Sn
Eu5In1.8Sb6,20,19,20,8,17,unassignable,0,,skutterudite,filler above 8% of atoms
Eu5In1.9Sb6,30,28,29,20,28,unassignable,0,,skutterudite,filler above 8% of atoms
Eu9Cd3.8Ag1.4Sb9,20,10,20,9,19,unassignable,0,,zintl_122,elements outside rule: Ag
Eu9Cd3.8Cu1.5Sb9,20,10,12,14,18,unassignable,0,,zintl_122,elements outside rule: Cu
Eu9Cd4Sb9Au1.24,20,10,13,13,17,unassignable,0,,zintl_122,elements outside rule: Au
EuAgSb,8,8,8,8,8,unassignable,0,,skutterudite,elements outside rule: Ag
EuCuSb,6,6,6,5,5,unassignable,0,,skutterudite,elements outside rule: Cu
EuNiO3,14,6,8,0,0,other_oxide,1,other_oxide,,
EuSbSe3,9,0,0,9,9,unassignable,0,,tetradymite,elements outside rule: Eu
EuTa2O6,4,0,0,4,0,other_oxide,1,other_oxide,,
EuTiO3,38,22,0,16,0,other_oxide,1,other_oxide,,
EuZnCdSb2,29,20,7,18,22,zintl_122,1,zintl_122,,
Fe,187,184,3,0,0,unassignable,0,,skutterudite,a required site is empty
Fe(CoSb4)3,856,541,582,445,460,skutterudite,1,skutterudite,,
Fe(CuS)2,12,10,11,10,11,unassignable,0,,tetrahedrite,a required site is empty
Fe(SbSe2)2,33,30,30,31,30,unassignable,0,,tetrahedrite,ratio spread 1.403 > 0.15
Fe0.15Te1Pb0.85,99,95,71,91,66,unassignable,0,,gete_type,elements outside rule: Fe
Fe0.1Co0.9B1,3,3,0,0,0,unassignable,0,,skutterudite,elements outside rule: B
Fe0.1Si0.92Ge0.18,30,20,20,20,0,unassignable,0,,half_heusler,a required site is empty
Fe0.241Co0.063Si0.686Ge0.06,90,90,88,48,50,unassignable,0,,half_heusler,a required site is empty
Fe0.25Co0.75Sb3,99,83,84,51,59,skutterudite,1,skutterudite,,
Fe0.25Cu0.75Sb3,20,20,15,19,20,unassignable,0,,tetrahedrite,a required site is empty
Fe0.2Co0.8Sb3,16,14,10,12,13,skutterudite,1,skutterudite,,
Fe0.33Co0.34Ni0.33Sb3,16,16,15,0,0,skutterudite,1,skutterudite,,
Fe0.34Co0.66Sb3,19,19,19,19,19,skutterudite,1,skutterudite,,
Fe0.375Co0.25Ni0.375Sb3,17,16,16,9,16,skutterudite,1,skutterudite,,
Fe0.38Co0.62Sb3,19,19,19,18,19,skutterudite,1,skutterudite,,
Fe0.3Bi1.7Te3,3,3,0,0,0,unassignable,0,,tetradymite,elements outside rule: Fe
Fe0.3Co0.7Sb3,25,12,8,12,8,skutterudite,1,skutterudite,,
Fe0.3Co0.9Sb3.4,20,20,16,20,20,skutterudite,1,skutterudite,,
Fe0.5Co0.5B1,4,4,0,0,0,unassignable,0,,skutterudite,elements outside rule: B
Fe0.5Co0.5Sb3,38,38,38,38,37,skutterudite,1,skutterudite,,
Fe0.5Co2.5Sn1.8S2,13,13,13,11,11,unassignable,0,,tetrahedrite,elements outside rule: Sn
Fe0.5Co2.5Sn2S2,13,13,13,11,11,unassignable,0,,half_heusler,elements outside rule: S
Fe0.5Ni0.5Sb3,16,9,16,0,0,skutterudite,1,skutterudite,,
Fe0.6Co0.4Te2,20,20,0,0,0,unassignable,0,,tetradymite,"elements outside rule: Co,Fe"
Fe0.6O3,4,0,4,0,0,other_oxide,1,other_oxide,,
Fe0.748Co0.252O3,14,0,14,0,0,other_oxide,1,other_oxide,,
Fe0.75Si1.7,96,62,48,55,51,tm_silicide,1,tm_silicide,,
Fe0.776O3,14,0,14,0,0,other_oxide,1,other_oxide,,
Fe0.782O3,14,0,14,0,0,other_oxide,1,other_oxide,,
Fe0.785O3,14,0,14,0,0,other_oxide,1,other_oxide,,
Fe0.796O3,14,0,14,0,0,other_oxide,1,other_oxide,,
Fe0.79Bi0.79O3,18,18,0,0,0,other_oxide,1,other_oxide,,
Fe0.7Cu2Ge1Se4,16,14,16,13,0,unassignable,0,,tetrahedrite,elements outside rule: Ge
Fe0.82Bi0.82O3,16,16,0,0,0,other_oxide,1,other_oxide,,
Fe0.834O3,14,0,14,0,0,other_oxide,1,other_oxide,,
Fe0.842O3,14,0,14,0,0,other_oxide,1,other_oxide,,
Fe0.85Bi0.85O3,18,18,0,0,0,other_oxide,1,other_oxide,,
Fe0.85Si2,23,14,13,14,9,tm_silicide,1,tm_silicide,,
Fe0.875Si1.75B0.25,35,29,10,9,0,unassignable,0,,half_heusler,elements outside rule: B
Fe0.88Bi0.88O3,16,16,0,0,0,other_oxide,1,other_oxide,,
Fe0.89Se1,7,7,0,0,0,unassignable,0,,tetrahedrite,a required site is empty
Fe0.89Si2,18,10,9,11,10,tm_silicide,1,tm_silicide,,
Fe0.8Co0.2Te2,20,20,0,4,0,unassignable,0,,tetradymite,"elements outside rule: Co,Fe"
Fe0.8Co3.2Sb12,20,20,19,20,20,skutterudite,1,skutterudite,,
Fe0.8Cu2Ge1Se4,15,14,15,15,0,unassignable,0,,tetrahedrite,elements outside rule: Ge
Fe0.8O3,14,0,14,0,0,other_oxide,1,other_oxide,,
Fe0.8Si2Os0.2,16,10,10,10,10,unassignable,0,,half_heusler,elements outside rule: Os
Fe0.91Bi0.91O3,36,36,0,0,0,other_oxide,1,other_oxide,,
Fe0.91Bi1O3,14,14,0,0,0,other_oxide,1,other_oxide,,
Fe0.91Co3Sb12,20,18,19,19,17,skutterudite,1,skutterudite,,
Fe0.92Co3Sb12,17,10,0,8,10,skutterudite,1,skutterudite,,
Fe0.92Cu5S4,11,11,10,11,10,unassignable,0,,tetrahedrite,a required site is empty
Fe0.92Sb3,19,19,19,19,19,skutterudite,1,skutterudite,,
Fe0.92Si1.86,24,12,12,12,12,tm_silicide,1,tm_silicide,,
Fe0.92Si1.9,20,18,10,5,14,tm_silicide,1,tm_silicide,,
Fe0.92Si2,155,114,78,37,119,tm_silicide,1,tm_silicide,,
Fe0.92Si2.1,19,19,8,6,7,tm_silicide,1,tm_silicide,,
Fe0.92Si2.3,19,16,9,5,15,unassignable,0,,tm_silicide,"X/M = 2.500 outside [1.7, 2.353]"
Fe0.92Si2.5,17,16,9,5,10,unassignable,0,,tm_silicide,"X/M = 2.717 outside [1.7, 2.353]"
Fe0.935Si2,19,9,9,11,11,tm_silicide,1,tm_silicide,,
Fe0.93Si2,45,28,27,27,10,tm_silicide,1,tm_silicide,,
Fe0.94525Si2,6,5,4,5,0,tm_silicide,1,tm_silicide,,
Fe0.94Bi0.94O3,7,7,0,0,0,other_oxide,1,other_oxide,,
Fe0.94Cu5S4,23,21,22,21,21,unassignable,0,,tetrahedrite,a required site is empty
Fe0.94Si1.86,21,11,10,11,11,tm_silicide,1,tm_silicide,,
Fe0.94Si2,229,208,156,52,177,tm_silicide,1,tm_silicide,,
Fe0.95Cu1O2,5,3,0,2,3,other_oxide,1,other_oxide,,
Fe0.95Cu5S4,12,8,12,7,11,unassignable,0,,tetrahedrite,a required site is empty
Fe0.95S2,10,7,7,7,5,unassignable,0,,tetrahedrite,a required site is empty
Fe0.95Si1,10,0,10,9,8,unassignable,0,,tm_silicide,"X/M = 1.053 outside [1.7, 2.353]"
Fe0.95Si1.9,13,10,5,4,0,tm_silicide,1,tm_silicide,,
Fe0.95Si2,468,195,185,280,93,tm_silicide,1,tm_silicide,,
Fe0.95Si2.1,36,34,9,0,0,tm_silicide,1,tm_silicide,,
Fe0.95Si2.21,20,20,10,0,0,tm_silicide,1,tm_silicide,,
Fe0.95Si2C0.58,10,0,9,9,7,unassignable,0,,half_heusler,elements outside rule: C
Fe0.9Co2.8Sb12,36,27,25,20,24,skutterudite,1,skutterudite,,
Fe0.9Co3Sb12,38,29,20,28,30,skutterudite,1,skutterudite,,
Fe0.9Cu1O2,8,7,6,0,0,other_oxide,1,other_oxide,,
Fe0.9Cu2Ge1Se4,15,14,15,15,0,unassignable,0,,tetrahedrite,elements outside rule: Ge
Fe0.9Cu5S4,35,34,34,33,32,unassignable,0,,tetrahedrite,a required site is empty
Fe0.9Si1.86,11,6,6,6,6,tm_silicide,1,tm_silicide,,
Fe0.9Si1.8B0.2,19,19,5,0,0,unassignable,0,,half_heusler,elements outside rule: B
Fe0.9Si2,72,57,46,22,11,tm_silicide,1,tm_silicide,,
Fe0.9Te2,18,18,0,0,0,unassignable,0,,tetradymite,elements outside rule: Fe
Fe1.05Cu0.95S2,29,13,15,14,20,unassignable,0,,tetrahedrite,a required site is empty
Fe1.1Co2.6Sb12,17,6,10,6,6,skutterudite,1,skutterudite,,
Fe1.1Co2.7Sb12,17,9,10,6,6,skutterudite,1,skutterudite,,
Fe1.1Co3Sb12,12,9,9,6,9,skutterudite,1,skutterudite,,
Fe1.1Cu0.9S2,19,13,13,11,9,unassignable,0,,tetrahedrite,a required site is empty
Fe1.27Co2.73Sb12,19,19,0,15,9,skutterudite,1,skutterudite,,
Fe1.2Co1.4Ge0.4O4,17,17,0,0,0,other_oxide,1,other_oxide,,
Fe1.2Co2.8Sb12,18,12,11,5,9,skutterudite,1,skutterudite,,
Fe1.2Cu0.8S2,4,4,3,4,4,unassignable,0,,tetrahedrite,a required site is empty
Fe1.3Cu0.7S2,4,3,4,4,4,unassignable,0,,tetrahedrite,a required site is empty
Fe1.3Mo6S8,20,19,15,5,6,unassignable,0,,tetrahedrite,elements outside rule: Mo
Fe1.43Co2.57Sb12,79,62,19,19,74,skutterudite,1,skutterudite,,
Fe1.44Co2.56Sb12,20,18,18,11,17,skutterudite,1,skutterudite,,
Fe1.45Co2.55Sb12,40,36,20,15,36,skutterudite,1,skutterudite,,
Fe1.46Co2.54Sb12,38,28,0,19,35,skutterudite,1,skutterudite,,
Fe1.47Co2.53Sb12,59,54,0,16,37,skutterudite,1,skutterudite,,
Fe1.48Co2.52Sb12,59,45,38,49,51,skutterudite,1,skutterudite,,
Fe1.49Co2.51Sb12,59,51,0,26,44,skutterudite,1,skutterudite,,
Fe1.4Co1.3O4,18,18,0,0,0,other_oxide,1,other_oxide,,
Fe1.4Co2.6Sb12,8,8,8,8,8,skutterudite,1,skutterudite,,
Fe1.51Co2.48Sb12,19,18,0,10,11,skutterudite,1,skutterudite,,
Fe1.51Co2.49Sb12,20,12,0,20,20,skutterudite,1,skutterudite,,
Fe1.51Co2.5Sb12,19,15,0,8,17,skutterudite,1,skutterudite,,
Fe1.52Co2.48Sb12,30,15,0,18,20,skutterudite,1,skutterudite,,
Fe1.53Co2.47Sb12,20,19,0,18,19,skutterudite,1,skutterudite,,
Fe1.5Co2.49Sb12,20,17,0,15,7,skutterudite,1,skutterudite,,
Fe1.5Co2.51Sb12,19,11,0,11,16,skutterudite,1,skutterudite,,
Fe1.5Co2.5Sb12,286,198,147,159,172,skutterudite,1,skutterudite,,
Fe1.6Co1.2O4,8,8,0,0,0,other_oxide,1,other_oxide,,
Fe1.6Co2.4Sb12,30,19,10,6,27,skutterudite,1,skutterudite,,
Fe1.6Co2.6Sb12,8,7,7,6,4,skutterudite,1,skutterudite,,
Fe1.6Co2.7Sb12,7,7,7,7,7,skutterudite,1,skutterudite,,
Fe1.6Cu1.2O4,17,17,0,0,0,other_oxide,1,other_oxide,,
Fe1.6Cu5.6S4,14,11,10,10,9,unassignable,0,,tetrahedrite,a required site is empty
Fe1.7Co1O4,3,3,0,0,0,other_oxide,1,other_oxide,,
Fe1.7Cu1.15O4,19,19,0,0,0,other_oxide,1,other_oxide,,
Fe1.7Cu1O4,7,7,0,0,0,other_oxide,1,other_oxide,,
Fe1.85Si4,6,5,5,5,0,tm_silicide,1,tm_silicide,,
Fe1.8Co1.1O4,5,5,0,0,0,other_oxide,1,other_oxide,,
Fe1.8Co1O4,5,5,0,0,0,other_oxide,1,other_oxide,,
Fe1.8Co2.3Sb12,9,8,8,8,8,skutterudite,1,skutterudite,,
Fe1.8Cu1.1O4,20,20,0,0,0,other_oxide,1,other_oxide,,
Fe1.8Cu1O4,10,10,0,0,0,other_oxide,1,other_oxide,,
Fe1.8Ni1O4,12,12,0,0,0,other_oxide,1,other_oxide,,
Fe1.8O2.7,17,4,0,17,0,other_oxide,1,other_oxide,,
Fe1.9Co0.55Ni0.55O4,3,3,0,0,0,other_oxide,1,other_oxide,,
Fe1.9Co0.66Ni0.44O4,3,3,0,0,0,other_oxide,1,other_oxide,,
Fe1.9Co0.77O4,3,3,0,0,0,other_oxide,1,other_oxide,,
Fe1.9Co0.88O4,3,3,0,0,0,other_oxide,1,other_oxide,,
Fe1.9Co1.9Sb12,7,7,7,7,6,skutterudite,1,skutterudite,,
Fe1.9Co1O4,14,14,0,0,0,other_oxide,1,other_oxide,,
Fe1.9Co2.2Sb12,8,7,7,7,7,skutterudite,1,skutterudite,,
Fe1.9Cu0.9O4,14,14,0,0,0,other_oxide,1,other_oxide,,
Fe1.9Cu1.05O4,19,19,0,0,0,other_oxide,1,other_oxide,,
Fe1.9Cu1O4,13,13,0,0,0,other_oxide,1,other_oxide,,
Fe10O19,20,20,0,0,0,other_oxide,1,other_oxide,,
Fe11O19,72,72,0,0,0,other_oxide,1,other_oxide,,
Fe12O19,122,122,0,0,0,other_oxide,1,other_oxide,,
Fe14Sb12Ru1.6,20,12,19,19,16,unassignable,0,,half_heusler,a required site is empty
Fe16O27,42,42,0,0,0,other_oxide,1,other_oxide,,
Fe17B3,28,28,0,0,0,unassignable,0,,skutterudite,elements outside rule: B
Fe19Si5Ni19B4,28,28,0,0,0,unassignable,0,,half_heusler,elements outside rule: B
Fe1Bi0.85O3,12,0,0,9,3,other_oxide,1,other_oxide,,
Fe1Bi0.91O3,12,12,0,0,0,other_oxide,1,other_oxide,,
Fe1Bi0.95O3,14,0,0,9,5,other_oxide,1,other_oxide,,
Fe1Bi0.9O3,18,3,0,9,6,other_oxide,1,other_oxide,,
Fe1C0.1,10,10,0,0,0,unassignable,0,,skutterudite,elements outside rule: C
Fe1Co1.5Ge0.5O4,15,15,0,0,0,other_oxide,1,other_oxide,,
Fe1Co2.6Sb12,7,7,7,7,7,skutterudite,1,skutterudite,,
Fe1Co2.8Sb12,20,18,18,13,18,skutterudite,1,skutterudite,,
Fe1Co2.8Sb9As3,10,9,9,6,8,skutterudite,1,skutterudite,,
Fe1Cu0.92S2,14,0,0,0,14,unassignable,0,,tetrahedrite,a required site is empty
Fe1Cu0.94S2,29,7,8,0,28,unassignable,0,,tetrahedrite,a required site is empty
Fe1Cu0.95O2,15,9,8,8,8,other_oxide,1,other_oxide,,
Fe1Cu1S1.75,12,6,6,6,6,unassignable,0,,tetrahedrite,a required site is empty
Fe1Cu1S1.8,22,6,6,6,16,unassignable,0,,tetrahedrite,a required site is empty
Fe1Cu1S1.85,12,6,6,6,6,unassignable,0,,tetrahedrite,a required site is empty
Fe1Cu1S1.9,27,7,6,7,22,unassignable,0,,tetrahedrite,a required site is empty
Fe1Cu1Se0.2S1.8,5,3,5,4,4,unassignable,0,,tetrahedrite,a required site is empty
Fe1Cu1Se0.3S1.7,12,4,5,6,8,unassignable,0,,tetrahedrite,a required site is empty
Fe1Cu1Se0.4S1.6,10,10,9,7,10,unassignable,0,,tetrahedrite,a required site is empty
Fe1Cu1Se0.5S1.5,10,6,6,9,5,unassignable,0,,tetrahedrite,a required site is empty
Fe1Cu6.5S4,20,18,18,11,10,unassignable,0,,tetrahedrite,a required site is empty
Fe1Ge1.52,18,9,9,9,9,unassignable,0,,half_heusler,a required site is empty
Fe1Sb1.75Se4,10,6,9,10,9,unassignable,0,,tetrahedrite,ratio spread 1.282 > 0.15
Fe1Sb1.85,3,3,1,0,0,unassignable,0,,skutterudite,ratio spread 0.474 > 0.15
Fe1Sb1.85Se4,14,13,13,14,13,unassignable,0,,tetrahedrite,ratio spread 1.333 > 0.15
Fe1Sb1.875Se4,13,13,13,6,10,unassignable,0,,tetrahedrite,ratio spread 1.345 > 0.15
Fe1Sb1.88,3,3,0,0,0,unassignable,0,,skutterudite,ratio spread 0.459 > 0.15
Fe1Sb1.8Se4,11,9,11,11,10,unassignable,0,,tetrahedrite,ratio spread 1.308 > 0.15
Fe1Sb1.9Se4,15,15,15,7,15,unassignable,0,,tetrahedrite,ratio spread 1.357 > 0.15
Fe1Sb2.15Te0.85,20,10,18,19,14,unassignable,0,,skutterudite,elements outside rule: Te
Fe1Sb2.1Te0.9,20,17,20,18,19,unassignable,0,,skutterudite,elements outside rule: Te
Fe1Sb2.21Te0.8,20,15,18,19,19,unassignable,0,,skutterudite,elements outside rule: Te
Fe1Sb2.23Te0.8,20,14,18,20,14,unassignable,0,,skutterudite,elements outside rule: Te
Fe1Sb2.25Te0.75,20,15,20,19,0,unassignable,0,,skutterudite,elements outside rule: Te
Fe1Sb2.26Te0.8,20,16,18,16,16,unassignable,0,,skutterudite,elements outside rule: Te
Fe1Sb2.2Te0.8,39,36,36,30,29,unassignable,0,,skutterudite,elements outside rule: Te
Fe1Sb2.3Te0.8,20,18,18,19,16,unassignable,0,,skutterudite,elements outside rule: Te
Fe1Sb2Te0.85,16,16,16,8,8,unassignable,0,,skutterudite,elements outside rule: Te
Fe1Sb2Te0.9,16,16,16,8,8,unassignable,0,,skutterudite,elements outside rule: Te
Fe1Sb2Te0.95,36,33,36,28,23,unassignable,0,,skutterudite,elements outside rule: Te
Fe1Si1.28,8,7,7,0,0,unassignable,0,,tm_silicide,"X/M = 1.280 outside [1.7, 2.353]"
Fe1Si1.74,6,3,3,2,3,tm_silicide,1,tm_silicide,,
Fe1Si1.77,9,6,5,6,4,tm_silicide,1,tm_silicide,,
Fe1Si1.8,7,7,7,0,0,tm_silicide,1,tm_silicide,,
Fe1Si1.86,12,6,6,6,6,tm_silicide,1,tm_silicide,,
Fe1Si1.9,18,10,18,5,0,tm_silicide,1,tm_silicide,,
Fe1Si2.1,146,122,38,13,0,tm_silicide,1,tm_silicide,,
Fe1Si2.12,7,7,7,0,0,tm_silicide,1,tm_silicide,,
Fe1Si2.15,40,40,0,0,0,tm_silicide,1,tm_silicide,,
Fe1Si2.18,8,7,7,0,0,tm_silicide,1,tm_silicide,,
Fe1Si2.21,4,4,0,0,0,tm_silicide,1,tm_silicide,,
Fe1Si2.3,16,16,16,4,0,tm_silicide,1,tm_silicide,,
Fe1Si2.41,7,7,7,0,0,unassignable,0,,tm_silicide,"X/M = 2.410 outside [1.7, 2.353]"
Fe1Si2.44,5,4,4,0,0,unassignable,0,,tm_silicide,"X/M = 2.440 outside [1.7, 2.353]"
Fe1Si2.5,17,17,17,5,0,unassignable,0,,tm_silicide,"X/M = 2.500 outside [1.7, 2.353]"
Fe1Si2.8,4,4,2,0,0,unassignable,0,,tm_silicide,"X/M = 2.800 outside [1.7, 2.353]"
Fe1Sn0.2Sb2Te0.8,16,16,16,8,7,unassignable,0,,half_heusler,elements outside rule: Te
Fe2.1Co1.9Sb12,18,10,13,0,11,skutterudite,1,skutterudite,,
Fe2.1Co2Sb12,20,20,16,12,19,skutterudite,1,skutterudite,,
Fe2.1Cu0.8O4,20,20,0,0,0,other_oxide,1,other_oxide,,
Fe2.1Ni1.9Sb12,20,6,4,7,14,skutterudite,1,skutterudite,,
Fe2.25Cu0.5O4,20,20,0,0,0,other_oxide,1,other_oxide,,
Fe2.2Co2Sb12,20,20,19,19,20,skutterudite,1,skutterudite,,
Fe2.2Cu0.6O4,20,20,0,0,0,other_oxide,1,other_oxide,,
Fe2.2Ni1.8Sb12,8,0,0,0,8,skutterudite,1,skutterudite,,
Fe2.2Ni1.8Sb12H1.14,19,10,11,8,9,unassignable,0,,skutterudite,elements outside rule: H
Fe2.3Co2.1Sb12,17,6,10,6,6,skutterudite,1,skutterudite,,
Fe2.3Cu0.4O4,20,20,0,0,0,other_oxide,1,other_oxide,,
Fe2.3Ni1.2Sb12,12,11,0,5,11,skutterudite,1,skutterudite,,
Fe2.4Ni1.6Sb12,26,12,19,9,6,skutterudite,1,skutterudite,,
Fe2.5Co1.2Sb12,6,5,5,0,0,skutterudite,1,skutterudite,,
Fe2.5Co1.5Sb12,27,24,7,0,4,skutterudite,1,skutterudite,,
Fe2.5Cu8.5Sn2S12,14,13,14,13,13,unassignable,0,,tetrahedrite,elements outside rule: Sn
Fe2.5Ni1.5Sb12,77,50,41,39,50,skutterudite,1,skutterudite,,
Fe2.6Co1.4Sb12,10,10,10,8,8,skutterudite,1,skutterudite,,
Fe2.6Cu8.4Sn2S12,14,14,14,13,13,unassignable,0,,tetrahedrite,elements outside rule: Sn
Fe2.6Ni1.4Sb12,18,10,10,0,0,skutterudite,1,skutterudite,,
Fe2.75Co1.25Sb12,19,10,7,6,10,skutterudite,1,skutterudite,,
Fe2.75Cu8Sn2S12,14,10,14,13,13,unassignable,0,,tetrahedrite,elements outside rule: Sn
Fe2.76Co1.24Sb12,10,10,10,7,8,skutterudite,1,skutterudite,,
Fe2.78Cu8Sn2S12,14,14,14,13,13,unassignable,0,,tetrahedrite,elements outside rule: Sn
Fe2.7Co1.3Sb12,109,96,97,75,80,skutterudite,1,skutterudite,,
Fe2.7Cu8Sn2S12,14,14,14,13,13,unassignable,0,,tetrahedrite,elements outside rule: Sn
Fe2.84Co1.16Sb12,23,19,20,12,16,skutterudite,1,skutterudite,,
Fe2.8Co1.2Sb12,45,29,30,17,18,skutterudite,1,skutterudite,,
Fe2.8Co4.2S8,6,6,4,6,0,unassignable,0,,tetrahedrite,a required site is empty
Fe2.8Cu8Sn2S12,13,13,13,13,13,unassignable,0,,tetrahedrite,elements outside rule: Sn
Fe2.8Ni1.2Sb13,20,20,20,0,20,skutterudite,1,skutterudite,,
Fe20Ni20B3P7,16,16,3,0,0,unassignable,0,,skutterudite,elements outside rule: B
Fe20Si5(Ni5B)4,13,13,0,0,0,unassignable,0,,half_heusler,elements outside rule: B
Fe27Si70,50,50,0,0,0,unassignable,0,,tm_silicide,"X/M = 2.593 outside [1.7, 2.353]"
Fe29Si70,83,67,52,18,0,unassignable,0,,tm_silicide,"X/M = 2.414 outside [1.7, 2.353]"
Fe2BO4,19,9,10,0,0,other_oxide,1,other_oxide,,
Fe2Co0.4Cu0.6O4,7,7,0,0,0,other_oxide,1,other_oxide,,
Fe2Co0.6Cu0.4O4,7,7,0,0,0,other_oxide,1,other_oxide,,
Fe2Co0.7O4,2,2,0,0,0,other_oxide,1,other_oxide,,
Fe2Co0.8O4,8,8,0,0,0,other_oxide,1,other_oxide,,
Fe2Co1.8Sb12,8,7,5,5,7,skutterudite,1,skutterudite,,
Fe2Co1.9Sb12,8,7,7,7,7,skutterudite,1,skutterudite,,
Fe2Co2GeSb11,20,10,10,10,10,unassignable,0,,half_heusler,a required site is empty
Fe2Co2Sb11,18,10,10,10,12,skutterudite,1,skutterudite,,
Fe2Co5S8,6,6,6,6,6,unassignable,0,,tetrahedrite,a required site is empty
Fe2CoO4,25,24,24,0,0,other_oxide,1,other_oxide,,
Fe2Cu0.4Ni0.6O4,10,10,0,0,0,other_oxide,1,other_oxide,,
Fe2Cu0.5Ni0.5O4,3,3,0,0,0,other_oxide,1,other_oxide,,
Fe2Cu0.6Ni0.4O4,12,12,0,0,0,other_oxide,1,other_oxide,,
Fe2Cu0.8O4,23,23,0,0,0,other_oxide,1,other_oxide,,
Fe2Cu3(Sn3Se8)2,29,16,28,11,0,unassignable,0,,diamond_like_cu,elements outside rule: Fe
Fe2CuO4,4,4,0,0,0,other_oxide,1,other_oxide,,
Fe2Ge3,50,40,50,0,0,unassignable,0,,half_heusler,a required site is empty
Fe2Ni0.8O4,15,15,0,0,0,other_oxide,1,other_oxide,,
Fe2Ni2B,24,24,6,0,0,unassignable,0,,skutterudite,elements outside rule: B
Fe2O3,53,8,5,52,0,other_oxide,1,other_oxide,,
Fe2Si5,25,21,22,18,20,unassignable,0,,tm_silicide,"X/M = 2.500 outside [1.7, 2.353]"
Fe2SiNi6B,19,19,0,0,0,unassignable,0,,half_heusler,elements outside rule: B
Fe3.227Sb12,11,4,7,7,4,unassignable,0,,skutterudite,ratio spread 0.214 > 0.15
Fe3.25Sb12,38,30,30,21,24,unassignable,0,,skutterudite,ratio spread 0.207 > 0.15
Fe3.2Sb12,76,46,44,34,30,unassignable,0,,skutterudite,ratio spread 0.222 > 0.15
Fe3.2Sb13,21,20,20,0,20,unassignable,0,,skutterudite,ratio spread 0.301 > 0.15
Fe3.327Sb12,13,4,7,5,6,unassignable,0,,skutterudite,ratio spread 0.184 > 0.15
Fe3.32Sb12,19,8,19,0,9,unassignable,0,,skutterudite,ratio spread 0.186 > 0.15
Fe3.3Co1Sb12,10,0,10,9,9,skutterudite,1,skutterudite,,
Fe3.3Sb12,30,30,12,21,18,unassignable,0,,skutterudite,ratio spread 0.192 > 0.15
Fe3.45Co1Sb12,10,0,10,10,9,skutterudite,1,skutterudite,,
Fe3.48Sb12,16,10,10,5,7,skutterudite,1,skutterudite,,
Fe3.4Sb12,62,37,36,19,26,unassignable,0,,skutterudite,ratio spread 0.162 > 0.15
Fe3.53Sb12,13,9,9,10,8,skutterudite,1,skutterudite,,
Fe3.56Sb12,14,6,9,9,8,skutterudite,1,skutterudite,,
Fe3.5Co1Sb12,11,6,5,6,5,skutterudite,1,skutterudite,,
Fe3.5Sb11,17,5,7,10,8,skutterudite,1,skutterudite,,
Fe3.5Sb12,560,375,358,264,282,skutterudite,1,skutterudite,,
Fe3.5Sb13,15,7,9,10,8,unassignable,0,,skutterudite,ratio spread 0.213 > 0.15
Fe3.62Sb12,14,6,9,6,8,skutterudite,1,skutterudite,,
Fe3.65Sb12,7,6,7,6,7,skutterudite,1,skutterudite,,
Fe3.6Sb12,12,7,7,4,7,skutterudite,1,skutterudite,,
Fe3.6Sb13,19,16,16,0,18,unassignable,0,,skutterudite,ratio spread 0.185 > 0.15
Fe3.75Sb12,113,85,90,79,85,skutterudite,1,skutterudite,,
Fe3.7Sb12,40,39,19,33,33,skutterudite,1,skutterudite,,
Fe3.7Sb14,20,17,18,17,15,unassignable,0,,skutterudite,ratio spread 0.231 > 0.15
Fe37Co5B8,5,4,1,0,0,unassignable,0,,skutterudite,elements outside rule: B
Fe38Si10Ni38B8C5,12,12,0,0,0,unassignable,0,,half_heusler,"elements outside rule: B,C"
Fe3Co0.9Sb12,16,4,8,6,7,skutterudite,1,skutterudite,,
Fe3Co1.1Sb12,33,18,17,19,20,skutterudite,1,skutterudite,,
Fe3Co1Sb12Te1.5Pb1.5,13,12,13,7,7,unassignable,0,,half_heusler,elements outside rule: Te
Fe3Co5Sb24,54,32,24,26,34,skutterudite,1,skutterudite,,
Fe3CoSb12,1378,864,1046,538,669,skutterudite,1,skutterudite,,
Fe3CoSb12TePb,13,12,12,7,7,unassignable,0,,half_heusler,elements outside rule: Te
Fe3Cu8(SnS6)2,15,15,15,15,15,unassignable,0,,tetrahedrite,elements outside rule: Sn
Fe3Ni0.9Sb12,38,17,18,15,23,skutterudite,1,skutterudite,,
Fe3NiB12S,16,16,0,0,0,unassignable,0,,tetrahedrite,elements outside rule: B
Fe3NiSb12,131,94,100,81,93,skutterudite,1,skutterudite,,
Fe3O4,5,5,0,0,0,other_oxide,1,other_oxide,,
Fe3Si,4,4,3,0,3,unassignable,0,,tm_silicide,"X/M = 0.333 outside [1.7, 2.353]"
Fe3Sn,12,12,12,0,0,unassignable,0,,half_heusler,a required site is empty
Fe4.2Co2.8S8,6,6,6,6,6,unassignable,0,,tetrahedrite,a required site is empty
Fe4.67Co3.33Sb20Te4,30,29,28,0,0,unassignable,0,,skutterudite,elements outside rule: Te
Fe41B8,6,6,0,0,0,unassignable,0,,skutterudite,elements outside rule: B
Fe4B,54,54,0,0,0,unassignable,0,,skutterudite,elements outside rule: B
Fe4Cu11(GeS8)2,12,9,9,10,8,unassignable,0,,tetrahedrite,elements outside rule: Ge
Fe4Sb3,58,35,54,29,35,unassignable,0,,skutterudite,ratio spread 1.200 > 0.15
Fe4SiNi4B,9,9,0,0,0,unassignable,0,,half_heusler,elements outside rule: B
Fe5Sb4,40,32,32,26,37,unassignable,0,,skutterudite,ratio spread 1.158 > 0.15
Fe5SiNi3B,20,20,0,0,0,unassignable,0,,half_heusler,elements outside rule: B
Fe67(Co9B7)2,14,14,0,0,0,unassignable,0,,skutterudite,elements outside rule: B
Fe6SiNi2B,11,11,0,0,0,unassignable,0,,half_heusler,elements outside rule: B
Fe6SiNi2Bi,9,9,0,0,0,unassignable,0,,half_heusler,a required site is empty
Fe74Co7.5B16,11,9,7,0,0,unassignable,0,,skutterudite,elements outside rule: B
Fe77Co7B16,4,4,0,0,0,unassignable,0,,skutterudite,elements outside rule: B
Fe77Ni7B16,4,4,0,0,0,unassignable,0,,skutterudite,elements outside rule: B
Fe78Si9B13,41,34,28,0,0,unassignable,0,,half_heusler,elements outside rule: B
Fe79Co5B16,4,4,0,0,0,unassignable,0,,skutterudite,elements outside rule: B
Fe79Ni5B16,4,4,0,0,0,unassignable,0,,skutterudite,elements outside rule: B
Fe7S8,6,6,4,6,0,unassignable,0,,tetrahedrite,a required site is empty
Fe7Sb6Ru,20,13,19,9,15,unassignable,0,,half_heusler,a required site is empty
Fe80B17,37,37,0,0,0,unassignable,0,,skutterudite,elements outside rule: B
Fe81B16,7,7,0,0,0,unassignable,0,,skutterudite,elements outside rule: B
Fe83B14,19,19,0,0,0,unassignable,0,,skutterudite,elements outside rule: B
Fe94Cu91S188,7,7,7,0,7,unassignable,0,,tetrahedrite,a required site is empty
FeB,3,3,0,0,0,unassignable,0,,skutterudite,elements outside rule: B
FeBi4S7,15,8,9,6,8,unassignable,0,,tetrahedrite,ratio spread 1.696 > 0.15
FeBiO3,21,9,0,9,3,other_oxide,1,other_oxide,,
FeCo2Si,4,3,4,0,0,unassignable,0,,half_heusler,a required site is empty
FeCo3(Sb3As)3,9,9,9,9,8,skutterudite,1,skutterudite,,
FeCoSb6,549,314,304,290,265,skutterudite,1,skutterudite,,
FeCu2SnS4,17,8,6,7,8,unassignable,0,,tetrahedrite,elements outside rule: Sn
FeCu5S4,185,140,158,138,148,unassignable,0,,tetrahedrite,a required site is empty
FeCuGeSe4,16,11,16,15,0,unassignable,0,,tetrahedrite,elements outside rule: Ge
FeCuO2,160,113,99,36,58,other_oxide,1,other_oxide,,
FeCuS2,142,56,62,31,106,unassignable,0,,tetrahedrite,a required site is empty
FeCuSe2,59,58,53,13,14,unassignable,0,,tetrahedrite,a required site is empty
FeNi3B,8,7,8,0,0,unassignable,0,,skutterudite,elements outside rule: B
FeNiSb6,58,45,39,5,20,skutterudite,1,skutterudite,,
FeS2,61,34,33,39,33,unassignable,0,,tetrahedrite,a required site is empty
FeSb2,33,28,27,16,14,unassignable,0,,skutterudite,ratio spread 0.400 > 0.15
FeSb2Te,68,65,68,26,23,unassignable,0,,tetradymite,elements outside rule: Fe
FeSb3,667,491,477,338,409,skutterudite,1,skutterudite,,
FeSb6Pd,15,7,8,7,0,unassignable,0,,half_heusler,a required site is empty
FeSe,11,11,11,0,0,unassignable,0,,tetrahedrite,a required site is empty
FeSe2,10,10,10,0,0,unassignable,0,,tetrahedrite,a required site is empty
FeSi2,797,543,501,158,130,tm_silicide,1,tm_silicide,,
FeSi3,7,7,7,0,0,unassignable,0,,tm_silicide,"X/M = 3.000 outside [1.7, 2.353]"
FeTe2,19,19,0,0,0,unassignable,0,,tetradymite,elements outside rule: Fe
Ga(Ag3S2)3,16,15,13,3,10,unassignable,0,,cu2x_ag2x_liquid_like,elements outside rule: Ga
Ga(Ag3Se2)3,96,54,46,39,43,unassignable,0,,cu2x_ag2x_liquid_like,elements outside rule: Ga
Ga(Ag3Te2)3,13,13,11,6,10,unassignable,0,,cu2x_ag2x_liquid_like,elements outside rule: Ga
Ga0.3Bi0.5Sb1.5Te3O0.45,8,7,7,0,0,unassignable,0,,tetradymite,"elements outside rule: Ga,O"
Ga0.46Bi0.5Sb1.5Te3O0.69,8,5,6,0,0,unassignable,0,,tetradymite,"elements outside rule: Ga,O"
Ga0.4Bi0.4Sb1.2Te3,8,8,0,8,8,unassignable,0,,tetradymite,elements outside rule: Ga
Ga0.4Bi0.5Sb1.1Te3,10,10,0,8,7,unassignable,0,,tetradymite,elements outside rule: Ga
Ga0.95Ag1Te2,7,0,2,4,5,unassignable,0,,cu2x_ag2x_liquid_like,elements outside rule: Ga
Ga0.95Ag9Te6,33,22,27,0,18,unassignable,0,,cu2x_ag2x_liquid_like,elements outside rule: Ga
Ga0.95Cu1Te2,36,31,33,28,28,diamond_like_cu,1,diamond_like_cu,,
Ga0.9Ag1Te2,10,0,3,7,5,unassignable,0,,cu2x_ag2x_liquid_like,elements outside rule: Ga
Ga0.9Cu0.8Ag0.2Te2,20,17,17,11,7,unassignable,0,,diamond_like_cu,elements outside rule: Ag
Ga0.9Cu1Te2,20,20,20,17,10,diamond_like_cu,1,diamond_like_cu,,
Ga0.9Sb0.1Te1,147,81,78,80,76,unassignable,0,,diamond_like_cu,elements outside rule: Sb
Ga1.8O3,4,0,0,4,0,other_oxide,1,other_oxide,,
Ga1.9Te3,41,32,0,28,32,unassignable,0,,diamond_like_cu,a required site is empty
Ga103Sb90,12,2,12,2,0,unassignable,0,,skutterudite,filler above 8% of atoms
Ga11(Cu3Te7)3,11,6,0,10,9,unassignable,0,,diamond_like_cu,ratio spread 0.197 > 0.15
Ga11(Cu5Te8)3,13,10,9,8,9,unassignable,0,,diamond_like_cu,ratio spread 0.316 > 0.15
Ga12Sb2(Te4Se)3,18,17,17,9,9,unassignable,0,,diamond_like_cu,elements outside rule: Sb
Ga12Sb2Te15,9,9,9,7,9,unassignable,0,,diamond_like_cu,elements outside rule: Sb
Ga12Sb2Te7.5Se7.5,17,16,16,9,9,unassignable,0,,diamond_like_cu,elements outside rule: Sb
Ga17Ru8,9,0,9,5,0,unassignable,0,,full_heusler,a required site is empty
Ga1Ag0.95Te2,8,5,5,4,5,unassignable,0,,diamond_like_cu,elements outside rule: Ag
Ga1Ag9S5.4,5,4,4,0,3,unassignable,0,,cu2x_ag2x_liquid_like,elements outside rule: Ga
Ga1Ag9S5.52,7,7,3,1,5,unassignable,0,,cu2x_ag2x_liquid_like,elements outside rule: Ga
Ga1Ag9S5.7,5,3,3,1,3,unassignable,0,,cu2x_ag2x_liquid_like,elements outside rule: Ga
Ga1Ag9Se0.9S5,9,8,6,1,4,unassignable,0,,cu2x_ag2x_liquid_like,elements outside rule: Ga
Ga1Ag9Se5.28,16,16,0,0,0,unassignable,0,,cu2x_ag2x_liquid_like,elements outside rule: Ga
Ga1Ag9Se5.38,18,10,7,10,7,unassignable,0,,cu2x_ag2x_liquid_like,elements outside rule: Ga
Ga1Ag9Se5.4,19,19,0,0,0,unassignable,0,,cu2x_ag2x_liquid_like,elements outside rule: Ga
Ga1Ag9Se5.52,18,18,0,0,0,unassignable,0,,cu2x_ag2x_liquid_like,elements outside rule: Ga
Ga1Ag9Se5.53,18,10,11,7,10,unassignable,0,,cu2x_ag2x_liquid_like,elements outside rule: Ga
Ga1Ag9Se5.68,19,10,11,6,10,unassignable,0,,cu2x_ag2x_liquid_like,elements outside rule: Ga
Ga1Ag9Se5.7,17,17,0,0,0,unassignable,0,,cu2x_ag2x_liquid_like,elements outside rule: Ga
Ga1Ag9Te0.9Se5,16,16,0,0,0,unassignable,0,,cu2x_ag2x_liquid_like,elements outside rule: Ga
Ga1Cu0.25Ag0.75Te2,10,5,5,6,5,unassignable,0,,diamond_like_cu,elements outside rule: Ag
Ga1Cu0.5Ag0.5Te2,24,18,16,12,18,unassignable,0,,diamond_like_cu,elements outside rule: Ag
Ga1Cu0.65Ag0.35Te2,10,0,0,10,0,unassignable,0,,diamond_like_cu,elements outside rule: Ag
Ga1Cu0.6Ag0.4Te2,20,18,20,6,13,unassignable,0,,diamond_like_cu,elements outside rule: Ag
Ga1Cu0.75Ag0.25Te2,23,14,14,12,17,unassignable,0,,diamond_like_cu,elements outside rule: Ag
Ga1Cu0.7Ag0.3Te2,38,32,36,20,22,unassignable,0,,diamond_like_cu,elements outside rule: Ag
Ga1Cu0.8Ag0.2Te2,20,18,10,16,15,unassignable,0,,diamond_like_cu,elements outside rule: Ag
Ga1Cu0.95Te2,13,11,0,6,11,diamond_like_cu,1,diamond_like_cu,,
Ga1Cu0.9Te2,34,28,13,16,25,diamond_like_cu,1,diamond_like_cu,,
Ga1Cu1.18Te2,10,8,8,5,4,unassignable,0,,diamond_like_cu,ratio spread 0.170 > 0.15
Ga1Cu1.1Te2,9,9,6,9,8,diamond_like_cu,1,diamond_like_cu,,
Ga1Cu1.24Te2,7,6,7,7,6,unassignable,0,,diamond_like_cu,ratio spread 0.222 > 0.15
Ga1Cu1Te2C0.25,17,0,13,8,8,unassignable,0,,diamond_like_cu,elements outside rule: C
Ga1Cu1Te2C0.38,14,6,5,6,6,unassignable,0,,diamond_like_cu,elements outside rule: C
Ga1Cu1Te2C0.5,14,0,11,10,10,unassignable,0,,diamond_like_cu,elements outside rule: C
Ga2.65Fe0.5Co0.5Ge0.35,19,10,10,10,10,unassignable,0,,full_heusler,a required site is empty
Ga2.65Fe0.75Co0.25Ge0.35,19,10,10,10,10,unassignable,0,,full_heusler,a required site is empty
Ga2.65Fe0.85Ge0.35,19,10,10,10,10,unassignable,0,,full_heusler,a required site is empty
Ga2.65Fe0.9Ge0.35,14,10,8,0,0,unassignable,0,,full_heusler,a required site is empty
Ga2.65Fe1Ge0.35,14,10,6,6,10,unassignable,0,,full_heusler,a required site is empty
Ga2.75Fe1Ge0.25,14,10,10,6,10,unassignable,0,,full_heusler,a required site is empty
Ga2.75Sb2.25Te0.75,10,0,0,10,0,unassignable,0,,skutterudite,elements outside rule: Te
Ga2.8Fe1Ge0.2,19,18,11,18,19,unassignable,0,,full_heusler,a required site is empty
Ga22Cu29Te49,18,12,15,8,13,unassignable,0,,diamond_like_cu,ratio spread 0.278 > 0.15
Ga25(Cu9Te16)3,19,13,15,17,11,diamond_like_cu,1,diamond_like_cu,,
Ga25Cu28Te47,17,10,13,13,9,unassignable,0,,diamond_like_cu,ratio spread 0.176 > 0.15
Ga26Cu25Te49,20,12,13,16,14,diamond_like_cu,1,diamond_like_cu,,
Ga2ReGe,4,4,3,4,0,unassignable,0,,clathrate_type_i,elements outside rule: Re
Ga2Ru,25,15,22,21,14,unassignable,0,,full_heusler,a required site is empty
Ga2Sb0.3Te2.65,14,13,0,6,14,unassignable,0,,diamond_like_cu,elements outside rule: Sb
Ga2Se3,15,0,0,15,0,unassignable,0,,diamond_like_cu,a required site is empty
Ga2Te2.75,14,12,0,5,13,unassignable,0,,diamond_like_cu,a required site is empty
Ga2Te3,54,28,0,34,27,unassignable,0,,diamond_like_cu,a required site is empty
Ga33Ru17,73,54,54,32,30,unassignable,0,,full_heusler,a required site is empty
Ga3CuTe5,21,5,3,16,5,unassignable,0,,diamond_like_cu,ratio spread 0.923 > 0.15
Ga3Fe,178,156,144,110,110,unassignable,0,,skutterudite,filler above 8% of atoms
Ga3Fe0.5Co0.5,4,4,4,4,4,unassignable,0,,skutterudite,filler above 8% of atoms
Ga3Fe0.875,4,4,3,3,4,unassignable,0,,skutterudite,filler above 8% of atoms
Ga3Ru,36,32,31,15,4,unassignable,0,,full_heusler,a required site is empty
Ga3Sb2.7Te0.3,13,5,1,11,0,unassignable,0,,skutterudite,elements outside rule: Te
Ga3Sb2.85,1,1,0,0,1,unassignable,0,,skutterudite,filler above 8% of atoms
Ga4Cu2Te7,31,15,14,23,15,unassignable,0,,diamond_like_cu,ratio spread 0.632 > 0.15
Ga5(CuTe3)3,22,6,7,17,7,unassignable,0,,diamond_like_cu,ratio spread 0.480 > 0.15
Ga5CuTe8,11,0,0,11,0,unassignable,0,,diamond_like_cu,ratio spread 1.200 > 0.15
Ga67Ru30,9,9,9,5,5,unassignable,0,,full_heusler,a required site is empty
Ga67Ru31,10,9,9,6,5,unassignable,0,,full_heusler,a required site is empty
Ga67Ru33,169,104,116,72,76,unassignable,0,,full_heusler,a required site is empty
Ga6Cu4Te11,17,0,9,10,9,unassignable,0,,diamond_like_cu,ratio spread 0.387 > 0.15
Ga7(SbTe5)2,17,15,17,9,15,unassignable,0,,diamond_like_cu,elements outside rule: Sb
Ga72Fe25,11,5,7,0,5,unassignable,0,,skutterudite,filler above 8% of atoms
Ga72Ru25,13,9,6,9,9,unassignable,0,,full_heusler,a required site is empty
Ga73Fe25,12,9,6,5,5,unassignable,0,,skutterudite,filler above 8% of atoms
Ga73Ru25,15,9,9,9,9,unassignable,0,,full_heusler,a required site is empty
Ga74Fe25,10,7,6,5,5,unassignable,0,,skutterudite,filler above 8% of atoms
Ga74Ru25,10,7,9,5,5,unassignable,0,,full_heusler,a required site is empty
Ga7Sb2(Te4Se)2,17,16,16,9,9,unassignable,0,,diamond_like_cu,elements outside rule: Sb
Ga7Sb2(TeSe)5,17,16,15,9,9,unassignable,0,,diamond_like_cu,elements outside rule: Sb
Ga8(Cu2Te5)3,9,6,4,5,5,unassignable,0,,diamond_like_cu,ratio spread 0.279 > 0.15
GaAg9Se5,19,10,11,6,11,unassignable,0,,cu2x_ag2x_liquid_like,elements outside rule: Ga
GaAg9TeSe5,18,18,0,0,0,unassignable,0,,cu2x_ag2x_liquid_like,elements outside rule: Ga
GaAgTe2,21,10,10,14,9,unassignable,0,,cu2x_ag2x_liquid_like,elements outside rule: Ga
GaCuTe2,283,179,155,162,174,diamond_like_cu,1,diamond_like_cu,,
GaN,25,15,15,0,0,unassignable,0,,skutterudite,elements outside rule: N
GaSb,95,33,44,50,27,unassignable,0,,skutterudite,filler above 8% of atoms
GaSb5Te9,8,8,0,7,8,unassignable,0,,tetradymite,elements outside rule: Ga
GaTe,12,12,0,0,0,unassignable,0,,diamond_like_cu,a required site is empty
Gd(Tl3Te2)3,18,13,15,11,9,unassignable,0,,skutterudite,elements outside rule: Te
Gd0.4Mn0.58Zn0.37Fe1.65O4,8,8,0,0,0,other_oxide,1,other_oxide,,
Gd0.8Co1O3,19,5,0,9,5,other_oxide,1,other_oxide,,
Gd0.9Co1O3,25,5,5,12,3,other_oxide,1,other_oxide,,
Gd1.17Tl9Te6,8,5,6,6,6,unassignable,0,,skutterudite,elements outside rule: Te
Gd1.5Y1.5Cu3Sb4,11,11,0,0,11,unassignable,0,,full_heusler,elements outside rule: Gd
Gd12Co5.3Bi1,6,0,0,6,0,unassignable,0,,half_heusler,ratio spread 1.803 > 0.15
Gd12Co5Bi,6,0,0,6,0,unassignable,0,,half_heusler,ratio spread 1.833 > 0.15
Gd14Al37Au49,12,9,9,5,5,unassignable,0,,clathrate_type_i,elements outside rule: Gd
Gd14Ge18Au67,4,4,4,4,4,unassignable,0,,clathrate_type_i,elements outside rule: Gd
Gd1Co0.95O3,10,3,6,9,4,other_oxide,1,other_oxide,,
Gd1S1.43,32,19,20,3,2,unassignable,0,,tetradymite,elements outside rule: Gd
Gd1S1.48,30,20,16,2,3,unassignable,0,,tetradymite,elements outside rule: Gd
Gd2Ru2O7,11,11,0,0,0,other_oxide,1,other_oxide,,
Gd2S3,31,29,0,2,2,unassignable,0,,tetradymite,elements outside rule: Gd
Gd2SbO2,10,3,0,3,4,other_oxide,1,other_oxide,,
Gd2Zr2O7,12,5,0,7,0,other_oxide,1,other_oxide,,
Gd3Cu3Sb4,5,3,3,2,0,unassignable,0,,skutterudite,elements outside rule: Cu
Gd5Ge3,10,9,0,9,0,unassignable,0,,half_heusler,a required site is empty
Gd5Si3,13,9,0,7,0,unassignable,0,,half_heusler,a required site is empty
Gd7Si8Au35,4,3,4,4,4,unassignable,0,,clathrate_type_i,elements outside rule: Gd
Gd8Bi3O8,3,3,0,3,0,other_oxide,1,other_oxide,,
GdBiPd,23,11,22,10,6,half_heusler,1,half_heusler,,
GdCoO3,18,7,0,9,2,other_oxide,1,other_oxide,,
GdCrB4,20,0,20,0,0,unassignable,0,,skutterudite,"elements outside rule: B,Cr"
GdNiO3,8,5,8,0,0,other_oxide,1,other_oxide,,
GdSbPd,23,0,23,0,0,half_heusler,1,half_heusler,,
GdTlSe2,11,9,0,9,7,unassignable,0,,tetradymite,"elements outside rule: Gd,Tl"
GdTlTe2,12,7,10,10,9,unassignable,0,,tetradymite,"elements outside rule: Gd,Tl"
GdZn,4,0,4,0,0,unassignable,0,,skutterudite,elements outside rule: Zn
Ge,42,42,0,0,0,sige,1,sige,,
Ge(Bi3Te5)2,17,17,17,8,5,gete_sb2te3_pseudobinary,1,gete_sb2te3_pseudobinary,,
Ge(BiTe2)2,8,7,8,0,0,gete_sb2te3_pseudobinary,1,gete_sb2te3_pseudobinary,,
Ge(Sb3Te5)2,72,62,67,13,25,gete_sb2te3_pseudobinary,1,gete_sb2te3_pseudobinary,,
Ge(SbTe2)2,35,34,34,0,0,gete_sb2te3_pseudobinary,1,gete_sb2te3_pseudobinary,,
Ge0.067Sb0.667Te0.266,18,16,17,15,18,unassignable,0,,gete_sb2te3_pseudobinary,charge imbalance 1.202 > 0.15
Ge0.12Te1.12Pb1,18,11,11,11,10,iv_vi_rocksalt,1,iv_vi_rocksalt,,
Ge0.13Te1.13Pb1,30,17,18,17,19,iv_vi_rocksalt,1,iv_vi_rocksalt,,
Ge0.14Te1.14Pb1,12,10,10,10,11,iv_vi_rocksalt,1,iv_vi_rocksalt,,
Ge0.25Te1Pb0.75,3,3,3,2,3,iv_vi_rocksalt,1,iv_vi_rocksalt,,
Ge0.2Te0.8Pb0.80037,13,13,13,10,13,unassignable,0,,gete_type,ratio spread 0.223 > 0.15
Ge0.2Te1Pb0.8,3,3,3,2,3,iv_vi_rocksalt,1,iv_vi_rocksalt,,
Ge0.32Te1Pb0.68,3,2,2,1,2,iv_vi_rocksalt,1,iv_vi_rocksalt,,
Ge0.34Te1Pb0.66,3,2,2,2,3,iv_vi_rocksalt,1,iv_vi_rocksalt,,
Ge0.35Te1Pb0.65,3,2,2,2,2,iv_vi_rocksalt,1,iv_vi_rocksalt,,
Ge0.38Te1Pb0.62,3,2,2,2,3,iv_vi_rocksalt,1,iv_vi_rocksalt,,
Ge0.45Te1Pb0.55,3,2,3,2,3,iv_vi_rocksalt,1,iv_vi_rocksalt,,
Ge0.4655Te0.5345,30,30,30,29,29,gete_type,2,gete_type;iv_vi_rocksalt,,
Ge0.4845Te0.5155,30,30,30,29,30,gete_type,2,gete_type;iv_vi_rocksalt,,
Ge0.4Te1Pb0.6,7,6,6,3,6,iv_vi_rocksalt,1,iv_vi_rocksalt,,
Ge0.55Te0.2Pb0.45Se0.8,4,3,4,4,3,iv_vi_rocksalt,1,iv_vi_rocksalt,,
Ge0.55Te0.3Pb0.45Se0.7,7,3,5,5,5,iv_vi_rocksalt,1,iv_vi_rocksalt,,
Ge0.55Te0.4Pb0.45Se0.6,6,4,6,4,6,iv_vi_rocksalt,1,iv_vi_rocksalt,,
Ge0.55Te0.5Pb0.45Se0.5,11,4,9,5,6,iv_vi_rocksalt,1,iv_vi_rocksalt,,
Ge0.55Te0.8Pb0.45Se0.2,6,6,3,5,5,iv_vi_rocksalt,1,iv_vi_rocksalt,,
Ge0.55Te1Pb0.45,5,5,5,4,4,gete_type,2,gete_type;iv_vi_rocksalt,,
Ge0.5Te0.5Pb0.5Se0.5,5,4,0,4,5,iv_vi_rocksalt,1,iv_vi_rocksalt,,
Ge0.5Te1Pb0.5,3,2,3,2,2,iv_vi_rocksalt,1,iv_vi_rocksalt,,
Ge0.65Te1Pb0.35,3,3,2,3,3,gete_type,2,gete_type;iv_vi_rocksalt,,
Ge0.6Te0.5Pb0.4Se0.5,5,5,0,4,5,iv_vi_rocksalt,1,iv_vi_rocksalt,,
Ge0.6Te1Pb0.4,3,3,3,2,2,gete_type,2,gete_type;iv_vi_rocksalt,,
Ge0.7227Te0.73Pb0.27Se0.27,8,8,8,6,6,iv_vi_rocksalt,1,iv_vi_rocksalt,,
Ge0.72Sb0.1Te1Pb0.1,12,6,6,7,10,gete_type,2,gete_type;iv_vi_rocksalt,,
Ge0.736Te1Pb0.184,9,5,6,5,6,gete_type,2,gete_type;iv_vi_rocksalt,,
Ge0.73Sb0.1Te1Pb0.1,10,10,10,8,10,gete_type,2,gete_type;iv_vi_rocksalt,,
Ge0.7425Te0.75Pb0.25Se0.25,8,8,8,6,8,iv_vi_rocksalt,1,iv_vi_rocksalt,,
Ge0.745Sb0.1Te1Pb0.1,11,6,8,6,9,gete_type,2,gete_type;iv_vi_rocksalt,,
Ge0.74Sb0.1Te1Pb0.1,10,10,10,10,10,gete_type,2,gete_type;iv_vi_rocksalt,,
Ge0.7546Te0.77Pb0.23Se0.23,8,8,8,7,7,iv_vi_rocksalt,1,iv_vi_rocksalt,,
Ge0.75Sb0.13Te1Pb0.12,13,7,4,9,10,gete_type,2,gete_type;iv_vi_rocksalt,,
Ge0.75Sb0.1Te1Pb0.1,11,10,8,10,7,gete_type,2,gete_type;iv_vi_rocksalt,,
Ge0.75Te0.4Pb0.2Se0.6,6,5,4,4,5,iv_vi_rocksalt,1,iv_vi_rocksalt,,
Ge0.75Te0.5Pb0.25Se0.5,7,6,6,4,4,iv_vi_rocksalt,1,iv_vi_rocksalt,,
Ge0.75Te0.5Pb0.2Se0.5,29,21,24,23,23,iv_vi_rocksalt,1,iv_vi_rocksalt,,
Ge0.75Te0.6Pb0.2Se0.4,6,4,5,5,3,iv_vi_rocksalt,1,iv_vi_rocksalt,,
Ge0.75Te0.7Pb0.2Se0.3,8,5,5,5,5,iv_vi_rocksalt,1,iv_vi_rocksalt,,
Ge0.75Te0.8Pb0.2Se0.2,7,5,4,5,5,iv_vi_rocksalt,1,iv_vi_rocksalt,,
Ge0.75Te0.9Pb0.2Se0.1,6,4,5,4,5,iv_vi_rocksalt,1,iv_vi_rocksalt,,
Ge0.75Te1.09Pb0.25,32,32,32,16,16,gete_type,2,gete_type;iv_vi_rocksalt,,
Ge0.75Te1.15Pb0.25,16,16,15,15,14,gete_type,2,gete_type;iv_vi_rocksalt,,
Ge0.75Te1Pb0.2,5,5,5,5,5,gete_type,2,gete_type;iv_vi_rocksalt,,
Ge0.76Sb0.1Te1Pb0.1,11,11,7,10,10,gete_type,2,gete_type;iv_vi_rocksalt,,
Ge0.76Te1Pb0.12,116,64,52,15,56,gete_type,2,gete_type;iv_vi_rocksalt,,
Ge0.76Te1Pb0.19,9,6,6,5,4,gete_type,2,gete_type;iv_vi_rocksalt,,
Ge0.776Te1Pb0.194,7,6,5,5,5,gete_type,2,gete_type;iv_vi_rocksalt,,
Ge0.784Te0.8Pb0.2Se0.2,20,20,20,11,19,iv_vi_rocksalt,1,iv_vi_rocksalt,,
Ge0.78Te1Pb0.22,5,5,5,5,5,gete_type,2,gete_type;iv_vi_rocksalt,,
Ge0.7Te0.5Pb0.3Se0.5,5,5,5,5,5,iv_vi_rocksalt,1,iv_vi_rocksalt,,
Ge0.7Te1Pb0.27,10,5,6,4,5,gete_type,2,gete_type;iv_vi_rocksalt,,
Ge0.7Te1Pb0.3,2,2,2,2,2,gete_type,2,gete_type;iv_vi_rocksalt,,
Ge0.8036Te0.82Pb0.18Se0.18,20,20,20,10,19,iv_vi_rocksalt,1,iv_vi_rocksalt,,
Ge0.8091Bi0.14Te1.14Pb0.1209,19,9,10,10,10,gete_type,2,gete_type;iv_vi_rocksalt,,
Ge0.816Te1.08Pb0.144,11,7,10,10,9,gete_type,2,gete_type;iv_vi_rocksalt,,
Ge0.81Te1.08,6,6,5,3,4,unassignable,0,,gete_type,ratio spread 0.286 > 0.15
Ge0.8265Te1.1Pb0.1235,19,11,10,11,9,gete_type,2,gete_type;iv_vi_rocksalt,,
Ge0.82Te1.06,5,5,5,3,5,unassignable,0,,gete_type,ratio spread 0.255 > 0.15
Ge0.82Te1.06Pb0.18,5,5,4,5,5,gete_type,2,gete_type;iv_vi_rocksalt,,
Ge0.82Te1.09Pb0.18,17,16,17,17,17,gete_type,2,gete_type;iv_vi_rocksalt,,
Ge0.82Te1.15Pb0.18,16,16,16,16,15,gete_type,2,gete_type;iv_vi_rocksalt,,
Ge0.82Te1Pb0.1,12,11,11,11,11,gete_type,2,gete_type;iv_vi_rocksalt,,
Ge0.82Te1Pb0.18,5,5,4,4,5,gete_type,2,gete_type;iv_vi_rocksalt,,
Ge0.833Te0.85Pb0.15Se0.15,20,20,13,10,17,iv_vi_rocksalt,1,iv_vi_rocksalt,,
Ge0.835Te1,6,6,6,4,4,unassignable,0,,gete_type,ratio spread 0.180 > 0.15
Ge0.83Bi0.34Te1.34,18,18,18,18,18,gete_type,2,gete_type;iv_vi_rocksalt,,
Ge0.83Te1Pb0.1,12,10,8,10,9,gete_type,2,gete_type;iv_vi_rocksalt,,
Ge0.8439Te1.06Pb0.1261,14,9,7,11,10,gete_type,2,gete_type;iv_vi_rocksalt,,
Ge0.8448Te1.08Pb0.1152,10,6,10,10,10,gete_type,2,gete_type;iv_vi_rocksalt,,
Ge0.84Sb0.1Te1,20,7,10,11,9,gete_type,2,gete_type;iv_vi_rocksalt,,
Ge0.84Te1Pb0.1,12,7,11,9,6,gete_type,2,gete_type;iv_vi_rocksalt,,
Ge0.85Sb0.15Te0.88Se0.12,20,20,20,10,19,iv_vi_rocksalt,1,iv_vi_rocksalt,,
Ge0.85Sb0.15Te0.9,9,0,9,0,9,gete_type,2,gete_type;iv_vi_rocksalt,,
Ge0.85Sb0.15Te1,8,8,6,8,8,gete_type,2,gete_type;iv_vi_rocksalt,,
Ge0.85Sb0.1Te1,41,27,27,28,26,gete_type,2,gete_type;iv_vi_rocksalt,,
Ge0.85Sb1Te1.15,4,0,0,4,0,unassignable,0,,gete_sb2te3_pseudobinary,charge imbalance 0.686 > 0.15
Ge0.85Te1,6,5,5,5,5,unassignable,0,,gete_type,ratio spread 0.162 > 0.15
Ge0.85Te1Pb0.1,20,15,13,11,15,gete_type,2,gete_type;iv_vi_rocksalt,,
Ge0.85Te1Pb0.12,10,6,5,6,5,gete_type,2,gete_type;iv_vi_rocksalt,,
Ge0.85Te1Pb0.1275,10,5,5,5,6,gete_type,2,gete_type;iv_vi_rocksalt,,
Ge0.85Te1Pb0.135,20,12,9,12,11,gete_type,2,gete_type;iv_vi_rocksalt,,
Ge0.85Te1Pb0.1425,10,5,6,5,6,gete_type,2,gete_type;iv_vi_rocksalt,,
Ge0.85Te1Pb0.1455,10,6,6,6,6,gete_type,2,gete_type;iv_vi_rocksalt,,
Ge0.85Te1Pb0.1485,11,6,6,5,6,gete_type,2,gete_type;iv_vi_rocksalt,,
Ge0.85Te1Pb0.15,9,6,6,5,6,gete_type,2,gete_type;iv_vi_rocksalt,,
Ge0.8613Te1Pb0.1287,17,7,10,10,10,gete_type,2,gete_type;iv_vi_rocksalt,,
Ge0.8624Te0.88Pb0.12Se0.12,20,20,20,11,9,iv_vi_rocksalt,1,iv_vi_rocksalt,,
Ge0.865Te1Pb0.1,13,11,12,7,10,gete_type,2,gete_type;iv_vi_rocksalt,,
Ge0.86Bi0.28Te1.28,18,18,17,18,17,gete_type,2,gete_type;iv_vi_rocksalt,,
Ge0.86Sb0.1Te1,25,6,6,8,22,gete_type,2,gete_type;iv_vi_rocksalt,,
Ge0.86Te1,50,40,38,30,36,unassignable,0,,gete_type,ratio spread 0.151 > 0.15
Ge0.86Te1Pb0.1,88,77,67,51,62,gete_type,2,gete_type;iv_vi_rocksalt,,
Ge0.86Te1Pb0.14,5,5,5,4,5,gete_type,2,gete_type;iv_vi_rocksalt,,
Ge0.8736Te1.08,10,10,10,7,10,unassignable,0,,gete_type,ratio spread 0.211 > 0.15
Ge0.878Sb0.13Te1,16,8,10,9,10,gete_type,2,gete_type;iv_vi_rocksalt,,
Ge0.87Sb0.1Te1,48,26,25,27,29,gete_type,2,gete_type;iv_vi_rocksalt,,
Ge0.87Te1,43,39,30,34,38,gete_type,2,gete_type;iv_vi_rocksalt,,
Ge0.87Te1.09Pb0.13,16,16,16,0,0,gete_type,2,gete_type;iv_vi_rocksalt,,
Ge0.87Te1.15Pb0.13,13,13,13,13,12,gete_type,2,gete_type;iv_vi_rocksalt,,
Ge0.87Te1Pb0.1,12,6,9,6,10,gete_type,2,gete_type;iv_vi_rocksalt,,
Ge0.87Te1Pb0.13,136,106,105,94,124,gete_type,2,gete_type;iv_vi_rocksalt,,
Ge0.882Te0.9,20,19,18,10,14,gete_type,2,gete_type;iv_vi_rocksalt,,
Ge0.882Te1,14,12,10,8,10,gete_type,2,gete_type;iv_vi_rocksalt,,
Ge0.8865Te1,12,10,11,7,10,gete_type,2,gete_type;iv_vi_rocksalt,,
Ge0.888Sb0.1Te1,12,12,12,12,11,gete_type,2,gete_type;iv_vi_rocksalt,,
Ge0.88Bi0.24Te1.24,17,17,17,17,17,gete_type,2,gete_type;iv_vi_rocksalt,,
Ge0.88Sb0.12Te1,32,27,24,21,31,gete_type,2,gete_type;iv_vi_rocksalt,,
Ge0.88Sb0.1Te1,74,37,39,50,43,gete_type,2,gete_type;iv_vi_rocksalt,,
Ge0.88Te1,17,9,7,6,11,gete_type,2,gete_type;iv_vi_rocksalt,,
Ge0.88Te1Pb0.12,17,11,11,9,9,gete_type,2,gete_type;iv_vi_rocksalt,,
Ge0.891Te1,13,11,10,11,10,gete_type,2,gete_type;iv_vi_rocksalt,,
Ge0.8925Sb0.1Te1,7,7,6,7,7,gete_type,2,gete_type;iv_vi_rocksalt,,
Ge0.893Sb0.1Te1,12,11,12,11,11,gete_type,2,gete_type;iv_vi_rocksalt,,
Ge0.8955Te1,15,8,10,10,8,gete_type,2,gete_type;iv_vi_rocksalt,,
Ge0.895Sb0.1Te1,21,18,18,16,18,gete_type,2,gete_type;iv_vi_rocksalt,,
Ge0.89Bi0.11Te1,11,0,6,10,10,gete_type,2,gete_type;iv_vi_rocksalt,,
Ge0.89Pb0.1Se1,5,4,0,4,5,iv_vi_rocksalt,1,iv_vi_rocksalt,,
Ge0.89Sb0.1Te1,32,26,27,28,26,gete_type,2,gete_type;iv_vi_rocksalt,,
Ge0.89Te1,85,35,38,49,50,gete_type,2,gete_type;iv_vi_rocksalt,,
Ge0.8Bi0.4Te1.4,15,15,15,15,15,gete_sb2te3_pseudobinary,1,gete_sb2te3_pseudobinary,,
Ge0.8Te0.5Pb0.2Se0.5,5,5,5,4,5,iv_vi_rocksalt,1,iv_vi_rocksalt,,
Ge0.8Te1,78,35,40,12,35,unassignable,0,,gete_type,ratio spread 0.222 > 0.15
Ge0.8Te1.1,6,6,5,4,5,unassignable,0,,gete_type,ratio spread 0.316 > 0.15
Ge0.8Te1Pb0.18,8,5,6,6,6,gete_type,2,gete_type;iv_vi_rocksalt,,
Ge0.8Te1Pb0.2,9,6,6,5,6,gete_type,2,gete_type;iv_vi_rocksalt,,
Ge0.9016Te0.92,20,20,20,10,15,gete_type,2,gete_type;iv_vi_rocksalt,,
Ge0.9024Te1.08,10,10,10,7,10,unassignable,0,,gete_type,ratio spread 0.179 > 0.15
Ge0.91Bi0.18Te1.18,17,17,17,16,17,gete_type,2,gete_type;iv_vi_rocksalt,,
Ge0.91Te1,122,71,80,86,92,gete_type,2,gete_type;iv_vi_rocksalt,,
Ge0.925Se1.075,7,4,5,6,5,iv_vi_rocksalt,1,iv_vi_rocksalt,,
Ge0.925Te1,11,7,7,6,5,gete_type,2,gete_type;iv_vi_rocksalt,,
Ge0.92As1,17,15,15,8,15,unassignable,0,,skutterudite,elements outside rule: Ge
Ge0.92Bi4Te7,12,8,7,10,11,gete_sb2te3_pseudobinary,1,gete_sb2te3_pseudobinary,,
Ge0.92Te1,174,144,130,126,136,gete_type,2,gete_type;iv_vi_rocksalt,,
Ge0.9312Te1.08,10,10,10,10,10,gete_type,2,gete_type;iv_vi_rocksalt,,
Ge0.931Te0.95,20,19,18,8,14,gete_type,2,gete_type;iv_vi_rocksalt,,
Ge0.935Te1,18,6,10,10,9,gete_type,2,gete_type;iv_vi_rocksalt,,
Ge0.937Bi0.126Te1.1134,80,27,26,37,27,gete_type,2,gete_type;iv_vi_rocksalt,,
Ge0.93Bi0.14Te1.14,16,16,16,16,16,gete_type,2,gete_type;iv_vi_rocksalt,,
Ge0.93Sb0.14Te1.14,13,13,13,13,12,gete_type,2,gete_type;iv_vi_rocksalt,,
Ge0.93Te1,310,198,193,201,201,gete_type,2,gete_type;iv_vi_rocksalt,,
Ge0.93Te1.075,29,20,20,16,18,gete_type,2,gete_type;iv_vi_rocksalt,,
Ge0.93Te1.085,26,20,20,16,18,unassignable,0,,gete_type,ratio spread 0.154 > 0.15
Ge0.93Te1.095,29,20,16,20,18,unassignable,0,,gete_type,ratio spread 0.163 > 0.15
Ge0.945Te1,12,7,7,6,5,gete_type,2,gete_type;iv_vi_rocksalt,,
Ge0.94Sb0.12Te1.12,13,13,13,13,12,gete_type,2,gete_type;iv_vi_rocksalt,,
Ge0.94Te1,351,242,257,219,268,gete_type,2,gete_type;iv_vi_rocksalt,,
Ge0.95Se1.05,5,3,1,3,2,iv_vi_rocksalt,1,iv_vi_rocksalt,,
Ge0.95Te0.7Se0.3,12,9,8,9,9,iv_vi_rocksalt,1,iv_vi_rocksalt,,
Ge0.95Te0.88Se0.12,20,20,20,10,19,iv_vi_rocksalt,1,iv_vi_rocksalt,,
Ge0.95Te0.8Se0.2,13,10,9,9,10,iv_vi_rocksalt,1,iv_vi_rocksalt,,
Ge0.95Te0.9,9,0,9,0,9,gete_type,2,gete_type;iv_vi_rocksalt,,
Ge0.95Te0.95,9,8,8,8,5,gete_type,2,gete_type;iv_vi_rocksalt,,
Ge0.95Te0.9Se0.1,13,9,9,10,10,iv_vi_rocksalt,1,iv_vi_rocksalt,,
Ge0.95Te1,465,317,261,312,331,gete_type,2,gete_type;iv_vi_rocksalt,,
Ge0.95Te1.05,9,9,9,9,9,gete_type,2,gete_type;iv_vi_rocksalt,,
Ge0.95Te1.1,119,64,63,66,99,gete_type,2,gete_type;iv_vi_rocksalt,,
Ge0.9Bi0.1Te1,10,9,8,9,7,gete_type,2,gete_type;iv_vi_rocksalt,,
Ge0.9Sb0.1Te0.86Se0.14,20,19,19,10,19,iv_vi_rocksalt,1,iv_vi_rocksalt,,
Ge0.9Sb0.1Te0.88Se0.12,68,65,60,39,60,iv_vi_rocksalt,1,iv_vi_rocksalt,,
Ge0.9Sb0.1Te0.89Se0.11,20,20,10,10,11,iv_vi_rocksalt,1,iv_vi_rocksalt,,
Ge0.9Sb0.1Te0.9,18,0,18,0,18,gete_type,2,gete_type;iv_vi_rocksalt,,
Ge0.9Sb0.1Te0.95,20,11,19,10,18,gete_type,2,gete_type;iv_vi_rocksalt,,
Ge0.9Sb0.1Te0.9Se0.1,20,17,18,10,18,iv_vi_rocksalt,1,iv_vi_rocksalt,,
Ge0.9Sb0.1Te1,131,80,67,60,106,gete_type,2,gete_type;iv_vi_rocksalt,,
Ge0.9Sb0.2Te1.2,13,13,13,7,10,gete_type,2,gete_type;iv_vi_rocksalt,,
Ge0.9Se1.1,10,9,7,6,9,unassignable,0,,snse_type,ratio spread 0.200 > 0.15
Ge0.9Te0.5Pb0.1Se0.5,6,5,5,4,3,iv_vi_rocksalt,1,iv_vi_rocksalt,,
Ge0.9Te0.9Se0.2,9,8,8,7,8,unassignable,0,,iv_vi_rocksalt,ratio spread 0.200 > 0.15
Ge0.9Te1,62,28,31,47,40,gete_type,2,gete_type;iv_vi_rocksalt,,
Ge0.9Te1.1,9,9,9,9,8,unassignable,0,,gete_type,ratio spread 0.200 > 0.15
Ge0.9Te1Pb0.1,20,18,15,14,17,gete_type,2,gete_type;iv_vi_rocksalt,,
Ge1.05Te1,48,45,44,27,27,gete_type,2,gete_type;iv_vi_rocksalt,,
Ge1.075Te1,41,36,35,18,18,gete_type,2,gete_type;iv_vi_rocksalt,,
Ge1.1Te1,39,33,33,18,18,gete_type,2,gete_type;iv_vi_rocksalt,,
Ge1.769Mo0.4Ru0.6,7,6,6,6,6,unassignable,0,,half_heusler,elements outside rule: Mo
Ge1.769Mo0.6Ru0.4,6,6,4,6,6,unassignable,0,,half_heusler,elements outside rule: Mo
Ge1.769Mo0.8Ru0.2,6,6,5,6,6,unassignable,0,,half_heusler,elements outside rule: Mo
Ge1.769Mo1,6,6,6,6,6,unassignable,0,,sige,elements outside rule: Mo
Ge1.85Sb2Te5,16,8,7,10,9,gete_sb2te3_pseudobinary,1,gete_sb2te3_pseudobinary,,
Ge1.8Sb2Te5,16,8,11,5,10,gete_sb2te3_pseudobinary,1,gete_sb2te3_pseudobinary,,
Ge1.9Sb2Te5,14,6,7,8,6,gete_sb2te3_pseudobinary,1,gete_sb2te3_pseudobinary,,
Ge11(Sb2Te7)2,18,17,13,12,14,gete_type,2,gete_type;iv_vi_rocksalt,,
Ge11Sb2.4Te14,17,13,12,7,15,gete_type,2,gete_type;iv_vi_rocksalt,,
Ge11Sb3Te14,35,32,18,15,14,gete_type,2,gete_type;iv_vi_rocksalt,,
Ge129Te22P43,4,1,1,4,1,unassignable,0,,gete_type,elements outside rule: P
Ge12Sb2Te15,198,163,169,169,170,gete_type,2,gete_type;iv_vi_rocksalt,,
Ge1492Sb176Te1755,10,6,6,10,10,gete_type,2,gete_type;iv_vi_rocksalt,,
Ge15(TeP2)4,17,17,0,0,0,unassignable,0,,gete_type,elements outside rule: P
Ge1540Sb181Te1811,10,7,8,8,10,gete_type,2,gete_type;iv_vi_rocksalt,,
Ge1590Sb187Te1871,10,8,8,10,10,gete_type,2,gete_type;iv_vi_rocksalt,,
Ge1644Sb193Te1934,10,7,6,7,10,gete_type,2,gete_type;iv_vi_rocksalt,,
Ge17(SbTe10)2,345,283,303,299,315,gete_type,2,gete_type;iv_vi_rocksalt,,
Ge17Te20,63,46,44,44,46,unassignable,0,,gete_type,ratio spread 0.162 > 0.15
Ge19(SbI)4,21,18,0,3,0,unassignable,0,,gete_type,elements outside rule: I
Ge19Sb5Te26,7,5,4,4,4,gete_type,2,gete_type;iv_vi_rocksalt,,
Ge19Te22,225,208,192,144,142,gete_type,2,gete_type;iv_vi_rocksalt,,
Ge1C0.06,44,27,10,10,0,unassignable,0,,sige,elements outside rule: C
Ge1C0.12,60,42,16,11,0,unassignable,0,,sige,elements outside rule: C
Ge1Sb0.1Te0.9,12,0,0,0,12,unassignable,0,,gete_type,ratio spread 0.200 > 0.15
Ge1Sb5.4Te10,10,10,9,5,10,gete_sb2te3_pseudobinary,1,gete_sb2te3_pseudobinary,,
Ge1Se1.2,9,9,7,9,7,unassignable,0,,snse_type,ratio spread 0.182 > 0.15
Ge1Te0.2Se1,10,7,10,10,7,unassignable,0,,iv_vi_rocksalt,ratio spread 0.182 > 0.15
Ge1Te0.5Se0.5,13,12,12,10,11,iv_vi_rocksalt,1,iv_vi_rocksalt,,
Ge1Te0.6Se0.4,7,7,7,7,7,iv_vi_rocksalt,1,iv_vi_rocksalt,,
Ge1Te0.7Se0.3,7,7,7,7,7,iv_vi_rocksalt,1,iv_vi_rocksalt,,
Ge1Te0.85,9,9,9,0,0,unassignable,0,,gete_type,ratio spread 0.162 > 0.15
Ge1Te0.88Se0.12,20,20,20,10,19,iv_vi_rocksalt,1,iv_vi_rocksalt,,
Ge1Te0.8Se0.2,7,7,7,7,7,iv_vi_rocksalt,1,iv_vi_rocksalt,,
Ge1Te0.9,18,9,18,0,18,gete_type,2,gete_type;iv_vi_rocksalt,,
Ge1Te0.95,20,9,9,0,11,gete_type,2,gete_type;iv_vi_rocksalt,,
Ge1Te0.9Se0.1,7,7,7,7,7,iv_vi_rocksalt,1,iv_vi_rocksalt,,
Ge1Te1.06,51,50,46,16,16,gete_type,2,gete_type;iv_vi_rocksalt,,
Ge1Te1.0684,54,16,16,27,16,gete_type,2,gete_type;iv_vi_rocksalt,,
Ge1Te1.08,49,45,47,12,12,gete_type,2,gete_type;iv_vi_rocksalt,,
Ge1Te1.115,11,0,0,0,11,gete_type,2,gete_type;iv_vi_rocksalt,,
Ge2.7Te3,13,6,8,9,9,gete_type,2,gete_type;iv_vi_rocksalt,,
Ge20Sb7Te32,18,18,18,5,17,unassignable,0,,gete_sb2te3_pseudobinary,"site B is 0.259 of sites A+B, below 1/3"
Ge20Te77,36,36,36,0,36,unassignable,0,,gete_type,ratio spread 1.175 > 0.15
Ge22Rh17,6,6,5,0,0,unassignable,0,,half_heusler,a required site is empty
Ge22Te25,18,18,0,0,0,gete_type,2,gete_type;iv_vi_rocksalt,,
Ge23Te23Se4,11,9,9,0,0,unassignable,0,,iv_vi_rocksalt,ratio spread 0.160 > 0.15
Ge23Te25,58,45,34,35,25,gete_type,2,gete_type;iv_vi_rocksalt,,
Ge24Te25,40,24,37,24,23,gete_type,2,gete_type;iv_vi_rocksalt,,
Ge25Te23,39,30,27,22,35,gete_type,2,gete_type;iv_vi_rocksalt,,
Ge25Te24,40,31,30,36,37,gete_type,2,gete_type;iv_vi_rocksalt,,
Ge27Sb19Te54,9,5,4,5,5,gete_sb2te3_pseudobinary,1,gete_sb2te3_pseudobinary,,
Ge2Sb2Te3.5Se1.5,9,9,9,6,9,unassignable,0,,iv_vi_rocksalt,"site pn is 0.500 of sites A+pn, not below 1/3"
Ge2Sb2Te3Se2,10,9,9,9,5,unassignable,0,,iv_vi_rocksalt,"site pn is 0.500 of sites A+pn, not below 1/3"
Ge2Sb2Te4.5Se0.5,9,9,9,9,9,unassignable,0,,iv_vi_rocksalt,"site pn is 0.500 of sites A+pn, not below 1/3"
Ge2Sb2Te4Se,9,9,9,7,9,unassignable,0,,iv_vi_rocksalt,"site pn is 0.500 of sites A+pn, not below 1/3"
Ge2Sb2Te5,41,24,33,16,15,gete_sb2te3_pseudobinary,1,gete_sb2te3_pseudobinary,,
Ge3(BiTe3)2,9,9,9,0,0,gete_sb2te3_pseudobinary,1,gete_sb2te3_pseudobinary,,
Ge3(SbTe3)2,14,7,7,7,7,gete_sb2te3_pseudobinary,1,gete_sb2te3_pseudobinary,,
Ge33Sb14Te53,8,5,4,4,4,gete_type,2,gete_type;iv_vi_rocksalt,,
Ge36Sb11Te52,7,5,4,4,5,gete_type,2,gete_type;iv_vi_rocksalt,,
Ge4(SbTe2)7,7,4,4,3,4,gete_sb2te3_pseudobinary,1,gete_sb2te3_pseudobinary,,
Ge4.5Sb2Te7.5,18,17,0,9,13,gete_type,2,gete_type;iv_vi_rocksalt,,
Ge42Sb42Te63O20,5,0,5,0,0,unassignable,0,,gete_type,elements outside rule: O
Ge43Sb5.5Te52,9,4,5,4,4,gete_type,2,gete_type;iv_vi_rocksalt,,
Ge45(Sb3Te28)2,19,19,19,7,19,gete_type,2,gete_type;iv_vi_rocksalt,,
Ge45Sb7Te54,19,19,19,7,19,gete_type,2,gete_type;iv_vi_rocksalt,,
Ge47Te50,40,35,40,31,31,gete_type,2,gete_type;iv_vi_rocksalt,,
Ge49Te50,80,74,76,24,30,gete_type,2,gete_type;iv_vi_rocksalt,,
Ge4Sb2Te7,9,0,0,0,9,gete_sb2te3_pseudobinary,1,gete_sb2te3_pseudobinary,,
Ge4Sb5Te11,7,5,5,4,5,gete_sb2te3_pseudobinary,1,gete_sb2te3_pseudobinary,,
Ge4SbTe5,60,24,33,23,26,gete_type,2,gete_type;iv_vi_rocksalt,,
Ge4Te5,8,4,5,8,7,unassignable,0,,gete_type,ratio spread 0.222 > 0.15
Ge50Te47,39,27,19,27,25,gete_type,2,gete_type;iv_vi_rocksalt,,
Ge50Te49,39,37,18,19,34,gete_type,2,gete_type;iv_vi_rocksalt,,
Ge5SbTe7,36,29,30,16,15,unassignable,0,,gete_sb2te3_pseudobinary,"site B is 0.167 of sites A+B, below 1/3"
Ge7(SbTe5)2,46,10,12,14,35,gete_type,2,gete_type;iv_vi_rocksalt,,
Ge85(Sb5Te46)3,5,5,5,0,0,unassignable,0,,gete_sb2te3_pseudobinary,charge imbalance 0.248 > 0.15
Ge85(Sb5Te56)3,5,5,5,0,0,unassignable,0,,gete_sb2te3_pseudobinary,charge imbalance 0.439 > 0.15
Ge85Sb15Te152,5,5,5,0,0,unassignable,0,,gete_sb2te3_pseudobinary,charge imbalance 0.343 > 0.15
Ge87Te100Pb13,15,15,15,15,15,gete_type,2,gete_type;iv_vi_rocksalt,,
Ge8Sb2Te11,8,8,6,8,8,gete_type,2,gete_type;iv_vi_rocksalt,,
Ge9(SbTe6)2,98,58,58,55,56,gete_type,2,gete_type;iv_vi_rocksalt,,
Ge90Sb13Te113,19,19,19,7,19,gete_type,2,gete_type;iv_vi_rocksalt,,
Ge9Sb6Te11,19,19,19,7,19,unassignable,0,,gete_sb2te3_pseudobinary,charge imbalance 0.483 > 0.15
Ge9SbTe10,32,25,26,21,26,gete_type,2,gete_type;iv_vi_rocksalt,,
Ge9Te11,84,76,81,30,31,unassignable,0,,gete_type,ratio spread 0.200 > 0.15
Ge9Te9Se2,11,9,9,5,0,unassignable,0,,iv_vi_rocksalt,ratio spread 0.200 > 0.15
GeBi4Te7,12,8,10,0,0,gete_sb2te3_pseudobinary,1,gete_sb2te3_pseudobinary,,
GeSe,32,24,6,20,22,iv_vi_rocksalt,1,iv_vi_rocksalt,,
GeTe,1946,1418,1421,1282,1383,gete_type,2,gete_type;iv_vi_rocksalt,,
GeTe9,80,2,50,70,77,unassignable,0,,gete_type,ratio spread 1.600 > 0.15
H119C135N17,3,1,3,3,3,unassignable,0,,sige,"elements outside rule: C,H,N"
H120Pb19C20I61N20,4,2,0,4,0,unassignable,0,,snse_type,"elements outside rule: C,H,I,N"
H126C127(S2O5)9,4,4,4,0,0,unassignable,0,,bicuseo,"elements outside rule: C,H"
H1325C1331S189O473,4,4,3,0,0,unassignable,0,,bicuseo,"elements outside rule: C,H"
H133C117N23,3,3,3,0,1,unassignable,0,,sige,"elements outside rule: C,H,N"
H1361C1363(S97O243)2,5,5,4,0,0,unassignable,0,,bicuseo,"elements outside rule: C,H"
H1398C1398S200O499,4,3,3,0,0,unassignable,0,,bicuseo,"elements outside rule: C,H"
H14C14S2O5,10,5,9,1,5,unassignable,0,,bicuseo,"elements outside rule: C,H"
H1588(C299N55)5,3,2,3,0,1,unassignable,0,,sige,"elements outside rule: C,H,N"
H162C216N23,3,1,3,3,3,unassignable,0,,sige,"elements outside rule: C,H,N"
H21C25Cl7,3,1,1,0,3,unassignable,0,,sige,"elements outside rule: C,Cl,H"
H23C106S25,6,2,2,0,6,unassignable,0,,tetradymite,"elements outside rule: C,H"
H31C21,4,0,0,0,4,unassignable,0,,sige,"elements outside rule: C,H"
H330C283N47,5,5,0,0,0,unassignable,0,,sige,"elements outside rule: C,H,N"
H376(C41N6)9,3,1,3,3,3,unassignable,0,,sige,"elements outside rule: C,H,N"
H3I,2,2,0,0,0,unassignable,0,,sige,"elements outside rule: H,I"
H600Pb97C100I303N100,4,2,0,4,0,unassignable,0,,snse_type,"elements outside rule: C,H,I,N"
H600Pb99C100I301N100,4,2,0,4,0,unassignable,0,,snse_type,"elements outside rule: C,H,I,N"
H6C6Br2N,4,4,3,0,4,unassignable,0,,sige,"elements outside rule: Br,C,H,N"
H6PbCI3N,11,2,0,4,7,unassignable,0,,snse_type,"elements outside rule: C,H,I,N"
H7C5,6,0,6,0,0,unassignable,0,,sige,"elements outside rule: C,H"
H7C6N,5,5,0,0,0,unassignable,0,,sige,"elements outside rule: C,H,N"
Hf(TlTe)4,8,8,7,3,4,unassignable,0,,tetradymite,"elements outside rule: Hf,Tl"
Hf0.167Zr0.167Ta0.167Ti0.167Nb0.167V0.167Co1Sb1,30,20,20,10,20,half_heusler,1,half_heusler,,
Hf0.167Zr0.167Ta0.167Ti0.167Nb0.167V0.167Fe0.4Co0.6Sb1,10,10,10,10,10,half_heusler,1,half_heusler,,
Hf0.167Zr0.167Ta0.167Ti0.167Nb0.167V0.167Fe0.5Co0.5Sb1,10,10,10,10,10,half_heusler,1,half_heusler,,
Hf0.167Zr0.167Ta0.167Ti0.167Nb0.167V0.167Fe0.6Co0.4Sb1,15,10,10,7,10,half_heusler,1,half_heusler,,
Hf0.167Zr0.167Ta0.167Ti0.167Nb0.167V0.167Fe0.7Co0.3Sb1,13,6,8,10,10,half_heusler,1,half_heusler,,
Hf0.16Nb1.1Fe0.89Sb1,18,9,10,10,6,unassignable,0,,half_heusler,ratio spread 0.352 > 0.15
Hf0.16Ti0.2Nb0.25V0.39Fe1Sb1,8,6,7,2,1,half_heusler,1,half_heusler,,
Hf0.16Ti0.2Nb0.4V0.24Fe1Sb1,36,24,26,24,19,half_heusler,1,half_heusler,,
Hf0.16Ti0.2V0.49Fe1Sb1,16,13,15,7,5,unassignable,0,,half_heusler,ratio spread 0.158 > 0.15
Hf0.16Ti0.2V0.64Fe1Sb1,45,26,20,22,31,half_heusler,1,half_heusler,,
Hf0.176Zr0.704Co1Sb1,11,10,10,6,6,half_heusler,1,half_heusler,,
Hf0.1875Ti0.75Co1Sb1,13,8,6,9,9,half_heusler,1,half_heusler,,
Hf0.1875Zr0.5625Ti0.25Co1Sb1,9,6,5,8,8,half_heusler,1,half_heusler,,
Hf0.198Zr0.198Ti0.594Ni1Sn1,19,10,11,10,11,half_heusler,1,half_heusler,,
Hf0.19Zr0.76Co1Sn0.2Sb0.8,7,5,5,5,7,half_heusler,1,half_heusler,,
Hf0.21Zr0.49Ti0.3Ni1Sn1,12,6,6,5,6,half_heusler,1,half_heusler,,
Hf0.225Zr0.225Ti0.5Ni0.9Sn1,10,6,5,3,4,half_heusler,1,half_heusler,,
Hf0.235Zr0.235Ti0.5Ni0.9Sn1,8,5,4,3,5,half_heusler,1,half_heusler,,
Hf0.2375Zr0.2375Ti0.475Ni1Sn0.95,3,3,3,0,0,half_heusler,1,half_heusler,,
Hf0.23Zr0.23Ti0.5Ni0.9Sn1,14,8,8,7,6,half_heusler,1,half_heusler,,
Hf0.2425Zr0.2425Ti0.485Ni1Sn1,6,6,6,0,0,half_heusler,1,half_heusler,,
Hf0.2425Zr0.7275Ni1Sn1,10,6,4,6,6,half_heusler,1,half_heusler,,
Hf0.24375Zr0.24375Ti0.4875Ni1Sn1,11,10,10,10,10,half_heusler,1,half_heusler,,
Hf0.24375Zr0.73125Ni1Sn1,12,6,5,6,6,half_heusler,1,half_heusler,,
Hf0.2445Zr0.7335Ni1Sn1,13,6,5,6,5,half_heusler,1,half_heusler,,
Hf0.2455Zr0.7365Ni1Sn1,13,6,5,6,5,half_heusler,1,half_heusler,,
Hf0.245Zr0.245Ti0.49Ni1Sn1,39,38,38,10,10,half_heusler,1,half_heusler,,
Hf0.245Zr0.245Ti0.5Ni0.9Sn1,22,14,13,10,12,half_heusler,1,half_heusler,,
Hf0.245Zr0.735Ni1Sn1,9,6,5,4,5,half_heusler,1,half_heusler,,
Hf0.24625Zr0.24625Ti0.4925Ni1Sn1,10,10,10,10,10,half_heusler,1,half_heusler,,
Hf0.2465Zr0.7395Ni1Sn1,14,6,5,6,6,half_heusler,1,half_heusler,,
Hf0.246Zr0.738Ni1Sn1,10,5,5,4,5,half_heusler,1,half_heusler,,
Hf0.2475Zr0.2475Ti0.495Ni1Sn1,35,26,23,20,17,half_heusler,1,half_heusler,,
Hf0.2475Zr0.7425Ni1Sn1,12,6,5,6,5,half_heusler,1,half_heusler,,
Hf0.247Zr0.741Ni1Sn1,11,6,4,6,6,half_heusler,1,half_heusler,,
Hf0.24875Zr0.24875Ti0.4975Ni1Sn1,10,10,10,10,10,half_heusler,1,half_heusler,,
Hf0.24875Zr0.74625Ni1Sn1,13,6,4,6,6,half_heusler,1,half_heusler,,
Hf0.24Zr0.24Ti0.5Ni0.9Sn1,16,9,8,8,9,half_heusler,1,half_heusler,,
Hf0.25Ti0.75Co1Sn0.2Sb0.8,12,0,6,7,5,half_heusler,1,half_heusler,,
Hf0.25Ti0.75Fe0.3Co0.2Ni0.5Sb1,7,6,6,6,6,half_heusler,1,half_heusler,,
Hf0.25Ti0.75Fe0.5Ni0.35Sb1,6,6,6,5,5,unassignable,0,,half_heusler,ratio spread 0.158 > 0.15
Hf0.25Ti0.75Ni1Sn1,16,9,9,6,6,half_heusler,1,half_heusler,,
Hf0.25Zr0.25Ti0.5Co0.95Sb1,38,25,34,33,33,half_heusler,1,half_heusler,,
Hf0.25Zr0.25Ti0.5Co0.95Sb1.07,9,8,0,8,8,half_heusler,1,half_heusler,,
Hf0.25Zr0.25Ti0.5Co1Sb1,60,58,57,57,57,half_heusler,1,half_heusler,,
Hf0.25Zr0.25Ti0.5Ni0.9Sn1,15,8,8,7,7,half_heusler,1,half_heusler,,
Hf0.25Zr0.25Ti0.5Ni1Sn1,704,504,568,265,389,half_heusler,1,half_heusler,,
Hf0.25Zr0.3Ti0.45Ni1Sn1,14,11,12,12,10,half_heusler,1,half_heusler,,
Hf0.25Zr0.45Ti0.3Ni1Sn1,13,11,11,9,10,half_heusler,1,half_heusler,,
Hf0.25Zr0.6Ni1Sn1,14,11,11,11,12,unassignable,0,,half_heusler,ratio spread 0.158 > 0.15
Hf0.25Zr0.75Co1Sn0.2Sb0.8,8,5,5,5,8,half_heusler,1,half_heusler,,
Hf0.25Zr0.75Ni1Sn1,122,70,70,53,54,half_heusler,1,half_heusler,,
Hf0.264Zr0.616Co1Sb1,12,10,10,6,5,half_heusler,1,half_heusler,,
Hf0.26Zr0.37Ti0.37Ni1Sn1,20,10,10,11,0,half_heusler,1,half_heusler,,
Hf0.28Zr0.42Ti0.3Ni1Sn1,33,24,23,23,22,half_heusler,1,half_heusler,,
Hf0.295Zr0.295Ti0.4Ni0.9Sn1,16,11,11,8,9,half_heusler,1,half_heusler,,
Hf0.297Zr0.297Ti0.396Ni1Sn1,20,9,9,9,11,half_heusler,1,half_heusler,,
Hf0.2Nb0.8Fe1Sb1,16,0,0,0,16,half_heusler,1,half_heusler,,
Hf0.2Ti0.7Co1Sb1,10,6,5,5,4,half_heusler,1,half_heusler,,
Hf0.2Ti0.8Fe0.3Co0.2Ni0.5Sb1,7,6,6,5,6,half_heusler,1,half_heusler,,
Hf0.2Ti0.8Fe0.5Ni0.35Sb1,6,6,6,5,6,unassignable,0,,half_heusler,ratio spread 0.158 > 0.15
Hf0.2Ti0.8Ni1.1Sn1,10,10,9,0,0,half_heusler,1,half_heusler,,
Hf0.2Ti0.8Ni1Sn1,93,68,83,32,34,half_heusler,1,half_heusler,,
Hf0.2V0.8Fe1Sb1,26,15,16,15,13,half_heusler,1,half_heusler,,
Hf0.2Zr0.8Co1Sb0.9,19,8,10,10,10,half_heusler,1,half_heusler,,
Hf0.2Zr0.8Co1Sn0.2Sb0.8,24,10,10,13,16,half_heusler,1,half_heusler,,
Hf0.2Zr0.8Ni1Sn1,12,10,10,5,5,half_heusler,1,half_heusler,,
Hf0.307Zr0.693Co1Sn0.3Sb0.7,10,6,6,5,5,half_heusler,1,half_heusler,,
Hf0.314Zr0.686Co1Sn0.3Sb0.7,11,6,4,5,6,half_heusler,1,half_heusler,,
Hf0.3267Zr0.3267Ti0.3366Ni1Sn1,19,9,11,6,10,half_heusler,1,half_heusler,,
Hf0.33Zr0.33Ti0.33Ni1Sn1,19,10,10,10,10,half_heusler,1,half_heusler,,
Hf0.33Zr0.33Ti0.34Co0.95Sb1,10,8,8,8,8,half_heusler,1,half_heusler,,
Hf0.345Zr0.345Ti0.3Ni0.9Sn1,15,11,11,9,10,half_heusler,1,half_heusler,,
Hf0.35Zr0.35Ti0.25Ni1Sn1,15,10,10,5,5,half_heusler,1,half_heusler,,
Hf0.35Zr0.35Ti0.26Ni1Sn1,33,20,22,15,0,half_heusler,1,half_heusler,,
Hf0.35Zr0.35Ti0.27Ni1Sn1,10,10,10,5,5,half_heusler,1,half_heusler,,
Hf0.35Zr0.35Ti0.29Ni1Sn1,15,10,10,5,5,half_heusler,1,half_heusler,,
Hf0.35Zr0.35Ti0.3Co1Sb0.85,20,10,17,5,0,unassignable,0,,half_heusler,ratio spread 0.158 > 0.15
Hf0.35Zr0.35Ti0.3Co1Sb0.9,14,10,10,5,0,half_heusler,1,half_heusler,,
Hf0.35Zr0.35Ti0.3Co1Sn0.2Sb0.75,4,0,0,0,4,half_heusler,1,half_heusler,,
Hf0.35Zr0.35Ti0.3Co1Sn0.2Sb0.8,65,30,21,5,43,half_heusler,1,half_heusler,,
Hf0.35Zr0.35Ti0.3Co1Sn0.3Sb0.7,12,10,7,5,0,half_heusler,1,half_heusler,,
Hf0.35Zr0.35Ti0.3Co1Sn0.4Sb0.6,11,0,10,5,0,half_heusler,1,half_heusler,,
Hf0.35Zr0.35Ti0.3Co1Sn0.5Sb0.5,12,10,10,5,0,half_heusler,1,half_heusler,,
Hf0.35Zr0.35Ti0.3Ni1.05Sn1,16,15,15,15,16,half_heusler,1,half_heusler,,
Hf0.35Zr0.35Ti0.3Ni1Sn1,321,244,276,248,221,half_heusler,1,half_heusler,,
Hf0.35Zr0.35Ti0.3Ni2Sn1,5,3,5,3,4,full_heusler,1,full_heusler,,
Hf0.375Ti0.5Co1Sb1,16,10,9,10,10,half_heusler,1,half_heusler,,
Hf0.375Zr0.375Ti0.25Co1Sb1,11,6,10,10,10,half_heusler,1,half_heusler,,
Hf0.395Zr0.395Ti0.2Ni0.9Sn1,15,11,11,7,9,half_heusler,1,half_heusler,,
Hf0.3Ti0.6Co1Sb1,11,6,6,6,5,half_heusler,1,half_heusler,,
Hf0.3Ti0.7Ni1Sn1,20,20,20,15,15,half_heusler,1,half_heusler,,
Hf0.3V0.7Fe1Sb1,13,13,13,6,6,half_heusler,1,half_heusler,,
Hf0.3Zr0.3Ti0.4Ni1Sn1,50,7,45,8,7,half_heusler,1,half_heusler,,
Hf0.3Zr0.5Ni0.5Sn1Pb0.2,13,6,0,6,9,unassignable,0,,half_heusler,ratio spread 0.840 > 0.15
Hf0.3Zr0.7Co1Sb0.9,17,10,8,10,10,half_heusler,1,half_heusler,,
Hf0.3Zr0.7Co1Sn0.3Sb0.7,23,15,16,5,6,half_heusler,1,half_heusler,,
Hf0.3Zr0.7Ni1.05Sn1,20,20,16,10,10,half_heusler,1,half_heusler,,
Hf0.3Zr0.7Ni1.1Sn1,17,13,13,7,5,half_heusler,1,half_heusler,,
Hf0.3Zr0.7Ni1Sn1,42,29,25,22,20,half_heusler,1,half_heusler,,
Hf0.42Zr0.28Ti0.3Ni1Sn1,10,6,6,5,3,half_heusler,1,half_heusler,,
Hf0.445Zr0.445Ni0.9Sn1,20,11,11,10,9,half_heusler,1,half_heusler,,
Hf0.44Zr0.44Co1Sb1,10,10,10,6,6,half_heusler,1,half_heusler,,
Hf0.44Zr0.44Co1Sn0.2Sb0.8,116,105,107,61,62,half_heusler,1,half_heusler,,
Hf0.45Zr0.45Co1Sb0.9,15,12,13,0,0,half_heusler,1,half_heusler,,
Hf0.45Zr0.45Co1Sn0.2Sb0.8,9,5,5,5,6,half_heusler,1,half_heusler,,
Hf0.45Zr0.45Mn0.25Co0.85Sb0.9,16,13,14,0,0,unassignable,0,,half_heusler,ratio spread 0.207 > 0.15
Hf0.45Zr0.45Ni1Sn1,20,11,16,16,15,half_heusler,1,half_heusler,,
Hf0.495Zr0.495Ni0.9Sn1,18,9,11,9,10,half_heusler,1,half_heusler,,
Hf0.49Zr0.21Ti0.3Ni1Sn1,13,6,6,5,6,half_heusler,1,half_heusler,,
Hf0.4Ti0.5Co1Sb1,12,5,5,6,5,half_heusler,1,half_heusler,,
Hf0.4Ti0.6Co0.87Sb1,20,10,10,10,10,half_heusler,1,half_heusler,,
Hf0.4Ti0.6Co0.92Sb1,20,10,10,9,10,half_heusler,1,half_heusler,,
Hf0.4Ti0.6Ni1Sn1,28,27,27,15,17,half_heusler,1,half_heusler,,
Hf0.4Ti1.6Fe1Ni1Sb1.7,6,6,5,5,6,unassignable,0,,half_heusler,ratio spread 0.158 > 0.15
Hf0.4Zr0.4Ti0.2Co1Sb0.95,7,0,7,0,0,half_heusler,1,half_heusler,,
Hf0.4Zr0.4Ti0.2Ni1Sn1,70,24,64,17,6,half_heusler,1,half_heusler,,
Hf0.4Zr0.6Co1Sb0.9,15,10,10,10,10,half_heusler,1,half_heusler,,
Hf0.4Zr0.6Co1Sn0.2Sb0.8,7,0,0,5,6,half_heusler,1,half_heusler,,
Hf0.4Zr0.6Ni1Sn1,33,15,26,11,11,half_heusler,1,half_heusler,,
Hf0.525Ti0.225Co0.75Cu0.49Sn0.15Sb0.6Te0.2425,17,15,14,11,15,unassignable,0,,full_heusler,elements outside rule: Te
Hf0.528Zr0.352Co1Sb1,10,10,10,5,6,half_heusler,1,half_heusler,,
Hf0.54Zr0.36Ni1Sn1,18,12,18,4,1,half_heusler,1,half_heusler,,
Hf0.564Zr0.376Ni1Sn1,20,14,20,6,5,half_heusler,1,half_heusler,,
Hf0.576Zr0.384Ni1Sn1,20,14,20,6,3,half_heusler,1,half_heusler,,
Hf0.57Zr0.43Ni1Sn1,49,31,31,32,30,half_heusler,1,half_heusler,,
Hf0.585Zr0.39Ni1Sn1,20,20,20,5,5,half_heusler,1,half_heusler,,
Hf0.588Zr0.392Ni1Sn1,40,34,20,11,10,half_heusler,1,half_heusler,,
Hf0.591Zr0.394Ni1Sn1,19,19,0,5,5,half_heusler,1,half_heusler,,
Hf0.594Zr0.396Ni1Sn1,55,43,33,23,23,half_heusler,1,half_heusler,,
Hf0.595Ti0.255Co0.85Cu0.294Sn0.17Sb0.68,15,10,10,11,10,unassignable,0,,full_heusler,ratio spread 0.367 > 0.15
Hf0.597Zr0.398Ni1Sn1,16,9,13,0,0,half_heusler,1,half_heusler,,
Hf0.5988Zr0.3992Ni1Sn1,14,9,11,0,0,half_heusler,1,half_heusler,,
Hf0.5994Zr0.3996Ni1Sn1,4,0,0,4,0,half_heusler,1,half_heusler,,
Hf0.5Ti0.5Co1.05Sb0.9,19,19,19,10,18,unassignable,0,,half_heusler,ratio spread 0.153 > 0.15
Hf0.5Ti0.5Co1.06Sb0.9,20,14,19,15,19,unassignable,0,,half_heusler,ratio spread 0.162 > 0.15
Hf0.5Ti0.5Co1.07Sb0.9,19,19,19,15,19,unassignable,0,,half_heusler,ratio spread 0.172 > 0.15
Hf0.5Ti0.5Co1.08Sb0.9,20,19,19,16,18,unassignable,0,,half_heusler,ratio spread 0.181 > 0.15
Hf0.5Ti0.5Co1Sb0.85,101,95,94,47,47,unassignable,0,,half_heusler,ratio spread 0.158 > 0.15
Hf0.5Ti0.5Co1Sb0.9,39,35,37,30,38,half_heusler,1,half_heusler,,
Hf0.5Ti0.5Co1Sn0.2Sb0.8,121,105,111,58,57,half_heusler,1,half_heusler,,
Hf0.5Ti0.5Ni0.5Sn1Pd0.5,16,10,11,10,6,half_heusler,1,half_heusler,,
Hf0.5Ti0.5Ni1Sn1,74,59,55,17,24,half_heusler,1,half_heusler,,
Hf0.5Zr0.25Ti0.25Ni1Sn1,401,311,258,124,162,half_heusler,1,half_heusler,,
Hf0.5Zr0.5Co0.3Sb1Ir0.7,20,18,19,18,18,half_heusler,1,half_heusler,,
Hf0.5Zr0.5Co0.4Sb0.85Rh0.6,19,18,18,18,18,unassignable,0,,half_heusler,ratio spread 0.158 > 0.15
Hf0.5Zr0.5Co0.4Sb1Rh0.6,19,19,19,18,18,half_heusler,1,half_heusler,,
Hf0.5Zr0.5Co0.4Sn0.25Sb0.75Rh0.6,19,19,19,11,19,half_heusler,1,half_heusler,,
Hf0.5Zr0.5Co0.4Sn0.2Sb0.8Rh0.6,20,17,17,19,18,half_heusler,1,half_heusler,,
Hf0.5Zr0.5Co0.4Sn0.4Sb0.6Rh0.6,19,17,18,10,18,half_heusler,1,half_heusler,,
Hf0.5Zr0.5Co0.7Sb1Ir0.3,18,17,18,17,17,half_heusler,1,half_heusler,,
Hf0.5Zr0.5Co0.7Sb1Rh0.3,16,13,12,16,2,half_heusler,1,half_heusler,,
Hf0.5Zr0.5Co0.8Sb1Rh0.2,16,16,15,15,16,half_heusler,1,half_heusler,,
Hf0.5Zr0.5Co0.9Sb1,23,20,21,22,20,half_heusler,1,half_heusler,,
Hf0.5Zr0.5Co1Sb0.85,43,31,33,9,9,unassignable,0,,half_heusler,ratio spread 0.158 > 0.15
Hf0.5Zr0.5Co1Sb0.9,59,45,38,10,10,half_heusler,1,half_heusler,,
Hf0.5Zr0.5Co1Sb1,12,10,10,0,0,half_heusler,1,half_heusler,,
Hf0.5Zr0.5Co1Sn0.25Sb0.75,11,10,10,0,0,half_heusler,1,half_heusler,,
Hf0.5Zr0.5Co1Sn0.2Sb0.8,147,93,89,73,84,half_heusler,1,half_heusler,,
Hf0.5Zr0.5Co1Sn0.3Sb0.7,23,20,18,0,0,half_heusler,1,half_heusler,,
Hf0.5Zr0.5Co1Sn0.5Sb0.5,10,0,10,0,0,half_heusler,1,half_heusler,,
Hf0.5Zr0.5Ni0.5Sn1Pd0.5,19,11,9,9,11,half_heusler,1,half_heusler,,
Hf0.5Zr0.5Ni0.8Sn1Pd0.2,110,61,68,62,46,half_heusler,1,half_heusler,,
Hf0.5Zr0.5Ni1Sn1,540,252,360,235,282,half_heusler,1,half_heusler,,
Hf0.5Zr0.5Sb1Rh0.9,19,18,19,17,18,half_heusler,1,half_heusler,,
Hf0.5Zr0.5Sb1Rh1,17,16,16,16,17,half_heusler,1,half_heusler,,
Hf0.65Zr0.25Co1Sn0.2Sb0.8,5,5,5,4,5,half_heusler,1,half_heusler,,
Hf0.65Zr0.25Ni1Sn1,8,4,4,5,5,half_heusler,1,half_heusler,,
Hf0.65Zr0.27Ni1Sn1,17,8,8,10,9,half_heusler,1,half_heusler,,
Hf0.65Zr0.35Ni0.85Sn1,19,10,18,5,6,unassignable,0,,half_heusler,ratio spread 0.158 > 0.15
Hf0.65Zr0.35Ni0.95Sn1,19,10,19,6,6,half_heusler,1,half_heusler,,
Hf0.65Zr0.35Ni0.9Sn1,20,10,19,5,5,half_heusler,1,half_heusler,,
Hf0.65Zr0.35Ni1Sn1,20,5,19,6,6,half_heusler,1,half_heusler,,
Hf0.65Zr0.3Ni1Sn1,17,10,8,10,10,half_heusler,1,half_heusler,,
Hf0.665Ti0.285Co0.95Sn0.19Sb0.76,10,10,10,10,10,half_heusler,1,half_heusler,,
Hf0.69Zr0.3Ni1Sn1,19,10,8,10,10,half_heusler,1,half_heusler,,
Hf0.6Ti0.25Ni1Sn1,20,17,16,0,17,unassignable,0,,half_heusler,ratio spread 0.158 > 0.15
Hf0.6Ti0.4Ni1Sb1,110,89,103,81,101,half_heusler,1,half_heusler,,
Hf0.6Ti0.4Ni1Sn1,5,5,5,1,1,half_heusler,1,half_heusler,,
Hf0.6Ti1.4Fe1Ni1Sb1.7,6,6,5,6,5,unassignable,0,,half_heusler,ratio spread 0.158 > 0.15
Hf0.6Zr0.25Ni1Sn1,40,30,26,6,31,unassignable,0,,half_heusler,ratio spread 0.158 > 0.15
Hf0.6Zr0.4Co1Sn0.2Sb0.8,7,0,0,5,6,half_heusler,1,half_heusler,,
Hf0.6Zr0.4Ni1Sn1,182,125,138,77,88,half_heusler,1,half_heusler,,
Hf0.6Zr0.4Ni1Sn1W0.175,8,7,7,4,7,unassignable,0,,half_heusler,elements outside rule: W
Hf0.704Zr0.176Co1Sb1,10,10,10,6,6,half_heusler,1,half_heusler,,
Hf0.72Ti0.18Co1Sn0.2Sb0.8,7,5,5,5,6,half_heusler,1,half_heusler,,
Hf0.74415Zr0.24805Ni1Sn1,19,17,19,0,0,half_heusler,1,half_heusler,,
Hf0.745275Zr0.248425Ni1Sn1,19,19,19,0,0,half_heusler,1,half_heusler,,
Hf0.7482Zr0.2494Ni1Sn1,19,19,19,0,0,half_heusler,1,half_heusler,,
Hf0.75Ti0.25Co1Sn0.2Sb0.8,11,0,6,7,5,half_heusler,1,half_heusler,,
Hf0.75Ti0.25Ni1Sn1,17,9,10,6,8,half_heusler,1,half_heusler,,
Hf0.75Zr0.25Ni0.95Sn1,13,13,0,0,0,half_heusler,1,half_heusler,,
Hf0.75Zr0.25Ni0.9Sn1,42,26,10,6,14,half_heusler,1,half_heusler,,
Hf0.75Zr0.25Ni1,20,20,18,0,0,unassignable,0,,half_heusler,a required site is empty
Hf0.75Zr0.25Ni1.05Sn1,53,40,52,25,43,half_heusler,1,half_heusler,,
Hf0.75Zr0.25Ni1.06Sn1,39,37,34,19,34,half_heusler,1,half_heusler,,
Hf0.75Zr0.25Ni1.08Sn1,20,19,19,14,19,half_heusler,1,half_heusler,,
Hf0.75Zr0.25Ni1.09Sn1,19,0,17,16,14,half_heusler,1,half_heusler,,
Hf0.75Zr0.25Ni1.12Sn1,17,17,15,12,13,half_heusler,1,half_heusler,,
Hf0.75Zr0.25Ni1.15Sn1,20,19,19,17,17,half_heusler,1,half_heusler,,
Hf0.75Zr0.25Ni1.1Sn1,20,19,18,10,19,half_heusler,1,half_heusler,,
Hf0.75Zr0.25Ni1.3Sn1,19,19,15,13,15,unassignable,0,,half_heusler,ratio spread 0.273 > 0.15
Hf0.75Zr0.25Ni1.6Sn1,19,19,15,10,15,unassignable,0,,full_heusler,ratio spread 0.214 > 0.15
Hf0.75Zr0.25Ni1Sn0.94,40,40,40,11,40,half_heusler,1,half_heusler,,
Hf0.75Zr0.25Ni1Sn1,539,464,450,227,340,half_heusler,1,half_heusler,,
Hf0.7Ni1Sn1,20,13,15,0,9,unassignable,0,,half_heusler,ratio spread 0.333 > 0.15
Hf0.7Ti0.3Co1Sn0.2Sb0.8,12,7,7,7,5,half_heusler,1,half_heusler,,
Hf0.7Ti0.3Ni1Sn1,10,10,10,5,5,half_heusler,1,half_heusler,,
Hf0.7Zr0.3Ni1Sn1,20,10,12,11,10,half_heusler,1,half_heusler,,
Hf0.85Co1Sn0.2Sb0.8,12,0,6,7,5,unassignable,0,,half_heusler,ratio spread 0.158 > 0.15
Hf0.88Co1Sb1,11,10,10,6,6,half_heusler,1,half_heusler,,
Hf0.8Ti0.2Co1Sn0.2Sb0.8,24,6,6,5,20,half_heusler,1,half_heusler,,
Hf0.8Ti0.2Ni1Sn1,10,10,10,5,5,half_heusler,1,half_heusler,,
Hf0.8Zr0.2Co1Sn0.2Sb0.8,7,0,0,6,6,half_heusler,1,half_heusler,,
Hf0.8Zr0.2Ni1Sn1,15,11,10,5,5,half_heusler,1,half_heusler,,
Hf0.95Ni1Sn1,10,10,10,6,6,half_heusler,1,half_heusler,,
Hf0.9Co1Sn0.2Sb0.8,10,6,5,5,5,half_heusler,1,half_heusler,,
Hf0.9Co1Sn0.3Sb0.7,15,11,9,0,0,half_heusler,1,half_heusler,,
Hf0.9Ni1Sn1,17,17,12,8,8,half_heusler,1,half_heusler,,
Hf1.5Ti1.25Ni2.75Sn2.75,7,0,0,0,7,half_heusler,1,half_heusler,,
Hf1.7Ti1.7Ni3.4Sn3.4,7,0,0,0,7,half_heusler,1,half_heusler,,
Hf12Ti12(NiSn)23,7,0,0,0,7,half_heusler,1,half_heusler,,
Hf1Co1.5Sn1,3,2,3,0,0,unassignable,0,,full_heusler,ratio spread 0.273 > 0.15
Hf1Co1Sb0.85,5,5,5,5,5,unassignable,0,,half_heusler,ratio spread 0.158 > 0.15
Hf1Co1Sn0.2Sb0.8,21,5,11,16,14,half_heusler,1,half_heusler,,
Hf1Ti1Fe1Ni1Sb1.7,6,6,5,6,6,unassignable,0,,half_heusler,ratio spread 0.158 > 0.15
Hf1Zr2Ni2.7Sb4,10,10,6,6,6,unassignable,0,,half_heusler,ratio spread 0.402 > 0.15
Hf2.4Ti2.4Ni5Sn5,7,0,0,0,7,half_heusler,1,half_heusler,,
Hf22Ti22(NiSn)43,7,0,0,0,7,half_heusler,1,half_heusler,,
Hf2Ti(NiSn)3,7,7,7,0,7,half_heusler,1,half_heusler,,
Hf2Zr1Ni2.7Sb4,14,10,7,8,10,unassignable,0,,half_heusler,ratio spread 0.402 > 0.15
Hf2ZrNi3Sb4,12,6,7,10,10,unassignable,0,,half_heusler,ratio spread 0.300 > 0.15
Hf3.2Ti3.2Ni6.4Sn6.4,7,0,0,0,7,half_heusler,1,half_heusler,,
Hf34Ti34(NiSn)67,7,0,0,0,7,half_heusler,1,half_heusler,,
Hf3Ni2.7Sb4,14,10,10,7,8,unassignable,0,,half_heusler,ratio spread 0.402 > 0.15
Hf3Ni3Sb4,12,10,10,10,10,unassignable,0,,half_heusler,ratio spread 0.300 > 0.15
Hf4.2Ti4.2Ni8.4Sn8.4,7,0,0,0,7,half_heusler,1,half_heusler,,
Hf43Zr43Co57Sb99Ir43,16,15,15,11,15,half_heusler,1,half_heusler,,
Hf46Zr46Co54Sb99Ir46,15,14,14,15,14,half_heusler,1,half_heusler,,
Hf48Zr48Co52(Sb33Ir16)3,15,15,15,9,3,half_heusler,1,half_heusler,,
Hf49Zr49Co51Sb99Ir49,32,31,30,18,18,half_heusler,1,half_heusler,,
Hf51Zr49Ni78Sn96Pd19,19,16,19,17,0,half_heusler,1,half_heusler,,
Hf54Zr46Ni74Sn92Pd19,20,18,19,17,0,half_heusler,1,half_heusler,,
Hf5Ti(NiSn)6,7,7,7,0,7,half_heusler,1,half_heusler,,
HfCo2Sn,37,36,36,0,0,full_heusler,1,full_heusler,,
HfCoSb,10,2,1,8,2,half_heusler,1,half_heusler,,
HfNiSn,130,96,88,44,62,half_heusler,1,half_heusler,,
HfSnPt,80,63,46,4,21,half_heusler,1,half_heusler,,
HfTe5,27,16,6,8,2,unassignable,0,,tetradymite,elements outside rule: Hf
HfTi(NiSn)2,42,7,7,0,42,half_heusler,1,half_heusler,,
HfTi2(NiSn)3,7,7,7,0,7,half_heusler,1,half_heusler,,
HfTi5(NiSn)6,7,7,7,0,7,half_heusler,1,half_heusler,,
HfZr2Ni3Sb4,11,10,10,6,6,unassignable,0,,half_heusler,ratio spread 0.300 > 0.15
Hg1Te0.56S0.44,4,4,0,0,0,unassignable,0,,tetradymite,elements outside rule: Hg
Hg1Te0.8S0.2,6,6,0,0,0,unassignable,0,,tetradymite,elements outside rule: Hg
HgSe,12,5,7,0,0,unassignable,0,,tetradymite,elements outside rule: Hg
HgTe,8,0,8,0,0,unassignable,0,,tetradymite,elements outside rule: Hg
Ho0.2Er0.8Ni1Sb1,19,19,14,0,0,half_heusler,1,half_heusler,,
Ho0.3Er0.7Ni1Sb1,18,18,8,0,0,half_heusler,1,half_heusler,,
Ho0.5Er0.5Ni1Sb1,19,19,15,0,0,half_heusler,1,half_heusler,,
Ho0.7Er0.3Ni1Sb1,19,19,15,0,0,half_heusler,1,half_heusler,,
Ho0.8Er0.2Ni1Sb1,19,19,13,0,0,half_heusler,1,half_heusler,,
Ho0.9Co1O3,16,4,2,10,0,other_oxide,1,other_oxide,,
Ho2Bi0.4Sb0.6O3,4,0,4,0,0,other_oxide,1,other_oxide,,
Ho2Bi0.6Sb0.4O3,3,0,3,0,0,other_oxide,1,other_oxide,,
Ho2Bi0.8O3,4,0,4,0,0,other_oxide,1,other_oxide,,
Ho2BiO3,3,0,3,0,0,other_oxide,1,other_oxide,,
Ho2Sb0.8O3,4,0,4,0,0,other_oxide,1,other_oxide,,
Ho2SbO2,14,3,3,4,4,other_oxide,1,other_oxide,,
Ho3Ge13Ru4,18,10,10,0,0,unassignable,0,,half_heusler,ratio spread 1.500 > 0.15
HoB17CN,13,5,0,8,0,unassignable,0,,half_heusler,"elements outside rule: B,C,N"
HoCoO3,4,4,0,0,0,other_oxide,1,other_oxide,,
HoCrB4,20,0,20,0,0,unassignable,0,,half_heusler,"elements outside rule: B,Cr"
HoNiSb,37,28,33,0,0,half_heusler,1,half_heusler,,
HoSbPd,3,3,2,0,0,half_heusler,1,half_heusler,,
In(CoSb3)4,8,7,8,8,8,skutterudite,1,skutterudite,,
In0.12Ga0.88Sb1,9,0,0,8,5,unassignable,0,,skutterudite,filler above 8% of atoms
In0.14Te1Pb1,12,6,9,5,0,unassignable,0,,gete_type,elements outside rule: In
In0.15Ge0.85Te1,12,8,8,3,3,unassignable,0,,gete_type,elements outside rule: In
In0.17Ga0.83N1,20,20,20,20,20,unassignable,0,,skutterudite,elements outside rule: N
In0.18Te1Pb1,13,9,10,6,0,unassignable,0,,gete_type,elements outside rule: In
In0.1Ge0.9Te1,11,7,7,2,2,unassignable,0,,gete_type,elements outside rule: In
In0.1Sn0.9Se1,5,4,0,5,3,unassignable,0,,snse_type,elements outside rule: In
In0.2475Ga0.7425Cu1Te2,10,0,0,0,10,diamond_like_cu,1,diamond_like_cu,,
In0.25Ga0.75Cu1Te2,23,13,6,13,4,diamond_like_cu,1,diamond_like_cu,,
In0.28Ga0.72Sb1,24,0,0,24,6,unassignable,0,,skutterudite,filler above 8% of atoms
In0.2Ga0.8Cu0.74Ag0.2Te2,20,19,11,18,17,unassignable,0,,diamond_like_cu,elements outside rule: Ag
In0.2Ga0.8Cu0.75Ag0.2Te2,20,15,17,19,10,unassignable,0,,diamond_like_cu,elements outside rule: Ag
In0.2Ga0.8Cu0.76Ag0.2Te2,20,7,14,11,15,unassignable,0,,diamond_like_cu,elements outside rule: Ag
In0.2Ga0.8Cu0.77Ag0.2Te2,20,13,12,10,13,unassignable,0,,diamond_like_cu,elements outside rule: Ag
In0.2Ga0.8Cu0.78Ag0.2Te2,20,13,11,12,15,unassignable,0,,diamond_like_cu,elements outside rule: Ag
In0.2Ga0.8Cu0.79Ag0.2Te2,20,12,9,13,11,unassignable,0,,diamond_like_cu,elements outside rule: Ag
In0.2Ga0.8Cu0.8Ag0.2Te2,20,19,11,11,10,unassignable,0,,diamond_like_cu,elements outside rule: Ag
In0.3465Ga0.6435Cu1Te2,10,0,0,0,10,diamond_like_cu,1,diamond_like_cu,,
In0.35Ga0.65Cu1Te2,22,12,8,12,5,diamond_like_cu,1,diamond_like_cu,,
In0.36Ga0.64Cu1Te2,23,11,0,6,18,diamond_like_cu,1,diamond_like_cu,,
In0.36Ga0.64N1,3,0,0,0,3,unassignable,0,,skutterudite,elements outside rule: N
In0.3Bi1.7Te3,8,8,8,4,4,unassignable,0,,tetradymite,elements outside rule: In
In0.3Ga0.7Cu0.8Ag0.2Te2,18,10,17,10,10,unassignable,0,,diamond_like_cu,elements outside rule: Ag
In0.3Ga0.7N1,12,9,10,0,0,unassignable,0,,skutterudite,elements outside rule: N
In0.3Ge2.55Te3,12,6,5,9,10,unassignable,0,,gete_type,elements outside rule: In
In0.495Ga0.495Cu1Te2,14,0,0,0,14,diamond_like_cu,1,diamond_like_cu,,
In0.4Co2.667Sn1.6S2,15,15,15,9,10,unassignable,0,,tetrahedrite,"elements outside rule: In,Sn"
In0.4Co3Sn1.6S2,16,16,15,0,16,unassignable,0,,tetrahedrite,"elements outside rule: In,Sn"
In0.4Fe0.5Co2.5Sn1.6S2,13,13,13,11,11,unassignable,0,,tetrahedrite,"elements outside rule: In,Sn"
In0.4Ga0.6Cu0.8Ag0.2Te2,20,17,20,12,9,unassignable,0,,diamond_like_cu,elements outside rule: Ag
In0.4Ge2.4Te3,12,7,10,9,10,unassignable,0,,gete_type,elements outside rule: In
In0.53Ga0.4As1,35,0,0,35,0,unassignable,0,,skutterudite,filler above 8% of atoms
In0.54Se0.46,22,11,10,12,12,unassignable,0,,diamond_like_cu,a required site is empty
In0.5Co2.667Sn1.5S2,15,15,15,11,11,unassignable,0,,tetrahedrite,"elements outside rule: In,Sn"
In0.5Fe0.5Co2.5Sn1.5S2,13,13,13,11,11,unassignable,0,,tetrahedrite,"elements outside rule: In,Sn"
In0.5Ga0.5Cu0.8Ag0.2Te2,20,17,20,17,12,unassignable,0,,diamond_like_cu,elements outside rule: Ag
In0.5Ga0.5Cu1Te2,15,13,6,12,0,diamond_like_cu,1,diamond_like_cu,,
In0.5Ga1.5Te3,8,1,0,7,0,unassignable,0,,diamond_like_cu,a required site is empty
In0.5Sb1.9Te3,14,14,14,8,14,unassignable,0,,tetradymite,elements outside rule: In
In0.6435Ga0.3465Cu1Te2,10,0,0,0,10,diamond_like_cu,1,diamond_like_cu,,
In0.64Ga0.364Cu1Te2,12,11,0,6,11,diamond_like_cu,1,diamond_like_cu,,
In0.64Ga0.36Cu1Te2,11,0,0,0,11,diamond_like_cu,1,diamond_like_cu,,
In0.65Ga0.35Cu1Te2,22,9,11,11,6,diamond_like_cu,1,diamond_like_cu,,
In0.6Co2.667Sn1.4S2,15,15,15,11,11,unassignable,0,,tetrahedrite,"elements outside rule: In,Sn"
In0.6Co3Sn1.4S2,16,16,16,0,16,unassignable,0,,tetrahedrite,"elements outside rule: In,Sn"
In0.6Fe0.5Co2.5Sn1.4S2,14,14,14,11,11,unassignable,0,,tetrahedrite,"elements outside rule: In,Sn"
In0.6Ga0.4Cu0.8Ag0.2Te2,20,11,19,15,16,unassignable,0,,diamond_like_cu,elements outside rule: Ag
In0.6Ge1Sb5.4,10,6,6,0,9,unassignable,0,,full_heusler,a required site is empty
In0.7425Ga0.2475Cu1Te2,8,0,0,0,8,diamond_like_cu,1,diamond_like_cu,,
In0.75Ga0.25Cu1Te2,29,17,13,18,7,diamond_like_cu,1,diamond_like_cu,,
In0.75Ru0.25,6,4,5,5,5,unassignable,0,,full_heusler,a required site is empty
In0.7Co2.667Sn1.3S2,15,15,15,10,6,unassignable,0,,tetrahedrite,"elements outside rule: In,Sn"
In0.7Co3Sn1.3S2,16,16,16,0,16,unassignable,0,,tetrahedrite,"elements outside rule: In,Sn"
In0.7Ga0.3Cu0.8Ag0.2Te2,20,17,15,10,8,unassignable,0,,diamond_like_cu,elements outside rule: Ag
In0.85Co3Sn1.15S2,16,16,16,0,16,unassignable,0,,tetrahedrite,"elements outside rule: In,Sn"
In0.85Cu1Te2,12,10,12,0,0,unassignable,0,,diamond_like_cu,ratio spread 0.158 > 0.15
In0.85Ga0.15Sb1,11,5,5,6,5,unassignable,0,,skutterudite,filler above 8% of atoms
In0.85Ru0.15,15,13,14,13,14,unassignable,0,,full_heusler,a required site is empty
In0.8Co3Sn1.2S2,16,15,16,0,16,unassignable,0,,tetrahedrite,"elements outside rule: In,Sn"
In0.8Ga0.2Cu0.8Ag0.2Te2,18,9,15,13,7,unassignable,0,,diamond_like_cu,elements outside rule: Ag
In0.91Cu0.89Ag0.2Te2,19,8,10,11,10,unassignable,0,,diamond_like_cu,elements outside rule: Ag
In0.92Cu0.88Ag0.2Te2,19,7,7,13,7,unassignable,0,,diamond_like_cu,elements outside rule: Ag
In0.92Sb1,16,16,0,16,16,unassignable,0,,skutterudite,filler above 8% of atoms
In0.92Se1,2,2,0,1,2,unassignable,0,,diamond_like_cu,a required site is empty
In0.93Cu0.87Ag0.2Te2,19,11,6,11,11,unassignable,0,,diamond_like_cu,elements outside rule: Ag
In0.93Cu1Se2,20,10,10,10,10,diamond_like_cu,1,diamond_like_cu,,
In0.93Se1,16,11,3,12,12,unassignable,0,,diamond_like_cu,a required site is empty
In0.94Cu0.86Ag0.2Te2,19,14,6,12,14,unassignable,0,,diamond_like_cu,elements outside rule: Ag
In0.95Ag0.95Se2,4,4,3,0,4,unassignable,0,,cu2x_ag2x_liquid_like,elements outside rule: In
In0.95Ag1O2,3,2,1,0,0,other_oxide,1,other_oxide,,
In0.95Co3Sn1.05S2,16,16,16,0,15,unassignable,0,,tetrahedrite,"elements outside rule: In,Sn"
In0.95Cu0.85Ag0.2Te2,20,12,6,11,11,unassignable,0,,diamond_like_cu,elements outside rule: Ag
In0.95Cu0.95Te2,33,30,17,17,23,diamond_like_cu,1,diamond_like_cu,,
In0.95Cu1Se2,20,10,10,10,10,diamond_like_cu,1,diamond_like_cu,,
In0.95Cu1Te2,59,31,33,26,28,diamond_like_cu,1,diamond_like_cu,,
In0.95O1.5,34,17,17,0,0,in2o3_based,2,in2o3_based;other_oxide,,
In0.95Sb1,11,5,5,6,7,unassignable,0,,skutterudite,filler above 8% of atoms
In0.9Ag1O2,3,3,0,0,0,other_oxide,1,other_oxide,,
In0.9Co3Sn1.1S2,16,16,15,0,15,unassignable,0,,tetrahedrite,"elements outside rule: In,Sn"
In0.9Co4Sb12,9,8,8,8,8,skutterudite,1,skutterudite,,
In0.9Cu0.8Ag0.2Te2,13,13,7,2,8,unassignable,0,,diamond_like_cu,elements outside rule: Ag
In0.9Cu0.9Ag0.2Te2,20,10,17,20,17,unassignable,0,,diamond_like_cu,elements outside rule: Ag
In0.9Cu1S2,11,7,0,11,4,diamond_like_cu,1,diamond_like_cu,,
In0.9Cu1Te2,35,16,18,13,15,diamond_like_cu,1,diamond_like_cu,,
In0.9Ga0.1Sb1,10,6,5,6,7,unassignable,0,,skutterudite,filler above 8% of atoms
In0.9Si0.1Se0.93,3,3,0,1,2,unassignable,0,,diamond_like_cu,elements outside rule: Si
In1.05Co3Sn0.95S2,16,16,16,0,15,unassignable,0,,tetrahedrite,"elements outside rule: In,Sn"
In1.1Co3Sn0.9S2,16,15,16,0,15,unassignable,0,,tetrahedrite,"elements outside rule: In,Sn"
In1.1Cu1Te2,3,3,0,0,2,diamond_like_cu,1,diamond_like_cu,,
In1.25Se1,17,16,0,17,16,unassignable,0,,diamond_like_cu,a required site is empty
In1.2Co3Sn0.8S2,16,16,16,0,16,unassignable,0,,tetrahedrite,"elements outside rule: In,Sn"
In1.2Co4Sb12,15,15,15,15,15,skutterudite,1,skutterudite,,
In1.2Se1,16,16,0,16,16,unassignable,0,,diamond_like_cu,a required site is empty
In1.3Cu1Te2,6,6,0,0,2,unassignable,0,,diamond_like_cu,ratio spread 0.273 > 0.15
In1.3Se1,17,16,0,17,16,unassignable,0,,diamond_like_cu,a required site is empty
In1.4Co3Sn0.6S2,16,16,16,0,15,unassignable,0,,tetrahedrite,"elements outside rule: In,Sn"
In1.5Ga0.5Te3,5,0,0,5,0,unassignable,0,,diamond_like_cu,a required site is empty
In1.5Sb1.85Te3,12,12,9,11,12,unassignable,0,,tetradymite,elements outside rule: In
In1.6Co3Sn0.4S2,16,16,16,0,16,unassignable,0,,tetrahedrite,"elements outside rule: In,Sn"
In1.6O3,11,10,11,0,0,in2o3_based,2,in2o3_based;other_oxide,,
In1.84O3,16,10,10,10,10,in2o3_based,2,in2o3_based;other_oxide,,
In1.85Se3,10,9,0,4,9,unassignable,0,,diamond_like_cu,a required site is empty
In1.88O3,12,11,10,10,10,in2o3_based,2,in2o3_based;other_oxide,,
In1.8Co3S2,16,15,16,0,15,unassignable,0,,tetrahedrite,elements outside rule: In
In1.8O3,61,44,55,10,10,in2o3_based,2,in2o3_based;other_oxide,,
In1.8Se3,9,7,0,4,9,unassignable,0,,diamond_like_cu,a required site is empty
In1.9O3,84,56,53,25,16,in2o3_based,2,in2o3_based;other_oxide,,
In1.9Se3,7,5,0,3,7,unassignable,0,,diamond_like_cu,a required site is empty
In11Ga5(Bi5Te12)2,3,2,3,3,3,unassignable,0,,diamond_like_cu,elements outside rule: Bi
In15Ga7Bi23Te54,3,3,3,3,3,unassignable,0,,tetradymite,"elements outside rule: Ga,In"
In18O29,9,9,0,0,0,in2o3_based,2,in2o3_based;other_oxide,,
In1Ag0.85Te2,9,7,5,0,6,unassignable,0,,diamond_like_cu,elements outside rule: Ag
In1Ag0.8Te2,4,2,0,0,3,unassignable,0,,diamond_like_cu,elements outside rule: Ag
In1Ag0.92Se2,18,10,9,10,10,unassignable,0,,diamond_like_cu,elements outside rule: Ag
In1Ag0.95Se2,13,10,6,0,10,unassignable,0,,diamond_like_cu,elements outside rule: Ag
In1Ag0.9Se2,29,20,21,10,20,unassignable,0,,diamond_like_cu,elements outside rule: Ag
In1Ag0.9Te2,6,4,2,0,3,unassignable,0,,diamond_like_cu,elements outside rule: Ag
In1Ag1Ge5.5Te7.5,6,5,4,3,5,unassignable,0,,gete_type,"elements outside rule: Ag,In"
In1As0.6P0.4,3,0,0,3,0,unassignable,0,,skutterudite,filler above 8% of atoms
In1As0.8P0.2,4,0,0,4,0,unassignable,0,,skutterudite,filler above 8% of atoms
In1As0.9P0.1,3,0,0,3,0,unassignable,0,,skutterudite,filler above 8% of atoms
In1Cu0.45Ag0.5Te2,17,8,9,10,9,unassignable,0,,diamond_like_cu,elements outside rule: Ag
In1Cu0.4Ag0.6Te2,13,4,9,0,8,unassignable,0,,diamond_like_cu,elements outside rule: Ag
In1Cu0.4Te2,4,1,1,3,2,unassignable,0,,diamond_like_cu,ratio spread 0.750 > 0.15
In1Cu0.55Ag0.4Te2,17,9,10,6,10,unassignable,0,,diamond_like_cu,elements outside rule: Ag
In1Cu0.68Ag0.3Te2,36,18,21,19,19,unassignable,0,,diamond_like_cu,elements outside rule: Ag
In1Cu0.6Ag0.4Te2,17,6,14,0,8,unassignable,0,,diamond_like_cu,elements outside rule: Ag
In1Cu0.75Ag0.2Te2,47,19,17,17,32,unassignable,0,,diamond_like_cu,elements outside rule: Ag
In1Cu0.81Ag0.2Te2,19,11,11,6,10,unassignable,0,,diamond_like_cu,elements outside rule: Ag
In1Cu0.82Ag0.2Te2,20,7,18,9,12,unassignable,0,,diamond_like_cu,elements outside rule: Ag
In1Cu0.83Ag0.2Te2,20,13,16,6,11,unassignable,0,,diamond_like_cu,elements outside rule: Ag
In1Cu0.84Ag0.2Te2,16,8,13,10,7,unassignable,0,,diamond_like_cu,elements outside rule: Ag
In1Cu0.88Te2,57,32,28,20,37,diamond_like_cu,1,diamond_like_cu,,
In1Cu0.8Ag0.2Te2,31,21,21,13,26,unassignable,0,,diamond_like_cu,elements outside rule: Ag
In1Cu0.8Te2,9,7,7,0,6,unassignable,0,,diamond_like_cu,ratio spread 0.214 > 0.15
In1Cu0.95Te2,43,37,22,25,40,diamond_like_cu,1,diamond_like_cu,,
In1Cu0.9Te2,33,26,17,6,23,diamond_like_cu,1,diamond_like_cu,,
In1Cu1.05Te2,13,13,13,0,7,diamond_like_cu,1,diamond_like_cu,,
In1Cu1.1Te2,13,13,13,0,5,diamond_like_cu,1,diamond_like_cu,,
In1Ga1As1.0636,13,13,0,0,0,unassignable,0,,skutterudite,filler above 8% of atoms
In1N0.49O1.14,4,0,0,4,0,in2o3_based,2,in2o3_based;other_oxide,,
In1N0.86O0.82,5,5,0,0,0,in2o3_based,2,in2o3_based;other_oxide,,
In1Sb0.95,5,4,4,3,3,unassignable,0,,skutterudite,filler above 8% of atoms
In1Sn0.2Se1,17,16,0,17,16,unassignable,0,,diamond_like_cu,elements outside rule: Sn
In2(Ge4Te5)3,4,4,3,4,4,unassignable,0,,gete_type,elements outside rule: In
In2.4Ag0.4Te4,3,3,0,0,0,unassignable,0,,diamond_like_cu,elements outside rule: Ag
In26Ga23As50,24,10,16,20,6,unassignable,0,,skutterudite,filler above 8% of atoms
In28Ga13(Bi3Te7)6,3,3,3,3,3,unassignable,0,,diamond_like_cu,elements outside rule: Bi
In29O48,8,8,0,0,0,in2o3_based,2,in2o3_based;other_oxide,,
In2Ag3Mo15Se19,30,18,19,19,28,unassignable,0,,cu2x_ag2x_liquid_like,"elements outside rule: In,Mo"
In2Co3S2,16,15,16,0,9,unassignable,0,,skutterudite,elements outside rule: S
In2O3,669,339,358,230,132,in2o3_based,2,in2o3_based;other_oxide,,
In2Pd0.3O3,16,16,0,0,0,in2o3_based,2,in2o3_based;other_oxide,,
In2Pd2O3,16,16,0,0,0,other_oxide,1,other_oxide,,
In2S3,19,16,19,19,16,unassignable,0,,diamond_like_cu,a required site is empty
In2Te2.82,28,28,24,0,0,unassignable,0,,diamond_like_cu,a required site is empty
In2Te3,23,3,0,23,0,unassignable,0,,diamond_like_cu,a required site is empty
In2Te4.5Se0.5,4,3,3,3,4,unassignable,0,,diamond_like_cu,a required site is empty
In3.6Sn3O12,7,4,0,3,0,in2o3_based,2,in2o3_based;other_oxide,,
In3.8Sn3O12,4,4,0,0,0,in2o3_based,2,in2o3_based;other_oxide,,
In31O48,7,7,0,0,0,in2o3_based,2,in2o3_based;other_oxide,,
In3Bi13Te24,33,33,33,33,33,unassignable,0,,tetradymite,elements outside rule: In
In3Bi18Te29,11,11,11,11,11,unassignable,0,,tetradymite,elements outside rule: In
In3CuSe5,3,2,0,0,2,unassignable,0,,diamond_like_cu,ratio spread 0.923 > 0.15
In3GaSnO8,16,9,9,10,9,in2o3_based,2,in2o3_based;other_oxide,,
In3Ni2,12,12,0,0,0,unassignable,0,,skutterudite,filler above 8% of atoms
In3Ru,128,118,118,69,114,unassignable,0,,full_heusler,a required site is empty
In3Ru0.95,76,67,68,63,49,unassignable,0,,full_heusler,a required site is empty
In4(SnO4)3,128,74,48,55,44,in2o3_based,2,in2o3_based;other_oxide,,
In4.5Cu2.55Te8,11,4,4,6,5,unassignable,0,,diamond_like_cu,ratio spread 0.529 > 0.15
In4.5Cu2.5Te8,12,7,4,6,7,unassignable,0,,diamond_like_cu,ratio spread 0.545 > 0.15
In4.5Cu2.65Te8,13,5,6,6,6,unassignable,0,,diamond_like_cu,ratio spread 0.498 > 0.15
In4.5Cu2.6Te8,12,5,3,5,7,unassignable,0,,diamond_like_cu,ratio spread 0.514 > 0.15
In4.5Sn1Sb1O12,13,10,9,5,5,in2o3_based,2,in2o3_based;other_oxide,,
In4.625Sn1Sb1O12,13,10,8,5,5,in2o3_based,2,in2o3_based;other_oxide,,
In49Sb50,22,12,19,7,3,unassignable,0,,skutterudite,filler above 8% of atoms
In4Bi13Te31,3,3,3,3,3,unassignable,0,,tetradymite,elements outside rule: In
In4Cu2Te7,4,3,2,2,3,unassignable,0,,diamond_like_cu,ratio spread 0.632 > 0.15
In4Cu3.52Te8,11,7,8,8,6,diamond_like_cu,1,diamond_like_cu,,
In4Cu3.58Te8,10,6,6,8,6,diamond_like_cu,1,diamond_like_cu,,
In4Cu3.62Te8,7,4,5,6,6,diamond_like_cu,1,diamond_like_cu,,
In4Cu3.68Te8,7,5,6,5,4,diamond_like_cu,1,diamond_like_cu,,
In4Cu3.74Te8,8,6,8,6,5,diamond_like_cu,1,diamond_like_cu,,
In4Sb2.5,9,9,9,9,9,unassignable,0,,skutterudite,filler above 8% of atoms
In4Sb2.5Pb8,9,9,9,9,9,unassignable,0,,gete_type,elements outside rule: In
In4Se,4,2,0,3,4,unassignable,0,,diamond_like_cu,a required site is empty
In4Se2.2,3,2,2,3,3,unassignable,0,,diamond_like_cu,a required site is empty
In4Se2.32,47,44,44,44,41,unassignable,0,,diamond_like_cu,a required site is empty
In4Se2.35,56,36,32,28,43,unassignable,0,,diamond_like_cu,a required site is empty
In4Se2.47,17,9,12,12,11,unassignable,0,,diamond_like_cu,a required site is empty
In4Se2.5,90,56,86,87,88,unassignable,0,,diamond_like_cu,a required site is empty
In4Se2.54,7,5,6,6,6,unassignable,0,,diamond_like_cu,a required site is empty
In4Se2.55,14,9,10,6,7,unassignable,0,,diamond_like_cu,a required site is empty
In4Se2.6,52,46,40,44,44,unassignable,0,,diamond_like_cu,a required site is empty
In4Se2.61,5,4,4,3,4,unassignable,0,,diamond_like_cu,a required site is empty
In4Se2.65,13,6,8,6,7,unassignable,0,,diamond_like_cu,a required site is empty
In4Se2.66,5,3,4,4,3,unassignable,0,,diamond_like_cu,a required site is empty
In4Se2.67,17,17,17,17,17,unassignable,0,,diamond_like_cu,a required site is empty
In4Se2.7,125,110,94,104,100,unassignable,0,,diamond_like_cu,a required site is empty
In4Se2.75,18,12,12,9,12,unassignable,0,,diamond_like_cu,a required site is empty
In4Se2.755,6,5,4,3,5,unassignable,0,,diamond_like_cu,a required site is empty
In4Se2.8,36,29,28,32,32,unassignable,0,,diamond_like_cu,a required site is empty
In4Se3,299,223,179,203,212,unassignable,0,,diamond_like_cu,a required site is empty
In4Sn2.7O12,4,4,0,0,0,in2o3_based,2,in2o3_based;other_oxide,,
In4Sn3.6O12,9,4,0,5,0,in2o3_based,2,in2o3_based;other_oxide,,
In4Sn3.8O12,3,3,0,0,0,in2o3_based,2,in2o3_based;other_oxide,,
In4Te0.51Se2.49,8,7,0,8,8,unassignable,0,,diamond_like_cu,a required site is empty
In4Te2.5Se0.5,8,4,0,3,5,unassignable,0,,diamond_like_cu,a required site is empty
In4Te2.8,14,7,0,8,6,unassignable,0,,diamond_like_cu,a required site is empty
In4Te3,20,11,3,10,13,unassignable,0,,diamond_like_cu,a required site is empty
In5.3Ga2.7Sn2O16,18,9,9,10,6,in2o3_based,2,in2o3_based;other_oxide,,
In5.6Ga2.4Sn2O16,20,10,10,10,10,in2o3_based,2,in2o3_based;other_oxide,,
In53Ga47As100,88,37,73,40,15,unassignable,0,,skutterudite,filler above 8% of atoms
In5AgSe8,9,1,0,5,5,unassignable,0,,diamond_like_cu,elements outside rule: Ag
In5AgTe8,6,5,0,1,2,unassignable,0,,diamond_like_cu,elements outside rule: Ag
In5CuSb5,12,11,0,11,11,unassignable,0,,full_heusler,a required site is empty
In5O8,6,6,0,0,0,in2o3_based,2,in2o3_based;other_oxide,,
In5SnSbO12,43,30,27,15,15,in2o3_based,2,in2o3_based;other_oxide,,
In6.6Ga1.4Sn2O16,20,10,10,10,10,in2o3_based,2,in2o3_based;other_oxide,,
In6AgSe9,9,7,0,5,9,unassignable,0,,diamond_like_cu,elements outside rule: Ag
In6Ga1.7Sn2O16,20,9,9,10,10,in2o3_based,2,in2o3_based;other_oxide,,
In91Sb100,28,5,23,0,0,unassignable,0,,skutterudite,filler above 8% of atoms
In99Sb100,12,11,11,5,5,unassignable,0,,skutterudite,filler above 8% of atoms
In9NiSb10,9,6,0,5,5,unassignable,0,,skutterudite,filler above 8% of atoms
In9Sb10,15,12,12,0,8,unassignable,0,,skutterudite,filler above 8% of atoms
In9Sn10,13,1,2,9,6,unassignable,0,,clathrate_type_i,a required site is empty
InAgSe2,40,22,24,14,26,unassignable,0,,cu2x_ag2x_liquid_like,elements outside rule: In
InAgTe2,10,5,0,3,8,unassignable,0,,cu2x_ag2x_liquid_like,elements outside rule: In
InAs,45,36,15,8,0,unassignable,0,,skutterudite,filler above 8% of atoms
InCo3SnS2,16,16,16,0,16,unassignable,0,,tetrahedrite,"elements outside rule: In,Sn"
InCuS2,11,11,0,11,2,diamond_like_cu,1,diamond_like_cu,,
InCuSe2,50,13,13,22,37,diamond_like_cu,1,diamond_like_cu,,
InCuSn2Te5,12,10,10,10,10,unassignable,0,,diamond_like_cu,elements outside rule: In
InCuSn5Te7,16,10,10,10,10,unassignable,0,,diamond_like_cu,elements outside rule: In
InCuSn7Te9,14,10,10,10,10,unassignable,0,,diamond_like_cu,elements outside rule: In
InCuSnTe3,11,10,0,10,10,unassignable,0,,diamond_like_cu,elements outside rule: Sn
InCuTe2,455,285,255,197,259,diamond_like_cu,1,diamond_like_cu,,
InFeCuTe3,6,3,4,3,4,unassignable,0,,diamond_like_cu,elements outside rule: Fe
InGaAs,68,10,0,58,0,unassignable,0,,skutterudite,filler above 8% of atoms
InGaTe3,5,3,0,3,0,unassignable,0,,diamond_like_cu,a required site is empty
InNi3Sb,3,2,3,3,2,unassignable,0,,skutterudite,filler above 8% of atoms
InSb,147,131,21,100,127,unassignable,0,,skutterudite,filler above 8% of atoms
InSe,30,15,1,19,16,unassignable,0,,diamond_like_cu,a required site is empty
InSnO3,18,18,0,0,0,other_oxide,1,other_oxide,,
InTe,106,95,94,68,65,unassignable,0,,diamond_like_cu,a required site is empty
Ir,5,5,0,0,0,unassignable,0,,skutterudite,a required site is empty
K(OsO3)2,32,16,16,0,0,other_oxide,1,other_oxide,,
K0.33La0.67Mn1O3,5,0,5,0,0,manganite,2,manganite;other_oxide,,
K0.35Ba0.65Cu2Se2,11,10,10,0,0,unassignable,0,,bicuseo,elements outside rule: K
K0.3Ba0.7Cu2Se2,20,10,10,10,11,unassignable,0,,bicuseo,elements outside rule: K
K0.4Ca0.9Mn1O3.6,19,0,19,0,0,manganite,2,manganite;other_oxide,,
K0.4Li0.6V1O3,3,3,0,0,0,other_oxide,1,other_oxide,,
K0.5Na0.5Nb1O3,4,0,0,4,0,other_oxide,1,other_oxide,,
K0.6Li0.4V1O3,3,3,0,0,0,other_oxide,1,other_oxide,,
K0.8V1O3,3,3,0,0,0,other_oxide,1,other_oxide,,
K10Ba14Al35Sn97,14,14,14,7,7,unassignable,0,,clathrate_type_i,ratio spread 0.373 > 0.15
K137Bi578Se888Cl95,16,11,8,11,11,unassignable,0,,tetradymite,"elements outside rule: Cl,K"
K146(Bi204Se317)3,12,11,10,7,10,unassignable,0,,tetradymite,elements outside rule: K
K157(Bi325Se511)2,12,11,10,7,11,unassignable,0,,tetradymite,elements outside rule: K
K170Bi693Se1102,14,11,10,11,11,unassignable,0,,tetradymite,elements outside rule: K
K184Bi743Se1194,10,10,10,10,10,unassignable,0,,tetradymite,elements outside rule: K
K2Ag3Mo15Se19,12,9,9,3,8,unassignable,0,,cu2x_ag2x_liquid_like,"elements outside rule: K,Mo"
K2Ba2Zn3Ge20,19,19,9,5,4,unassignable,0,,clathrate_type_i,ratio spread 1.062 > 0.15
K2Bi1.2Sb7Se13,5,5,0,0,0,unassignable,0,,tetradymite,elements outside rule: K
K2Bi1.6Sb6.4Se13,3,3,0,0,0,unassignable,0,,tetradymite,elements outside rule: K
K2Bi4Sb4Se13,4,4,0,0,0,unassignable,0,,tetradymite,elements outside rule: K
K2Bi8Se13,42,41,20,15,20,unassignable,0,,tetradymite,elements outside rule: K
K2Bi8Se5S8,8,8,8,7,8,unassignable,0,,tetradymite,elements outside rule: K
K2Bi8Se7S6,74,65,42,32,46,unassignable,0,,tetradymite,elements outside rule: K
K2Bi8Se9S4,9,9,9,8,9,unassignable,0,,tetradymite,elements outside rule: K
K2Mo15Se19,11,8,8,3,8,unassignable,0,,tetradymite,"elements outside rule: K,Mo"
K3Al5Si18,10,9,10,10,10,unassignable,0,,clathrate_type_i,ratio spread 0.670 > 0.15
K3Ba3Li2Al4(B3O10)2,16,0,0,16,0,other_oxide,1,other_oxide,,
K4Al4Si19,9,9,8,9,9,unassignable,0,,clathrate_type_i,ratio spread 0.831 > 0.15
K4Al4Sn19,5,3,0,0,5,unassignable,0,,clathrate_type_i,ratio spread 0.831 > 0.15
K4Ga3Sn20,7,7,0,0,0,unassignable,0,,clathrate_type_i,ratio spread 1.062 > 0.15
K4Ga4Sn19,15,13,0,0,6,unassignable,0,,clathrate_type_i,ratio spread 0.831 > 0.15
K4In4Sn19,6,5,0,0,5,unassignable,0,,clathrate_type_i,ratio spread 0.831 > 0.15
K4Zn2Ge21,15,9,6,5,5,unassignable,0,,clathrate_type_i,ratio spread 1.302 > 0.15
K4Zn2Sn21,3,3,3,3,3,unassignable,0,,clathrate_type_i,ratio spread 1.302 > 0.15
K6.5Al10Si36,20,10,10,20,20,unassignable,0,,clathrate_type_i,ratio spread 0.654 > 0.15
K6Zn5Ge41,19,18,6,5,5,unassignable,0,,clathrate_type_i,ratio spread 1.302 > 0.15
K7.4Ga8Si39,4,2,1,0,3,unassignable,0,,clathrate_type_i,ratio spread 0.881 > 0.15
K7.5Al3Ga5Si39,9,9,7,1,5,unassignable,0,,clathrate_type_i,ratio spread 0.877 > 0.15
K7.6Al4.6Ga3Si39,6,6,5,1,6,unassignable,0,,clathrate_type_i,ratio spread 0.908 > 0.15
K7Al9Si37,10,10,10,10,10,unassignable,0,,clathrate_type_i,ratio spread 0.754 > 0.15
K8Al7.5Si39,9,9,6,1,9,unassignable,0,,clathrate_type_i,ratio spread 0.901 > 0.15
K8Ga7Sn39,7,7,0,0,0,unassignable,0,,clathrate_type_i,ratio spread 0.945 > 0.15
K8Sr16Ga39Ge97,20,20,20,0,7,unassignable,0,,clathrate_type_i,ratio spread 0.275 > 0.15
K9Ba14(Ga20Sn49)2,19,19,18,9,9,unassignable,0,,clathrate_type_i,ratio spread 0.266 > 0.15
K9Ba15(Al19Sn49)2,13,12,13,6,6,unassignable,0,,clathrate_type_i,ratio spread 0.310 > 0.15
K9Ba15Al31Ga8Sn97,14,14,14,7,7,unassignable,0,,clathrate_type_i,ratio spread 0.275 > 0.15
KAg3Se2,16,0,0,16,0,unassignable,0,,cu2x_ag2x_liquid_like,elements outside rule: K
KBa2Ga5Sn12,29,20,14,9,9,unassignable,0,,clathrate_type_i,ratio spread 0.241 > 0.15
KGaSb4,12,0,12,0,0,unassignable,0,,skutterudite,filler above 8% of atoms
KNi10,3,2,3,0,0,unassignable,0,,skutterudite,filler above 8% of atoms
KNi14,5,2,3,0,0,unassignable,0,,skutterudite,a required site is empty
KTaWO6,5,0,0,5,0,other_oxide,1,other_oxide,,
KVO3,4,4,0,0,0,other_oxide,1,other_oxide,,
La(FeSb3)4,48,36,22,31,24,skutterudite,1,skutterudite,,
La(Tl3Te2)3,23,17,15,16,16,unassignable,0,,skutterudite,elements outside rule: Te
La0.36Pr0.54Mn1O3,5,3,0,2,0,manganite,2,manganite;other_oxide,,
La0.377Te0.579,18,7,11,6,10,unassignable,0,,bicuseo,a required site is empty
La0.392Te0.578,17,7,11,6,9,unassignable,0,,bicuseo,a required site is empty
La0.399Te0.584,18,7,11,6,9,unassignable,0,,bicuseo,a required site is empty
La0.3Co1O2,14,13,0,1,0,other_oxide,1,other_oxide,,
La0.49Mn1Pb0.3O3,15,0,13,12,0,manganite,2,manganite;other_oxide,,
La0.52Ti0.85O3,28,15,13,0,0,other_oxide,1,other_oxide,,
La0.52Ti0.95O3,46,15,17,0,14,other_oxide,1,other_oxide,,
La0.52Ti0.9O3,32,15,17,0,0,other_oxide,1,other_oxide,,
La0.52Ti1O3,40,15,11,0,14,other_oxide,1,other_oxide,,
La0.536Ti1O3,7,0,0,7,0,other_oxide,1,other_oxide,,
La0.53Ti0.95O3,10,0,0,10,0,other_oxide,1,other_oxide,,
La0.53Ti1O3,18,0,0,18,0,other_oxide,1,other_oxide,,
La0.54Pr0.36Mn1O3,6,3,0,3,0,manganite,2,manganite;other_oxide,,
La0.63Ti1O3,5,4,4,0,0,other_oxide,1,other_oxide,,
La0.67Mn1O3,27,0,27,0,0,manganite,2,manganite;other_oxide,,
La0.6Ti1O3,8,3,1,4,0,other_oxide,1,other_oxide,,
La0.72Mn1O3,6,3,0,3,0,manganite,2,manganite;other_oxide,,
La0.75Mn1Ag0.25O3,4,1,3,0,0,manganite,2,manganite;other_oxide,,
La0.75Mn1Ag0.8O3.4,3,0,3,0,0,manganite,2,manganite;other_oxide,,
La0.76Fe0.8O3,35,0,35,0,0,other_oxide,1,other_oxide,,
La0.76Mn0.3Fe0.6O3,11,0,11,0,0,manganite,2,manganite;other_oxide,,
La0.7Mn0.3Pb0.3,8,0,8,6,0,unassignable,0,,half_heusler,ratio spread 0.923 > 0.15
La0.7Mn1O3,20,0,20,0,0,manganite,2,manganite;other_oxide,,
La0.7Mn1Pb0.3O3,7,0,7,2,0,manganite,2,manganite;other_oxide,,
La0.82V1O3,44,33,11,0,0,other_oxide,1,other_oxide,,
La0.833Co1O3,13,0,13,0,0,other_oxide,1,other_oxide,,
La0.835Mn1O3,8,0,8,0,0,manganite,2,manganite;other_oxide,,
La0.83Fe1O3,19,11,0,10,9,other_oxide,1,other_oxide,,
La0.83Mn1O3,5,0,5,0,0,manganite,2,manganite;other_oxide,,
La0.84Mn1O3,7,0,7,0,0,manganite,2,manganite;other_oxide,,
La0.84V1O3,39,28,11,0,0,other_oxide,1,other_oxide,,
La0.85Co1O3,43,17,25,7,7,other_oxide,1,other_oxide,,
La0.85Cu1Se1O1,13,13,0,0,0,other_oxide,1,other_oxide,,
La0.85Fe1O3,15,8,0,10,6,other_oxide,1,other_oxide,,
La0.85Fe2.7Co1.3Sb12,20,20,18,9,15,skutterudite,1,skutterudite,,
La0.85Mn0.5Co0.5O3,13,13,13,13,0,other_oxide,1,other_oxide,,
La0.85Mn1O3,3,0,3,0,0,manganite,2,manganite;other_oxide,,
La0.85Rh1O3,14,0,14,0,0,other_oxide,1,other_oxide,,
La0.86Co1O3,3,3,0,0,0,other_oxide,1,other_oxide,,
La0.86V1O3,20,20,0,0,0,other_oxide,1,other_oxide,,
La0.875Mn1O3,4,0,4,0,0,manganite,2,manganite;other_oxide,,
La0.87Mn1O3,4,0,4,0,0,manganite,2,manganite;other_oxide,,
La0.88Co1O3,9,9,0,0,0,other_oxide,1,other_oxide,,
La0.88Fe1O3,18,7,0,10,8,other_oxide,1,other_oxide,,
La0.88V1O3,19,19,0,0,0,other_oxide,1,other_oxide,,
La0.8Co0.8O3,24,0,24,0,0,other_oxide,1,other_oxide,,
La0.8Co0.9O3,9,0,9,0,0,other_oxide,1,other_oxide,,
La0.8Co1O3,119,60,66,17,18,other_oxide,1,other_oxide,,
La0.8Cr0.9O3,12,0,12,0,0,other_oxide,1,other_oxide,,
La0.8Cr1O3,31,0,31,0,0,other_oxide,1,other_oxide,,
La0.8Cu0.9O3,14,0,14,0,0,other_oxide,1,other_oxide,,
La0.8Cu1O2.4,7,0,7,0,0,other_oxide,1,other_oxide,,
La0.8Cu1O3,12,0,12,0,0,other_oxide,1,other_oxide,,
La0.8Fe0.3Co0.7O3,6,0,6,0,0,other_oxide,1,other_oxide,,
La0.8Fe0.4Co0.6O3,6,0,6,0,0,other_oxide,1,other_oxide,,
La0.8Fe0.5Co0.5O3,6,0,6,0,0,other_oxide,1,other_oxide,,
La0.8Fe0.6Co0.4O3,6,0,6,0,0,other_oxide,1,other_oxide,,
La0.8Fe0.7Co0.3O3,6,0,6,0,0,other_oxide,1,other_oxide,,
La0.8Fe0.8O3,42,32,10,0,0,other_oxide,1,other_oxide,,
La0.8Fe0.95O3,8,0,8,0,0,other_oxide,1,other_oxide,,
La0.8Fe0.9O3,7,0,7,0,0,other_oxide,1,other_oxide,,
La0.8Fe1O3,53,21,27,12,13,other_oxide,1,other_oxide,,
La0.8Mn0.7Cu0.3O3,15,0,15,0,0,manganite,2,manganite;other_oxide,,
La0.8Mn0.8O3,6,0,6,0,0,manganite,2,manganite;other_oxide,,
La0.8Mn0.95O3,6,0,6,0,0,manganite,2,manganite;other_oxide,,
La0.8Mn0.9O3,6,0,6,0,0,manganite,2,manganite;other_oxide,,
La0.8Mn1O3,15,0,15,0,0,manganite,2,manganite;other_oxide,,
La0.8Ni1O3,18,2,18,0,0,other_oxide,1,other_oxide,,
La0.8Rh1O3,13,0,13,0,0,other_oxide,1,other_oxide,,
La0.8V1O3,19,19,0,0,0,other_oxide,1,other_oxide,,
La0.91Co1O3,10,10,0,0,0,other_oxide,1,other_oxide,,
La0.925Co1O3,12,0,0,6,6,other_oxide,1,other_oxide,,
La0.925Zn1As1O1,18,10,10,10,10,other_oxide,1,other_oxide,,
La0.92Co1O3,12,12,0,0,0,other_oxide,1,other_oxide,,
La0.92Mn1O3,3,0,3,0,0,manganite,2,manganite;other_oxide,,
La0.93Co0.93O3,28,14,14,0,0,other_oxide,1,other_oxide,,
La0.93Co1O3,10,10,0,0,0,other_oxide,1,other_oxide,,
La0.941Co0.9411O3,15,0,15,0,0,other_oxide,1,other_oxide,,
La0.941Co0.941O3,12,12,0,0,0,other_oxide,1,other_oxide,,
La0.94Co0.8O3,12,12,12,12,0,other_oxide,1,other_oxide,,
La0.94Co1O3,19,18,7,7,5,other_oxide,1,other_oxide,,
La0.95Co1O3,64,39,19,28,26,other_oxide,1,other_oxide,,
La0.95Cu1Se1O1,13,13,0,0,0,bicuseo,2,bicuseo;other_oxide,,
La0.95Fe2Co10Si1,7,6,6,0,0,unassignable,0,,half_heusler,ratio spread 2.376 > 0.15
La0.95Mn1O3,20,2,18,0,0,manganite,2,manganite;other_oxide,,
La0.95Ni1O3,10,0,10,0,0,other_oxide,1,other_oxide,,
La0.95Rh1O3,18,0,18,0,0,other_oxide,1,other_oxide,,
La0.95Tl9Te6,9,7,7,6,7,unassignable,0,,skutterudite,elements outside rule: Te
La0.95Zn1As1O1,18,10,10,10,10,other_oxide,1,other_oxide,,
La0.9Co0.9O3,26,8,8,5,5,other_oxide,1,other_oxide,,
La0.9Co1O3,72,30,37,27,17,other_oxide,1,other_oxide,,
La0.9Cu1Se1O1,13,13,0,0,0,bicuseo,2,bicuseo;other_oxide,,
La0.9Fe0.5Co0.5O3,15,0,15,0,0,other_oxide,1,other_oxide,,
La0.9Fe0.8O3,7,4,3,0,0,other_oxide,1,other_oxide,,
La0.9Fe1Co3Sb12,9,8,7,6,5,skutterudite,1,skutterudite,,
La0.9Fe1O3,23,22,0,7,6,other_oxide,1,other_oxide,,
La0.9Fe3Co1Sb12,25,20,20,8,20,skutterudite,1,skutterudite,,
La0.9Mn0.85O3,6,3,0,3,0,manganite,2,manganite;other_oxide,,
La0.9Mn0.8O3,5,2,0,4,0,manganite,2,manganite;other_oxide,,
La0.9Mn0.95O3,3,2,2,2,0,manganite,2,manganite;other_oxide,,
La0.9Mn0.9O3,6,4,0,2,0,manganite,2,manganite;other_oxide,,
La0.9Mn1O3,45,3,43,0,0,manganite,2,manganite;other_oxide,,
La0.9Ni1O3,75,9,73,0,0,other_oxide,1,other_oxide,,
La0.9Rh1O3,11,0,11,0,0,other_oxide,1,other_oxide,,
La0.9Tl9Te6,9,7,7,4,6,unassignable,0,,skutterudite,elements outside rule: Te
La0.9V1O3,11,0,11,0,0,other_oxide,1,other_oxide,,
La1.05Tl9Te6,6,5,5,5,5,unassignable,0,,skutterudite,elements outside rule: Te
La1.083Nb1S3,4,4,4,3,3,unassignable,0,,bicuseo,elements outside rule: Nb
La1.14Nb1S3,95,89,84,60,65,unassignable,0,,bicuseo,elements outside rule: Nb
La1.15Tl9Te6,10,6,6,5,5,unassignable,0,,skutterudite,elements outside rule: Te
La1.2Cr1S3.2,46,40,39,0,24,unassignable,0,,bicuseo,elements outside rule: Cr
La1.58Yb1.63Te4,17,12,10,9,13,unassignable,0,,bicuseo,elements outside rule: Yb
La1.5Fe4Sb12,7,6,7,7,6,unassignable,0,,half_heusler,ratio spread 1.800 > 0.15
La1.6Cu1Ir1O6,20,20,0,0,0,other_oxide,1,other_oxide,,
La1.6Fe1Co1O6,13,6,9,8,9,other_oxide,1,other_oxide,,
La1.6Ti2O7,6,0,0,6,0,other_oxide,1,other_oxide,,
La1.7Cu1O4,5,0,5,0,0,other_oxide,1,other_oxide,,
La1.85Cu1O4,20,19,1,0,0,other_oxide,1,other_oxide,,
La1.8Cu1Ir1O6,19,19,0,0,0,other_oxide,1,other_oxide,,
La1.8Cu1O4,20,20,0,0,0,other_oxide,1,other_oxide,,
La1.8Fe1Co1O6,11,5,8,5,5,other_oxide,1,other_oxide,,
La1.8Ni1O4,5,5,3,0,0,other_oxide,1,other_oxide,,
La1.9Cu0.94O4,33,0,33,0,0,other_oxide,1,other_oxide,,
La1.9Cu0.95O4,9,0,9,0,0,other_oxide,1,other_oxide,,
La1.9Cu1O4,67,25,59,0,0,other_oxide,1,other_oxide,,
La1Bi1S1.8O1,18,17,18,0,18,other_oxide,1,other_oxide,,
La1Bi1S2O0.5F0.5,17,7,17,0,0,unassignable,0,,bicuseo,elements outside rule: F
La1Bi1S2O0.75F0.25,18,7,18,0,0,unassignable,0,,bicuseo,elements outside rule: F
La1Bi1S2O0.95,18,6,18,0,0,unassignable,0,,bicuseo,a required site is empty
La1Bi1Se0.4S1.6O1,14,14,0,0,0,other_oxide,1,other_oxide,,
La1Bi1Se0.6S1.4O1,33,33,33,0,18,other_oxide,1,other_oxide,,
La1Bi1Se0.8S1.2O1,34,33,34,0,18,other_oxide,1,other_oxide,,
La1Co0.3Ni0.6O3,3,0,3,0,0,other_oxide,1,other_oxide,,
La1Co0.3Rh0.7O3,20,11,9,0,0,other_oxide,1,other_oxide,,
La1Co0.4Ni0.6O3,30,0,30,0,0,other_oxide,1,other_oxide,,
La1Co0.4Rh0.6O3,24,13,11,0,0,other_oxide,1,other_oxide,,
La1Co0.55Cu0.4O3,3,0,3,0,0,other_oxide,1,other_oxide,,
La1Co0.5Cu0.5O3,4,0,4,0,0,other_oxide,1,other_oxide,,
La1Co0.5Ni0.5O3,5,5,0,0,0,other_oxide,1,other_oxide,,
La1Co0.5Rh0.5O3,44,12,12,10,10,other_oxide,1,other_oxide,,
La1Co0.65O3,4,0,4,0,0,other_oxide,1,other_oxide,,
La1Co0.6Cu0.3O3,4,0,4,0,0,other_oxide,1,other_oxide,,
La1Co0.6Ni0.4O3,8,5,3,0,0,other_oxide,1,other_oxide,,
La1Co0.6Rh0.4O3,46,13,13,10,10,other_oxide,1,other_oxide,,
La1Co0.725O3,3,0,3,0,0,other_oxide,1,other_oxide,,
La1Co0.75Cu0.25O3,8,8,8,8,8,other_oxide,1,other_oxide,,
La1Co0.7Ni0.3O3,6,5,0,1,0,other_oxide,1,other_oxide,,
La1Co0.7O3,4,0,4,0,0,other_oxide,1,other_oxide,,
La1Co0.7Rh0.3O3,43,12,11,10,10,other_oxide,1,other_oxide,,
La1Co0.85O3,65,57,25,22,9,other_oxide,1,other_oxide,,
La1Co0.8O3,127,80,37,22,28,other_oxide,1,other_oxide,,
La1Co0.925O3,14,0,14,0,0,other_oxide,1,other_oxide,,
La1Co0.95O3,65,43,46,26,11,other_oxide,1,other_oxide,,
La1Co0.9O3,172,98,67,39,25,other_oxide,1,other_oxide,,
La1Cr0.8O3,8,0,8,0,0,other_oxide,1,other_oxide,,
La1Cr0.9O3,8,0,8,0,0,other_oxide,1,other_oxide,,
La1Cu0.3Ni0.7O3,6,6,6,0,0,other_oxide,1,other_oxide,,
La1Cu0.5Ni0.5O3,6,6,6,0,0,other_oxide,1,other_oxide,,
La1Fe0.36Ni0.64O3,7,0,7,0,0,other_oxide,1,other_oxide,,
La1Fe0.38Ni0.62O3,6,0,6,0,0,other_oxide,1,other_oxide,,
La1Fe0.3Ni0.6O3,5,0,5,0,0,other_oxide,1,other_oxide,,
La1Fe0.42Ni0.58O3,7,0,7,0,0,other_oxide,1,other_oxide,,
La1Fe0.44Ni0.56O3,7,0,7,0,0,other_oxide,1,other_oxide,,
La1Fe0.4Ni0.6O3,40,9,31,0,0,other_oxide,1,other_oxide,,
La1Fe0.5Ni0.5O3,9,9,0,0,0,other_oxide,1,other_oxide,,
La1Fe0.6Ni0.4O3,28,9,19,0,0,other_oxide,1,other_oxide,,
La1Fe0.7Ni0.3O3,10,10,0,0,0,other_oxide,1,other_oxide,,
La1Fe0.8O3,20,12,8,0,0,other_oxide,1,other_oxide,,
La1Fe0.9O3,13,13,0,0,0,other_oxide,1,other_oxide,,
La1Ga0.3Co0.7O3,19,19,0,0,0,other_oxide,1,other_oxide,,
La1Ga0.5Co0.5O3,20,20,0,0,0,other_oxide,1,other_oxide,,
La1Ga0.5Ni4.5,13,13,13,0,0,unassignable,0,,skutterudite,filler above 8% of atoms
La1Ga0.675Ni4.325,11,11,11,0,0,unassignable,0,,skutterudite,filler above 8% of atoms
La1Ga0.7Co0.93O3,16,16,0,0,0,other_oxide,1,other_oxide,,
La1Ge7Sb4.7Pt4,8,8,0,0,0,unassignable,0,,half_heusler,ratio spread 1.922 > 0.15
La1Ge7Sb5.3Pt4,11,11,0,0,0,unassignable,0,,half_heusler,ratio spread 1.960 > 0.15
La1Mn0.25Co0.75O3,3,0,3,0,0,other_oxide,1,other_oxide,,
La1Mn0.4Cr0.6O3,8,8,0,0,0,manganite,2,manganite;other_oxide,,
La1Mn0.6Fe0.4O3,8,8,0,0,0,manganite,2,manganite;other_oxide,,
La1Mn0.75Co0.25O3,6,0,6,0,0,manganite,2,manganite;other_oxide,,
La1Mn0.75Cu0.25O3,7,0,7,0,0,manganite,2,manganite;other_oxide,,
La1Mn0.75Fe0.25O3,4,0,4,0,0,manganite,2,manganite;other_oxide,,
La1Mn0.75Ni0.25O3,5,0,5,0,0,manganite,2,manganite;other_oxide,,
La1Ni0.3Rh0.7O3,21,21,20,0,0,other_oxide,1,other_oxide,,
La1Ni0.5O3,8,6,7,0,0,other_oxide,1,other_oxide,,
La1Ni0.6O3,7,0,7,0,0,other_oxide,1,other_oxide,,
La1Ni0.75Mo0.25O3,8,0,8,0,0,other_oxide,1,other_oxide,,
La1Ni0.85O3,11,0,11,0,0,other_oxide,1,other_oxide,,
La1Ni0.8O3,35,6,35,0,0,other_oxide,1,other_oxide,,
La1Ni0.9O3,11,0,11,0,0,other_oxide,1,other_oxide,,
La1Rh0.8O3,33,33,19,0,0,other_oxide,1,other_oxide,,
La1Rh0.9O3,42,32,30,0,0,other_oxide,1,other_oxide,,
La1S1.35,5,2,0,3,0,unassignable,0,,bicuseo,a required site is empty
La1S1.38,9,4,4,4,0,unassignable,0,,bicuseo,a required site is empty
La1S1.4,3,0,0,3,0,unassignable,0,,bicuseo,a required site is empty
La1S1.41,8,4,4,2,0,unassignable,0,,bicuseo,a required site is empty
La1S1.42,12,7,7,0,0,unassignable,0,,bicuseo,a required site is empty
La1S1.45,6,4,4,4,0,unassignable,0,,bicuseo,a required site is empty
La1S1.48,9,2,4,7,0,unassignable,0,,bicuseo,a required site is empty
La1Ti0.3Co0.7O3,18,18,0,0,7,other_oxide,1,other_oxide,,
La1Ti0.4Co0.6O3,17,17,0,0,0,other_oxide,1,other_oxide,,
La1Ti0.5Co0.5O3,6,6,0,0,1,other_oxide,1,other_oxide,,
La1W1N2.3O0.7,7,7,0,0,0,unassignable,0,,bicuseo,"elements outside rule: N,W"
La1W1N2.4O0.6,7,7,0,0,0,unassignable,0,,bicuseo,"elements outside rule: N,W"
La1Zn0.3Cr0.7O3,8,0,8,0,0,other_oxide,1,other_oxide,,
La2(Ga3Ru)3,4,0,4,0,0,unassignable,0,,full_heusler,elements outside rule: La
La2.2Yb0.52Te4,15,0,7,9,10,unassignable,0,,bicuseo,elements outside rule: Yb
La2.72Te4,15,10,10,6,0,unassignable,0,,bicuseo,a required site is empty
La2.74Te4,18,11,16,7,11,unassignable,0,,bicuseo,a required site is empty
La2.76S4,18,17,17,3,0,unassignable,0,,bicuseo,a required site is empty
La2.84S4,16,16,16,2,0,unassignable,0,,bicuseo,a required site is empty
La2.8Te4,20,19,18,6,18,unassignable,0,,bicuseo,a required site is empty
La22Fe5Bi35Te37,7,6,7,4,4,unassignable,0,,bicuseo,elements outside rule: Fe
La23Bi34Te43,7,5,7,4,5,unassignable,0,,bicuseo,a required site is empty
La2CuIrO6,18,18,0,0,0,other_oxide,1,other_oxide,,
La2CuO4,291,196,170,26,14,other_oxide,1,other_oxide,,
La2CuRhO6,6,5,4,0,0,other_oxide,1,other_oxide,,
La2FeCoO6,5,5,0,0,0,other_oxide,1,other_oxide,,
La2Ni0.95O4,4,4,0,0,0,other_oxide,1,other_oxide,,
La2Ni0.9O4,3,3,0,0,0,other_oxide,1,other_oxide,,
La2Ni7,12,2,11,0,0,unassignable,0,,skutterudite,filler above 8% of atoms
La2NiO4,9,9,2,0,0,other_oxide,1,other_oxide,,
La2S3,50,45,47,8,0,unassignable,0,,bicuseo,a required site is empty
La2Te3,9,0,0,0,9,unassignable,0,,bicuseo,a required site is empty
La2Ti0.6S2.67,5,0,5,0,0,unassignable,0,,bicuseo,elements outside rule: Ti
La2Ti1.7O7,6,0,0,6,0,other_oxide,1,other_oxide,,
La2Ti2O7,17,7,7,7,2,other_oxide,1,other_oxide,,
La2Ti3O9,19,8,12,3,3,other_oxide,1,other_oxide,,
La3Bi0.65Te3.35,18,13,9,5,11,unassignable,0,,bicuseo,a required site is empty
La3Bi0.8Te3.2,17,0,8,5,10,unassignable,0,,bicuseo,a required site is empty
La3Cu3Sb4,7,3,7,3,0,unassignable,0,,skutterudite,elements outside rule: Cu
La3Ni2B2N3,16,16,0,0,0,unassignable,0,,skutterudite,"elements outside rule: B,N"
La3S4,16,16,16,2,0,unassignable,0,,bicuseo,a required site is empty
La3Sb0.65Te3.35,19,10,18,5,9,unassignable,0,,bicuseo,elements outside rule: Sb
La3Sb0.6Te3.4,19,10,17,6,8,unassignable,0,,bicuseo,elements outside rule: Sb
La3Sb0.8Te3.2,20,13,18,6,10,unassignable,0,,bicuseo,elements outside rule: Sb
La3Te3.65,19,11,17,5,7,unassignable,0,,bicuseo,a required site is empty
La3Te3.6Pb0.4,11,6,6,6,4,unassignable,0,,bicuseo,a required site is empty
La3Te3.7,9,6,6,6,5,unassignable,0,,bicuseo,a required site is empty
La3Te3.8,30,19,11,11,12,unassignable,0,,bicuseo,a required site is empty
La3Te4,37,19,22,16,16,unassignable,0,,bicuseo,a required site is empty
La3Zn4P6.6Br0.8,5,5,0,5,0,unassignable,0,,skutterudite,"elements outside rule: Br,Zn"
La3Zn4P6Cl,5,5,0,5,0,unassignable,0,,skutterudite,"elements outside rule: Cl,Zn"
La4Co3O10,25,20,5,0,0,other_oxide,1,other_oxide,,
La4Cu5O13,17,10,7,0,0,other_oxide,1,other_oxide,,
La4Sb3,36,36,0,0,0,unassignable,0,,skutterudite,filler above 8% of atoms
La5Mg2(HO)15,8,6,6,4,6,other_oxide,1,other_oxide,,
LaBiPd,10,9,10,9,6,half_heusler,1,half_heusler,,
LaBiS2O,27,19,14,0,1,other_oxide,1,other_oxide,,
LaBiSeSO,58,56,57,31,42,other_oxide,1,other_oxide,,
LaCeFe3CoSb12,5,3,4,4,4,unassignable,0,,skutterudite,filler above 8% of atoms
LaCoO3,395,230,199,43,30,other_oxide,1,other_oxide,,
LaCrGe3,4,4,1,0,0,unassignable,0,,half_heusler,elements outside rule: Cr
LaCu3(RuO3)4,11,11,0,0,0,other_oxide,1,other_oxide,,
LaCuSeO,12,12,0,0,0,bicuseo,2,bicuseo;other_oxide,,
LaFe3CoSb12,7,4,4,6,5,skutterudite,1,skutterudite,,
LaFeO3,6,6,0,0,0,other_oxide,1,other_oxide,,
LaGdS3,80,75,73,23,24,unassignable,0,,bicuseo,elements outside rule: Gd
LaGe3Sb9Ir4,6,0,0,6,0,unassignable,0,,half_heusler,ratio spread 1.941 > 0.15
LaGe7Sb5Pt4,18,18,0,0,0,unassignable,0,,half_heusler,ratio spread 1.941 > 0.15
LaMnO3,34,8,26,0,0,manganite,2,manganite;other_oxide,,
LaNi,7,0,7,0,0,unassignable,0,,skutterudite,filler above 8% of atoms
LaNi5,21,12,20,0,0,unassignable,0,,skutterudite,filler above 8% of atoms
LaNiO3,81,4,79,0,0,other_oxide,1,other_oxide,,
LaRhO3,33,33,0,0,0,other_oxide,1,other_oxide,,
LaRuO3,7,7,0,0,0,other_oxide,1,other_oxide,,
LaSbPd,17,7,11,7,9,half_heusler,1,half_heusler,,
LaSi,22,17,19,4,7,unassignable,0,,half_heusler,a required site is empty
LaSi4Ni9,15,14,12,0,0,unassignable,0,,half_heusler,ratio spread 1.714 > 0.15
LaTePb,10,0,0,0,10,unassignable,0,,bicuseo,a required site is empty
LaZnAsO,30,15,6,16,15,other_oxide,1,other_oxide,,
LaZnSbO,3,3,3,3,3,other_oxide,1,other_oxide,,
Li0.24Bi2Te2Se0.3,9,8,9,0,0,unassignable,0,,tetradymite,elements outside rule: Li
Li0.26Ti1S2,12,12,0,0,0,unassignable,0,,tetradymite,"elements outside rule: Li,Ti"
Li0.2Co1O2,9,9,0,0,0,other_oxide,1,other_oxide,,
Li0.32Mg2Si0.25Sn0.75,19,17,0,10,0,unassignable,0,,mg2x,elements outside rule: Li
Li0.36Nd0.55Ti0.95O3,14,8,8,6,7,other_oxide,1,other_oxide,,
Li0.36Nd0.55Ti0.9O3,11,5,8,8,6,other_oxide,1,other_oxide,,
Li0.36Nd0.55Ti1O3,8,0,0,8,0,other_oxide,1,other_oxide,,
Li0.3Bi2Te2.7Se0.3,9,9,8,0,0,unassignable,0,,tetradymite,elements outside rule: Li
Li0.45Fe2.41O4,3,3,0,0,0,other_oxide,1,other_oxide,,
Li0.47Co1O2,3,3,0,0,0,other_oxide,1,other_oxide,,
Li0.4Fe2.4O4,27,27,0,0,0,other_oxide,1,other_oxide,,
Li0.4Mg2Si0.25Sn0.75,20,20,0,7,0,unassignable,0,,mg2x,elements outside rule: Li
Li0.5Fe2Ni0.5O4,3,0,0,3,0,other_oxide,1,other_oxide,,
Li0.61Ti1S2,13,13,0,0,0,unassignable,0,,tetradymite,"elements outside rule: Li,Ti"
Li0.6Co1O2,15,15,0,0,0,other_oxide,1,other_oxide,,
Li0.74Bi2Te2.7Se0.3,9,8,9,0,0,unassignable,0,,tetradymite,elements outside rule: Li
Li0.8Bi2Te2.7Se0.3,9,0,0,9,8,unassignable,0,,tetradymite,elements outside rule: Li
Li0.8Co1O2,9,9,0,0,0,other_oxide,1,other_oxide,,
Li0.8Ti1S2,7,7,0,0,0,unassignable,0,,tetradymite,"elements outside rule: Li,Ti"
Li1.1Bi2Te2.7,9,9,8,9,9,unassignable,0,,tetradymite,elements outside rule: Li
Li1.1Co0.85O2,31,21,0,20,22,other_oxide,1,other_oxide,,
Li1Co0.8Cu0.2O2,5,4,0,4,1,other_oxide,1,other_oxide,,
Li1Co0.8Ni0.2O2,7,3,0,5,1,other_oxide,1,other_oxide,,
Li1Mg0.2Co0.8O2,7,5,5,5,5,other_oxide,1,other_oxide,,
Li1Mg0.3Co0.7O2,4,3,4,0,0,other_oxide,1,other_oxide,,
Li2Ge11Sb2Te15,19,17,17,9,9,unassignable,0,,gete_type,elements outside rule: Li
Li2Ru0.7O3,12,12,0,0,0,other_oxide,1,other_oxide,,
Li2Ru0.8O3,13,13,0,0,0,other_oxide,1,other_oxide,,
Li2Ru0.9O3,7,7,0,0,0,other_oxide,1,other_oxide,,
Li2RuO3,6,4,3,0,0,other_oxide,1,other_oxide,,
Li2TlBi,5,3,3,0,2,unassignable,0,,tetradymite,"elements outside rule: Li,Tl"
Li2ZnGe,20,13,13,5,0,unassignable,0,,clathrate_type_i,elements outside rule: Li
Li33V33O100,4,4,0,0,0,other_oxide,1,other_oxide,,
Li5Mg2Si1C2.5O7.5,6,5,6,4,4,other_oxide,1,other_oxide,,
LiAlGe,14,14,14,4,3,unassignable,0,,clathrate_type_i,elements outside rule: Li
LiAlSi,15,15,15,3,4,unassignable,0,,clathrate_type_i,elements outside rule: Li
LiCoO2,19,15,1,3,0,other_oxide,1,other_oxide,,
LiNiO2,4,4,0,0,0,other_oxide,1,other_oxide,,
LiTiS2,8,8,0,0,0,unassignable,0,,tetradymite,"elements outside rule: Li,Ti"
LiVO3,26,26,0,0,0,other_oxide,1,other_oxide,,
Lu1.2Zn2.8Sb3,16,15,14,0,0,unassignable,0,,zintl_122,elements outside rule: Lu
Lu1Ni1Sn0.5Sb0.5,17,14,14,0,0,half_heusler,1,half_heusler,,
Lu3Ge13Ru4,16,10,8,0,0,unassignable,0,,half_heusler,ratio spread 1.500 > 0.15
LuCo2,18,14,14,0,0,unassignable,0,,half_heusler,a required site is empty
LuNiSb,37,35,27,9,12,half_heusler,1,half_heusler,,
LuNiSn,19,14,11,0,0,half_heusler,1,half_heusler,,
Mg(FeO2)2,15,8,0,7,1,other_oxide,1,other_oxide,,
Mg0.06Si0.93Ge0.1,16,10,10,7,7,unassignable,0,,mg2x,ratio spread 1.887 > 0.15
Mg0.11Cd0.89O1,20,10,10,10,10,other_oxide,1,other_oxide,,
Mg0.12Sn0.91Te1,59,31,40,0,29,unassignable,0,,gete_type,elements outside rule: Mg
Mg0.12Sn0.91Te1.05,55,22,43,0,35,unassignable,0,,gete_type,elements outside rule: Mg
Mg0.1596Zn0.8379O1,16,9,16,2,2,zno_based,2,zno_based;other_oxide,,
Mg0.2Cu1Bi0.8Se1O1,17,9,9,9,9,other_oxide,1,other_oxide,,
Mg0.2Cu1Rh0.8O2,20,20,19,0,0,other_oxide,1,other_oxide,,
Mg0.2Si1Ge0.1,18,10,10,7,7,unassignable,0,,mg2x,ratio spread 1.667 > 0.15
Mg0.2Sn0.78Te1.05,19,17,10,5,8,unassignable,0,,gete_type,elements outside rule: Mg
Mg0.2Sn0.79Te1.05,20,18,18,5,6,unassignable,0,,gete_type,elements outside rule: Mg
Mg0.2Sn0.81Te1.05,18,9,14,5,11,unassignable,0,,gete_type,elements outside rule: Mg
Mg0.2Sn0.82Te1.05,18,8,15,5,5,unassignable,0,,gete_type,elements outside rule: Mg
Mg0.2Sn0.8Te1.05,20,20,17,5,10,unassignable,0,,gete_type,elements outside rule: Mg
Mg0.3Cr0.7Cu1O2,5,5,0,5,5,other_oxide,1,other_oxide,,
Mg0.4Zn1Rh1.6O4,20,20,19,0,0,other_oxide,1,other_oxide,,
Mg0.5Al1Fe1.25O4,2,2,0,0,0,other_oxide,1,other_oxide,,
Mg0.67Sn0.33,7,6,5,0,0,mg2x,1,mg2x,,
Mg0.68Sn0.32,7,4,6,0,0,mg2x,1,mg2x,,
Mg0.69Sn0.31,7,6,6,0,0,mg2x,1,mg2x,,
Mg0.6Zn1Rh1.4O4,19,19,19,0,0,other_oxide,1,other_oxide,,
Mg0.71Sn0.29,8,8,6,0,0,unassignable,0,,mg2x,ratio spread 0.202 > 0.15
Mg0.7Sn0.3,8,6,5,0,0,unassignable,0,,mg2x,ratio spread 0.154 > 0.15
Mg0.925Cu2Sn1Se4,17,17,17,9,9,unassignable,0,,diamond_like_cu,elements outside rule: Mg
Mg0.95Cu2Sn1Se4,17,17,17,9,9,unassignable,0,,diamond_like_cu,elements outside rule: Mg
Mg0.9Cu2.1Sn1Se4,17,17,17,9,9,unassignable,0,,diamond_like_cu,elements outside rule: Mg
Mg1.35Zn1.65Sb2,3,3,3,3,3,unassignable,0,,zintl_122,a required site is empty
Mg1.594Zn1.2Sb2,12,10,10,8,11,unassignable,0,,zintl_122,a required site is empty
Mg1.65Zn1.35Sb2,3,3,2,3,2,unassignable,0,,zintl_122,a required site is empty
Mg1.74Si1,10,10,8,0,0,mg2x,1,mg2x,,
Mg1.7875Zn1.2Sb2,13,11,11,9,6,unassignable,0,,zintl_122,a required site is empty
Mg1.791Zn1.2Sb2,11,10,9,11,6,unassignable,0,,zintl_122,a required site is empty
Mg1.794Zn1.2Sb2,12,12,12,11,12,unassignable,0,,zintl_122,a required site is empty
Mg1.797Zn1.2Sb2,11,11,10,11,11,unassignable,0,,zintl_122,a required site is empty
Mg1.818Si1,12,10,10,0,0,mg2x,1,mg2x,,
Mg1.86Si0.3Sn0.7,17,10,6,10,10,mg2x,1,mg2x,,
Mg1.8Zn1.2Sb2,12,12,9,12,12,unassignable,0,,zintl_122,a required site is empty
Mg1.9Ga0.95,20,20,20,20,18,unassignable,0,,zintl_14_1_11,M above 10% of atoms
Mg1.9Si0.294Sn0.686,20,17,11,13,16,mg2x,1,mg2x,,
Mg1.9Si0.3Sn0.7,11,7,6,8,9,mg2x,1,mg2x,,
Mg1.9Si1,23,22,17,1,14,mg2x,1,mg2x,,
Mg10Si4Sn,10,10,0,0,0,mg2x,1,mg2x,,
Mg17Si8,11,6,8,7,7,mg2x,1,mg2x,,
Mg17Sn8,15,12,11,0,0,mg2x,1,mg2x,,
Mg180Si37Sn60,10,10,10,10,10,mg2x,1,mg2x,,
Mg193Si32Sn65,10,10,10,10,10,mg2x,1,mg2x,,
Mg193Si97,10,6,7,4,6,mg2x,1,mg2x,,
Mg194Si78Sn19,13,7,6,6,7,mg2x,1,mg2x,,
Mg194Si81Sn19,10,10,0,0,0,mg2x,1,mg2x,,
Mg195(Si39Sn10)2,9,7,7,0,0,mg2x,1,mg2x,,
Mg195Si97,8,6,5,6,6,mg2x,1,mg2x,,
Mg196Si31Sn66,10,10,10,10,10,mg2x,1,mg2x,,
Mg197(Si4Sn)20,16,10,0,6,10,mg2x,1,mg2x,,
Mg197Si79Sn20,13,7,8,6,8,mg2x,1,mg2x,,
Mg197Si98,54,37,37,31,38,mg2x,1,mg2x,,
Mg197Si99,7,5,6,4,5,mg2x,1,mg2x,,
Mg198Si79Sn20,13,6,7,6,8,mg2x,1,mg2x,,
Mg199(Si4Sn)20,16,7,8,8,7,mg2x,1,mg2x,,
Mg199Si100,96,63,56,64,63,mg2x,1,mg2x,,
Mg199Si99,41,18,23,18,22,mg2x,1,mg2x,,
Mg199Sn100,9,0,0,9,0,mg2x,1,mg2x,,
Mg1Cr0.5Fe1.5O4,16,16,0,0,0,other_oxide,1,other_oxide,,
Mg1Cr1.5Fe0.5O4,15,15,0,0,0,other_oxide,1,other_oxide,,
Mg1Cu2Sn0.925Se4,17,17,17,0,16,unassignable,0,,diamond_like_cu,elements outside rule: Mg
Mg1Cu2Sn0.95Se4,17,17,17,0,16,unassignable,0,,diamond_like_cu,elements outside rule: Mg
Mg1Cu2Sn0.9Se4,17,17,17,0,16,unassignable,0,,diamond_like_cu,elements outside rule: Mg
Mg1Ti2.808N0.808O5,3,3,3,3,3,other_oxide,1,other_oxide,,
Mg1Ti3.386N1.386O5,5,5,5,3,5,other_oxide,1,other_oxide,,
Mg2.1,43,43,42,43,43,unassignable,0,,mg2x,a required site is empty
Mg2.12Si0.45Sn0.537,17,13,17,6,6,mg2x,1,mg2x,,
Mg2.12Si1,15,11,11,11,9,mg2x,1,mg2x,,
Mg2.16Ga0.95,20,20,20,20,20,unassignable,0,,zintl_14_1_11,M above 10% of atoms
Mg2.16Si0.245Sn0.686,20,19,12,9,18,mg2x,1,mg2x,,
Mg2.16Si0.2548Sn0.686,20,17,13,18,14,mg2x,1,mg2x,,
Mg2.16Si0.2646Sn0.686,20,14,18,16,17,mg2x,1,mg2x,,
Mg2.16Si0.2744Sn0.686,20,15,17,19,18,mg2x,1,mg2x,,
Mg2.16Si0.294Sn0.637,19,17,12,15,9,mg2x,1,mg2x,,
Mg2.16Si0.294Sn0.6468,18,17,9,0,9,mg2x,1,mg2x,,
Mg2.16Si0.294Sn0.6566,20,19,18,19,19,mg2x,1,mg2x,,
Mg2.16Si0.294Sn0.6664,20,19,18,18,17,mg2x,1,mg2x,,
Mg2.16Si0.294Sn0.686,17,16,16,8,15,mg2x,1,mg2x,,
Mg2.16Si0.38Sn0.6,18,17,17,6,17,mg2x,1,mg2x,,
Mg2.16Si0.392Sn0.588,20,20,20,20,20,mg2x,1,mg2x,,
Mg2.16Si0.394Sn0.591,20,20,20,19,20,mg2x,1,mg2x,,
Mg2.16Si0.396Sn0.594,20,20,20,18,20,mg2x,1,mg2x,,
Mg2.16Si0.397Sn0.5955,20,20,20,19,20,mg2x,1,mg2x,,
Mg2.16Si0.398Sn0.597,20,20,20,20,20,mg2x,1,mg2x,,
Mg2.16Si0.39Sn0.585,20,20,20,19,20,mg2x,1,mg2x,,
Mg2.16Si0.45Sn0.537,18,17,18,6,6,mg2x,1,mg2x,,
Mg2.16Si0.4Sn0.6,15,15,15,15,15,mg2x,1,mg2x,,
Mg2.19Cd1Sb2,12,10,7,10,10,unassignable,0,,zintl_122,a required site is empty
Mg2.1Ga0.95,20,20,20,19,20,unassignable,0,,zintl_14_1_11,M above 10% of atoms
Mg2.1Si0.29Sn0.71,13,0,0,0,13,mg2x,1,mg2x,,
Mg2.1Si0.38Sn0.6,19,18,18,6,17,mg2x,1,mg2x,,
Mg2.1Si0.3Sn0.7,17,17,17,17,17,mg2x,1,mg2x,,
Mg2.1Si0.49Sn0.5,20,20,20,20,20,mg2x,1,mg2x,,
Mg2.1Si0.7Sn0.3,7,5,5,5,5,mg2x,1,mg2x,,
Mg2.24Ga0.95,20,20,20,20,19,unassignable,0,,zintl_14_1_11,M above 10% of atoms
Mg2.24Si0.38Sn0.6,19,19,18,6,17,mg2x,1,mg2x,,
Mg2.24Si0.45Sn0.537,18,17,13,6,6,mg2x,1,mg2x,,
Mg2.24Si0.49Sn0.5,20,20,20,20,20,mg2x,1,mg2x,,
Mg2.2Ga0.95,20,20,20,20,20,unassignable,0,,zintl_14_1_11,M above 10% of atoms
Mg2.2Ge1,86,82,83,27,71,mg2x,1,mg2x,,
Mg2.2Si0.38Sn0.6,19,18,18,6,17,mg2x,1,mg2x,,
Mg2.2Si0.3Sn0.57,18,18,18,6,18,unassignable,0,,mg2x,ratio spread 0.234 > 0.15
Mg2.2Si0.45Sn0.537,18,16,16,5,5,mg2x,1,mg2x,,
Mg2.2Si0.49Sn0.5,20,20,20,20,20,mg2x,1,mg2x,,
Mg2.2Si0.4Sn0.47,19,19,19,6,19,unassignable,0,,mg2x,ratio spread 0.234 > 0.15
Mg2.2Si0.5Sn0.37,19,18,18,6,18,unassignable,0,,mg2x,ratio spread 0.234 > 0.15
Mg2.2Si0.5Sn0.5,14,0,0,0,14,mg2x,1,mg2x,,
Mg2.2Si0.7Sn0.17,19,19,19,6,19,unassignable,0,,mg2x,ratio spread 0.234 > 0.15
Mg2.2Si0.7Sn0.3,10,5,5,5,5,mg2x,1,mg2x,,
Mg2.2Si1Sn0.5,60,0,0,0,60,unassignable,0,,mg2x,ratio spread 0.308 > 0.15
Mg2.39Cd0.8Sb2,13,10,9,10,10,unassignable,0,,zintl_122,a required site is empty
Mg2.4875Zn0.5Sb2,12,11,11,11,11,unassignable,0,,zintl_122,a required site is empty
Mg2.69Cd0.5Sb2,11,9,9,6,10,unassignable,0,,zintl_122,a required site is empty
Mg2Al5Si1O7.5,7,6,4,4,6,other_oxide,1,other_oxide,,
Mg2Ga0.95,40,39,40,39,39,unassignable,0,,zintl_14_1_11,M above 10% of atoms
Mg2Ge,103,68,50,65,61,mg2x,1,mg2x,,
Mg2In3Cu3Te8,13,6,6,10,9,unassignable,0,,diamond_like_cu,elements outside rule: Mg
Mg2S1I0.8,14,11,12,0,0,unassignable,0,,mg2x,"elements outside rule: I,S"
Mg2SI,6,0,0,6,0,unassignable,0,,mg2x,"elements outside rule: I,S"
Mg2Si,2434,1705,1633,1005,1332,mg2x,1,mg2x,,
Mg2Si0.18Sn0.717,16,9,9,8,10,mg2x,1,mg2x,,
Mg2Si0.24Sn0.701,14,9,9,9,9,mg2x,1,mg2x,,
Mg2Si0.25Sn0.65,19,15,0,11,0,mg2x,1,mg2x,,
Mg2Si0.25Sn0.7,17,17,0,0,0,mg2x,1,mg2x,,
Mg2Si0.25Sn0.75,126,114,0,63,0,mg2x,1,mg2x,,
Mg2Si0.26Sn0.7,17,17,0,0,0,mg2x,1,mg2x,,
Mg2Si0.27Sn0.7,15,15,0,0,0,mg2x,1,mg2x,,
Mg2Si0.288Sn0.672,40,40,40,28,40,mg2x,1,mg2x,,
Mg2Si0.28Sn0.7,15,15,0,0,0,mg2x,1,mg2x,,
Mg2Si0.291Sn0.679,40,40,40,28,40,mg2x,1,mg2x,,
Mg2Si0.2925Sn0.6825,60,40,60,47,59,mg2x,1,mg2x,,
Mg2Si0.294Sn0.686,79,73,75,60,76,mg2x,1,mg2x,,
Mg2Si0.2955Sn0.6895,58,53,53,38,56,mg2x,1,mg2x,,
Mg2Si0.297Sn0.693,56,51,53,39,47,mg2x,1,mg2x,,
Mg2Si0.2985Sn0.6965,60,56,57,39,57,mg2x,1,mg2x,,
Mg2Si0.2Ge0.8,12,11,0,0,10,mg2x,1,mg2x,,
Mg2Si0.2Sn0.8,16,16,16,8,8,mg2x,1,mg2x,,
Mg2Si0.325Sn0.645,8,6,6,6,7,mg2x,1,mg2x,,
Mg2Si0.328Sn0.6,16,13,13,12,12,mg2x,1,mg2x,,
Mg2Si0.34Sn0.6,16,13,11,9,9,mg2x,1,mg2x,,
Mg2Si0.352Sn0.6,17,13,13,10,12,mg2x,1,mg2x,,
Mg2Si0.35Sn0.605,8,6,6,7,7,mg2x,1,mg2x,,
Mg2Si0.35Sn0.62,9,6,6,6,7,mg2x,1,mg2x,,
Mg2Si0.35Sn0.635,8,6,6,6,6,mg2x,1,mg2x,,
Mg2Si0.35Sn0.65,124,89,103,64,92,mg2x,1,mg2x,,
Mg2Si0.364Sn0.6,40,32,32,36,33,mg2x,1,mg2x,,
Mg2Si0.375Sn0.6,26,24,15,23,24,mg2x,1,mg2x,,
Mg2Si0.376Sn0.6,20,13,13,19,13,mg2x,1,mg2x,,
Mg2Si0.37Sn0.6,17,10,10,11,10,mg2x,1,mg2x,,
Mg2Si0.385Sn0.6,96,72,72,46,83,mg2x,1,mg2x,,
Mg2Si0.38612Sn0.591,211,26,30,143,109,mg2x,1,mg2x,,
Mg2Si0.388Sn0.6,20,19,19,19,20,mg2x,1,mg2x,,
Mg2Si0.38Sn0.4Ge0.2,18,11,11,11,11,mg2x,1,mg2x,,
Mg2Si0.38Sn0.6,34,26,19,27,26,mg2x,1,mg2x,,
Mg2Si0.3925Sn0.6,25,8,10,11,19,mg2x,1,mg2x,,
Mg2Si0.394Sn0.591,12,12,10,9,9,mg2x,1,mg2x,,
Mg2Si0.395Sn0.6,41,25,23,25,28,mg2x,1,mg2x,,
Mg2Si0.398Sn0.6,22,8,11,9,13,mg2x,1,mg2x,,
Mg2Si0.399Sn0.6,7,6,5,5,6,mg2x,1,mg2x,,
Mg2Si0.39Sn0.6,59,35,34,38,43,mg2x,1,mg2x,,
Mg2Si0.3Ge0.7,28,17,15,17,17,mg2x,1,mg2x,,
Mg2Si0.3Sn0.6,19,18,0,10,0,mg2x,1,mg2x,,
Mg2Si0.3Sn0.65,15,15,0,0,0,mg2x,1,mg2x,,
Mg2Si0.3Sn0.66,15,15,0,0,0,mg2x,1,mg2x,,
Mg2Si0.3Sn0.67,33,32,16,16,16,mg2x,1,mg2x,,
Mg2Si0.3Sn0.68,15,15,0,0,0,mg2x,1,mg2x,,
Mg2Si0.3Sn0.685,15,10,10,7,10,mg2x,1,mg2x,,
Mg2Si0.3Sn0.7,54,35,33,35,30,mg2x,1,mg2x,,
Mg2Si0.43Sn0.4,11,11,11,11,11,unassignable,0,,mg2x,ratio spread 0.186 > 0.15
Mg2Si0.43Sn0.52,9,6,6,6,6,mg2x,1,mg2x,,
Mg2Si0.45Sn0.45,18,18,18,14,18,mg2x,1,mg2x,,
Mg2Si0.45Sn0.537,18,12,18,6,6,mg2x,1,mg2x,,
Mg2Si0.45Sn0.55,19,14,0,12,14,mg2x,1,mg2x,,
Mg2Si0.477Sn0.5,20,19,15,5,20,mg2x,1,mg2x,,
Mg2Si0.483Sn0.5,20,20,15,5,20,mg2x,1,mg2x,,
Mg2Si0.485Sn0.5,20,20,15,5,19,mg2x,1,mg2x,,
Mg2Si0.487Sn0.5,36,18,15,5,34,mg2x,1,mg2x,,
Mg2Si0.489Sn0.5,19,18,14,4,19,mg2x,1,mg2x,,
Mg2Si0.48Sn0.4,12,11,12,11,11,mg2x,1,mg2x,,
Mg2Si0.48Sn0.5,20,18,15,5,19,mg2x,1,mg2x,,
Mg2Si0.495Sn0.4,11,11,11,11,11,mg2x,1,mg2x,,
Mg2Si0.49Ge0.5,80,79,76,62,61,mg2x,1,mg2x,,
Mg2Si0.49Sn0.4,12,11,11,11,11,mg2x,1,mg2x,,
Mg2Si0.49Sn0.5,20,20,20,20,20,mg2x,1,mg2x,,
Mg2Si0.4Ge0.6,12,7,8,0,11,mg2x,1,mg2x,,
Mg2Si0.4Sn0.22Sb0.38,19,18,19,5,18,unassignable,0,,mg2x,elements outside rule: Sb
Mg2Si0.4Sn0.33Sb0.27,18,18,18,5,18,unassignable,0,,mg2x,elements outside rule: Sb
Mg2Si0.4Sn0.48,13,13,13,0,13,mg2x,1,mg2x,,
Mg2Si0.4Sn0.49,15,15,15,1,15,mg2x,1,mg2x,,
Mg2Si0.4Sn0.4Ge0.2,20,20,20,10,10,mg2x,1,mg2x,,
Mg2Si0.4Sn0.5,56,20,20,11,45,mg2x,1,mg2x,,
Mg2Si0.4Sn0.58,19,18,19,6,18,mg2x,1,mg2x,,
Mg2Si0.4Sn0.6,410,368,320,302,363,mg2x,1,mg2x,,
Mg2Si0.515Sn0.4,11,11,11,11,11,mg2x,1,mg2x,,
Mg2Si0.51Sn0.4,11,11,11,11,11,mg2x,1,mg2x,,
Mg2Si0.525Sn0.4,12,11,11,11,11,mg2x,1,mg2x,,
Mg2Si0.5275Sn0.4,11,11,11,11,11,mg2x,1,mg2x,,
Mg2Si0.52Sn0.4,12,11,11,11,11,mg2x,1,mg2x,,
Mg2Si0.5325Sn0.4,30,22,22,22,18,mg2x,1,mg2x,,
Mg2Si0.5375Sn0.4,14,14,14,14,13,mg2x,1,mg2x,,
Mg2Si0.53Sn0.4,44,44,43,44,42,mg2x,1,mg2x,,
Mg2Si0.5425Sn0.4,12,11,11,12,12,mg2x,1,mg2x,,
Mg2Si0.54Sn0.4,13,11,11,11,11,mg2x,1,mg2x,,
Mg2Si0.55Sn0.4,19,15,17,18,17,mg2x,1,mg2x,,
Mg2Si0.55Sn0.45,19,14,0,15,16,mg2x,1,mg2x,,
Mg2Si0.577Ge0.4,7,6,4,6,6,mg2x,1,mg2x,,
Mg2Si0.5825Sn0.41,20,20,20,5,19,mg2x,1,mg2x,,
Mg2Si0.585Sn0.4,36,34,36,26,26,mg2x,1,mg2x,,
Mg2Si0.5875Sn0.4,20,19,19,20,20,mg2x,1,mg2x,,
Mg2Si0.5895Sn0.41,19,19,19,5,19,mg2x,1,mg2x,,
Mg2Si0.58Sn0.4,16,10,11,7,10,mg2x,1,mg2x,,
Mg2Si0.58Sn0.405,19,18,15,5,12,mg2x,1,mg2x,,
Mg2Si0.58Sn0.41,40,37,36,10,37,mg2x,1,mg2x,,
Mg2Si0.58Sn0.4125,19,17,19,5,17,mg2x,1,mg2x,,
Mg2Si0.58Sn0.415,20,19,10,5,16,mg2x,1,mg2x,,
Mg2Si0.58Sn0.418,20,19,15,5,17,mg2x,1,mg2x,,
Mg2Si0.58Sn0.42,130,127,104,46,65,mg2x,1,mg2x,,
Mg2Si0.5925Sn0.4,20,19,20,19,20,mg2x,1,mg2x,,
Mg2Si0.595Sn0.4,20,20,20,9,9,mg2x,1,mg2x,,
Mg2Si0.5995Sn0.4,20,18,20,20,20,mg2x,1,mg2x,,
Mg2Si0.599Sn0.4,20,20,20,7,7,mg2x,1,mg2x,,
Mg2Si0.59Sn0.4,40,39,40,27,27,mg2x,1,mg2x,,
Mg2Si0.59Sn0.41,18,18,17,5,17,mg2x,1,mg2x,,
Mg2Si0.5Bi0.5,10,5,5,0,6,unassignable,0,,mg2x,elements outside rule: Bi
Mg2Si0.5Ge0.5,50,30,30,29,30,mg2x,1,mg2x,,
Mg2Si0.5Sn0.4,39,28,28,21,17,mg2x,1,mg2x,,
Mg2Si0.5Sn0.49,40,39,0,14,39,mg2x,1,mg2x,,
Mg2Si0.5Sn0.5,226,216,100,32,63,mg2x,1,mg2x,,
Mg2Si0.5Sn0.5S1,16,15,8,4,15,unassignable,0,,mg2x,elements outside rule: S
Mg2Si0.625Bi0.375,7,5,4,0,0,unassignable,0,,mg2x,elements outside rule: Bi
Mg2Si0.676Ge0.3,10,6,6,6,6,mg2x,1,mg2x,,
Mg2Si0.677Ge0.3,7,6,6,6,6,mg2x,1,mg2x,,
Mg2Si0.686Ge0.3,8,6,6,4,6,mg2x,1,mg2x,,
Mg2Si0.6915Sn0.3,17,16,16,6,6,mg2x,1,mg2x,,
Mg2Si0.6925Sn0.3,16,16,9,6,6,mg2x,1,mg2x,,
Mg2Si0.6935Sn0.3,17,16,9,6,6,mg2x,1,mg2x,,
Mg2Si0.6945Sn0.3,17,16,16,6,6,mg2x,1,mg2x,,
Mg2Si0.696Ge0.3,9,6,6,6,6,mg2x,1,mg2x,,
Mg2Si0.6Ge0.4,83,74,53,56,60,mg2x,1,mg2x,,
Mg2Si0.6Sn0.4,27,16,27,7,20,mg2x,1,mg2x,,
Mg2Si0.712Ge0.3,11,6,6,4,6,mg2x,1,mg2x,,
Mg2Si0.73Sn0.27,27,17,17,20,11,mg2x,1,mg2x,,
Mg2Si0.75Bi0.25,10,5,4,0,5,unassignable,0,,mg2x,elements outside rule: Bi
Mg2Si0.75Sb0.25,15,15,0,0,0,unassignable,0,,mg2x,elements outside rule: Sb
Mg2Si0.75Sn0.2425,47,28,0,26,27,mg2x,1,mg2x,,
Mg2Si0.75Sn0.245,16,10,0,7,9,mg2x,1,mg2x,,
Mg2Si0.75Sn0.2475,16,9,0,10,9,mg2x,1,mg2x,,
Mg2Si0.75Sn0.25,61,53,43,10,9,mg2x,1,mg2x,,
Mg2Si0.777Ge0.2,6,6,4,5,6,mg2x,1,mg2x,,
Mg2Si0.785Sn0.2,18,18,18,7,11,mg2x,1,mg2x,,
Mg2Si0.78Sn0.2,19,17,18,7,11,mg2x,1,mg2x,,
Mg2Si0.792Sn0.1683,9,8,8,6,8,mg2x,1,mg2x,,
Mg2Si0.792Sn0.1782,9,9,5,8,8,mg2x,1,mg2x,,
Mg2Si0.792Sn0.198,11,9,9,8,9,mg2x,1,mg2x,,
Mg2Si0.795Sn0.2,19,19,19,7,11,mg2x,1,mg2x,,
Mg2Si0.79Sn0.2,18,18,18,7,11,mg2x,1,mg2x,,
Mg2Si0.7Ge0.3,55,36,34,35,32,mg2x,1,mg2x,,
Mg2Si0.7Ge0.3Bi0.2,6,5,5,5,5,unassignable,0,,mg2x,elements outside rule: Bi
Mg2Si0.7Sn0.3,60,20,17,29,32,mg2x,1,mg2x,,
Mg2Si0.85,13,8,11,4,5,unassignable,0,,mg2x,ratio spread 0.162 > 0.15
Mg2Si0.875,9,5,3,0,5,mg2x,1,mg2x,,
Mg2Si0.877,6,6,4,6,6,mg2x,1,mg2x,,
Mg2Si0.888,5,0,5,0,0,mg2x,1,mg2x,,
Mg2Si0.8Ge0.2,11,8,7,0,9,mg2x,1,mg2x,,
Mg2Si0.8Sn0.2,86,67,67,6,24,mg2x,1,mg2x,,
Mg2Si0.9,107,64,31,47,52,mg2x,1,mg2x,,
Mg2Si0.93,12,0,12,0,0,mg2x,1,mg2x,,
Mg2Si0.95,97,54,54,47,42,mg2x,1,mg2x,,
Mg2Si1.05,19,16,17,0,17,mg2x,1,mg2x,,
Mg2Si1.1,20,18,12,0,18,mg2x,1,mg2x,,
Mg2Si1Ag7.5O2.5,4,3,3,3,3,unassignable,0,,bicuseo,"elements outside rule: Mg,Si"
Mg2Si1Bi5O7.5,8,6,6,4,6,other_oxide,1,other_oxide,,
Mg2Si1Sb0.33,17,17,0,0,0,unassignable,0,,mg2x,elements outside rule: Sb
Mg2Si1Sb5O7.5,8,6,6,6,6,other_oxide,1,other_oxide,,
Mg2Sn,457,353,329,120,84,mg2x,1,mg2x,,
Mg2Sn0.2Ge0.8,13,10,9,9,0,mg2x,1,mg2x,,
Mg2Sn0.4Ge0.6,13,9,9,11,0,mg2x,1,mg2x,,
Mg2Sn0.525Ge0.4,15,10,8,8,8,mg2x,1,mg2x,,
Mg2Sn0.55Ge0.4,15,10,8,8,10,mg2x,1,mg2x,,
Mg2Sn0.575Ge0.4,14,11,10,6,10,mg2x,1,mg2x,,
Mg2Sn0.5Ge0.5,14,12,8,10,0,mg2x,1,mg2x,,
Mg2Sn0.68Ge0.3,13,8,8,3,2,mg2x,1,mg2x,,
Mg2Sn0.6Ge0.4,248,144,155,115,137,mg2x,1,mg2x,,
Mg2Sn0.6Sb0.4,10,10,10,6,10,unassignable,0,,mg2x,elements outside rule: Sb
Mg2Sn0.71Ge0.25,11,5,5,6,6,mg2x,1,mg2x,,
Mg2Sn0.72Ge0.25,41,24,25,29,28,mg2x,1,mg2x,,
Mg2Sn0.733,17,9,9,9,5,unassignable,0,,mg2x,ratio spread 0.308 > 0.15
Mg2Sn0.73Ge0.25,69,52,41,47,47,mg2x,1,mg2x,,
Mg2Sn0.749Ge0.176,15,9,9,10,0,mg2x,1,mg2x,,
Mg2Sn0.74Ge0.25,37,24,26,26,23,mg2x,1,mg2x,,
Mg2Sn0.75,20,20,0,11,0,unassignable,0,,mg2x,ratio spread 0.286 > 0.15
Mg2Sn0.75Ge0.25,188,106,103,100,105,mg2x,1,mg2x,,
Mg2Sn0.765Ge0.22,12,9,10,10,7,mg2x,1,mg2x,,
Mg2Sn0.78Ge0.2,12,9,9,3,3,mg2x,1,mg2x,,
Mg2Sn0.7Ge0.25,12,6,6,6,5,mg2x,1,mg2x,,
Mg2Sn0.7Sb0.3,13,6,6,7,10,unassignable,0,,mg2x,elements outside rule: Sb
Mg2Sn0.835,11,5,8,3,3,unassignable,0,,mg2x,ratio spread 0.180 > 0.15
Mg2Sn0.85,13,10,10,10,10,unassignable,0,,mg2x,ratio spread 0.162 > 0.15
Mg2Sn0.89,12,7,8,2,2,mg2x,1,mg2x,,
Mg2Sn0.8Ge0.2,13,13,7,8,0,mg2x,1,mg2x,,
Mg2Sn0.8Sb0.2,16,8,11,8,10,unassignable,0,,mg2x,elements outside rule: Sb
Mg2Sn0.9,27,20,10,18,10,mg2x,1,mg2x,,
Mg2Sn0.94,10,7,7,2,2,mg2x,1,mg2x,,
Mg2Sn0.95,12,10,10,10,11,mg2x,1,mg2x,,
Mg2Zn0.9Sb2,11,11,11,11,10,unassignable,0,,zintl_122,a required site is empty
Mg3.16Bi0.48Sb1.5,13,10,10,11,10,mg3x2_zintl,1,mg3x2_zintl,,
Mg3.16Bi0.49Sb1.5,16,9,9,9,9,mg3x2_zintl,1,mg3x2_zintl,,
Mg3.16Bi0.59Sb1.4,12,9,9,9,10,mg3x2_zintl,1,mg3x2_zintl,,
Mg3.16Bi0.69Sb1.3,12,9,5,8,9,mg3x2_zintl,1,mg3x2_zintl,,
Mg3.16Bi0.79Sb1.2,16,9,9,9,9,mg3x2_zintl,1,mg3x2_zintl,,
Mg3.16Bi0.89Sb1.1,17,9,9,9,10,mg3x2_zintl,1,mg3x2_zintl,,
Mg3.16Sb2,15,15,15,15,15,mg3x2_zintl,1,mg3x2_zintl,,
Mg3.175Bi0.49Sb1.5,30,16,28,27,27,mg3x2_zintl,1,mg3x2_zintl,,
Mg3.17Bi0.49Sb1.5,20,14,17,17,17,mg3x2_zintl,1,mg3x2_zintl,,
Mg3.17Bi1.393Sb0.597,18,10,15,13,13,mg3x2_zintl,1,mg3x2_zintl,,
Mg3.17Sb2,15,15,15,15,15,mg3x2_zintl,1,mg3x2_zintl,,
Mg3.185Bi0.5Sb1.5,18,17,18,17,17,mg3x2_zintl,1,mg3x2_zintl,,
Mg3.185Bi1.393Sb0.597,19,9,14,15,16,mg3x2_zintl,1,mg3x2_zintl,,
Mg3.18Bi0.49Sb1.5,10,9,8,9,9,mg3x2_zintl,1,mg3x2_zintl,,
Mg3.18Bi0.5Sb1.5,9,8,9,8,8,mg3x2_zintl,1,mg3x2_zintl,,
Mg3.18Sb2,15,15,9,15,15,mg3x2_zintl,1,mg3x2_zintl,,
Mg3.195Bi0.5Sb1.5,18,13,17,13,17,mg3x2_zintl,1,mg3x2_zintl,,
Mg3.195Bi1.393Sb0.597,18,13,7,9,9,mg3x2_zintl,1,mg3x2_zintl,,
Mg3.1975Bi0.5Sb1.5,8,8,5,8,8,mg3x2_zintl,1,mg3x2_zintl,,
Mg3.19Bi0.49Sb1.5,33,20,27,28,28,mg3x2_zintl,1,mg3x2_zintl,,
Mg3.19Bi0.5Sb1.5,56,37,38,47,29,mg3x2_zintl,1,mg3x2_zintl,,
Mg3.19Sb2,26,22,17,25,25,mg3x2_zintl,1,mg3x2_zintl,,
Mg3.2Bi0.4875Sb1.5,7,7,5,7,6,mg3x2_zintl,1,mg3x2_zintl,,
Mg3.2Bi0.4925Sb1.5,7,7,7,4,7,mg3x2_zintl,1,mg3x2_zintl,,
Mg3.2Bi0.492Sb1.5,11,0,11,0,0,mg3x2_zintl,1,mg3x2_zintl,,
Mg3.2Bi0.494Sb1.5,11,0,11,0,0,mg3x2_zintl,1,mg3x2_zintl,,
Mg3.2Bi0.495Sb1.5,7,4,7,4,7,mg3x2_zintl,1,mg3x2_zintl,,
Mg3.2Bi0.496Sb1.5,11,0,11,0,0,mg3x2_zintl,1,mg3x2_zintl,,
Mg3.2Bi0.498Sb1.5,11,0,11,0,0,mg3x2_zintl,1,mg3x2_zintl,,
Mg3.2Bi0.49Sb1.5,136,110,124,105,108,mg3x2_zintl,1,mg3x2_zintl,,
Mg3.2Bi0.5Sb1.5,52,11,11,40,10,mg3x2_zintl,1,mg3x2_zintl,,
Mg3.2Bi1.393Sb0.597,17,11,12,15,14,mg3x2_zintl,1,mg3x2_zintl,,
Mg3.2Sb2,14,6,6,10,6,mg3x2_zintl,1,mg3x2_zintl,,
Mg3.5Sb2,157,118,124,119,75,unassignable,0,,mg3x2_zintl,ratio spread 0.154 > 0.15
Mg3.8Sb2,4,4,2,4,2,unassignable,0,,mg3x2_zintl,ratio spread 0.235 > 0.15
Mg33Sn17,14,8,9,0,0,mg2x,1,mg2x,,
Mg3Bi0.34825Sb1.64175,10,0,10,0,0,mg3x2_zintl,1,mg3x2_zintl,,
Mg3Bi0.46Sb1.46,17,13,13,8,13,mg3x2_zintl,1,mg3x2_zintl,,
Mg3Bi0.46Sb1.5,19,10,11,9,10,mg3x2_zintl,1,mg3x2_zintl,,
Mg3Bi0.475Sb1.475,18,14,15,13,8,mg3x2_zintl,1,mg3x2_zintl,,
Mg3Bi0.48Sb1.48,16,13,13,10,15,mg3x2_zintl,1,mg3x2_zintl,,
Mg3Bi0.4975Sb1.4925,12,0,12,0,0,mg3x2_zintl,1,mg3x2_zintl,,
Mg3Bi0.49Sb1.5,272,233,201,235,237,mg3x2_zintl,1,mg3x2_zintl,,
Mg3Bi0.4Sb1.4,17,13,8,11,12,mg3x2_zintl,1,mg3x2_zintl,,
Mg3Bi0.5Sb1.5,106,79,103,52,71,mg3x2_zintl,1,mg3x2_zintl,,
Mg3Bi1.194Sb0.796,11,0,11,0,0,mg3x2_zintl,1,mg3x2_zintl,,
Mg3Bi1.393Sb0.597,32,16,25,15,23,mg3x2_zintl,1,mg3x2_zintl,,
Mg3Bi1.3965Sb0.5985,14,7,10,7,11,mg3x2_zintl,1,mg3x2_zintl,,
Mg3Bi1.3972Sb0.5988,13,7,11,7,8,mg3x2_zintl,1,mg3x2_zintl,,
Mg3Bi1.39825Sb0.59925,11,7,6,7,6,mg3x2_zintl,1,mg3x2_zintl,,
Mg3Bi1.4925Sb0.4975,10,0,10,0,0,mg3x2_zintl,1,mg3x2_zintl,,
Mg3Bi1.5P0.5,10,6,9,0,0,unassignable,0,,mg3x2_zintl,elements outside rule: P
Mg3Bi1.7Sb0.3,12,10,10,5,5,mg3x2_zintl,1,mg3x2_zintl,,
Mg3Bi2,12,11,7,5,5,mg3x2_zintl,1,mg3x2_zintl,,
Mg3BiSb,240,176,221,64,150,mg3x2_zintl,1,mg3x2_zintl,,
Mg3Cd0.3Sb2,16,10,10,10,10,unassignable,0,,zintl_122,a required site is empty
Mg3Sb1.7Pb0.3,14,7,9,6,6,unassignable,0,,mg3x2_zintl,elements outside rule: Pb
Mg3Sb1.8,29,16,13,16,14,mg3x2_zintl,1,mg3x2_zintl,,
Mg3Sb1.85,8,3,0,5,3,mg3x2_zintl,1,mg3x2_zintl,,
Mg3Sb1.8C0.3,15,8,8,10,10,unassignable,0,,mg3x2_zintl,elements outside rule: C
Mg3Sb1.9,23,11,10,14,11,mg3x2_zintl,1,mg3x2_zintl,,
Mg3Sb2,433,343,346,338,327,mg3x2_zintl,1,mg3x2_zintl,,
Mg3Sb2C0.32,16,8,10,10,10,unassignable,0,,mg3x2_zintl,elements outside rule: C
Mg3Sb2C0.43,14,8,10,10,10,unassignable,0,,mg3x2_zintl,elements outside rule: C
Mg3Sb2C0.66,15,6,6,10,10,unassignable,0,,mg3x2_zintl,elements outside rule: C
Mg40Si19,34,30,30,27,30,mg2x,1,mg2x,,
Mg65Si33,6,6,5,0,0,mg2x,1,mg2x,,
Mg67Si14Sn19,8,6,6,4,6,mg2x,1,mg2x,,
Mg67Si33,132,95,97,42,42,mg2x,1,mg2x,,
Mg67Sn33,40,28,11,13,10,mg2x,1,mg2x,,
Mg69Sn31,14,12,13,0,0,mg2x,1,mg2x,,
Mg70Sn29,9,8,8,0,0,unassignable,0,,mg2x,ratio spread 0.188 > 0.15
Mg71Sn29,61,35,26,15,15,unassignable,0,,mg2x,ratio spread 0.202 > 0.15
Mg7Sn3,14,13,13,0,0,unassignable,0,,mg2x,ratio spread 0.154 > 0.15
Mg95Si17Sn32,10,10,10,10,10,mg2x,1,mg2x,,
Mg98Si39Sn10,14,7,8,7,8,mg2x,1,mg2x,,
MgAgSb,389,348,326,346,343,mgagsb,1,mgagsb,,
MgAlB14,13,13,0,0,0,unassignable,0,,zintl_14_1_11,elements outside rule: B
MgCr2O4,16,16,0,0,0,other_oxide,1,other_oxide,,
MgCrFeO4,11,11,0,0,0,other_oxide,1,other_oxide,,
MgCu2SnSe4,17,17,17,9,9,unassignable,0,,diamond_like_cu,elements outside rule: Mg
Mn(CoSb4)3,26,20,19,19,20,unassignable,0,,full_heusler,ratio spread 2.276 > 0.15
Mn(CuTe)2,216,135,131,104,118,unassignable,0,,cu2x_ag2x_liquid_like,elements outside rule: Mn
Mn0.05Fe0.7Si0.25,7,4,1,6,0,unassignable,0,,full_heusler,ratio spread 1.385 > 0.15
Mn0.06Sn0.92,12,0,12,0,0,unassignable,0,,half_heusler,a required site is empty
Mn0.11Sn0.89Te1,30,16,16,16,16,unassignable,0,,gete_type,elements outside rule: Mn
Mn0.11Sn0.905Te1,16,10,10,10,10,unassignable,0,,gete_type,elements outside rule: Mn
Mn0.12Ge0.88Te1,20,10,11,10,11,unassignable,0,,gete_type,elements outside rule: Mn
Mn0.12Sn0.704Te1Pb0.176,6,5,6,6,5,unassignable,0,,gete_type,elements outside rule: Mn
Mn0.12Sn0.88Te1,26,17,19,13,19,unassignable,0,,gete_type,elements outside rule: Mn
Mn0.12Sn0.91Te1.05,27,17,18,7,18,unassignable,0,,gete_type,elements outside rule: Mn
Mn0.12Te1Pb0.88,21,9,9,9,9,unassignable,0,,gete_type,elements outside rule: Mn
Mn0.132Sn0.868Te1,7,6,6,6,6,unassignable,0,,gete_type,elements outside rule: Mn
Mn0.13Ge0.696Te1Pb0.174,10,6,6,6,6,unassignable,0,,gete_type,elements outside rule: Mn
Mn0.13Sn0.87Te1,16,10,0,10,10,unassignable,0,,gete_type,elements outside rule: Mn
Mn0.13Sn0.91Te1.05,10,10,9,9,10,unassignable,0,,gete_type,elements outside rule: Mn
Mn0.14Sn0.86Te1,122,54,74,42,50,unassignable,0,,gete_type,elements outside rule: Mn
Mn0.14Sn0.86Te1.05,45,39,20,5,13,unassignable,0,,gete_type,elements outside rule: Mn
Mn0.14Sn0.89Te1.05,66,18,38,14,42,unassignable,0,,gete_type,elements outside rule: Mn
Mn0.14Sn0.91Te1.05,15,0,0,0,15,unassignable,0,,gete_type,elements outside rule: Mn
Mn0.14Sn0.92Te1.05,25,20,20,5,16,unassignable,0,,gete_type,elements outside rule: Mn
Mn0.14Sn0.93Te1.05,28,19,17,8,14,unassignable,0,,gete_type,elements outside rule: Mn
Mn0.14Sn0.94Te1.05,26,19,20,6,16,unassignable,0,,gete_type,elements outside rule: Mn
Mn0.14Sn0.9Te1.05,35,18,20,15,16,unassignable,0,,gete_type,elements outside rule: Mn
Mn0.15Fe0.6Si0.25,3,3,0,0,0,unassignable,0,,full_heusler,ratio spread 0.643 > 0.15
Mn0.15Ge0.81Te1,12,11,11,11,11,unassignable,0,,gete_type,elements outside rule: Mn
Mn0.15Ge0.85Te1,20,11,11,10,11,unassignable,0,,gete_type,elements outside rule: Mn
Mn0.15Sn0.25Te1Pb0.6,9,7,6,8,6,unassignable,0,,gete_type,elements outside rule: Mn
Mn0.15Sn0.68Te1Pb0.17,7,5,5,3,5,unassignable,0,,gete_type,elements outside rule: Mn
Mn0.15Sn0.83Te1,27,15,15,15,25,unassignable,0,,gete_type,elements outside rule: Mn
Mn0.15Sn0.85Te1,52,35,33,26,38,unassignable,0,,gete_type,elements outside rule: Mn
Mn0.15Sn0.89Te1.05,10,10,10,10,9,unassignable,0,,gete_type,elements outside rule: Mn
Mn0.165Sn0.835Te1,6,6,6,6,6,unassignable,0,,gete_type,elements outside rule: Mn
Mn0.17Sn0.83Te1,24,10,10,10,22,unassignable,0,,gete_type,elements outside rule: Mn
Mn0.17Sn0.87Te1.05,10,10,10,9,9,unassignable,0,,gete_type,elements outside rule: Mn
Mn0.18Cr1Si2.3114,10,10,10,10,10,tm_silicide,1,tm_silicide,,
Mn0.18Ge0.656Te1Pb0.164,10,5,6,5,6,unassignable,0,,gete_type,elements outside rule: Mn
Mn0.18Ge0.82Te1,20,11,11,10,11,unassignable,0,,gete_type,elements outside rule: Mn
Mn0.18Te1Pb0.76,18,0,9,0,9,unassignable,0,,gete_type,elements outside rule: Mn
Mn0.18Te1Pb0.82,11,5,0,9,0,unassignable,0,,gete_type,elements outside rule: Mn
Mn0.19Sn0.81Te1,11,10,10,10,10,unassignable,0,,gete_type,elements outside rule: Mn
Mn0.1Fe0.65Si0.25,5,5,0,0,0,unassignable,0,,full_heusler,ratio spread 1.000 > 0.15
Mn0.1Ge0.72Te1Pb0.18,11,5,6,6,5,unassignable,0,,gete_type,elements outside rule: Mn
Mn0.1Ge0.82Te1,11,11,10,10,11,unassignable,0,,gete_type,elements outside rule: Mn
Mn0.1Ge0.84Te1,10,10,10,10,10,unassignable,0,,gete_type,elements outside rule: Mn
Mn0.1Ge0.86Te1,22,22,21,22,21,unassignable,0,,gete_type,elements outside rule: Mn
Mn0.1Ge0.88Te1,11,11,10,11,11,unassignable,0,,gete_type,elements outside rule: Mn
Mn0.1Ge0.8Sb0.1Te1,11,10,10,11,11,unassignable,0,,gete_type,elements outside rule: Mn
Mn0.1Ge0.9Te1,10,10,9,9,10,unassignable,0,,gete_type,elements outside rule: Mn
Mn0.1Sn0.25Te1Pb0.65,10,8,9,5,5,unassignable,0,,gete_type,elements outside rule: Mn
Mn0.1Sn0.87Te1,13,10,10,10,10,unassignable,0,,gete_type,elements outside rule: Mn
Mn0.1Zn0.89O1,13,6,6,6,4,zno_based,2,zno_based;other_oxide,,
Mn0.2425Sn0.2425Ge0.2425Te1Pb0.2425,7,7,5,5,6,unassignable,0,,gete_type,elements outside rule: Mn
Mn0.24375Sn0.24375Ge0.24375Te1Pb0.24375,7,4,5,6,7,unassignable,0,,gete_type,elements outside rule: Mn
Mn0.245Sn0.245Ge0.245Te1Pb0.245,7,7,4,4,7,unassignable,0,,gete_type,elements outside rule: Mn
Mn0.24625Sn0.24625Ge0.24625Te1Pb0.24625,6,5,5,5,6,unassignable,0,,gete_type,elements outside rule: Mn
Mn0.24Te1Pb0.76,23,9,0,9,9,unassignable,0,,gete_type,elements outside rule: Mn
Mn0.24Te1Pb0.82,9,0,9,0,0,unassignable,0,,gete_type,elements outside rule: Mn
Mn0.25Fe0.5Si0.25,6,6,0,0,0,full_heusler,1,full_heusler,,
Mn0.25Sn0.25Ge0.25Te1Pb0.25,6,6,6,6,6,unassignable,0,,gete_type,elements outside rule: Mn
Mn0.2Fe0.55Si0.25,4,4,0,0,0,unassignable,0,,full_heusler,ratio spread 0.310 > 0.15
Mn0.2Ge0.76Te1,12,11,11,7,11,unassignable,0,,gete_type,elements outside rule: Mn
Mn0.2Sn0.78Te1.05,20,19,19,0,4,unassignable,0,,gete_type,elements outside rule: Mn
Mn0.2Sn0.79Te1.05,20,19,12,0,5,unassignable,0,,gete_type,elements outside rule: Mn
Mn0.2Sn0.81Te1.05,19,9,17,0,5,unassignable,0,,gete_type,elements outside rule: Mn
Mn0.2Sn0.82Te1.05,20,19,19,0,6,unassignable,0,,gete_type,elements outside rule: Mn
Mn0.2Sn0.83Te1.05,20,18,20,0,5,unassignable,0,,gete_type,elements outside rule: Mn
Mn0.2Sn0.8Te1,19,10,10,10,11,unassignable,0,,gete_type,elements outside rule: Mn
Mn0.2Sn0.8Te1.05,19,14,12,0,5,unassignable,0,,gete_type,elements outside rule: Mn
Mn0.31Si0.69,70,61,64,0,0,tm_silicide,1,tm_silicide,,
Mn0.36Te1Pb0.64,19,6,6,9,9,unassignable,0,,gete_type,elements outside rule: Mn
Mn0.3Al0.37Si0.3,25,25,0,0,0,unassignable,0,,full_heusler,a required site is empty
Mn0.3Fe0.45Si0.25,6,5,0,5,0,unassignable,0,,full_heusler,ratio spread 0.290 > 0.15
Mn0.3Ge0.66Te1,12,11,8,6,8,unassignable,0,,gete_type,elements outside rule: Mn
Mn0.3Te1Pb0.7,20,9,9,9,9,unassignable,0,,gete_type,elements outside rule: Mn
Mn0.43Fe2O4,21,21,0,0,0,other_oxide,1,other_oxide,,
Mn0.455Fe2O4,23,23,0,0,0,other_oxide,1,other_oxide,,
Mn0.48Fe2O4,16,16,0,0,0,other_oxide,1,other_oxide,,
Mn0.48Te0.52,7,3,2,3,5,unassignable,0,,tetradymite,elements outside rule: Mn
Mn0.49Te0.51,8,4,3,3,4,unassignable,0,,tetradymite,elements outside rule: Mn
Mn0.4Zn0.6Fe1.9O4,7,7,0,0,0,other_oxide,1,other_oxide,,
Mn0.4Zn0.6Fe2O4,28,28,0,0,0,other_oxide,1,other_oxide,,
Mn0.505Fe2O4,22,22,0,0,0,other_oxide,1,other_oxide,,
Mn0.51Te0.49,10,5,3,7,5,unassignable,0,,half_heusler,elements outside rule: Te
Mn0.52Te0.48,12,6,3,6,6,unassignable,0,,half_heusler,elements outside rule: Te
Mn0.53Fe2O4,20,20,0,0,0,other_oxide,1,other_oxide,,
Mn0.555Fe2O4,21,21,0,0,0,other_oxide,1,other_oxide,,
Mn0.55Si1.5Ru0.45,12,8,10,0,0,unassignable,0,,tm_silicide,"X/M = 1.500 outside [1.7, 2.353]"
Mn0.55Si1.66Ru0.45,11,10,10,0,0,unassignable,0,,tm_silicide,"X/M = 1.660 outside [1.7, 2.353]"
Mn0.58Zn0.37Fe1.85O4,9,9,0,0,0,other_oxide,1,other_oxide,,
Mn0.58Zn0.37Fe2O4,11,11,0,0,0,other_oxide,1,other_oxide,,
Mn0.5Fe0.25Si0.25,4,3,0,4,0,unassignable,0,,full_heusler,ratio spread 1.286 > 0.15
Mn0.5Fe2.5O4,16,13,3,0,0,other_oxide,1,other_oxide,,
Mn0.5Si1.5Ru0.5,12,10,10,0,0,unassignable,0,,tm_silicide,"X/M = 1.500 outside [1.7, 2.353]"
Mn0.5Si1.65Ru0.5,12,10,7,0,0,unassignable,0,,tm_silicide,"X/M = 1.650 outside [1.7, 2.353]"
Mn0.5Te0.5,9,3,3,5,5,unassignable,0,,tetradymite,elements outside rule: Mn
Mn0.5Zn0.5Fe2O4,22,22,0,0,0,other_oxide,1,other_oxide,,
Mn0.65Cr0.2Si1.74Ru0.15,8,6,6,6,0,tm_silicide,1,tm_silicide,,
Mn0.65Fe0.35Si1.7,11,10,11,0,0,tm_silicide,1,tm_silicide,,
Mn0.699Te0.293,4,4,3,4,4,unassignable,0,,half_heusler,elements outside rule: Te
Mn0.703Te0.291,4,2,2,2,2,unassignable,0,,half_heusler,elements outside rule: Te
Mn0.705Te0.29,3,3,2,2,3,unassignable,0,,half_heusler,elements outside rule: Te
Mn0.707Te0.29,4,4,3,3,4,unassignable,0,,half_heusler,elements outside rule: Te
Mn0.75Cr0.15Si1.74,7,6,5,6,0,tm_silicide,1,tm_silicide,,
Mn0.75Fe0.25Si1.7,11,10,10,0,0,tm_silicide,1,tm_silicide,,
Mn0.75Si1.5Ru0.25,12,8,10,0,0,unassignable,0,,tm_silicide,"X/M = 1.500 outside [1.7, 2.353]"
Mn0.75Si1.71Ru0.25,11,10,10,0,0,tm_silicide,1,tm_silicide,,
Mn0.7Fe0.3Si1.7,15,11,10,4,6,tm_silicide,1,tm_silicide,,
Mn0.85Bi2.1Te4,66,56,0,56,0,unassignable,0,,tetradymite,elements outside rule: Mn
Mn0.85Cr0.15Si1.7,13,10,11,4,0,tm_silicide,1,tm_silicide,,
Mn0.85Fe0.15Si1.7,11,11,10,0,0,tm_silicide,1,tm_silicide,,
Mn0.85Si1.5Ru0.15,12,10,7,5,5,unassignable,0,,tm_silicide,"X/M = 1.500 outside [1.7, 2.353]"
Mn0.85Si1.725Ru0.15,13,10,9,5,5,tm_silicide,1,tm_silicide,,
Mn0.85Si1.74,8,5,6,5,0,tm_silicide,1,tm_silicide,,
Mn0.87Fe2Si1,3,0,3,0,0,full_heusler,1,full_heusler,,
Mn0.8Cr0.2Si1.7,14,11,9,5,5,tm_silicide,1,tm_silicide,,
Mn0.8Cr0.2Si1.758,6,0,0,3,5,tm_silicide,1,tm_silicide,,
Mn0.8Fe0.2Si1.7,15,10,6,4,11,tm_silicide,1,tm_silicide,,
Mn0.8Fe2.2O4,12,12,0,0,0,other_oxide,1,other_oxide,,
Mn0.925Te1,13,11,10,0,10,unassignable,0,,tetradymite,elements outside rule: Mn
Mn0.92Si1.77,13,8,9,0,0,tm_silicide,1,tm_silicide,,
Mn0.92Te1,22,10,10,19,21,unassignable,0,,tetradymite,elements outside rule: Mn
Mn0.94Si1.765,14,13,13,0,0,tm_silicide,1,tm_silicide,,
Mn0.94Si1.8,20,10,10,10,10,tm_silicide,1,tm_silicide,,
Mn0.94Te1,14,10,8,6,9,unassignable,0,,tetradymite,elements outside rule: Mn
Mn0.95S1,12,12,0,0,0,unassignable,0,,tetrahedrite,a required site is empty
Mn0.95Si1.7,25,21,17,5,0,tm_silicide,1,tm_silicide,,
Mn0.95Si1.74,7,6,5,5,0,tm_silicide,1,tm_silicide,,
Mn0.95Te1,9,7,6,0,9,unassignable,0,,tetradymite,elements outside rule: Mn
Mn0.9Ag0.1Te0.95,11,10,11,6,10,unassignable,0,,cu2x_ag2x_liquid_like,elements outside rule: Mn
Mn0.9Fe2.1O4,13,13,0,0,0,other_oxide,1,other_oxide,,
Mn0.9Ni0.1S1,20,20,0,0,0,unassignable,0,,tetrahedrite,a required site is empty
Mn0.9Si1.5,10,0,7,5,0,unassignable,0,,tm_silicide,"X/M = 1.667 outside [1.7, 2.353]"
Mn0.9Si1.7,29,21,22,10,15,tm_silicide,1,tm_silicide,,
Mn0.9Si1.735,15,10,10,6,5,tm_silicide,1,tm_silicide,,
Mn0.9Si1.746,6,0,0,5,5,tm_silicide,1,tm_silicide,,
Mn0.9Si1.775,14,13,8,0,0,tm_silicide,1,tm_silicide,,
Mn1.05Cu1O2,11,11,0,6,6,other_oxide,1,other_oxide,,
Mn1.067Si1.7946,17,11,15,0,0,unassignable,0,,tm_silicide,"X/M = 1.682 outside [1.7, 2.353]"
Mn1.06Te1,4,3,3,3,3,unassignable,0,,half_heusler,elements outside rule: Te
Mn1.073Si1.7892,13,12,9,0,0,unassignable,0,,tm_silicide,"X/M = 1.667 outside [1.7, 2.353]"
Mn1.077Si1.7964,20,12,15,10,0,unassignable,0,,tm_silicide,"X/M = 1.668 outside [1.7, 2.353]"
Mn1.143Cu1O2,9,9,0,5,5,other_oxide,1,other_oxide,,
Mn1.15Cu1O2,11,11,0,6,6,other_oxide,1,other_oxide,,
Mn1.1Cu1O2,11,11,0,6,6,other_oxide,1,other_oxide,,
Mn1.2Cu1O2,11,11,0,6,6,other_oxide,1,other_oxide,,
Mn1.3Mo6S8,20,19,20,6,5,unassignable,0,,tetrahedrite,elements outside rule: Mo
Mn1.5Co1.5O4,8,8,0,0,0,other_oxide,1,other_oxide,,
Mn1.5Co2.5Sb12,11,9,10,10,10,unassignable,0,,full_heusler,ratio spread 2.186 > 0.15
Mn1.5Cu10Sb4S13,5,5,5,0,5,tetrahedrite,1,tetrahedrite,,
Mn1.5Cu11Sb4S13,9,9,9,7,7,tetrahedrite,1,tetrahedrite,,
Mn1.7Cu4Te4,18,13,13,0,7,unassignable,0,,cu2x_ag2x_liquid_like,elements outside rule: Mn
Mn1.8Cu10Sb4S13,16,9,7,7,7,tetrahedrite,1,tetrahedrite,,
Mn11Ag89,8,8,0,0,0,unassignable,0,,tetrahedrite,a required site is empty
Mn13Au87,10,10,0,0,0,unassignable,0,,clathrate_type_i,elements outside rule: Mn
Mn15Al67Si7Pd12,10,9,9,5,0,unassignable,0,,full_heusler,ratio spread 2.147 > 0.15
Mn15Re3Si32,40,40,40,39,40,tm_silicide,1,tm_silicide,,
Mn15Si26,37,30,10,12,19,tm_silicide,1,tm_silicide,,
Mn16Al16Cr6Si17,24,24,14,2,6,unassignable,0,,full_heusler,a required site is empty
Mn16Al16Si17,47,36,47,10,9,unassignable,0,,full_heusler,a required site is empty
Mn17Al16Si17,12,12,12,3,0,unassignable,0,,full_heusler,a required site is empty
Mn19Au81,9,9,0,0,0,unassignable,0,,clathrate_type_i,elements outside rule: Mn
Mn1Ag1.07Ge1Sb1Te4,18,10,7,10,10,unassignable,0,,i_v_vi2,"elements outside rule: Ge,Mn"
Mn1Ag1.14Ge1Sb1Te4,18,10,10,8,10,unassignable,0,,i_v_vi2,"elements outside rule: Ge,Mn"
Mn1Ag1.21Ge1Sb1Te4,18,10,7,9,11,unassignable,0,,i_v_vi2,"elements outside rule: Ge,Mn"
Mn1Ag1.28Ge1Sb1Te4,18,10,11,10,10,unassignable,0,,i_v_vi2,"elements outside rule: Ge,Mn"
Mn1Al0.76Si1.32,17,6,10,7,7,unassignable,0,,full_heusler,a required site is empty
Mn1Al0.82Si1.22,19,10,10,7,7,unassignable,0,,full_heusler,a required site is empty
Mn1Al0.8Si1.25,19,10,10,7,7,unassignable,0,,full_heusler,a required site is empty
Mn1Bi4S6.51,18,10,10,10,10,unassignable,0,,tetrahedrite,ratio spread 1.736 > 0.15
Mn1Bi4Se0.7S6,15,10,10,10,10,unassignable,0,,tetrahedrite,ratio spread 1.720 > 0.15
Mn1Bi4Se1.4S5.46,17,10,10,10,10,unassignable,0,,tetrahedrite,ratio spread 1.707 > 0.15
Mn1Co3Sn0.8Sb11,7,3,5,5,5,unassignable,0,,full_heusler,ratio spread 2.266 > 0.15
Mn1Ge0.7Te2,9,7,7,6,7,unassignable,0,,gete_type,elements outside rule: Mn
Mn1Ge0.8Te2,7,5,7,5,4,unassignable,0,,gete_type,elements outside rule: Mn
Mn1Ge0.9Te2,8,7,7,7,5,unassignable,0,,gete_type,elements outside rule: Mn
Mn1Si1.6,5,4,5,5,0,unassignable,0,,tm_silicide,"X/M = 1.600 outside [1.7, 2.353]"
Mn1Si1.65,5,5,5,4,0,unassignable,0,,tm_silicide,"X/M = 1.650 outside [1.7, 2.353]"
Mn1Si1.6625,10,10,10,10,10,unassignable,0,,tm_silicide,"X/M = 1.663 outside [1.7, 2.353]"
Mn1Si1.68,16,15,15,15,10,unassignable,0,,tm_silicide,"X/M = 1.680 outside [1.7, 2.353]"
Mn1Si1.6975,10,10,10,10,10,unassignable,0,,tm_silicide,"X/M = 1.698 outside [1.7, 2.353]"
Mn1Si1.69834,15,12,5,12,0,unassignable,0,,tm_silicide,"X/M = 1.698 outside [1.7, 2.353]"
Mn1Si1.7,30,22,15,7,3,tm_silicide,1,tm_silicide,,
Mn1Si1.705272,15,7,9,11,0,tm_silicide,1,tm_silicide,,
Mn1Si1.70625,13,9,8,0,0,tm_silicide,1,tm_silicide,,
Mn1Si1.71,12,10,10,10,10,tm_silicide,1,tm_silicide,,
Mn1Si1.715,27,20,19,18,10,tm_silicide,1,tm_silicide,,
Mn1Si1.71616,21,10,10,14,0,tm_silicide,1,tm_silicide,,
Mn1Si1.719136,16,11,9,12,0,tm_silicide,1,tm_silicide,,
Mn1Si1.72,28,27,13,15,0,tm_silicide,1,tm_silicide,,
Mn1Si1.72375,10,6,9,9,0,tm_silicide,1,tm_silicide,,
Mn1Si1.729534,18,12,9,12,0,tm_silicide,1,tm_silicide,,
Mn1Si1.73,289,182,169,166,88,tm_silicide,1,tm_silicide,,
Mn1Si1.7307,19,9,14,8,0,tm_silicide,1,tm_silicide,,
Mn1Si1.7321335,19,13,5,10,0,tm_silicide,1,tm_silicide,,
Mn1Si1.7325,11,9,8,9,0,tm_silicide,1,tm_silicide,,
Mn1Si1.733,112,62,62,51,6,tm_silicide,1,tm_silicide,,
Mn1Si1.74,278,225,219,105,88,tm_silicide,1,tm_silicide,,
Mn1Si1.74125,16,9,8,8,0,tm_silicide,1,tm_silicide,,
Mn1Si1.746,37,30,30,27,30,tm_silicide,1,tm_silicide,,
Mn1Si1.7487,17,10,13,9,0,tm_silicide,1,tm_silicide,,
Mn1Si1.75,279,164,166,155,139,tm_silicide,1,tm_silicide,,
Mn1Si1.7525,14,13,13,0,0,tm_silicide,1,tm_silicide,,
Mn1Si1.7575,14,13,13,0,0,tm_silicide,1,tm_silicide,,
Mn1Si1.76125,14,13,13,0,0,tm_silicide,1,tm_silicide,,
Mn1Si1.764,10,10,10,10,10,tm_silicide,1,tm_silicide,,
Mn1Si1.7667,14,10,9,6,0,tm_silicide,1,tm_silicide,,
Mn1Si1.77,9,5,5,4,5,tm_silicide,1,tm_silicide,,
Mn1Si1.7757,18,9,15,9,0,tm_silicide,1,tm_silicide,,
Mn1Si1.78,52,34,25,21,0,tm_silicide,1,tm_silicide,,
Mn1Si1.782,13,10,10,10,10,tm_silicide,1,tm_silicide,,
Mn1Si1.7829,19,8,16,10,0,tm_silicide,1,tm_silicide,,
Mn1Si1.7838,20,20,20,20,20,tm_silicide,1,tm_silicide,,
Mn1Si1.7865,20,20,20,20,19,tm_silicide,1,tm_silicide,,
Mn1Si1.7883,19,10,17,9,0,tm_silicide,1,tm_silicide,,
Mn1Si1.7919,20,20,20,19,20,tm_silicide,1,tm_silicide,,
Mn1Si1.7946,20,20,20,19,20,tm_silicide,1,tm_silicide,,
Mn1Si1.7973,20,20,20,20,20,tm_silicide,1,tm_silicide,,
Mn1Si1.7982,18,8,12,10,0,tm_silicide,1,tm_silicide,,
Mn1Si1.8,229,144,153,134,121,tm_silicide,1,tm_silicide,,
Mn1Si1.81,15,15,15,14,10,tm_silicide,1,tm_silicide,,
Mn1Si1.84,6,6,6,4,6,tm_silicide,1,tm_silicide,,
Mn1Si1.9,12,6,6,6,6,tm_silicide,1,tm_silicide,,
Mn1Te0.92,10,0,0,10,0,unassignable,0,,half_heusler,elements outside rule: Te
Mn1Te0.94,10,0,0,10,0,unassignable,0,,half_heusler,elements outside rule: Te
Mn1Te0.95,4,3,3,4,3,unassignable,0,,half_heusler,elements outside rule: Te
Mn1Te0.9S0.1,4,4,4,3,4,unassignable,0,,tetrahedrite,elements outside rule: Te
Mn1Te0.9Se0.1,10,0,0,10,0,unassignable,0,,tetrahedrite,elements outside rule: Te
Mn2.1Cu3.8Te4,11,6,6,5,4,unassignable,0,,cu2x_ag2x_liquid_like,elements outside rule: Mn
Mn2.1Cu4Te4,40,26,23,23,21,unassignable,0,,cu2x_ag2x_liquid_like,elements outside rule: Mn
Mn2.2Cu3.8Te4,10,6,6,7,3,unassignable,0,,cu2x_ag2x_liquid_like,elements outside rule: Mn
Mn2.2Cu4Te4,18,17,17,6,7,unassignable,0,,cu2x_ag2x_liquid_like,elements outside rule: Mn
Mn2.58Al2Si4,3,3,0,3,0,unassignable,0,,full_heusler,a required site is empty
Mn2.62Al1.9Si3.8,3,3,0,0,0,unassignable,0,,full_heusler,a required site is empty
Mn2.62Al2.1Si3.8,3,3,0,0,0,unassignable,0,,full_heusler,a required site is empty
Mn2.7Al1.2In0.8Si4,16,13,15,15,13,unassignable,0,,full_heusler,a required site is empty
Mn2.7Al1.4In0.6Si4,13,13,13,13,13,unassignable,0,,full_heusler,a required site is empty
Mn2.7Al1.6Si4,20,20,20,20,20,unassignable,0,,full_heusler,a required site is empty
Mn2.7Al1.85Si4,20,20,20,20,12,unassignable,0,,full_heusler,a required site is empty
Mn2.7Al1.8Si4,20,20,19,20,20,unassignable,0,,full_heusler,a required site is empty
Mn2.7Al1.9Si4,20,20,20,20,20,unassignable,0,,full_heusler,a required site is empty
Mn2.7Al1In1Si4,11,11,11,11,11,unassignable,0,,full_heusler,a required site is empty
Mn2.7Al2Si4,36,31,22,31,31,unassignable,0,,full_heusler,a required site is empty
Mn29(Al7Si10)4,13,13,5,9,0,unassignable,0,,full_heusler,a required site is empty
Mn2AlV,14,14,12,0,0,unassignable,0,,full_heusler,a required site is empty
Mn2Cu10Sb4S13,9,8,8,2,6,tetrahedrite,1,tetrahedrite,,
Mn2Cu3.6Te4,25,16,18,11,14,unassignable,0,,cu2x_ag2x_liquid_like,elements outside rule: Mn
Mn2Cu3.7Te4,42,29,28,12,17,unassignable,0,,cu2x_ag2x_liquid_like,elements outside rule: Mn
Mn2Cu3.8Te4,35,24,20,17,16,unassignable,0,,cu2x_ag2x_liquid_like,elements outside rule: Mn
Mn2Cu4.3Te4,19,13,14,0,7,unassignable,0,,cu2x_ag2x_liquid_like,elements outside rule: Mn
Mn2FeO4,4,4,0,4,0,other_oxide,1,other_oxide,,
Mn2In3Cu3Te8,12,3,2,9,5,unassignable,0,,diamond_like_cu,elements outside rule: Mn
Mn3.2Bi0.49Sb1.5,11,9,8,7,9,unassignable,0,,half_heusler,a required site is empty
Mn31(Al7Si10)4,13,13,6,7,0,unassignable,0,,full_heusler,a required site is empty
Mn31(Re2Si21)3,14,13,12,10,10,tm_silicide,1,tm_silicide,,
Mn33(Al16Si17)2,24,22,23,5,4,unassignable,0,,full_heusler,a required site is empty
Mn33Si67,23,0,0,23,0,tm_silicide,1,tm_silicide,,
Mn34(AlSi)33,12,12,11,0,0,unassignable,0,,full_heusler,a required site is empty
Mn35Si64,17,17,16,11,12,tm_silicide,1,tm_silicide,,
Mn37Ni50Sn13,10,0,10,0,0,unassignable,0,,full_heusler,ratio spread 0.960 > 0.15
Mn37Si63,14,14,14,11,11,tm_silicide,1,tm_silicide,,
Mn3Ag17,10,10,0,0,0,unassignable,0,,tetrahedrite,a required site is empty
Mn3Al2.3Si4,11,2,9,3,0,unassignable,0,,full_heusler,a required site is empty
Mn3Al2Si3.6,3,3,0,0,0,unassignable,0,,full_heusler,a required site is empty
Mn3Al2Si3.7,15,3,13,3,0,unassignable,0,,full_heusler,a required site is empty
Mn3Al2Si3.8,3,3,0,0,0,unassignable,0,,full_heusler,a required site is empty
Mn3Ga0.85C1,5,5,0,0,0,unassignable,0,,zintl_14_1_11,elements outside rule: C
Mn3Ga0.95C1,5,5,0,0,0,unassignable,0,,zintl_14_1_11,elements outside rule: C
Mn3GaC,26,5,21,0,0,unassignable,0,,zintl_14_1_11,elements outside rule: C
Mn3Si5,28,14,12,12,28,unassignable,0,,tm_silicide,"X/M = 1.667 outside [1.7, 2.353]"
Mn5.49Cu95,3,3,0,0,0,unassignable,0,,tetrahedrite,a required site is empty
Mn6.6Al69Pd23,10,9,9,5,0,unassignable,0,,full_heusler,ratio spread 2.149 > 0.15
Mn7(ReSi8)2,20,20,19,12,13,tm_silicide,1,tm_silicide,,
Mn7.57Ag92,10,10,0,0,0,unassignable,0,,tetrahedrite,a required site is empty
Mn7.5Co68B25,4,4,0,0,0,unassignable,0,,half_heusler,elements outside rule: B
Mn7Al7Si10,13,12,4,9,0,unassignable,0,,full_heusler,a required site is empty
Mn7Au93,9,9,0,0,0,unassignable,0,,clathrate_type_i,elements outside rule: Mn
Mn7Cu93,5,5,0,0,0,unassignable,0,,tetrahedrite,a required site is empty
Mn9(Al17Pd5)4,12,6,9,5,5,unassignable,0,,full_heusler,ratio spread 2.034 > 0.15
Mn9.46Cu91,3,3,0,0,0,unassignable,0,,tetrahedrite,a required site is empty
Mn9Al67Pd20,10,9,9,5,5,unassignable,0,,full_heusler,ratio spread 2.023 > 0.15
Mn9Al68Pd23,23,16,16,10,5,unassignable,0,,full_heusler,ratio spread 2.000 > 0.15
Mn9Al69Pd20,10,7,9,5,5,unassignable,0,,full_heusler,ratio spread 2.045 > 0.15
Mn9Al71Pd20,11,9,10,5,5,unassignable,0,,full_heusler,ratio spread 2.067 > 0.15
Mn9Fe7Si32,17,17,16,16,15,tm_silicide,1,tm_silicide,,
Mn9Si16,69,61,69,69,69,tm_silicide,1,tm_silicide,,
MnAgGeSbTe4,18,8,10,11,10,unassignable,0,,gete_type,"elements outside rule: Ag,Mn"
MnAlCo2,26,13,24,0,0,full_heusler,1,full_heusler,,
MnAlFe2,13,3,12,0,0,full_heusler,1,full_heusler,,
MnBi2Te5,7,5,7,7,7,unassignable,0,,tetradymite,elements outside rule: Mn
MnBi4S7,46,33,28,6,29,unassignable,0,,tetrahedrite,ratio spread 1.696 > 0.15
MnBi4SeS6,10,0,0,0,10,unassignable,0,,tetrahedrite,ratio spread 1.696 > 0.15
MnCo2Si,9,6,6,0,7,full_heusler,1,full_heusler,,
MnCo2Sn,7,6,7,4,0,full_heusler,1,full_heusler,,
MnCu2SnS4,11,5,4,5,6,unassignable,0,,tetrahedrite,elements outside rule: Sn
MnCuO2,10,10,0,5,5,other_oxide,1,other_oxide,,
MnFe2Si,13,3,12,0,0,full_heusler,1,full_heusler,,
MnGe3Sb2Te7,32,21,15,14,22,unassignable,0,,gete_type,elements outside rule: Mn
MnGeTe2,7,6,7,7,4,unassignable,0,,gete_type,elements outside rule: Mn
MnNi2Sn,5,5,0,0,0,full_heusler,1,full_heusler,,
MnO3,100,17,35,24,24,other_oxide,1,other_oxide,,
MnPRh,14,13,10,0,0,unassignable,0,,skutterudite,elements outside rule: Mn
MnSb,10,2,8,0,0,unassignable,0,,half_heusler,a required site is empty
MnSi,10,3,3,0,10,unassignable,0,,tm_silicide,"X/M = 1.000 outside [1.7, 2.353]"
MnSi2,20,12,20,20,12,tm_silicide,1,tm_silicide,,
MnTe,168,108,102,78,44,unassignable,0,,tetradymite,elements outside rule: Mn
MnTe2,116,76,79,31,86,unassignable,0,,tetradymite,elements outside rule: Mn
Mo1O2.75,19,19,0,19,0,other_oxide,1,other_oxide,,
Mo1O2.765,19,19,0,19,0,other_oxide,1,other_oxide,,
Mo20Pd11(Ru18Rh5)3,7,7,0,0,0,unassignable,0,,half_heusler,elements outside rule: Mo
Mo2RuSe4,4,4,0,0,0,unassignable,0,,tetradymite,"elements outside rule: Mo,Ru"
Mo30Pd13Ru43Rh14,6,6,0,1,0,unassignable,0,,half_heusler,elements outside rule: Mo
Mo35Pd25Ru31Rh9,10,9,0,1,0,unassignable,0,,half_heusler,elements outside rule: Mo
Mo3Se4,44,20,18,14,10,unassignable,0,,tetradymite,elements outside rule: Mo
Mo43Pd11(Ru17Rh6)2,9,9,0,1,0,unassignable,0,,half_heusler,elements outside rule: Mo
Mo4O7,11,6,11,0,0,other_oxide,1,other_oxide,,
Mo5RuSe8,17,11,9,0,0,unassignable,0,,tetradymite,"elements outside rule: Mo,Ru"
Mo6PbS8,20,20,19,6,6,unassignable,0,,snse_type,elements outside rule: Mo
MoO2,4,4,0,0,0,other_oxide,1,other_oxide,,
MoO3,38,19,0,30,0,other_oxide,1,other_oxide,,
MoS2,14,13,2,0,3,unassignable,0,,tetradymite,elements outside rule: Mo
Na(CoO2)2,224,189,178,12,15,cobaltite,2,cobaltite;other_oxide,,
Na0.12Te1Pb1Cl0.12,11,7,6,6,10,unassignable,0,,gete_type,"elements outside rule: Cl,Na"
Na0.162Cu2Se1,15,8,8,8,6,unassignable,0,,cu2x_ag2x_liquid_like,elements outside rule: Na
Na0.18Te1Pb1Cl0.18,10,6,6,6,0,unassignable,0,,gete_type,"elements outside rule: Cl,Na"
Na0.1Te0.45Pb0.9,38,38,38,19,38,unassignable,0,,gete_type,elements outside rule: Na
Na0.24Te1Pb1Cl0.24,11,6,7,7,10,unassignable,0,,gete_type,"elements outside rule: Cl,Na"
Na0.25Pb1S1,18,16,16,16,15,unassignable,0,,snse_type,elements outside rule: Na
Na0.2Pb1S1,18,16,17,16,16,unassignable,0,,snse_type,elements outside rule: Na
Na0.36Li0.42Co1O2,11,11,11,0,0,cobaltite,2,cobaltite;other_oxide,,
Na0.37Te1Pb1Cl0.37,10,7,6,6,10,unassignable,0,,gete_type,"elements outside rule: Cl,Na"
Na0.3La0.7Mn1O3,4,0,4,0,0,manganite,2,manganite;other_oxide,,
Na0.3Pb1S1,18,16,16,17,16,unassignable,0,,snse_type,elements outside rule: Na
Na0.45Ca1.55Co2O5,24,5,19,0,0,cobaltite,2,cobaltite;other_oxide,,
Na0.4La0.6Mn1O3,3,0,3,0,0,manganite,2,manganite;other_oxide,,
Na0.4Pb1S1,18,17,16,16,16,unassignable,0,,snse_type,elements outside rule: Na
Na0.4Ti0.8Co0.2O2,6,3,0,3,3,cobaltite,2,cobaltite;other_oxide,,
Na0.4Ti0.8Fe0.2O2,3,3,0,0,0,other_oxide,1,other_oxide,,
Na0.4Ti0.8Ni0.2O2,5,2,0,4,3,other_oxide,1,other_oxide,,
Na0.55Co0.9O2,139,86,82,31,32,cobaltite,2,cobaltite;other_oxide,,
Na0.55Co1O2,14,12,1,4,3,cobaltite,2,cobaltite;other_oxide,,
Na0.55Co2Ag0.45O4,33,9,7,9,8,cobaltite,2,cobaltite;other_oxide,,
Na0.5Ca0.5Cr2O4,2,2,0,1,0,other_oxide,1,other_oxide,,
Na0.5Co0.95O2,16,11,11,10,8,cobaltite,2,cobaltite;other_oxide,,
Na0.5Co1O2,18,9,10,9,10,cobaltite,2,cobaltite;other_oxide,,
Na0.5Te1Pb1Cl0.5,12,6,6,10,10,unassignable,0,,gete_type,"elements outside rule: Cl,Na"
Na0.62Co1O2,3,0,3,0,0,cobaltite,2,cobaltite;other_oxide,,
Na0.64Co1O2,10,0,10,0,0,cobaltite,2,cobaltite;other_oxide,,
Na0.64Te1Pb1Cl0.64,10,10,10,0,0,unassignable,0,,gete_type,"elements outside rule: Cl,Na"
Na0.65Co1O2,18,6,17,0,0,cobaltite,2,cobaltite;other_oxide,,
Na0.65Co2O4,34,10,8,8,8,cobaltite,2,cobaltite;other_oxide,,
Na0.66Co1O2,22,22,22,0,0,cobaltite,2,cobaltite;other_oxide,,
Na0.68Co1O2,31,31,30,0,0,cobaltite,2,cobaltite;other_oxide,,
Na0.6Co1O2,23,22,19,0,0,cobaltite,2,cobaltite;other_oxide,,
Na0.6Co2Ag0.4O4,35,9,9,9,8,cobaltite,2,cobaltite;other_oxide,,
Na0.6Co2Cu0.4O4,5,5,0,0,0,cobaltite,2,cobaltite;other_oxide,,
Na0.71Co0.95O2,17,17,16,0,0,cobaltite,2,cobaltite;other_oxide,,
Na0.71Co0.9O2,6,5,6,0,0,cobaltite,2,cobaltite;other_oxide,,
Na0.71Co1O2,6,6,5,0,0,cobaltite,2,cobaltite;other_oxide,,
Na0.73Co1O1.84,15,6,8,10,6,cobaltite,2,cobaltite;other_oxide,,
Na0.73Co1O1.86,17,10,8,10,10,cobaltite,2,cobaltite;other_oxide,,
Na0.73Co1O1.88,17,9,10,10,10,cobaltite,2,cobaltite;other_oxide,,
Na0.73Co1O2,15,10,10,10,10,cobaltite,2,cobaltite;other_oxide,,
Na0.74Co1O2,26,13,0,13,0,cobaltite,2,cobaltite;other_oxide,,
Na0.75Co0.95O2,19,19,11,10,11,cobaltite,2,cobaltite;other_oxide,,
Na0.75Co1O2,92,34,84,26,16,cobaltite,2,cobaltite;other_oxide,,
Na0.75Co2O4,38,9,10,10,9,cobaltite,2,cobaltite;other_oxide,,
Na0.75Cr2O4,4,3,0,2,0,other_oxide,1,other_oxide,,
Na0.78Co1O2,73,5,73,0,0,cobaltite,2,cobaltite;other_oxide,,
Na0.7Co0.95O2,33,10,10,7,6,cobaltite,2,cobaltite;other_oxide,,
Na0.7Co0.9O2,38,10,10,8,10,cobaltite,2,cobaltite;other_oxide,,
Na0.7Co1O2,168,74,79,30,24,cobaltite,2,cobaltite;other_oxide,,
Na0.7Co2O4,39,14,8,9,8,cobaltite,2,cobaltite;other_oxide,,
Na0.7Fe0.25Co0.75O2,5,3,3,0,0,cobaltite,2,cobaltite;other_oxide,,
Na0.7Mn1O2,11,11,0,0,0,other_oxide,1,other_oxide,,
Na0.81Co0.95O2,12,11,11,0,0,cobaltite,2,cobaltite;other_oxide,,
Na0.81Co1O2,22,21,22,0,0,cobaltite,2,cobaltite;other_oxide,,
Na0.83Rh1O2,40,0,0,0,40,other_oxide,1,other_oxide,,
Na0.84Co1O2,3,0,3,0,0,cobaltite,2,cobaltite;other_oxide,,
Na0.85Co1O2,19,6,17,0,0,cobaltite,2,cobaltite;other_oxide,,
Na0.85Co2O4,36,11,8,9,8,cobaltite,2,cobaltite;other_oxide,,
Na0.89Co1O2,16,8,7,9,8,cobaltite,2,cobaltite;other_oxide,,
Na0.8Co0.86O2,10,10,0,0,0,cobaltite,2,cobaltite;other_oxide,,
Na0.8Co0.94O2,10,10,0,0,0,cobaltite,2,cobaltite;other_oxide,,
Na0.8Co1O2,43,27,29,0,0,cobaltite,2,cobaltite;other_oxide,,
Na0.8Co2O4,38,14,8,9,7,cobaltite,2,cobaltite;other_oxide,,
Na0.92Co1O2,3,0,3,0,0,cobaltite,2,cobaltite;other_oxide,,
Na0.94Co1O2,19,19,19,19,4,cobaltite,2,cobaltite;other_oxide,,
Na0.95Co2O4,80,54,56,10,7,cobaltite,2,cobaltite;other_oxide,,
Na0.9Co1O2,4,4,3,0,0,cobaltite,2,cobaltite;other_oxide,,
Na0.9Co2O4,38,15,8,7,8,cobaltite,2,cobaltite;other_oxide,,
Na1.067Co2O4,24,20,18,0,0,cobaltite,2,cobaltite;other_oxide,,
Na1.06Te10Pb8,20,10,10,10,10,unassignable,0,,gete_type,elements outside rule: Na
Na1.1Co2O4,58,43,46,10,6,cobaltite,2,cobaltite;other_oxide,,
Na1.1Sb0.85Te8Pb6,20,10,10,10,10,unassignable,0,,gete_type,elements outside rule: Na
Na1.2Co2O4,55,40,47,12,12,cobaltite,2,cobaltite;other_oxide,,
Na1.47Co1O2,3,0,3,0,0,cobaltite,2,cobaltite;other_oxide,,
Na1.4Co2O4,15,15,14,0,0,cobaltite,2,cobaltite;other_oxide,,
Na1.5Co1.8O4,6,6,6,0,0,cobaltite,2,cobaltite;other_oxide,,
Na1.5Co1.9O4,6,5,6,0,0,cobaltite,2,cobaltite;other_oxide,,
Na1.5Co2O4,7,5,7,0,0,cobaltite,2,cobaltite;other_oxide,,
Na1.6Co2O4,117,105,109,12,0,cobaltite,2,cobaltite;other_oxide,,
Na1.76Al1.76Sn4.24,7,7,7,2,7,unassignable,0,,clathrate_type_i,ratio spread 0.700 > 0.15
Na1.7Co1.5Ag0.5O4,5,5,5,0,0,cobaltite,2,cobaltite;other_oxide,,
Na1.7Co1.6Ag0.4O4,5,5,5,0,0,cobaltite,2,cobaltite;other_oxide,,
Na1.7Co1.7O4,5,5,5,0,0,cobaltite,2,cobaltite;other_oxide,,
Na1.7Co1.8O4,5,5,5,0,0,cobaltite,2,cobaltite;other_oxide,,
Na1.7Co1.9O4,5,5,5,0,0,cobaltite,2,cobaltite;other_oxide,,
Na1.7Co2O4,31,28,27,8,8,cobaltite,2,cobaltite;other_oxide,,
Na16Co27C14O43,17,16,16,0,0,cobaltite,2,cobaltite;other_oxide,,
Na19Co27C5.48O49,16,16,16,0,0,cobaltite,2,cobaltite;other_oxide,,
Na1Co0.95O2,17,15,11,0,0,cobaltite,2,cobaltite;other_oxide,,
Na1Co0.9O2,7,4,4,4,4,cobaltite,2,cobaltite;other_oxide,,
Na1Co1.6Ni0.4O4,3,2,2,0,0,cobaltite,2,cobaltite;other_oxide,,
Na1Co1.8O4,35,28,27,0,0,cobaltite,2,cobaltite;other_oxide,,
Na1Co1.9O4,63,52,30,34,35,cobaltite,2,cobaltite;other_oxide,,
Na1Co2.5Ru0.5O4,3,3,0,0,0,cobaltite,2,cobaltite;other_oxide,,
Na1Co2.8O4,8,8,0,0,0,cobaltite,2,cobaltite;other_oxide,,
Na1Co2Ag0.4O4,14,12,12,5,5,cobaltite,2,cobaltite;other_oxide,,
Na1Fe1.4Co0.6O4,4,4,0,0,0,cobaltite,2,cobaltite;other_oxide,,
Na1Mn0.5Co2.5O4,3,3,0,0,0,cobaltite,2,cobaltite;other_oxide,,
Na2.19Ga2.19Sn4,4,3,3,2,0,unassignable,0,,clathrate_type_i,ratio spread 0.774 > 0.15
Na2.4Ca6.6Co12O26,20,18,20,18,18,cobaltite,2,cobaltite;other_oxide,,
Na2Ag0.366Sb0.558Te1Se1,13,11,8,0,0,unassignable,0,,i_v_vi2,elements outside rule: Na
Na2Mg3Pb2,12,11,12,0,0,unassignable,0,,mg2x,"elements outside rule: Na,Pb"
Na2Mg3Sn2,12,11,12,0,0,unassignable,0,,mg2x,elements outside rule: Na
Na4Mg4Sn3,12,8,12,0,0,unassignable,0,,mg2x,elements outside rule: Na
NaCa4(AlSb3)2,12,0,12,0,0,unassignable,0,,zintl_14_1_11,elements outside rule: Na
NaCd4As3,3,3,0,0,0,unassignable,0,,zintl_122,elements outside rule: Na
NaCoO2,49,49,44,45,9,cobaltite,2,cobaltite;other_oxide,,
NaCr2O4,2,2,0,0,0,other_oxide,1,other_oxide,,
NaFeCoO4,5,5,0,0,0,cobaltite,2,cobaltite;other_oxide,,
NaNiO2,12,12,0,0,0,other_oxide,1,other_oxide,,
NaSb(Te4Pb3)2,5,3,3,5,0,unassignable,0,,gete_type,elements outside rule: Na
NaSbTe3Pb,8,1,1,7,0,unassignable,0,,gete_type,elements outside rule: Na
NaSn3SbTe5,10,10,10,10,10,unassignable,0,,gete_type,elements outside rule: Na
NaSn4SbTe6,11,10,10,10,10,unassignable,0,,gete_type,elements outside rule: Na
NaSn5BiTe7,10,10,10,10,10,unassignable,0,,gete_type,elements outside rule: Na
NaSn5SbTe7,19,10,10,10,10,unassignable,0,,gete_type,elements outside rule: Na
Nb,14,13,0,5,0,unassignable,0,,half_heusler,a required site is empty
Nb0.255V0.595Fe1Sb1,5,0,1,0,4,unassignable,0,,half_heusler,ratio spread 0.158 > 0.15
Nb0.258V0.602Fe1Sb1,4,0,1,0,3,half_heusler,1,half_heusler,,
Nb0.2Al0.8V0.8Ga0.2Fe2,12,10,11,0,0,full_heusler,1,full_heusler,,
Nb0.2Al1V0.8Fe2,11,11,6,0,0,full_heusler,1,full_heusler,,
Nb0.2V0.8Fe1Sb1,18,9,8,10,0,half_heusler,1,half_heusler,,
Nb0.344V0.516Fe1Sb1,20,9,9,11,10,half_heusler,1,half_heusler,,
Nb0.36N0.07O0.52,8,8,8,0,0,other_oxide,1,other_oxide,,
Nb0.36V0.54Fe1Sb1,19,10,7,10,10,half_heusler,1,half_heusler,,
Nb0.376V0.564Fe1Sb1,17,11,8,6,11,half_heusler,1,half_heusler,,
Nb0.3825V0.4675Fe1Sb1,4,0,1,0,3,unassignable,0,,half_heusler,ratio spread 0.158 > 0.15
Nb0.384V0.576Fe1Sb1,15,7,7,8,7,half_heusler,1,half_heusler,,
Nb0.387V0.473Fe1Sb1,6,0,1,0,5,half_heusler,1,half_heusler,,
Nb0.38Ru0.06N0.07O0.48,3,3,3,0,0,other_oxide,1,other_oxide,,
Nb0.3V0.7Fe1Sb1,16,9,6,10,0,half_heusler,1,half_heusler,,
Nb0.44V0.44Co1Sb1,7,4,4,3,5,half_heusler,1,half_heusler,,
Nb0.4V0.6Fe1Sb1,131,52,56,59,68,half_heusler,1,half_heusler,,
Nb0.516V0.344Fe1Sb1,5,0,1,0,4,half_heusler,1,half_heusler,,
Nb0.51V0.34Fe1Sb1,6,0,1,0,5,unassignable,0,,half_heusler,ratio spread 0.158 > 0.15
Nb0.5Ni0.5,26,0,26,0,0,unassignable,0,,half_heusler,a required site is empty
Nb0.6375V0.2125Fe1Sb1,5,0,1,0,4,unassignable,0,,half_heusler,ratio spread 0.158 > 0.15
Nb0.645V0.215Fe1Sb1,5,0,1,0,4,half_heusler,1,half_heusler,,
Nb0.64Ni0.36,3,3,0,0,0,unassignable,0,,half_heusler,a required site is empty
Nb0.693W0.72561O3.66,7,6,6,0,0,other_oxide,1,other_oxide,,
Nb0.73Fe1Sb1,20,20,20,10,20,unassignable,0,,half_heusler,ratio spread 0.297 > 0.15
Nb0.75Co1Sb1,44,30,31,30,30,unassignable,0,,half_heusler,ratio spread 0.273 > 0.15
Nb0.765Fe1Sb1,6,0,1,0,5,unassignable,0,,half_heusler,ratio spread 0.255 > 0.15
Nb0.774Fe1Sb1,6,0,1,0,5,unassignable,0,,half_heusler,ratio spread 0.244 > 0.15
Nb0.78Fe0.88Sb1,14,9,9,10,10,unassignable,0,,half_heusler,ratio spread 0.248 > 0.15
Nb0.78Fe1Sb1,19,19,19,10,19,unassignable,0,,half_heusler,ratio spread 0.237 > 0.15
Nb0.8075Fe1Sb1,5,0,1,0,4,unassignable,0,,half_heusler,ratio spread 0.206 > 0.15
Nb0.817Fe1Sb1,6,0,1,0,5,unassignable,0,,half_heusler,ratio spread 0.195 > 0.15
Nb0.81Co1Sb1,14,10,10,5,5,unassignable,0,,half_heusler,ratio spread 0.203 > 0.15
Nb0.82Co1Sb1,13,10,10,5,5,unassignable,0,,half_heusler,ratio spread 0.191 > 0.15
Nb0.82Fe1Sb1,20,11,9,10,13,unassignable,0,,half_heusler,ratio spread 0.191 > 0.15
Nb0.83Co1Sb1,15,10,10,5,5,unassignable,0,,half_heusler,ratio spread 0.180 > 0.15
Nb0.83Fe1Sb1,20,20,20,10,19,unassignable,0,,half_heusler,ratio spread 0.180 > 0.15
Nb0.84Co1Sb1,16,10,10,5,5,unassignable,0,,half_heusler,ratio spread 0.169 > 0.15
Nb0.84Fe1Sb1,20,11,9,10,13,unassignable,0,,half_heusler,ratio spread 0.169 > 0.15
Nb0.85Co1Sb1,36,30,10,5,6,unassignable,0,,half_heusler,ratio spread 0.158 > 0.15
Nb0.85Co1Sn1,5,3,5,5,2,unassignable,0,,half_heusler,ratio spread 0.158 > 0.15
Nb0.85Fe1Sb1,36,30,28,24,27,unassignable,0,,half_heusler,ratio spread 0.158 > 0.15
Nb0.86Fe1Sb1,90,33,39,29,56,half_heusler,1,half_heusler,,
Nb0.88Co1Sb1,17,9,9,10,9,half_heusler,1,half_heusler,,
Nb0.88Fe1Sb1,79,49,48,40,55,half_heusler,1,half_heusler,,
Nb0.89Fe1Sb1,10,5,6,6,6,half_heusler,1,half_heusler,,
Nb0.8Co0.92Sb1,11,10,10,5,5,unassignable,0,,half_heusler,ratio spread 0.221 > 0.15
Nb0.8Co0.94Sb1,16,10,10,5,5,unassignable,0,,half_heusler,ratio spread 0.219 > 0.15
Nb0.8Co0.9Sb1,15,10,10,5,5,unassignable,0,,half_heusler,ratio spread 0.222 > 0.15
Nb0.8Co1Sb1,31,20,17,15,10,unassignable,0,,half_heusler,ratio spread 0.214 > 0.15
Nb0.8Fe0.84Sb1,14,9,10,10,9,unassignable,0,,half_heusler,ratio spread 0.227 > 0.15
Nb0.8Fe1Sb1,32,11,10,22,13,unassignable,0,,half_heusler,ratio spread 0.214 > 0.15
Nb0.92Fe1Sb1,65,37,34,35,34,half_heusler,1,half_heusler,,
Nb0.93Co1Sn1,19,17,19,9,16,half_heusler,1,half_heusler,,
Nb0.93Fe1Sb1,7,5,6,6,6,half_heusler,1,half_heusler,,
Nb0.94Co1Sn1,16,15,13,8,16,half_heusler,1,half_heusler,,
Nb0.94Fe1Sb1,28,16,19,14,17,half_heusler,1,half_heusler,,
Nb0.95Co1Sn1,32,23,30,22,30,half_heusler,1,half_heusler,,
Nb0.95Fe1Sb1,160,87,88,40,118,half_heusler,1,half_heusler,,
Nb0.9Co1Sn0.9,20,19,18,17,18,half_heusler,1,half_heusler,,
Nb0.9Co1Sn1,20,20,20,10,20,half_heusler,1,half_heusler,,
Nb0.9Fe1Sb1,91,55,53,45,59,half_heusler,1,half_heusler,,
Nb1.092W0.51984O4,12,11,11,0,0,other_oxide,1,other_oxide,,
Nb1.449W0.33573O4.38,6,6,6,0,0,other_oxide,1,other_oxide,,
Nb1.827O4.74,8,2,1,5,6,other_oxide,1,other_oxide,,
Nb12O29,4,4,4,0,3,other_oxide,1,other_oxide,,
Nb1Co0.85Sn1,13,11,11,8,10,unassignable,0,,half_heusler,ratio spread 0.158 > 0.15
Nb1Co0.88Sn1,12,11,11,9,10,half_heusler,1,half_heusler,,
Nb1Co0.91Sn1,12,11,11,10,10,half_heusler,1,half_heusler,,
Nb1Co0.94Sn1,12,11,11,10,10,half_heusler,1,half_heusler,,
Nb1Co0.95Sn1,12,11,11,10,10,half_heusler,1,half_heusler,,
Nb1Co0.9Sn1,13,10,11,7,8,half_heusler,1,half_heusler,,
Nb1Co1.05Sb1,17,16,16,16,16,half_heusler,1,half_heusler,,
Nb1Co1.05Sn0.5Sb0.5,20,9,13,16,9,half_heusler,1,half_heusler,,
Nb1Co1.05Sn0.75Sb0.25,17,16,16,16,16,half_heusler,1,half_heusler,,
Nb1Co1.05Sn0.9,17,16,16,16,16,unassignable,0,,half_heusler,ratio spread 0.153 > 0.15
Nb1Co1.05Sn1,26,20,22,18,19,half_heusler,1,half_heusler,,
Nb1Co1.1Sn1,21,20,10,5,9,half_heusler,1,half_heusler,,
Nb1Co1.2Sb1,5,5,5,5,5,unassignable,0,,half_heusler,ratio spread 0.187 > 0.15
Nb1Co1.3Sb1,5,5,5,5,5,unassignable,0,,half_heusler,ratio spread 0.273 > 0.15
Nb1Co1.4Sb1,5,5,5,5,5,unassignable,0,,full_heusler,ratio spread 0.333 > 0.15
Nb1Co1.5Sb1,5,5,4,5,5,unassignable,0,,full_heusler,ratio spread 0.273 > 0.15
Nb1Co1Sb0.85,5,5,5,5,5,unassignable,0,,half_heusler,ratio spread 0.158 > 0.15
Nb1Co1Sb0.9,5,5,5,5,5,half_heusler,1,half_heusler,,
Nb1Co1Sn0.25Sb0.75,5,5,5,5,5,half_heusler,1,half_heusler,,
Nb1Co1Sn0.2Sb0.8,5,5,5,5,5,half_heusler,1,half_heusler,,
Nb1Co1Sn0.85,32,27,21,10,23,unassignable,0,,half_heusler,ratio spread 0.158 > 0.15
Nb1Co1Sn0.8Sb0.2,19,16,16,0,0,half_heusler,1,half_heusler,,
Nb1Co1Sn0.9,70,45,44,20,35,half_heusler,1,half_heusler,,
Nb1Co1Sn0.92,72,41,39,21,40,half_heusler,1,half_heusler,,
Nb1Co1Sn0.94,67,42,43,22,37,half_heusler,1,half_heusler,,
Nb1Co1Sn0.95,30,18,24,6,5,half_heusler,1,half_heusler,,
Nb1Fe0.92Sb1,30,6,21,10,10,half_heusler,1,half_heusler,,
Nb1Fe0.94Sb1,32,4,20,10,22,half_heusler,1,half_heusler,,
Nb1Fe1Sb0.88,10,10,10,10,10,half_heusler,1,half_heusler,,
Nb1Fe1Sb0.92,9,9,9,9,9,half_heusler,1,half_heusler,,
Nb1Fe1Sn0.16Sb0.84,10,10,10,10,10,half_heusler,1,half_heusler,,
Nb1N0.17O1,19,18,18,0,0,other_oxide,1,other_oxide,,
Nb1O0.8,19,19,19,0,0,other_oxide,1,other_oxide,,
Nb1O2.1,4,4,3,0,3,other_oxide,1,other_oxide,,
Nb1W0.57399O4,17,5,5,10,10,other_oxide,1,other_oxide,,
Nb2O5,75,48,43,28,48,other_oxide,1,other_oxide,,
Nb3O7,4,4,3,0,3,other_oxide,1,other_oxide,,
Nb3Sb1.5Te5.5,19,15,19,0,0,unassignable,0,,tetradymite,elements outside rule: Nb
Nb3Sb2Te5,19,15,19,0,0,unassignable,0,,tetradymite,elements outside rule: Nb
Nb3Sb3.5Te3.5,20,15,20,0,0,unassignable,0,,tetradymite,elements outside rule: Nb
Nb3Sb3Te4,57,45,57,0,0,unassignable,0,,tetradymite,elements outside rule: Nb
Nb3Sb4Te3,20,15,20,0,0,unassignable,0,,tetradymite,elements outside rule: Nb
Nb3Sb5Te2,15,15,0,0,0,unassignable,0,,half_heusler,elements outside rule: Te
Nb3Sb6Te,9,9,0,0,0,unassignable,0,,half_heusler,elements outside rule: Te
Nb3SbTe6,19,14,19,0,0,unassignable,0,,tetradymite,elements outside rule: Nb
Nb47O116,4,4,3,0,4,other_oxide,1,other_oxide,,
Nb4Sb3,32,32,32,9,10,unassignable,0,,half_heusler,a required site is empty
Nb4W13O47,33,14,19,15,6,other_oxide,1,other_oxide,,
Nb5SiB2,20,10,20,0,0,unassignable,0,,half_heusler,elements outside rule: B
Nb5W12O47,36,14,11,19,6,other_oxide,1,other_oxide,,
Nb6W11O47,10,3,3,6,4,other_oxide,1,other_oxide,,
Nb7W10O47,9,4,0,7,3,other_oxide,1,other_oxide,,
Nb8W9O47,28,17,0,13,10,other_oxide,1,other_oxide,,
NbCoSb,84,56,56,39,45,half_heusler,1,half_heusler,,
NbCoSn,258,157,148,104,119,half_heusler,1,half_heusler,,
NbFeSb,190,81,114,71,62,half_heusler,1,half_heusler,,
NbO2,4,4,4,0,3,other_oxide,1,other_oxide,,
NbO7,5,0,0,5,0,other_oxide,1,other_oxide,,
NbSb2,10,9,10,0,0,unassignable,0,,half_heusler,a required site is empty
NbSe2,3,3,2,0,0,unassignable,0,,tetradymite,elements outside rule: Nb
Nd(FeSb3)4,29,25,16,22,24,skutterudite,1,skutterudite,,
Nd(Tl3Te2)3,8,6,6,6,6,unassignable,0,,skutterudite,elements outside rule: Te
Nd0.25Sm0.75Ni1O3,11,7,4,0,0,other_oxide,1,other_oxide,,
Nd0.455Mn1Pb0.3O3,16,0,15,12,0,other_oxide,1,other_oxide,,
Nd0.65Eu0.35Ni1O3,4,3,0,3,0,other_oxide,1,other_oxide,,
Nd0.6Ti1O3,9,7,8,4,4,other_oxide,1,other_oxide,,
Nd0.75Co1O4,6,3,0,3,0,other_oxide,1,other_oxide,,
Nd0.75Eu0.25Ni1O3,4,4,0,4,0,other_oxide,1,other_oxide,,
Nd0.7Eu0.3Ni1O3,4,3,0,3,0,other_oxide,1,other_oxide,,
Nd0.7Mn1Pb0.3O3,16,0,16,4,0,other_oxide,1,other_oxide,,
Nd0.85Co1O3,37,13,29,12,12,other_oxide,1,other_oxide,,
Nd0.85Fe3Co1Sb12,20,20,20,10,20,skutterudite,1,skutterudite,,
Nd0.8Co1O3,42,10,29,11,13,other_oxide,1,other_oxide,,
Nd0.92Zn1Sb1O1,12,9,9,9,9,other_oxide,1,other_oxide,,
Nd0.93Zn1Sb1O1,13,9,9,9,9,other_oxide,1,other_oxide,,
Nd0.94Zn1Sb1O1,14,9,9,9,9,other_oxide,1,other_oxide,,
Nd0.95Co1O3,16,3,2,15,3,other_oxide,1,other_oxide,,
Nd0.95Fe3Co1Sb12,20,20,20,10,20,skutterudite,1,skutterudite,,
Nd0.95Zn1Sb1O1,11,9,9,9,9,other_oxide,1,other_oxide,,
Nd0.9Co1O3,43,13,35,9,9,other_oxide,1,other_oxide,,
Nd0.9Fe3.5Sb12,7,5,4,5,5,skutterudite,1,skutterudite,,
Nd0.9Fe3Co1Sb12,48,45,45,25,44,skutterudite,1,skutterudite,,
Nd0.9Fe3Sb12,20,20,20,10,20,unassignable,0,,skutterudite,ratio spread 0.286 > 0.15
Nd0.9Fe4Sb12,8,5,5,5,5,skutterudite,1,skutterudite,,
Nd1.4Bi0.6Ru2O7,28,11,17,0,0,other_oxide,1,other_oxide,,
Nd1.9Cu1O4,56,56,0,0,0,other_oxide,1,other_oxide,,
Nd12Co6Sn,4,4,4,0,0,unassignable,0,,skutterudite,elements outside rule: Sn
Nd1Co0.95O3,19,19,9,15,16,other_oxide,1,other_oxide,,
Nd1Fe3.5Sb12,18,12,10,11,12,skutterudite,1,skutterudite,,
Nd1Gd1.05S3,20,18,19,6,6,unassignable,0,,tetradymite,"elements outside rule: Gd,Nd"
Nd1Gd1.06S3,19,19,17,6,6,unassignable,0,,tetradymite,"elements outside rule: Gd,Nd"
Nd1Gd1.08S3,19,19,18,6,6,unassignable,0,,tetradymite,"elements outside rule: Gd,Nd"
Nd1Sb0.4As0.6Se2O0.8,16,10,0,6,0,unassignable,0,,tetrahedrite,"elements outside rule: Nd,O"
Nd1Sb0.6As0.4Se2O0.8,8,0,0,8,0,unassignable,0,,tetrahedrite,"elements outside rule: Nd,O"
Nd1Sb0.8Se2O0.8,14,6,0,8,0,unassignable,0,,tetradymite,"elements outside rule: Nd,O"
Nd1Sb1Se2O0.8,23,15,0,8,0,unassignable,0,,tetradymite,"elements outside rule: Nd,O"
Nd1Zn0.95Sb1O1,12,7,9,7,9,other_oxide,1,other_oxide,,
Nd2.78Te4,20,16,20,6,20,unassignable,0,,tetradymite,elements outside rule: Nd
Nd2.84Te4,20,16,19,6,20,unassignable,0,,tetradymite,elements outside rule: Nd
Nd2CuO4,77,77,0,11,1,other_oxide,1,other_oxide,,
Nd2Ru2O7,22,8,14,0,0,other_oxide,1,other_oxide,,
Nd2SbO2,11,4,0,4,3,other_oxide,1,other_oxide,,
Nd2Zr2O7,12,5,0,7,0,other_oxide,1,other_oxide,,
Nd3Te4,80,69,77,21,79,unassignable,0,,tetradymite,elements outside rule: Nd
Nd5Ti9O27,7,6,6,0,0,other_oxide,1,other_oxide,,
Nd6Co2Sn,3,3,3,0,0,unassignable,0,,skutterudite,elements outside rule: Sn
Nd7Sb2,86,61,56,0,0,unassignable,0,,skutterudite,filler above 8% of atoms
NdBiRu2O7,27,10,17,0,0,other_oxide,1,other_oxide,,
NdCoO3,3,1,3,0,0,other_oxide,1,other_oxide,,
NdFe3CoSb12,27,25,25,15,25,skutterudite,1,skutterudite,,
NdGdS3,137,127,122,35,36,unassignable,0,,tetradymite,"elements outside rule: Gd,Nd"
NdNiO3,15,9,6,3,0,other_oxide,1,other_oxide,,
NdZnSbO,138,87,87,87,87,other_oxide,1,other_oxide,,
Ni,36,31,5,5,0,unassignable,0,,skutterudite,a required site is empty
Ni0.3Te1,13,11,11,8,11,unassignable,0,,tetradymite,elements outside rule: Ni
Ni0.4Te1,13,8,11,11,6,unassignable,0,,tetradymite,elements outside rule: Ni
Ni0.5Te1,13,10,10,9,10,unassignable,0,,tetradymite,elements outside rule: Ni
Ni0.6Sb7Mo2.7,12,8,10,10,10,unassignable,0,,skutterudite,elements outside rule: Mo
Ni0.6Te1,13,10,7,6,9,unassignable,0,,tetradymite,elements outside rule: Ni
Ni0.91O1,19,7,19,7,7,other_oxide,1,other_oxide,,
Ni0.94O1,19,7,18,7,7,other_oxide,1,other_oxide,,
Ni2(SnSb)3,8,0,8,0,0,unassignable,0,,half_heusler,a required site is empty
Ni23Te77,11,8,7,9,7,unassignable,0,,tetradymite,elements outside rule: Ni
Ni2Te3,5,5,4,0,0,unassignable,0,,tetradymite,elements outside rule: Ni
Ni32Te67,11,10,7,6,7,unassignable,0,,tetradymite,elements outside rule: Ni
Ni3Te2,7,4,5,0,0,unassignable,0,,skutterudite,elements outside rule: Te
Ni40B3P7,6,5,4,0,0,unassignable,0,,skutterudite,elements outside rule: B
Ni4Sn3.8Sb8,75,27,35,41,32,unassignable,0,,half_heusler,a required site is empty
Ni4Sn5.3Sb7,9,0,9,0,0,unassignable,0,,half_heusler,a required site is empty
Ni4Sn5Sb7,8,0,8,0,0,unassignable,0,,half_heusler,a required site is empty
Ni74Sn311Sb52Te537,38,33,19,36,24,unassignable,0,,gete_type,elements outside rule: Ni
Ni7Te18,9,6,5,8,8,unassignable,0,,tetradymite,elements outside rule: Ni
NiB,2,2,0,0,0,unassignable,0,,skutterudite,elements outside rule: B
NiMo3S4,19,18,17,5,5,unassignable,0,,tetrahedrite,elements outside rule: Mo
NiO,36,24,10,12,6,other_oxide,1,other_oxide,,
NiS2,11,11,0,0,0,unassignable,0,,tetrahedrite,a required site is empty
NiSe,6,5,5,0,0,unassignable,0,,tetrahedrite,a required site is empty
O2,27,0,27,0,0,other_oxide,1,other_oxide,,
P3HSe,3,0,0,0,3,unassignable,0,,skutterudite,"elements outside rule: H,Se"
P3Ru,31,31,21,0,0,unassignable,0,,skutterudite,elements outside rule: Ru
PH3,11,8,11,0,0,unassignable,0,,skutterudite,elements outside rule: H
Pb,19,10,0,9,0,unassignable,0,,snse_type,a required site is empty
Pb0.9108Se1,20,20,16,20,20,iv_vi_rocksalt,1,iv_vi_rocksalt,,
Pb0.91Se1,3,3,0,0,0,iv_vi_rocksalt,1,iv_vi_rocksalt,,
Pb0.92S1,11,10,10,10,10,iv_vi_rocksalt,1,iv_vi_rocksalt,,
Pb0.92Se1,20,14,12,10,16,iv_vi_rocksalt,1,iv_vi_rocksalt,,
Pb0.9306Se1,19,0,19,0,0,iv_vi_rocksalt,1,iv_vi_rocksalt,,
Pb0.932Se1,54,43,43,30,30,iv_vi_rocksalt,1,iv_vi_rocksalt,,
Pb0.93Se1,29,18,23,16,27,iv_vi_rocksalt,1,iv_vi_rocksalt,,
Pb0.94S1,21,21,20,20,10,iv_vi_rocksalt,1,iv_vi_rocksalt,,
Pb0.94Se1,82,61,17,23,15,iv_vi_rocksalt,1,iv_vi_rocksalt,,
Pb0.95S1,19,16,19,19,19,iv_vi_rocksalt,1,iv_vi_rocksalt,,
Pb0.95Se1,179,130,136,77,142,iv_vi_rocksalt,1,iv_vi_rocksalt,,
Pb0.9Se1,11,6,7,6,7,iv_vi_rocksalt,1,iv_vi_rocksalt,,
Pb1.052S1Cl0.134,11,0,10,10,10,unassignable,0,,snse_type,elements outside rule: Cl
Pb1.057S1Cl0.134,10,10,10,10,10,unassignable,0,,snse_type,elements outside rule: Cl
Pb1.05S1,51,16,16,50,16,iv_vi_rocksalt,1,iv_vi_rocksalt,,
Pb1.062S1Cl0.134,10,10,10,10,10,unassignable,0,,snse_type,elements outside rule: Cl
Pb1.0634Se1,15,10,10,10,10,iv_vi_rocksalt,1,iv_vi_rocksalt,,
Pb1.06Se1,10,10,10,0,0,iv_vi_rocksalt,1,iv_vi_rocksalt,,
Pb1.0834Se1,17,10,10,10,10,iv_vi_rocksalt,1,iv_vi_rocksalt,,
Pb1.08Se1,10,10,10,0,0,iv_vi_rocksalt,1,iv_vi_rocksalt,,
Pb1.1034Se1,18,10,9,10,10,iv_vi_rocksalt,1,iv_vi_rocksalt,,
Pb1.1234Se1S0.12,17,10,10,10,10,iv_vi_rocksalt,1,iv_vi_rocksalt,,
Pb1.1434Se1S0.14,15,10,10,10,10,iv_vi_rocksalt,1,iv_vi_rocksalt,,
Pb1.15Se1,8,5,6,5,7,iv_vi_rocksalt,1,iv_vi_rocksalt,,
Pb1.1634Se1S0.16,28,11,11,10,20,iv_vi_rocksalt,1,iv_vi_rocksalt,,
Pb1.1834Se1S0.18,16,10,10,8,10,iv_vi_rocksalt,1,iv_vi_rocksalt,,
Pb1.1Se1,12,6,9,9,10,iv_vi_rocksalt,1,iv_vi_rocksalt,,
Pb1.2034Se1S0.2,15,10,11,10,10,iv_vi_rocksalt,1,iv_vi_rocksalt,,
Pb1.2Se1,10,9,5,6,9,unassignable,0,,snse_type,ratio spread 0.182 > 0.15
Pb1.3Se1,11,9,6,6,9,unassignable,0,,snse_type,ratio spread 0.261 > 0.15
Pb16Se17,18,0,18,18,18,iv_vi_rocksalt,1,iv_vi_rocksalt,,
Pb18Se19,17,9,9,0,0,iv_vi_rocksalt,1,iv_vi_rocksalt,,
Pb1S0.92,68,46,44,67,17,iv_vi_rocksalt,1,iv_vi_rocksalt,,
Pb1S0.95,22,14,13,9,7,iv_vi_rocksalt,1,iv_vi_rocksalt,,
Pb1S0.9Cl0.1,17,16,16,16,16,unassignable,0,,snse_type,elements outside rule: Cl
Pb1S1.06,17,0,0,0,17,iv_vi_rocksalt,1,iv_vi_rocksalt,,
Pb1S1.09,17,0,0,0,17,iv_vi_rocksalt,1,iv_vi_rocksalt,,
Pb1S1.12,17,0,0,0,17,iv_vi_rocksalt,1,iv_vi_rocksalt,,
Pb1S1.15,17,0,0,0,17,iv_vi_rocksalt,1,iv_vi_rocksalt,,
Pb1Se0.4S0.6,5,5,5,4,4,iv_vi_rocksalt,1,iv_vi_rocksalt,,
Pb1Se0.84,20,6,6,6,20,unassignable,0,,snse_type,ratio spread 0.174 > 0.15
Pb1Se0.84S0.16,20,11,11,20,0,iv_vi_rocksalt,1,iv_vi_rocksalt,,
Pb1Se0.88S0.12,55,29,31,20,11,iv_vi_rocksalt,1,iv_vi_rocksalt,,
Pb1Se0.92,57,34,16,25,17,iv_vi_rocksalt,1,iv_vi_rocksalt,,
Pb1Se0.95,6,6,5,6,6,iv_vi_rocksalt,1,iv_vi_rocksalt,,
Pb1Se0.9S0.1,13,11,12,0,0,iv_vi_rocksalt,1,iv_vi_rocksalt,,
Pb24Se25,11,11,11,11,11,iv_vi_rocksalt,1,iv_vi_rocksalt,,
Pb48Se19S29,11,6,6,6,6,iv_vi_rocksalt,1,iv_vi_rocksalt,,
Pb5Se2S3,10,6,6,6,6,iv_vi_rocksalt,1,iv_vi_rocksalt,,
Pb5Se6,11,9,8,0,0,unassignable,0,,snse_type,ratio spread 0.182 > 0.15
Pb6Se7,16,10,10,0,0,unassignable,0,,snse_type,ratio spread 0.154 > 0.15
Pb8Se9,14,10,9,0,0,iv_vi_rocksalt,1,iv_vi_rocksalt,,
Pb92Se37S55,11,6,6,6,6,iv_vi_rocksalt,1,iv_vi_rocksalt,,
Pb94(Se2S3)19,11,6,6,6,6,iv_vi_rocksalt,1,iv_vi_rocksalt,,
Pb97Se100,11,11,11,11,11,iv_vi_rocksalt,1,iv_vi_rocksalt,,
Pb97Se39S58,11,6,6,4,6,iv_vi_rocksalt,1,iv_vi_rocksalt,,
Pb98Se39S59,11,6,6,6,6,iv_vi_rocksalt,1,iv_vi_rocksalt,,
Pb99Se100,11,11,11,11,11,iv_vi_rocksalt,1,iv_vi_rocksalt,,
Pb9Se10,121,87,90,23,22,iv_vi_rocksalt,1,iv_vi_rocksalt,,
PbS,2309,1582,1648,1772,1522,iv_vi_rocksalt,1,iv_vi_rocksalt,,
PbSe,2451,1577,1771,1448,1474,iv_vi_rocksalt,1,iv_vi_rocksalt,,
PbSe2,32,0,32,0,0,unassignable,0,,snse_type,ratio spread 0.667 > 0.15
Pd0.94Pb1O2,8,8,8,0,0,other_oxide,1,other_oxide,,
PdPbO2,22,13,11,10,4,other_oxide,1,other_oxide,,
PdS,13,13,0,0,0,unassignable,0,,tetradymite,elements outside rule: Pd
Pr(FeSb3)4,26,25,16,15,23,skutterudite,1,skutterudite,,
Pr(Tl3Te2)3,9,6,6,6,6,unassignable,0,,skutterudite,elements outside rule: Te
Pr0.567Ti1O3,62,14,14,20,14,other_oxide,1,other_oxide,,
Pr0.67Ti1O3,16,2,1,12,1,other_oxide,1,other_oxide,,
Pr0.6Ti1O3,12,7,0,7,6,other_oxide,1,other_oxide,,
Pr0.72Mn1O3,6,3,0,3,0,other_oxide,1,other_oxide,,
Pr0.8Co0.8O3,10,0,10,0,0,other_oxide,1,other_oxide,,
Pr0.8Fe0.8O3,33,0,33,0,0,other_oxide,1,other_oxide,,
Pr0.8Fe1O3,42,20,5,0,17,other_oxide,1,other_oxide,,
Pr0.8Mn1O3,6,3,3,3,3,other_oxide,1,other_oxide,,
Pr0.94Co2O5,9,0,9,0,0,other_oxide,1,other_oxide,,
Pr0.95Cr1O3,23,23,0,0,0,other_oxide,1,other_oxide,,
Pr0.9Co1O3,65,27,33,5,0,other_oxide,1,other_oxide,,
Pr0.9Fe1O3,38,20,0,0,18,other_oxide,1,other_oxide,,
Pr0.9Mn0.8O3,3,0,3,0,0,other_oxide,1,other_oxide,,
Pr0.9Mn0.9O3,9,0,9,0,0,other_oxide,1,other_oxide,,
Pr0.9Mn1O3,27,14,9,5,4,other_oxide,1,other_oxide,,
Pr1.6Fe1Co1O6,10,6,6,5,5,other_oxide,1,other_oxide,,
Pr1.8Fe1Co1O6,7,4,4,4,5,other_oxide,1,other_oxide,,
Pr1Co0.4Ni0.6O3,10,0,10,0,0,other_oxide,1,other_oxide,,
Pr1Co0.6Ni0.4O3,10,0,10,0,0,other_oxide,1,other_oxide,,
Pr1Co0.95O3,20,19,13,16,16,other_oxide,1,other_oxide,,
Pr1Fe0.6Ni0.4O3,10,0,10,0,0,other_oxide,1,other_oxide,,
Pr1Fe3.5Sb12,6,5,5,5,5,skutterudite,1,skutterudite,,
Pr2.67Te4,6,0,0,6,0,unassignable,0,,tetradymite,elements outside rule: Pr
Pr2.74Te4,20,19,20,6,16,unassignable,0,,tetradymite,elements outside rule: Pr
Pr2.78Te4,20,19,20,6,18,unassignable,0,,tetradymite,elements outside rule: Pr
Pr2.7Te4,20,19,20,6,15,unassignable,0,,tetradymite,elements outside rule: Pr
Pr2FeCoO6,3,2,0,3,1,other_oxide,1,other_oxide,,
Pr2Mn(WO5)2,4,4,0,0,0,other_oxide,1,other_oxide,,
Pr2Ru2O7,3,3,0,0,0,other_oxide,1,other_oxide,,
Pr2Zr2O7,12,6,0,6,0,other_oxide,1,other_oxide,,
Pr3Te4,60,57,60,18,60,unassignable,0,,tetradymite,elements outside rule: Pr
PrCoO3,6,2,1,3,0,other_oxide,1,other_oxide,,
PrFe3CoSb12,8,5,5,5,5,skutterudite,1,skutterudite,,
PrMnO3,9,9,0,0,0,other_oxide,1,other_oxide,,
PrTl2InSe4,7,7,0,0,0,unassignable,0,,diamond_like_cu,"elements outside rule: Pr,Tl"
PrTlSe2,10,10,0,0,0,unassignable,0,,tetradymite,"elements outside rule: Pr,Tl"
PuC,4,4,0,0,0,unassignable,0,,sige,"elements outside rule: C,Pu"
Rb1W1.67O6,6,0,0,6,0,other_oxide,1,other_oxide,,
Rb3H(SeO4)2,3,3,0,0,0,other_oxide,1,other_oxide,,
Rb4Al4Si19,4,4,0,4,4,unassignable,0,,clathrate_type_i,elements outside rule: Rb
Rb4Sn5(PSe5)4,7,4,6,4,0,unassignable,0,,snse_type,"elements outside rule: P,Rb"
RbGaSb4,9,0,9,0,0,unassignable,0,,skutterudite,elements outside rule: Rb
RbTaWO6,5,0,0,5,0,other_oxide,1,other_oxide,,
Re0.14Si1.5652Ru0.86,11,4,0,6,5,unassignable,0,,tm_silicide,"X/M = 1.565 outside [1.7, 2.353]"
Re0.23Si1.5814Ru0.77,5,5,0,0,0,unassignable,0,,tm_silicide,"X/M = 1.581 outside [1.7, 2.353]"
Re0.36Si1.6048Ru0.64,11,4,0,6,4,unassignable,0,,tm_silicide,"X/M = 1.605 outside [1.7, 2.353]"
Re0.53Si1.6354Ru0.47,7,3,0,6,5,unassignable,0,,tm_silicide,"X/M = 1.635 outside [1.7, 2.353]"
Re0.6Si1.648Ru0.4,12,3,0,6,6,unassignable,0,,tm_silicide,"X/M = 1.648 outside [1.7, 2.353]"
Re0.73Si1.6032Ru0.24,11,5,0,3,5,unassignable,0,,tm_silicide,"X/M = 1.653 outside [1.7, 2.353]"
Re0.73Si1.6714Ru0.27,10,4,0,5,6,unassignable,0,,tm_silicide,"X/M = 1.671 outside [1.7, 2.353]"
Re0.73Si1.67Ru0.24,10,4,0,3,5,tm_silicide,1,tm_silicide,,
Re13W37,19,19,0,0,0,unassignable,0,,tm_silicide,elements outside rule: W
Re1Si1.675,20,20,20,20,20,unassignable,0,,tm_silicide,"X/M = 1.675 outside [1.7, 2.353]"
Re1Si1.7125,20,20,20,20,20,tm_silicide,1,tm_silicide,,
Re1Si1.75,20,20,20,20,20,tm_silicide,1,tm_silicide,,
Re3As7,42,42,0,0,0,unassignable,0,,skutterudite,elements outside rule: Re
Re3Ge0.6As6.4,16,11,6,6,9,unassignable,0,,skutterudite,"elements outside rule: Ge,Re"
Re3GeAs6,20,20,20,7,15,unassignable,0,,skutterudite,"elements outside rule: Ge,Re"
Rh,6,6,0,0,0,unassignable,0,,skutterudite,a required site is empty
Rh2WO6,4,4,0,3,3,other_oxide,1,other_oxide,,
RhO2,63,34,29,0,0,other_oxide,1,other_oxide,,
RuO2,5,3,2,0,0,other_oxide,1,other_oxide,,
RuSe2,30,17,13,0,0,unassignable,0,,tetradymite,elements outside rule: Ru
Sb,14,8,5,6,5,unassignable,0,,tetradymite,a required site is empty
Sb0.06Te0.94,15,0,14,8,11,unassignable,0,,tetradymite,ratio spread 1.650 > 0.15
Sb0.06Te1Se0.09,13,6,6,7,11,unassignable,0,,tetradymite,ratio spread 1.695 > 0.15
Sb0.08Te0.92,15,0,14,8,9,unassignable,0,,tetradymite,ratio spread 1.538 > 0.15
Sb0.1Te0.9,15,14,14,8,13,unassignable,0,,tetradymite,ratio spread 1.429 > 0.15
Sb0.1Te0.95Se0.15,13,6,6,7,10,unassignable,0,,tetradymite,ratio spread 1.520 > 0.15
Sb0.1Te1Pb0.9,11,9,9,9,9,iv_vi_rocksalt,1,iv_vi_rocksalt,,
Sb0.2Te0.9Se0.3,13,7,6,6,11,unassignable,0,,tetradymite,ratio spread 1.200 > 0.15
Sb0.2Te1.1H1Pb0.8,10,10,10,2,2,unassignable,0,,gete_type,elements outside rule: H
Sb0.3Te0.85Se0.45,13,6,6,6,10,unassignable,0,,tetradymite,ratio spread 0.971 > 0.15
Sb0.8Te1.8Pb0.6,9,9,9,2,2,gete_sb2te3_pseudobinary,1,gete_sb2te3_pseudobinary,,
Sb1.83Te3,12,6,6,6,4,tetradymite,1,tetradymite,,
Sb1.85Te3,269,158,126,63,252,tetradymite,1,tetradymite,,
Sb1.875Te3,16,16,16,16,16,tetradymite,1,tetradymite,,
Sb1.87Te3,16,16,16,16,16,tetradymite,1,tetradymite,,
Sb1.885Te3,13,8,8,6,8,tetradymite,1,tetradymite,,
Sb1.88Te3,27,21,24,21,24,tetradymite,1,tetradymite,,
Sb1.895Te3,9,6,5,5,6,tetradymite,1,tetradymite,,
Sb1.89Te3,28,24,24,24,24,tetradymite,1,tetradymite,,
Sb1.8Te3,97,89,61,58,77,tetradymite,1,tetradymite,,
Sb1.9Te3,103,74,78,81,80,tetradymite,1,tetradymite,,
Sb122Te183(HC)235,9,8,9,8,8,unassignable,0,,tetradymite,"elements outside rule: C,H"
Sb16Te25,15,9,8,9,0,tetradymite,1,tetradymite,,
Sb20Te31,8,8,0,8,8,tetradymite,1,tetradymite,,
Sb2Ir,20,20,0,7,0,unassignable,0,,skutterudite,ratio spread 0.400 > 0.15
Sb2Ir0.9,20,20,0,9,0,unassignable,0,,skutterudite,ratio spread 0.298 > 0.15
Sb2Pb0.9S3,16,15,14,15,15,unassignable,0,,iv_vi_rocksalt,"site pn is 0.690 of sites A+pn, not below 1/3"
Sb2Pt,11,9,8,1,9,unassignable,0,,half_heusler,a required site is empty
Sb2Ru,4,4,0,0,0,unassignable,0,,half_heusler,a required site is empty
Sb2Ru0.9,23,23,0,0,0,unassignable,0,,half_heusler,a required site is empty
Sb2Ru0.95,3,3,0,0,0,unassignable,0,,half_heusler,a required site is empty
Sb2Se3,27,17,0,10,0,tetradymite,1,tetradymite,,
Sb2Te0.9Ru0.95,8,0,0,0,8,unassignable,0,,half_heusler,elements outside rule: Te
Sb2Te0.9Ru1,17,17,16,0,0,unassignable,0,,half_heusler,elements outside rule: Te
Sb2Te1Ru0.95,32,32,9,0,8,unassignable,0,,tetradymite,elements outside rule: Ru
Sb2Te2Se,6,1,0,5,0,tetradymite,1,tetradymite,,
Sb2Te3,76,70,65,36,61,tetradymite,1,tetradymite,,
Sb2TeRu,46,45,30,0,16,unassignable,0,,tetradymite,elements outside rule: Ru
Sb32Te49,15,8,8,9,0,tetradymite,1,tetradymite,,
Sb39Te58H15,6,6,5,0,3,unassignable,0,,tetradymite,elements outside rule: H
Sb39Te58H21,6,6,5,0,4,unassignable,0,,tetradymite,elements outside rule: H
Sb3Ir,157,134,116,102,67,skutterudite,1,skutterudite,,
Sb3Ir0.5Rh0.5,20,20,20,20,0,skutterudite,1,skutterudite,,
Sb3Pb2S7,6,6,0,0,0,unassignable,0,,iv_vi_rocksalt,"site pn is 0.600 of sites A+pn, not below 1/3"
Sb3Rh,67,54,53,53,39,skutterudite,1,skutterudite,,
Sb4.7Te3,11,11,11,11,11,unassignable,0,,tetradymite,ratio spread 0.806 > 0.15
Sb5.3Te1.7Mo3,15,11,11,8,10,unassignable,0,,tetradymite,elements outside rule: Mo
Sb5.4Te1.6Mo1,20,16,20,15,13,unassignable,0,,tetradymite,elements outside rule: Mo
Sb5.4Te1.6Mo3,246,166,159,138,133,unassignable,0,,tetradymite,elements outside rule: Mo
Sb5.5Te1.5Mo1,20,16,20,9,15,unassignable,0,,tetradymite,elements outside rule: Mo
Sb5.5Te1.5Mo3,20,15,13,3,8,unassignable,0,,tetradymite,elements outside rule: Mo
Sb5.6Te1.4Mo3,20,17,16,18,17,unassignable,0,,tetradymite,elements outside rule: Mo
Sb5Te1.8Mo3,23,14,19,20,3,unassignable,0,,tetradymite,elements outside rule: Mo
Sb5Te2.2Mo3,20,18,17,18,8,unassignable,0,,tetradymite,elements outside rule: Mo
Sb5Te8,16,16,0,16,16,tetradymite,1,tetradymite,,
Sb6.5Te0.5Mo2.5Ru0.5,20,20,0,5,18,unassignable,0,,tetradymite,"elements outside rule: Mo,Ru"
Sb6.5Te0.5Mo2.6,10,5,6,5,5,unassignable,0,,tetradymite,elements outside rule: Mo
Sb64Te97,17,8,9,9,0,tetradymite,1,tetradymite,,
Sb6Pb5,5,4,4,0,0,unassignable,0,,gete_type,"site pn is 0.545 of sites A+pn, not below 1/3"
Sb6Te0.75Mo2.6,9,5,5,3,5,unassignable,0,,tetradymite,elements outside rule: Mo
Sb6Te11Pb2,39,21,23,20,22,gete_sb2te3_pseudobinary,1,gete_sb2te3_pseudobinary,,
Sb6Te1Mo2.5Ru0.5,20,20,0,6,18,unassignable,0,,tetradymite,"elements outside rule: Mo,Ru"
Sb6Te1Mo2.6,9,4,6,5,5,unassignable,0,,tetradymite,elements outside rule: Mo
Sb6TeMo3,23,14,18,14,15,unassignable,0,,tetradymite,elements outside rule: Mo
Sb7Mo2.2Ru0.8,40,19,40,39,40,unassignable,0,,half_heusler,elements outside rule: Mo
Sb7Mo2.55,8,5,5,4,5,unassignable,0,,tetradymite,elements outside rule: Mo
Sb7Mo2.57,20,0,18,0,20,unassignable,0,,tetradymite,elements outside rule: Mo
Sb7Mo2.5Ru0.5,71,51,34,38,67,unassignable,0,,half_heusler,elements outside rule: Mo
Sb7Mo2.6,28,18,18,15,15,unassignable,0,,tetradymite,elements outside rule: Mo
Sb7Mo2.7,30,15,24,25,25,unassignable,0,,tetradymite,elements outside rule: Mo
Sb7Mo2.75,13,10,11,10,10,unassignable,0,,tetradymite,elements outside rule: Mo
Sb7Mo2.78,20,9,20,20,18,unassignable,0,,tetradymite,elements outside rule: Mo
Sb7Mo2.8,24,17,17,15,16,unassignable,0,,tetradymite,elements outside rule: Mo
Sb7Mo3,111,67,82,51,84,unassignable,0,,tetradymite,elements outside rule: Mo
Sb7Mo3I,19,11,11,10,11,unassignable,0,,tetradymite,"elements outside rule: I,Mo"
Sb7Mo3I0.75,17,11,11,10,11,unassignable,0,,tetradymite,"elements outside rule: I,Mo"
Sb7Mo3I1.25,15,11,11,11,11,unassignable,0,,tetradymite,"elements outside rule: I,Mo"
Sb7Mo3I1.5,13,10,10,9,10,unassignable,0,,tetradymite,"elements outside rule: I,Mo"
SbTe,4,2,3,0,0,unassignable,0,,tetradymite,ratio spread 0.400 > 0.15
SbTe3,10,8,6,9,6,unassignable,0,,tetradymite,ratio spread 0.667 > 0.15
Sc0.67W1O4,12,12,0,0,0,other_oxide,1,other_oxide,,
Sc1.5Ti2.5Cu2S8,18,10,10,8,10,unassignable,0,,cu2x_ag2x_liquid_like,"elements outside rule: Sc,Ti"
Sc2Te3,20,0,20,4,20,unassignable,0,,tetradymite,elements outside rule: Sc
ScCo2,20,20,13,0,0,unassignable,0,,half_heusler,a required site is empty
ScN,27,17,22,0,0,unassignable,0,,half_heusler,elements outside rule: N
ScNiSb,22,17,20,10,10,half_heusler,1,half_heusler,,
ScSbPd,5,5,3,3,0,half_heusler,1,half_heusler,,
ScSbPt,5,5,5,0,0,half_heusler,1,half_heusler,,
ScTi3(CuS4)2,17,9,9,7,8,unassignable,0,,cu2x_ag2x_liquid_like,"elements outside rule: Sc,Ti"
ScTiCuS4,16,9,9,8,9,unassignable,0,,cu2x_ag2x_liquid_like,"elements outside rule: Sc,Ti"
Si,745,459,444,128,319,sige,1,sige,,
Si(Ag4Se3)2,25,15,18,16,5,unassignable,0,,cu2x_ag2x_liquid_like,elements outside rule: Si
Si(Ag4Te3)2,5,4,3,4,4,unassignable,0,,cu2x_ag2x_liquid_like,elements outside rule: Si
Si0.05Ge0.95,20,10,20,0,10,sige,1,sige,,
Si0.12Ge0.88,5,5,5,0,0,sige,1,sige,,
Si0.15Ge0.85,5,5,5,0,0,sige,1,sige,,
Si0.36B2.44C1,2,2,0,0,0,unassignable,0,,sige,"elements outside rule: B,C"
Si0.3Ge0.7,5,0,0,5,0,sige,1,sige,,
Si0.4Ge0.6,16,0,4,0,12,sige,1,sige,,
Si0.53B1.9C1,36,36,0,0,0,unassignable,0,,sige,"elements outside rule: B,C"
Si0.5Ge0.5,65,0,65,0,0,sige,1,sige,,
Si0.5Ge0.5Au0.07,11,0,11,0,0,unassignable,0,,clathrate_type_i,a required site is empty
Si0.645Ge0.345,70,43,41,40,37,sige,1,sige,,
Si0.68Ge0.32,113,108,110,0,0,sige,1,sige,,
Si0.73Ge0.27,24,12,15,6,10,sige,1,sige,,
Si0.74Ge0.3,11,9,10,10,10,sige,1,sige,,
Si0.75B0.92C1,2,2,0,0,0,unassignable,0,,sige,"elements outside rule: B,C"
Si0.76B0.95C1,3,3,0,0,0,unassignable,0,,sige,"elements outside rule: B,C"
Si0.7895Ge0.198,27,18,20,5,5,sige,1,sige,,
Si0.7925Ge0.2,15,5,6,9,1,sige,1,sige,,
Si0.7Ge0.3,19,7,7,7,2,sige,1,sige,,
Si0.85Ge0.15,8,0,0,3,5,sige,1,sige,,
Si0.8Ge0.2,76,44,41,44,34,sige,1,sige,,
Si0.913Ge0.08,13,12,12,6,12,sige,1,sige,,
Si0.914Ge0.111,39,23,13,13,17,sige,1,sige,,
Si0.91Ge0.09,10,0,0,10,0,sige,1,sige,,
Si0.91Ge0.1,12,10,10,7,7,sige,1,sige,,
Si0.936Ge0.114,14,9,5,5,5,sige,1,sige,,
Si0.93W0.05,8,4,4,5,4,unassignable,0,,sige,elements outside rule: W
Si0.949Ge0.051,10,6,6,2,6,sige,1,sige,,
Si0.94P0.06,20,11,11,10,11,unassignable,0,,sige,elements outside rule: P
Si0.95,7,4,4,4,4,sige,1,sige,,
Si0.95Ge0.05,22,7,7,14,13,sige,1,sige,,
Si0.95P0.09,9,5,5,3,5,unassignable,0,,sige,elements outside rule: P
Si0.9Ge0.1,17,10,10,7,7,sige,1,sige,,
Si1.1C1,3,3,0,0,0,unassignable,0,,sige,elements outside rule: C
Si1.23C1,3,3,0,0,0,unassignable,0,,sige,elements outside rule: C
Si10Ge,27,13,17,10,13,sige,1,sige,,
Si15(TeP2)4,26,20,0,6,2,unassignable,0,,sige,"elements outside rule: P,Te"
Si15Te3P8,5,4,0,3,4,unassignable,0,,sige,"elements outside rule: P,Te"
Si16Ge4C3,18,0,10,0,14,unassignable,0,,sige,elements outside rule: C
Si16Ge9,10,4,5,5,5,sige,1,sige,,
Si16Te4P7,20,20,0,0,0,unassignable,0,,sige,"elements outside rule: P,Te"
Si17(Te2P3)2,20,20,0,0,0,unassignable,0,,sige,"elements outside rule: P,Te"
Si19Ge,41,33,10,5,10,sige,1,sige,,
Si1Bi2Te2.73C1,10,0,0,10,10,unassignable,0,,tetradymite,"elements outside rule: C,Si"
Si1C0.7,50,18,32,0,0,unassignable,0,,sige,elements outside rule: C
Si2.8Ni1P4,20,19,20,18,14,unassignable,0,,skutterudite,elements outside rule: Si
Si21Ge4,11,6,5,6,5,sige,1,sige,,
Si23B2,17,13,11,0,10,unassignable,0,,sige,elements outside rule: B
Si28Ge5,7,5,0,3,5,sige,1,sige,,
Si29Bi35Sb106Te213C29,5,5,5,0,0,unassignable,0,,tetradymite,"elements outside rule: C,Si"
Si29Te8P17,13,13,0,0,0,unassignable,0,,sige,"elements outside rule: P,Te"
Si2Ni1Ge0.6B0.4P4,19,18,18,18,8,unassignable,0,,skutterudite,"elements outside rule: B,Ge,Si"
Si2Os,12,12,0,0,0,unassignable,0,,sige,elements outside rule: Os
Si2Sb2Te6.43,37,18,10,22,22,unassignable,0,,tetradymite,elements outside rule: Si
Si2Sb2Te7,53,33,30,22,33,unassignable,0,,tetradymite,elements outside rule: Si
Si2Sb2Te7.5,36,22,22,22,22,unassignable,0,,tetradymite,elements outside rule: Si
Si30Te6.6P16,6,4,1,4,5,unassignable,0,,sige,"elements outside rule: P,Te"
Si30Te7P16,7,4,0,7,6,unassignable,0,,sige,"elements outside rule: P,Te"
Si31Te8P15,20,20,0,0,0,unassignable,0,,sige,"elements outside rule: P,Te"
Si32(TeP2)7,9,4,4,5,4,unassignable,0,,sige,"elements outside rule: P,Te"
Si32Te6.6P14,12,10,10,9,9,unassignable,0,,sige,"elements outside rule: P,Te"
Si33Te8P13,25,20,0,0,5,unassignable,0,,sige,"elements outside rule: P,Te"
Si35Te8P11,20,20,0,0,0,unassignable,0,,sige,"elements outside rule: P,Te"
Si3Ge2,21,16,7,4,3,sige,1,sige,,
Si3Mo,17,0,17,0,0,unassignable,0,,sige,elements outside rule: Mo
Si3Mo5,18,0,18,0,0,unassignable,0,,sige,elements outside rule: Mo
Si3Ni47,5,5,0,0,0,unassignable,0,,half_heusler,a required site is empty
Si3NiP4,60,53,46,57,42,unassignable,0,,skutterudite,elements outside rule: Si
Si3Ru2,57,56,0,7,0,unassignable,0,,tm_silicide,"X/M = 1.500 outside [1.7, 2.353]"
Si40Ge10C3,7,0,0,7,0,unassignable,0,,sige,elements outside rule: C
Si40Ge9,66,45,46,42,42,sige,1,sige,,
Si43Ge7,10,6,6,6,6,sige,1,sige,,
Si45Ge4,6,6,6,6,6,sige,1,sige,,
Si47Ge3,10,6,6,6,5,sige,1,sige,,
Si4Ge,486,334,307,172,170,sige,1,sige,,
Si4GeO10,7,6,6,0,0,other_oxide,1,other_oxide,,
Si66Te11P20,7,3,3,4,3,unassignable,0,,sige,"elements outside rule: P,Te"
Si73Ge24,12,9,0,3,10,sige,1,sige,,
Si78Ge19,12,6,0,4,10,sige,1,sige,,
Si79Ge19,6,6,0,0,0,sige,1,sige,,
Si7Ge3,3,3,0,0,0,sige,1,sige,,
Si80Ge17,7,6,6,0,6,sige,1,sige,,
Si80Ge19,6,5,5,5,5,sige,1,sige,,
Si80Ge20O7,15,10,10,6,6,unassignable,0,,sige,elements outside rule: O
Si82Ge15,14,10,0,4,9,sige,1,sige,,
Si87Ge13,4,4,4,0,0,sige,1,sige,,
Si89Ge11,9,6,5,6,6,sige,1,sige,,
Si8Ge2C3,27,10,10,0,11,unassignable,0,,sige,elements outside rule: C
Si91Ge9,38,25,18,8,12,sige,1,sige,,
Si92P7.5,16,10,10,10,10,unassignable,0,,sige,elements outside rule: P
Si92P8.5,15,10,10,10,10,unassignable,0,,sige,elements outside rule: P
Si94P5.5,17,10,10,10,10,unassignable,0,,sige,elements outside rule: P
Si94P6.5,10,10,10,9,10,unassignable,0,,sige,elements outside rule: P
Si9O20,31,24,24,0,0,other_oxide,1,other_oxide,,
SiC,10,10,0,0,0,unassignable,0,,sige,elements outside rule: C
SiCO,28,0,0,28,0,other_oxide,1,other_oxide,,
SiGe,49,7,20,5,30,sige,1,sige,,
SiGeO,5,0,0,5,0,other_oxide,1,other_oxide,,
SiO2,48,23,25,15,0,other_oxide,1,other_oxide,,
SiSbTe3,53,33,33,22,33,unassignable,0,,tetradymite,elements outside rule: Si
Sm(CuTe)3,14,9,6,8,0,unassignable,0,,cu2x_ag2x_liquid_like,elements outside rule: Sm
Sm(MgBi)2,8,6,6,6,6,unassignable,0,,mg3x2_zintl,elements outside rule: Sm
Sm(Tl3Te2)3,8,6,6,6,6,unassignable,0,,skutterudite,elements outside rule: Te
Sm0.5Eu0.5Mg2Bi2,7,5,6,6,5,unassignable,0,,zintl_122,elements outside rule: Sm
Sm0.6Gd0.6Dy0.6Ho0.6Er0.6Nb1O7,4,0,0,4,0,other_oxide,1,other_oxide,,
Sm0.6Ti1O3,6,0,0,5,1,other_oxide,1,other_oxide,,
Sm0.75Eu0.25Ni1O3,14,7,7,0,0,other_oxide,1,other_oxide,,
Sm0.75Mg2Bi2,8,6,6,6,6,unassignable,0,,mg3x2_zintl,elements outside rule: Sm
Sm0.8Co1O3,18,0,18,0,0,other_oxide,1,other_oxide,,
Sm0.8Fe1O3,8,0,8,0,0,other_oxide,1,other_oxide,,
Sm0.9Co1O3,25,0,20,5,0,other_oxide,1,other_oxide,,
Sm0.9Co4Sb12,18,17,18,18,18,skutterudite,1,skutterudite,,
Sm1.9Cu1O4,14,7,7,6,0,other_oxide,1,other_oxide,,
Sm1Co0.95O3,18,17,8,15,16,other_oxide,1,other_oxide,,
Sm1S1.333,15,15,0,0,0,unassignable,0,,tetradymite,elements outside rule: Sm
Sm1S1.355,16,16,0,0,0,unassignable,0,,tetradymite,elements outside rule: Sm
Sm1S1.37,15,15,0,0,0,unassignable,0,,tetradymite,elements outside rule: Sm
Sm1S1.375,14,14,0,0,0,unassignable,0,,tetradymite,elements outside rule: Sm
Sm1S1.387,15,15,0,0,0,unassignable,0,,tetradymite,elements outside rule: Sm
Sm1S1.414,14,14,0,0,0,unassignable,0,,tetradymite,elements outside rule: Sm
Sm1S1.501,17,17,0,0,0,unassignable,0,,tetradymite,elements outside rule: Sm
Sm2CuO4,23,10,11,8,5,other_oxide,1,other_oxide,,
Sm2Ru2O7,9,9,0,0,0,other_oxide,1,other_oxide,,
Sm2SbO2,9,3,0,3,3,other_oxide,1,other_oxide,,
Sm2ZnTe,7,6,6,0,0,unassignable,0,,skutterudite,"elements outside rule: Te,Zn"
Sm2Zr2O7,10,5,0,5,0,other_oxide,1,other_oxide,,
Sm3Zn2Co3,8,6,6,0,0,unassignable,0,,skutterudite,elements outside rule: Zn
Sm4Sb3,36,36,0,0,0,unassignable,0,,skutterudite,filler above 8% of atoms
SmCoO3,5,5,5,0,0,other_oxide,1,other_oxide,,
SmCu5Se4,3,0,3,3,0,unassignable,0,,cu2x_ag2x_liquid_like,elements outside rule: Sm
SmEuGdS4,11,11,0,0,0,unassignable,0,,tetradymite,"elements outside rule: Eu,Gd,Sm"
SmTlTe2,14,14,0,0,0,unassignable,0,,tetradymite,"elements outside rule: Sm,Tl"
Sn(Bi3Te5)2,13,13,13,6,10,gete_sb2te3_pseudobinary,1,gete_sb2te3_pseudobinary,,
Sn(BiTe2)2,233,206,217,61,107,gete_sb2te3_pseudobinary,1,gete_sb2te3_pseudobinary,,
Sn(Te5Pb4)2,19,19,19,0,0,iv_vi_rocksalt,1,iv_vi_rocksalt,,
Sn0.05Te0.2,17,17,0,8,0,unassignable,0,,gete_type,ratio spread 1.200 > 0.15
Sn0.067Sb0.667Te0.266,19,12,18,16,12,unassignable,0,,gete_sb2te3_pseudobinary,charge imbalance 1.202 > 0.15
Sn0.11Te0.89Pb0.89Se0.11,10,10,10,10,10,iv_vi_rocksalt,1,iv_vi_rocksalt,,
Sn0.1261Te1Pb0.8439,10,9,0,9,9,iv_vi_rocksalt,1,iv_vi_rocksalt,,
Sn0.12Te1Pb0.88,12,12,12,0,0,iv_vi_rocksalt,1,iv_vi_rocksalt,,
Sn0.13Te1Pb0.84,9,9,9,9,0,iv_vi_rocksalt,1,iv_vi_rocksalt,,
Sn0.15Pb0.854Se1,5,3,3,2,2,iv_vi_rocksalt,1,iv_vi_rocksalt,,
Sn0.15Te0.85,24,24,24,24,24,unassignable,0,,gete_type,ratio spread 1.400 > 0.15
Sn0.15Te1Pb0.835,9,9,9,9,9,iv_vi_rocksalt,1,iv_vi_rocksalt,,
Sn0.194Te1Pb0.776,13,13,0,13,13,iv_vi_rocksalt,1,iv_vi_rocksalt,,
Sn0.19Te1Pb0.78,13,13,13,13,0,iv_vi_rocksalt,1,iv_vi_rocksalt,,
Sn0.1Bi0.9Se1,24,16,14,13,12,unassignable,0,,iv_vi_rocksalt,"site pn is 0.900 of sites A+pn, not below 1/3"
Sn0.1Ge0.6Pb0.3,76,68,68,76,68,unassignable,0,,snse_type,a required site is empty
Sn0.1Ge0.6Te1Pb0.3,15,15,15,15,15,gete_type,2,gete_type;iv_vi_rocksalt,,
Sn0.1Pb0.9S1,11,10,10,10,11,iv_vi_rocksalt,1,iv_vi_rocksalt,,
Sn0.1Te0.9,25,24,24,24,24,unassignable,0,,gete_type,ratio spread 1.600 > 0.15
Sn0.1Te1Pb0.885,9,9,9,9,9,iv_vi_rocksalt,1,iv_vi_rocksalt,,
Sn0.21Te1Pb0.79,4,3,3,4,0,iv_vi_rocksalt,1,iv_vi_rocksalt,,
Sn0.22Te1Pb0.78,6,6,6,6,0,iv_vi_rocksalt,1,iv_vi_rocksalt,,
Sn0.24775Te1Pb0.24775,105,102,77,74,89,unassignable,0,,gete_type,ratio spread 0.675 > 0.15
Sn0.24Te1Pb0.74,4,4,3,3,0,iv_vi_rocksalt,1,iv_vi_rocksalt,,
Sn0.24Te1Pb0.744,4,4,3,3,0,iv_vi_rocksalt,1,iv_vi_rocksalt,,
Sn0.25Ge0.5Te1Pb0.25,152,104,98,99,96,gete_type,2,gete_type;iv_vi_rocksalt,,
Sn0.25Te1Pb0.71,6,4,4,4,5,iv_vi_rocksalt,1,iv_vi_rocksalt,,
Sn0.25Te1Pb0.72,15,8,13,13,8,iv_vi_rocksalt,1,iv_vi_rocksalt,,
Sn0.25Te1Pb0.735,13,5,9,9,9,iv_vi_rocksalt,1,iv_vi_rocksalt,,
Sn0.25Te1Pb0.75,13,13,13,7,0,iv_vi_rocksalt,1,iv_vi_rocksalt,,
Sn0.2619Te1Pb0.7081,9,9,0,7,9,iv_vi_rocksalt,1,iv_vi_rocksalt,,
Sn0.26Te1Pb0.71,9,5,9,9,0,iv_vi_rocksalt,1,iv_vi_rocksalt,,
Sn0.27Te1Pb0.73,16,12,16,0,0,iv_vi_rocksalt,1,iv_vi_rocksalt,,
Sn0.2Bi0.8Se1,15,10,10,8,9,unassignable,0,,iv_vi_rocksalt,"site pn is 0.800 of sites A+pn, not below 1/3"
Sn0.2Ge0.79Se1,6,5,0,6,6,iv_vi_rocksalt,1,iv_vi_rocksalt,,
Sn0.2Ge0.8Te1.15,16,16,16,0,0,gete_type,2,gete_type;iv_vi_rocksalt,,
Sn0.2Te0.2Pb0.8Se0.8,7,4,5,5,4,iv_vi_rocksalt,1,iv_vi_rocksalt,,
Sn0.2Te0.8,10,9,9,8,10,unassignable,0,,gete_type,ratio spread 1.200 > 0.15
Sn0.2Te1Pb0.785,11,9,8,9,9,iv_vi_rocksalt,1,iv_vi_rocksalt,,
Sn0.2Te1Pb0.8,12,12,0,0,0,iv_vi_rocksalt,1,iv_vi_rocksalt,,
Sn0.333Ge0.333Te1Pb0.333,5,5,4,5,5,iv_vi_rocksalt,1,iv_vi_rocksalt,,
Sn0.3783Te1Pb0.5917,7,0,7,0,0,iv_vi_rocksalt,1,iv_vi_rocksalt,,
Sn0.38Te1Pb0.59,7,7,0,7,0,iv_vi_rocksalt,1,iv_vi_rocksalt,,
Sn0.39Ge0.39Sb0.2Te1,10,10,10,6,10,iv_vi_rocksalt,1,iv_vi_rocksalt,,
Sn0.3Te1Pb0.685,13,6,9,7,9,iv_vi_rocksalt,1,iv_vi_rocksalt,,
Sn0.3Te1Pb0.7,8,8,8,8,0,iv_vi_rocksalt,1,iv_vi_rocksalt,,
Sn0.41Ge0.41Sb0.16Te1,10,10,10,10,10,iv_vi_rocksalt,1,iv_vi_rocksalt,,
Sn0.43Ge0.43Sb0.12Te1,10,10,10,6,10,iv_vi_rocksalt,1,iv_vi_rocksalt,,
Sn0.455Te1.09Pb0.455,8,8,8,8,8,unassignable,0,,gete_type,ratio spread 0.180 > 0.15
Sn0.475Te1.05Pb0.475,8,8,8,8,8,iv_vi_rocksalt,1,iv_vi_rocksalt,,
Sn0.47Ge0.25Te1Pb0.25,9,6,6,5,6,iv_vi_rocksalt,1,iv_vi_rocksalt,,
Sn0.48Ge0.25Te1Pb0.25,10,6,6,5,5,iv_vi_rocksalt,1,iv_vi_rocksalt,,
Sn0.4947Te1Pb0.4753,7,0,7,0,7,iv_vi_rocksalt,1,iv_vi_rocksalt,,
Sn0.49Ge0.25Te1Pb0.25,10,6,6,5,5,iv_vi_rocksalt,1,iv_vi_rocksalt,,
Sn0.49Te1Pb0.48,7,7,7,7,0,iv_vi_rocksalt,1,iv_vi_rocksalt,,
Sn0.4Ge0.4Sb0.12Te1,10,10,10,6,10,iv_vi_rocksalt,1,iv_vi_rocksalt,,
Sn0.4Ge0.6Sb2Te4,9,6,4,5,0,gete_sb2te3_pseudobinary,1,gete_sb2te3_pseudobinary,,
Sn0.4Te0.4Pb0.6Se0.6,9,6,6,6,5,iv_vi_rocksalt,1,iv_vi_rocksalt,,
Sn0.4Te1Pb0.56,20,18,18,18,18,iv_vi_rocksalt,1,iv_vi_rocksalt,,
Sn0.4Te1Pb0.57,30,27,28,21,18,iv_vi_rocksalt,1,iv_vi_rocksalt,,
Sn0.4Te1Pb0.58,40,38,33,26,30,iv_vi_rocksalt,1,iv_vi_rocksalt,,
Sn0.4Te1Pb0.59,40,38,34,17,21,iv_vi_rocksalt,1,iv_vi_rocksalt,,
Sn0.4Te1Pb0.6,53,49,36,30,31,iv_vi_rocksalt,1,iv_vi_rocksalt,,
Sn0.55Te1Pb0.45,12,10,10,6,6,iv_vi_rocksalt,1,iv_vi_rocksalt,,
Sn0.56Te1Pb0.4,16,14,14,14,14,iv_vi_rocksalt,1,iv_vi_rocksalt,,
Sn0.575Te1Pb0.425,12,8,9,6,6,iv_vi_rocksalt,1,iv_vi_rocksalt,,
Sn0.57Ge0.3Sb0.13Te1,29,18,18,11,18,iv_vi_rocksalt,1,iv_vi_rocksalt,,
Sn0.5Ge0.25Te1Pb0.25,10,6,6,5,4,iv_vi_rocksalt,1,iv_vi_rocksalt,,
Sn0.5Ge0.5Te1,10,10,10,6,10,iv_vi_rocksalt,1,iv_vi_rocksalt,,
Sn0.5Ge3.5Sb1Te5,16,8,6,10,0,gete_type,2,gete_type;iv_vi_rocksalt,,
Sn0.5Te0.5Pb0.5Se0.5,8,6,6,5,4,iv_vi_rocksalt,1,iv_vi_rocksalt,,
Sn0.5Te1Pb0.5,305,272,267,144,110,iv_vi_rocksalt,1,iv_vi_rocksalt,,
Sn0.6208Te1Pb0.3492,10,0,9,0,7,iv_vi_rocksalt,1,iv_vi_rocksalt,,
Sn0.625Te1Pb0.375,13,6,9,6,6,iv_vi_rocksalt,1,iv_vi_rocksalt,,
Sn0.62Te1Pb0.35,9,9,9,9,0,iv_vi_rocksalt,1,iv_vi_rocksalt,,
Sn0.64Te1Pb0.3,9,9,9,9,9,iv_vi_rocksalt,1,iv_vi_rocksalt,,
Sn0.64Te1Pb0.32,17,15,14,14,13,iv_vi_rocksalt,1,iv_vi_rocksalt,,
Sn0.655Te1Pb0.3,9,9,9,9,9,iv_vi_rocksalt,1,iv_vi_rocksalt,,
Sn0.6575Te1Pb0.3,9,9,9,9,9,iv_vi_rocksalt,1,iv_vi_rocksalt,,
Sn0.6595Te1Pb0.3,9,9,9,9,9,iv_vi_rocksalt,1,iv_vi_rocksalt,,
Sn0.65Te1Pb0.35,10,8,5,6,8,iv_vi_rocksalt,1,iv_vi_rocksalt,,
Sn0.66Te1Pb0.3,9,9,9,9,9,iv_vi_rocksalt,1,iv_vi_rocksalt,,
Sn0.67Bi0.33Se2,7,0,0,7,7,unassignable,0,,iv_vi_rocksalt,ratio spread 0.667 > 0.15
Sn0.68Te1Pb0.3,24,19,21,21,20,iv_vi_rocksalt,1,iv_vi_rocksalt,,
Sn0.695Te1Pb0.3,9,9,9,9,9,iv_vi_rocksalt,1,iv_vi_rocksalt,,
Sn0.6975Te1Pb0.3,17,17,17,9,0,iv_vi_rocksalt,1,iv_vi_rocksalt,,
Sn0.6995Te1Pb0.3,17,17,17,9,17,iv_vi_rocksalt,1,iv_vi_rocksalt,,
Sn0.699Te1Pb0.3,17,17,17,9,17,iv_vi_rocksalt,1,iv_vi_rocksalt,,
Sn0.69Te1Pb0.3,15,11,7,12,10,iv_vi_rocksalt,1,iv_vi_rocksalt,,
Sn0.6Ge0.2Te1Pb0.2,8,4,6,5,4,iv_vi_rocksalt,1,iv_vi_rocksalt,,
Sn0.6Te0.6Pb0.4Se0.4,11,6,6,4,6,iv_vi_rocksalt,1,iv_vi_rocksalt,,
Sn0.6Te1Pb0.4,100,71,75,50,56,iv_vi_rocksalt,1,iv_vi_rocksalt,,
Sn0.728Te1Pb0.182,6,6,6,6,6,iv_vi_rocksalt,1,iv_vi_rocksalt,,
Sn0.72Te1Pb0.24,13,11,8,11,9,iv_vi_rocksalt,1,iv_vi_rocksalt,,
Sn0.7347Sb0.1953Te0.93,9,4,4,6,6,iv_vi_rocksalt,1,iv_vi_rocksalt,,
Sn0.7372Te1Pb0.2328,10,0,9,0,9,iv_vi_rocksalt,1,iv_vi_rocksalt,,
Sn0.74625Sb0.1395Te1,11,11,10,10,10,iv_vi_rocksalt,1,iv_vi_rocksalt,,
Sn0.74Te1Pb0.23,9,9,9,0,0,iv_vi_rocksalt,1,iv_vi_rocksalt,,
Sn0.752Te1Pb0.188,6,5,6,5,6,iv_vi_rocksalt,1,iv_vi_rocksalt,,
Sn0.7533Sb0.1767Te0.93,9,6,6,6,5,iv_vi_rocksalt,1,iv_vi_rocksalt,,
Sn0.75Bi1.25Se1O2,5,5,5,5,5,other_oxide,1,other_oxide,,
Sn0.75Pb0.25Se0.95,15,10,8,8,10,snse_type,2,snse_type;iv_vi_rocksalt,,
Sn0.75Sb0.167Te1,18,11,11,10,11,iv_vi_rocksalt,1,iv_vi_rocksalt,,
Sn0.75Te1Pb0.25,19,10,10,9,10,iv_vi_rocksalt,1,iv_vi_rocksalt,,
Sn0.7719Sb0.1581Te0.93,11,6,5,6,6,iv_vi_rocksalt,1,iv_vi_rocksalt,,
Sn0.776Te1Pb0.194,8,5,3,5,6,iv_vi_rocksalt,1,iv_vi_rocksalt,,
Sn0.77Pb0.23Se0.95,18,10,7,10,6,snse_type,2,snse_type;iv_vi_rocksalt,,
Sn0.792Pb0.198Se1,19,8,10,11,11,snse_type,2,snse_type;iv_vi_rocksalt,,
Sn0.796Sb0.1116Te1,12,6,10,10,10,iv_vi_rocksalt,1,iv_vi_rocksalt,,
Sn0.7Ge0.15Te1Pb0.15,8,6,6,5,5,iv_vi_rocksalt,1,iv_vi_rocksalt,,
Sn0.7Ge0.3Te1,10,9,9,5,9,iv_vi_rocksalt,1,iv_vi_rocksalt,,
Sn0.7Ge1.3Sb2Te5,9,6,5,6,1,gete_sb2te3_pseudobinary,1,gete_sb2te3_pseudobinary,,
Sn0.7Te1,19,10,10,10,6,unassignable,0,,gete_type,ratio spread 0.353 > 0.15
Sn0.7Te1Pb0.3,104,57,67,29,67,iv_vi_rocksalt,1,iv_vi_rocksalt,,
Sn0.8051Te1Pb0.1649,10,0,9,0,9,iv_vi_rocksalt,1,iv_vi_rocksalt,,
Sn0.81Pb0.19Se0.95,19,10,10,6,10,snse_type,2,snse_type;iv_vi_rocksalt,,
Sn0.81Te1Pb0.16,9,9,9,9,0,iv_vi_rocksalt,1,iv_vi_rocksalt,,
Sn0.82Sb0.12Te1,15,10,11,11,11,iv_vi_rocksalt,1,iv_vi_rocksalt,,
Sn0.839Sb0.107Te0.839Se0.161,14,10,11,6,8,iv_vi_rocksalt,1,iv_vi_rocksalt,,
Sn0.839Sb0.107Te1,18,9,11,10,7,iv_vi_rocksalt,1,iv_vi_rocksalt,,
Sn0.83Sb0.15Te1,11,10,10,10,10,iv_vi_rocksalt,1,iv_vi_rocksalt,,
Sn0.83Sb0.17Te1,6,6,6,6,6,iv_vi_rocksalt,1,iv_vi_rocksalt,,
Sn0.8415Pb0.1485Se1,20,11,11,10,11,snse_type,2,snse_type;iv_vi_rocksalt,,
Sn0.84575Te1,12,10,10,10,10,unassignable,0,,gete_type,ratio spread 0.167 > 0.15
Sn0.845Sb0.15Te1,22,20,20,20,20,iv_vi_rocksalt,1,iv_vi_rocksalt,,
Sn0.846Te1,14,10,9,10,6,unassignable,0,,gete_type,ratio spread 0.167 > 0.15
Sn0.84Pb0.16Se1,17,12,9,11,11,snse_type,2,snse_type;iv_vi_rocksalt,,
Sn0.84Sb0.107Te1,11,10,10,10,10,iv_vi_rocksalt,1,iv_vi_rocksalt,,
Sn0.84Sb0.15Te1,13,10,10,10,10,iv_vi_rocksalt,1,iv_vi_rocksalt,,
Sn0.84Sb0.16Te1,11,10,10,10,10,iv_vi_rocksalt,1,iv_vi_rocksalt,,
Sn0.84Te1,18,6,10,10,10,unassignable,0,,gete_type,ratio spread 0.174 > 0.15
Sn0.85Pb0.15Se0.95,16,9,9,9,5,snse_type,2,snse_type;iv_vi_rocksalt,,
Sn0.85Pb0.15Se1,4,3,2,2,3,snse_type,2,snse_type;iv_vi_rocksalt,,
Sn0.85Sb0.15Te1,20,17,16,15,16,iv_vi_rocksalt,1,iv_vi_rocksalt,,
Sn0.85Te1,10,10,10,10,10,unassignable,0,,gete_type,ratio spread 0.162 > 0.15
Sn0.85Te1Pb0.15,18,9,10,10,10,iv_vi_rocksalt,1,iv_vi_rocksalt,,
Sn0.868Te1,14,10,10,8,10,iv_vi_rocksalt,1,iv_vi_rocksalt,,
Sn0.86Sb0.14Te1,10,10,10,10,10,iv_vi_rocksalt,1,iv_vi_rocksalt,,
Sn0.86Te1,11,10,10,10,10,unassignable,0,,gete_type,ratio spread 0.151 > 0.15
Sn0.873Te1,10,0,9,0,9,iv_vi_rocksalt,1,iv_vi_rocksalt,,
Sn0.87Te1,10,10,10,8,10,iv_vi_rocksalt,1,iv_vi_rocksalt,,
Sn0.87Te1Pb0.1,9,9,9,9,0,iv_vi_rocksalt,1,iv_vi_rocksalt,,
Sn0.88Pb0.12Se1,18,11,9,12,9,snse_type,2,snse_type;iv_vi_rocksalt,,
Sn0.88Sb0.12Te1,23,19,16,18,19,iv_vi_rocksalt,1,iv_vi_rocksalt,,
Sn0.88Sb0.1Te1,10,10,10,10,10,iv_vi_rocksalt,1,iv_vi_rocksalt,,
Sn0.88Sb0.24Te1.24,13,10,9,9,6,iv_vi_rocksalt,1,iv_vi_rocksalt,,
Sn0.88Te1,62,45,41,49,45,iv_vi_rocksalt,1,iv_vi_rocksalt,,
Sn0.891Se1,20,11,11,11,9,snse_type,2,snse_type;iv_vi_rocksalt,,
Sn0.8955Te1,12,10,10,8,10,iv_vi_rocksalt,1,iv_vi_rocksalt,,
Sn0.895Se1,17,10,8,10,9,snse_type,2,snse_type;iv_vi_rocksalt,,
Sn0.89O2,7,5,0,2,0,other_oxide,1,other_oxide,,
Sn0.89Pb0.11Se0.95,19,10,10,9,6,snse_type,2,snse_type;iv_vi_rocksalt,,
Sn0.89Te1,62,45,46,37,45,iv_vi_rocksalt,1,iv_vi_rocksalt,,
Sn0.8Ge0.1Te1Pb0.1,10,5,6,5,6,iv_vi_rocksalt,1,iv_vi_rocksalt,,
Sn0.8Ge0.2Se1,4,4,0,0,0,snse_type,2,snse_type;iv_vi_rocksalt,,
Sn0.8Ge0.2Te1,8,8,8,8,0,iv_vi_rocksalt,1,iv_vi_rocksalt,,
Sn0.8Pb0.2Se1,20,14,13,14,13,snse_type,2,snse_type;iv_vi_rocksalt,,
Sn0.8Sb0.1116Te1,10,10,10,5,6,iv_vi_rocksalt,1,iv_vi_rocksalt,,
Sn0.8Sb0.133Te1,18,10,10,11,10,iv_vi_rocksalt,1,iv_vi_rocksalt,,
Sn0.8Sb0.2Te1,11,10,9,8,9,iv_vi_rocksalt,1,iv_vi_rocksalt,,
Sn0.8Te0.8Pb0.2Se0.2,11,5,6,6,6,iv_vi_rocksalt,1,iv_vi_rocksalt,,
Sn0.8Te1,36,20,19,19,17,unassignable,0,,gete_type,ratio spread 0.222 > 0.15
Sn0.8Te1Pb0.16,17,15,15,15,15,iv_vi_rocksalt,1,iv_vi_rocksalt,,
Sn0.8Te1Pb0.2,47,30,32,30,28,iv_vi_rocksalt,1,iv_vi_rocksalt,,
Sn0.9025Te1,13,6,10,10,8,iv_vi_rocksalt,1,iv_vi_rocksalt,,
Sn0.912Te1,21,16,16,16,15,iv_vi_rocksalt,1,iv_vi_rocksalt,,
Sn0.915Te0.915,15,10,11,10,11,iv_vi_rocksalt,1,iv_vi_rocksalt,,
Sn0.915Te1,16,11,11,11,11,iv_vi_rocksalt,1,iv_vi_rocksalt,,
Sn0.91Sb0.18Te1.18,12,10,7,6,10,iv_vi_rocksalt,1,iv_vi_rocksalt,,
Sn0.91Te0.73Se0.18,14,10,0,11,8,iv_vi_rocksalt,1,iv_vi_rocksalt,,
Sn0.91Te1,135,79,85,80,93,iv_vi_rocksalt,1,iv_vi_rocksalt,,
Sn0.91Te1.05,17,11,11,11,7,iv_vi_rocksalt,1,iv_vi_rocksalt,,
Sn0.9215Te1,13,8,10,10,7,iv_vi_rocksalt,1,iv_vi_rocksalt,,
Sn0.925Se1,18,9,6,11,9,snse_type,2,snse_type;iv_vi_rocksalt,,
Sn0.92Se1,14,10,7,10,9,snse_type,2,snse_type;iv_vi_rocksalt,,
Sn0.92Te1,169,126,125,121,124,iv_vi_rocksalt,1,iv_vi_rocksalt,,
Sn0.92Te1.05,15,10,10,10,12,iv_vi_rocksalt,1,iv_vi_rocksalt,,
Sn0.92Te1.08,101,53,53,55,51,unassignable,0,,gete_type,ratio spread 0.160 > 0.15
Sn0.9306Se1,19,11,11,11,11,snse_type,2,snse_type;iv_vi_rocksalt,,
Sn0.93Bi2Te4,28,24,25,15,25,gete_sb2te3_pseudobinary,1,gete_sb2te3_pseudobinary,,
Sn0.93Se0.95,18,7,9,10,9,snse_type,2,snse_type;iv_vi_rocksalt,,
Sn0.93Se1,16,8,9,9,7,snse_type,2,snse_type;iv_vi_rocksalt,,
Sn0.93Te0.93,20,10,10,10,10,iv_vi_rocksalt,1,iv_vi_rocksalt,,
Sn0.93Te1,122,85,86,86,45,iv_vi_rocksalt,1,iv_vi_rocksalt,,
Sn0.93Te1.05,30,26,27,9,19,iv_vi_rocksalt,1,iv_vi_rocksalt,,
Sn0.93Te1.07,14,11,11,10,11,iv_vi_rocksalt,1,iv_vi_rocksalt,,
Sn0.9405Se1,19,9,10,11,11,snse_type,2,snse_type;iv_vi_rocksalt,,
Sn0.9405Te1,14,6,10,10,10,iv_vi_rocksalt,1,iv_vi_rocksalt,,
Sn0.94525Te1,10,10,10,10,10,iv_vi_rocksalt,1,iv_vi_rocksalt,,
Sn0.945Te1,10,5,6,6,4,iv_vi_rocksalt,1,iv_vi_rocksalt,,
Sn0.94O2,16,14,6,2,0,other_oxide,1,other_oxide,,
Sn0.94Sb0.12Te1.12,12,10,10,7,10,iv_vi_rocksalt,1,iv_vi_rocksalt,,
Sn0.94Se1,15,11,12,13,11,snse_type,2,snse_type;iv_vi_rocksalt,,
Sn0.94Te0.82Se0.12,20,10,10,9,10,iv_vi_rocksalt,1,iv_vi_rocksalt,,
Sn0.94Te0.94,9,9,9,9,9,iv_vi_rocksalt,1,iv_vi_rocksalt,,
Sn0.94Te1,292,209,194,220,224,iv_vi_rocksalt,1,iv_vi_rocksalt,,
Sn0.94Te1.05,25,9,19,5,10,iv_vi_rocksalt,1,iv_vi_rocksalt,,
Sn0.95Bi2Te4,27,23,23,13,23,gete_sb2te3_pseudobinary,1,gete_sb2te3_pseudobinary,,
Sn0.95O2,52,32,7,11,3,other_oxide,1,other_oxide,,
Sn0.95S1,8,4,0,3,4,snse_type,2,snse_type;iv_vi_rocksalt,,
Sn0.95Se0.95,3,3,3,3,3,snse_type,2,snse_type;iv_vi_rocksalt,,
Sn0.95Se1,43,24,20,24,21,snse_type,2,snse_type;iv_vi_rocksalt,,
Sn0.95Te0.95,31,19,21,19,19,iv_vi_rocksalt,1,iv_vi_rocksalt,,
Sn0.95Te1,179,132,109,118,120,iv_vi_rocksalt,1,iv_vi_rocksalt,,
Sn0.95Te1.05,61,44,39,30,45,iv_vi_rocksalt,1,iv_vi_rocksalt,,
Sn0.9Ge0.1Te1,22,20,21,13,4,iv_vi_rocksalt,1,iv_vi_rocksalt,,
Sn0.9O2,4,4,0,0,0,other_oxide,1,other_oxide,,
Sn0.9Pb0.1Se1,10,5,2,6,7,snse_type,2,snse_type;iv_vi_rocksalt,,
Sn0.9Te1,106,71,73,48,49,iv_vi_rocksalt,1,iv_vi_rocksalt,,
Sn0.9Te1.1,14,11,11,10,11,unassignable,0,,gete_type,ratio spread 0.200 > 0.15
Sn0.9Te1Pb0.1,17,8,9,8,6,iv_vi_rocksalt,1,iv_vi_rocksalt,,
Sn1.05Te1,11,10,10,10,10,iv_vi_rocksalt,1,iv_vi_rocksalt,,
Sn1.06Te1,18,12,10,9,6,iv_vi_rocksalt,1,iv_vi_rocksalt,,
Sn1.08Te1,18,11,10,10,10,iv_vi_rocksalt,1,iv_vi_rocksalt,,
Sn1.1Bi1.9Te4,13,13,13,0,0,gete_sb2te3_pseudobinary,1,gete_sb2te3_pseudobinary,,
Sn1.1Te1,33,16,16,15,17,iv_vi_rocksalt,1,iv_vi_rocksalt,,
Sn1.2Bi1.8Te4,13,13,12,0,0,gete_sb2te3_pseudobinary,1,gete_sb2te3_pseudobinary,,
Sn1.425Te1.5Ir1,4,4,1,0,0,unassignable,0,,gete_type,elements outside rule: Ir
Sn1.45Te1.5Ir1,4,4,0,0,0,unassignable,0,,gete_type,elements outside rule: Ir
Sn1.475Te1.5Ir1,5,5,0,0,0,unassignable,0,,gete_type,elements outside rule: Ir
Sn1.4Te1.5Ir1,4,4,0,0,0,unassignable,0,,gete_type,elements outside rule: Ir
Sn1.5Ge2.5Sb1Te5,12,6,6,6,0,gete_type,2,gete_type;iv_vi_rocksalt,,
Sn1.5Te1.5Ir1,29,22,10,5,16,unassignable,0,,gete_type,elements outside rule: Ir
Sn1.5Te1.5Rh1,19,9,18,5,14,unassignable,0,,gete_type,elements outside rule: Rh
Sn10Sb2Te13,6,6,6,6,6,iv_vi_rocksalt,1,iv_vi_rocksalt,,
Sn10Te11,69,56,60,52,60,iv_vi_rocksalt,1,iv_vi_rocksalt,,
Sn10Te87,12,12,12,7,7,unassignable,0,,gete_type,ratio spread 1.588 > 0.15
Sn10Te89,12,12,12,7,7,unassignable,0,,gete_type,ratio spread 1.596 > 0.15
Sn11Pb7,12,0,0,0,12,unassignable,0,,snse_type,a required site is empty
Sn11Te20Pb7,12,0,0,0,12,iv_vi_rocksalt,1,iv_vi_rocksalt,,
Sn12Sb2Te15,25,25,25,25,25,iv_vi_rocksalt,1,iv_vi_rocksalt,,
Sn13(Te4Pb)5,15,6,6,15,15,iv_vi_rocksalt,1,iv_vi_rocksalt,,
Sn15Te17,42,30,29,30,30,iv_vi_rocksalt,1,iv_vi_rocksalt,,
Sn15Te20Pb3,14,9,6,5,4,iv_vi_rocksalt,1,iv_vi_rocksalt,,
Sn17Te83,12,12,12,7,7,unassignable,0,,gete_type,ratio spread 1.320 > 0.15
Sn19(SbI)4,3,0,0,3,0,unassignable,0,,gete_type,elements outside rule: I
Sn1Bi0.5Te1.75,13,6,12,0,0,gete_sb2te3_pseudobinary,1,gete_sb2te3_pseudobinary,,
Sn1Bi1.5Te3.25,13,7,12,0,0,gete_sb2te3_pseudobinary,1,gete_sb2te3_pseudobinary,,
Sn1Bi1Te2.5,14,6,12,0,0,gete_sb2te3_pseudobinary,1,gete_sb2te3_pseudobinary,,
Sn1Bi2.5Te5,9,4,7,0,0,gete_sb2te3_pseudobinary,1,gete_sb2te3_pseudobinary,,
Sn1Bi3.5Te6,12,7,11,0,0,gete_sb2te3_pseudobinary,1,gete_sb2te3_pseudobinary,,
Sn1Bi3Te5.5,6,6,0,0,0,gete_sb2te3_pseudobinary,1,gete_sb2te3_pseudobinary,,
Sn1Bi4.5Te8,12,6,11,0,0,gete_sb2te3_pseudobinary,1,gete_sb2te3_pseudobinary,,
Sn1S0.91,22,10,10,10,20,snse_type,2,snse_type;iv_vi_rocksalt,,
Sn1S0.94,11,10,10,10,10,snse_type,2,snse_type;iv_vi_rocksalt,,
Sn1Se0.12S0.88,13,10,6,10,7,snse_type,2,snse_type;iv_vi_rocksalt,,
Sn1Se0.1S0.9,8,4,0,5,6,snse_type,2,snse_type;iv_vi_rocksalt,,
Sn1Se0.2S0.8,15,5,0,7,10,snse_type,2,snse_type;iv_vi_rocksalt,,
Sn1Se0.3S0.7,12,1,0,10,7,snse_type,2,snse_type;iv_vi_rocksalt,,
Sn1Se0.4S0.6,9,2,0,5,6,snse_type,2,snse_type;iv_vi_rocksalt,,
Sn1Se0.5S0.5,90,48,42,48,57,snse_type,2,snse_type;iv_vi_rocksalt,,
Sn1Se0.7S0.3,10,10,6,0,0,snse_type,2,snse_type;iv_vi_rocksalt,,
Sn1Se0.8S0.2,18,8,1,4,8,snse_type,2,snse_type;iv_vi_rocksalt,,
Sn1Se0.92,11,9,9,7,10,snse_type,2,snse_type;iv_vi_rocksalt,,
Sn1Se0.94,18,10,9,10,8,snse_type,2,snse_type;iv_vi_rocksalt,,
Sn1Se0.9443,14,13,8,13,13,snse_type,2,snse_type;iv_vi_rocksalt,,
Sn1Se0.9481,15,14,14,14,14,snse_type,2,snse_type;iv_vi_rocksalt,,
Sn1Se0.94867,14,13,7,13,13,snse_type,2,snse_type;iv_vi_rocksalt,,
Sn1Se0.94905,14,13,8,13,13,snse_type,2,snse_type;iv_vi_rocksalt,,
Sn1Se0.95,81,59,52,38,45,snse_type,2,snse_type;iv_vi_rocksalt,,
Sn1Se0.95Cl0.15,12,9,6,10,10,unassignable,0,,snse_type,elements outside rule: Cl
Sn1Se0.9S0.1,51,31,25,35,34,snse_type,2,snse_type;iv_vi_rocksalt,,
Sn1Se1.05,4,3,1,0,0,snse_type,2,snse_type;iv_vi_rocksalt,,
Sn1Se1.9,7,7,7,7,0,unassignable,0,,snse_type,ratio spread 0.621 > 0.15
Sn1Se1C0.17,4,3,3,4,3,unassignable,0,,snse_type,elements outside rule: C
Sn1Te0.12Se0.88,10,0,0,10,0,iv_vi_rocksalt,1,iv_vi_rocksalt,,
Sn1Te0.16Se0.84,26,10,9,20,10,iv_vi_rocksalt,1,iv_vi_rocksalt,,
Sn1Te0.1Se0.1,13,10,10,10,8,unassignable,0,,iv_vi_rocksalt,ratio spread 1.333 > 0.15
Sn1Te0.24Se0.76,10,0,0,10,0,iv_vi_rocksalt,1,iv_vi_rocksalt,,
Sn1Te0.2Se0.8,19,12,8,12,12,iv_vi_rocksalt,1,iv_vi_rocksalt,,
Sn1Te0.75Se0.25,8,7,6,1,1,iv_vi_rocksalt,1,iv_vi_rocksalt,,
Sn1Te0.799,11,10,10,10,11,unassignable,0,,gete_type,ratio spread 0.223 > 0.15
Sn1Te0.8,12,10,9,9,0,unassignable,0,,gete_type,ratio spread 0.222 > 0.15
Sn1Te0.816,12,10,10,10,10,unassignable,0,,gete_type,ratio spread 0.203 > 0.15
Sn1Te0.833,32,28,26,0,11,unassignable,0,,gete_type,ratio spread 0.182 > 0.15
Sn1Te0.85,13,10,9,7,9,unassignable,0,,gete_type,ratio spread 0.162 > 0.15
Sn1Te0.9,15,10,6,9,0,iv_vi_rocksalt,1,iv_vi_rocksalt,,
Sn1Te0.91,14,9,0,7,9,iv_vi_rocksalt,1,iv_vi_rocksalt,,
Sn1Te0.925,11,11,11,11,11,iv_vi_rocksalt,1,iv_vi_rocksalt,,
Sn1Te0.93,12,9,9,10,0,iv_vi_rocksalt,1,iv_vi_rocksalt,,
Sn1Te0.95,67,49,47,28,17,iv_vi_rocksalt,1,iv_vi_rocksalt,,
Sn1Te0.9Se0.1,59,41,42,20,24,iv_vi_rocksalt,1,iv_vi_rocksalt,,
Sn1Te0.9Se10,13,8,10,10,8,unassignable,0,,iv_vi_rocksalt,ratio spread 1.664 > 0.15
Sn1Te1.05,153,114,115,58,93,iv_vi_rocksalt,1,iv_vi_rocksalt,,
Sn1Te1.06,25,19,18,19,19,iv_vi_rocksalt,1,iv_vi_rocksalt,,
Sn1Te1.08,10,9,8,6,9,iv_vi_rocksalt,1,iv_vi_rocksalt,,
Sn1Te1Pb0.92Se1,11,7,6,6,7,iv_vi_rocksalt,1,iv_vi_rocksalt,,
Sn1Te1Pb0.94Se1,13,6,5,7,7,iv_vi_rocksalt,1,iv_vi_rocksalt,,
Sn1Te1Pb0.9Se1,11,7,5,6,5,iv_vi_rocksalt,1,iv_vi_rocksalt,,
Sn1Te1Se0.14,8,5,4,8,8,iv_vi_rocksalt,1,iv_vi_rocksalt,,
Sn1Te1Se0.2,12,11,5,11,11,unassignable,0,,iv_vi_rocksalt,ratio spread 0.182 > 0.15
Sn2.5Ge1.5Sb1Te5,14,11,9,8,0,iv_vi_rocksalt,1,iv_vi_rocksalt,,
Sn2.76Te3,18,10,16,8,8,iv_vi_rocksalt,1,iv_vi_rocksalt,,
Sn2.7Te3,15,8,13,11,8,iv_vi_rocksalt,1,iv_vi_rocksalt,,
Sn2.82Te3,20,11,16,9,8,iv_vi_rocksalt,1,iv_vi_rocksalt,,
Sn25Te26,36,30,29,30,29,iv_vi_rocksalt,1,iv_vi_rocksalt,,
Sn25Te27,69,56,60,59,60,iv_vi_rocksalt,1,iv_vi_rocksalt,,
Sn2Bi2Te5,13,13,13,0,0,gete_sb2te3_pseudobinary,1,gete_sb2te3_pseudobinary,,
Sn2Ge2Sb2Te7,42,17,17,16,16,gete_sb2te3_pseudobinary,1,gete_sb2te3_pseudobinary,,
Sn2Ge2SbTe5,14,8,6,9,0,iv_vi_rocksalt,1,iv_vi_rocksalt,,
Sn2Te10Pb7,19,19,19,0,0,iv_vi_rocksalt,1,iv_vi_rocksalt,,
Sn3(Te2Pb)5,15,0,0,0,15,unassignable,0,,gete_type,ratio spread 0.222 > 0.15
Sn3(Te4Pb3)5,30,17,16,19,19,iv_vi_rocksalt,1,iv_vi_rocksalt,,
Sn3(Te5Pb3)2,19,19,19,0,0,iv_vi_rocksalt,1,iv_vi_rocksalt,,
Sn3.5Ge0.5Sb1Te5,12,7,8,5,0,iv_vi_rocksalt,1,iv_vi_rocksalt,,
Sn3.5Ge3.5Sb2Te10,41,17,17,16,16,iv_vi_rocksalt,1,iv_vi_rocksalt,,
Sn3GeSbTe5,18,11,10,5,0,iv_vi_rocksalt,1,iv_vi_rocksalt,,
Sn3Ru2,20,12,15,10,10,unassignable,0,,half_heusler,a required site is empty
Sn3Te12Pb7,12,0,0,0,12,unassignable,0,,gete_type,ratio spread 0.182 > 0.15
Sn3Te17,12,12,12,7,7,unassignable,0,,gete_type,ratio spread 1.400 > 0.15
Sn4(Te2Pb)5,119,119,119,119,119,iv_vi_rocksalt,1,iv_vi_rocksalt,,
Sn4SbTe5,13,7,11,8,5,iv_vi_rocksalt,1,iv_vi_rocksalt,,
Sn529Sb88Te773,33,30,19,30,28,unassignable,0,,gete_sb2te3_pseudobinary,charge imbalance 0.156 > 0.15
Sn5Te20Pb13,64,57,57,15,15,iv_vi_rocksalt,1,iv_vi_rocksalt,,
Sn5Te44,12,12,12,7,7,unassignable,0,,gete_type,ratio spread 1.592 > 0.15
Sn5Te6,71,58,63,41,46,unassignable,0,,gete_type,ratio spread 0.182 > 0.15
Sn6Ge6Sb2Te15,41,17,17,16,16,iv_vi_rocksalt,1,iv_vi_rocksalt,,
Sn6Sb2Te9,6,4,4,4,6,iv_vi_rocksalt,1,iv_vi_rocksalt,,
Sn6Te7,30,24,30,26,30,unassignable,0,,gete_type,ratio spread 0.154 > 0.15
Sn7Te20Pb11,11,0,0,0,11,iv_vi_rocksalt,1,iv_vi_rocksalt,,
Sn7Te8,14,10,10,10,10,iv_vi_rocksalt,1,iv_vi_rocksalt,,
Sn88Pb12Se97,19,10,10,10,10,snse_type,2,snse_type;iv_vi_rocksalt,,
Sn8Sb2Te11,6,6,6,4,6,iv_vi_rocksalt,1,iv_vi_rocksalt,,
Sn8Te10Pb,16,9,7,15,15,iv_vi_rocksalt,1,iv_vi_rocksalt,,
Sn8Te9,30,25,30,26,30,iv_vi_rocksalt,1,iv_vi_rocksalt,,
Sn90Pb10Se97,18,10,10,10,9,snse_type,2,snse_type;iv_vi_rocksalt,,
Sn92Se97,15,9,10,10,9,snse_type,2,snse_type;iv_vi_rocksalt,,
Sn94Se97,17,9,8,10,9,snse_type,2,snse_type;iv_vi_rocksalt,,
Sn96Se97,18,10,10,11,9,snse_type,2,snse_type;iv_vi_rocksalt,,
Sn973(Sb27Te209)6,33,25,19,32,25,iv_vi_rocksalt,1,iv_vi_rocksalt,,
Sn98Se97,17,8,8,10,8,snse_type,2,snse_type;iv_vi_rocksalt,,
Sn9Te10,131,85,102,78,72,iv_vi_rocksalt,1,iv_vi_rocksalt,,
Sn9Te20Pb9,29,18,18,19,19,iv_vi_rocksalt,1,iv_vi_rocksalt,,
SnBi4Se7,5,5,0,0,0,unassignable,0,,iv_vi_rocksalt,"site pn is 0.800 of sites A+pn, not below 1/3"
SnBi4Te7,86,60,82,1,7,gete_sb2te3_pseudobinary,1,gete_sb2te3_pseudobinary,,
SnGe,6,0,0,6,0,unassignable,0,,snse_type,a required site is empty
SnGe3SbTe5,19,6,8,6,12,gete_type,2,gete_type;iv_vi_rocksalt,,
SnGeSb2Te5,9,7,4,7,2,gete_sb2te3_pseudobinary,1,gete_sb2te3_pseudobinary,,
SnO,17,0,0,17,0,other_oxide,1,other_oxide,,
SnO2,143,79,32,21,21,other_oxide,1,other_oxide,,
SnS,297,175,127,115,158,snse_type,2,snse_type;iv_vi_rocksalt,,
SnS2,18,11,16,0,4,unassignable,0,,snse_type,ratio spread 0.667 > 0.15
SnSe,1218,719,782,581,575,snse_type,2,snse_type;iv_vi_rocksalt,,
SnSe2,50,49,49,50,28,unassignable,0,,snse_type,ratio spread 0.667 > 0.15
SnTe,3960,2394,2640,2282,2445,iv_vi_rocksalt,1,iv_vi_rocksalt,,
SnTe3(Pb2S)2,24,9,18,18,15,iv_vi_rocksalt,1,iv_vi_rocksalt,,
SnTe5Pb3,16,16,16,14,13,unassignable,0,,gete_type,ratio spread 0.222 > 0.15
SnTe9,12,12,12,7,7,unassignable,0,,gete_type,ratio spread 1.600 > 0.15
SnTePbSe,78,53,55,50,48,iv_vi_rocksalt,1,iv_vi_rocksalt,,
Sr,6,3,3,0,0,unassignable,0,,skutterudite,filler above 8% of atoms
Sr(AlSi)2,19,16,19,0,5,unassignable,0,,clathrate_type_i,ratio spread 0.553 > 0.15
Sr(CdSb)2,102,91,93,48,77,zintl_122,1,zintl_122,,
Sr(FeSb3)4,27,27,11,12,17,skutterudite,1,skutterudite,,
Sr(Sb3Os)4,8,8,0,0,0,unassignable,0,,skutterudite,elements outside rule: Os
Sr(Sb3Ru)4,8,8,0,0,0,unassignable,0,,half_heusler,elements outside rule: Sr
Sr(ScTe2)2,6,6,0,0,0,unassignable,0,,bicuseo,elements outside rule: Sc
Sr(ZnSb)2,11,6,8,8,7,zintl_122,1,zintl_122,,
Sr0.1176Te1Pb0.8624,12,11,10,10,10,unassignable,0,,bicuseo,a required site is empty
Sr0.12Pb0.88Se1,20,9,17,12,18,unassignable,0,,bicuseo,a required site is empty
Sr0.12Te1Pb0.86,13,11,10,10,0,unassignable,0,,bicuseo,a required site is empty
Sr0.196Te1Pb0.784,10,7,8,8,6,unassignable,0,,bicuseo,a required site is empty
Sr0.1Te1Pb0.88,15,11,8,8,0,unassignable,0,,bicuseo,a required site is empty
Sr0.2375Ti1O3,7,4,4,4,4,perovskite_titanate,2,perovskite_titanate;other_oxide,,
Sr0.25Ca0.5Mn1O3,18,0,18,0,0,manganite,2,manganite;other_oxide,,
Sr0.25La0.5Ti1O3,6,4,4,0,0,perovskite_titanate,2,perovskite_titanate;other_oxide,,
Sr0.25La0.75Mn0.5Co0.25Cu0.25O3,6,0,6,0,0,manganite,2,manganite;other_oxide,,
Sr0.25La0.75Mn0.5Co0.5O3,7,0,7,0,0,other_oxide,1,other_oxide,,
Sr0.25La0.75Mn0.5Cu0.5O3,6,0,6,0,0,manganite,2,manganite;other_oxide,,
Sr0.25La0.75Mn0.7Cr0.3O3,3,0,3,0,0,manganite,2,manganite;other_oxide,,
Sr0.25La0.75Mn0.8O3,9,0,9,0,0,manganite,2,manganite;other_oxide,,
Sr0.25La0.75Mn0.9O3,9,0,9,0,0,manganite,2,manganite;other_oxide,,
Sr0.25La0.75Mn1O3,9,0,9,0,0,manganite,2,manganite;other_oxide,,
Sr0.25La0.75V1O3,4,0,4,0,0,other_oxide,1,other_oxide,,
Sr0.25Mg2Si0.75,16,11,10,5,5,unassignable,0,,mg2x,elements outside rule: Sr
Sr0.26La0.74V1O3,31,18,13,0,0,other_oxide,1,other_oxide,,
Sr0.26Nd0.3Fe1O3,18,0,18,0,0,other_oxide,1,other_oxide,,
Sr0.26Pr0.31Fe1O3,19,0,19,0,0,other_oxide,1,other_oxide,,
Sr0.29Co1O2,9,9,8,0,0,cobaltite,2,cobaltite;other_oxide,,
Sr0.2La0.8Cu1Se1O1,13,13,0,0,0,bicuseo,2,bicuseo;other_oxide,,
Sr0.2Mg2Si0.8,15,10,9,4,5,unassignable,0,,mg2x,elements outside rule: Sr
Sr0.2Ti1Se2,15,0,0,15,0,unassignable,0,,bicuseo,elements outside rule: Ti
Sr0.3125Ti1O3,7,4,4,4,0,perovskite_titanate,2,perovskite_titanate;other_oxide,,
Sr0.32La0.49Fe1O3,20,0,20,0,0,other_oxide,1,other_oxide,,
Sr0.32Sm0.45Fe1O3,20,0,20,0,0,other_oxide,1,other_oxide,,
Sr0.33La0.58Mn1O3,4,0,4,0,0,manganite,2,manganite;other_oxide,,
Sr0.33La0.67Mn0.95O3,3,0,3,0,0,manganite,2,manganite;other_oxide,,
Sr0.33La0.67Mn1O3,46,7,39,0,0,manganite,2,manganite;other_oxide,,
Sr0.33Nd0.67Co1O3,14,0,14,0,0,cobaltite,2,cobaltite;other_oxide,,
Sr0.33Nd0.67Co1O4,5,2,0,3,0,cobaltite,2,cobaltite;other_oxide,,
Sr0.33Pr0.67Mn1O3,3,3,2,2,0,manganite,2,manganite;other_oxide,,
Sr0.35Ca0.5Mn1O3,18,0,18,0,0,manganite,2,manganite;other_oxide,,
Sr0.35Mn1Bi0.65O3,26,0,26,0,0,manganite,2,manganite;other_oxide,,
Sr0.35Ti1O3,6,4,4,4,4,perovskite_titanate,2,perovskite_titanate;other_oxide,,
Sr0.36La0.33Fe1O3,16,0,16,0,0,other_oxide,1,other_oxide,,
Sr0.36La0.36Fe1O3,16,0,16,0,0,other_oxide,1,other_oxide,,
Sr0.3Ca0.5Mn1O3,16,0,16,0,0,manganite,2,manganite;other_oxide,,
Sr0.3Ca0.6Ti1O3,20,18,20,10,11,perovskite_titanate,2,perovskite_titanate;other_oxide,,
Sr0.3Ca0.7Mn1O3,20,12,14,6,11,manganite,2,manganite;other_oxide,,
Sr0.3Gd0.7Co1O3,8,3,3,2,0,cobaltite,2,cobaltite;other_oxide,,
Sr0.3La0.3Fe1O3,20,0,20,0,0,other_oxide,1,other_oxide,,
Sr0.3La0.3Nd0.4Mn1O3,3,0,3,0,0,manganite,2,manganite;other_oxide,,
Sr0.3La0.47Ti1O3,10,2,1,6,1,perovskite_titanate,2,perovskite_titanate;other_oxide,,
Sr0.3La0.6Fe0.9O3,5,0,5,0,0,other_oxide,1,other_oxide,,
Sr0.3La0.7Co1O3,22,6,16,0,0,cobaltite,2,cobaltite;other_oxide,,
Sr0.3La0.7Cu0.8O3,10,0,10,0,0,other_oxide,1,other_oxide,,
Sr0.3La0.7Cu1O3,10,0,10,0,0,other_oxide,1,other_oxide,,
Sr0.3La0.7Fe0.4Cu0.6O3,10,0,10,0,0,other_oxide,1,other_oxide,,
Sr0.3La0.7Fe0.6Cu0.4O3,10,0,10,0,0,other_oxide,1,other_oxide,,
Sr0.3La0.7Fe0.6Ni0.3O3,3,0,3,0,0,other_oxide,1,other_oxide,,
Sr0.3La0.7Fe0.8O3,16,3,13,0,0,other_oxide,1,other_oxide,,
Sr0.3La0.7Fe0.9O3,5,0,5,0,0,other_oxide,1,other_oxide,,
Sr0.3La0.7Fe1O3,16,16,5,0,3,other_oxide,1,other_oxide,,
Sr0.3La0.7Mn0.6Ru0.4O3,3,0,3,0,0,manganite,2,manganite;other_oxide,,
Sr0.3La0.7Mn0.75Ru0.25O3,8,0,8,3,0,manganite,2,manganite;other_oxide,,
Sr0.3La0.7Mn0.7Fe0.3O3,13,0,13,0,0,manganite,2,manganite;other_oxide,,
Sr0.3La0.7Mn0.7Ru0.3O3,8,0,8,0,0,manganite,2,manganite;other_oxide,,
Sr0.3La0.7Mn0.85O3,9,0,9,4,0,manganite,2,manganite;other_oxide,,
Sr0.3La0.7Mn0.8O3,14,0,14,4,0,manganite,2,manganite;other_oxide,,
Sr0.3La0.7Mn0.9O3,19,0,19,3,0,manganite,2,manganite;other_oxide,,
Sr0.3La0.7Mn1O3,54,9,51,1,0,manganite,2,manganite;other_oxide,,
Sr0.3La0.7V1O3,38,18,20,0,0,other_oxide,1,other_oxide,,
Sr0.3Mg2Si0.7,15,11,8,5,5,unassignable,0,,mg2x,elements outside rule: Sr
Sr0.3Nd0.5Mn1O3,3,0,3,0,0,manganite,2,manganite;other_oxide,,
Sr0.3Nd0.7Co0.8O3,18,0,18,0,0,cobaltite,2,cobaltite;other_oxide,,
Sr0.3Nd0.7Co1O3,7,2,5,0,0,cobaltite,2,cobaltite;other_oxide,,
Sr0.3Nd0.7Fe0.4Co0.6O3,18,0,18,0,0,cobaltite,2,cobaltite;other_oxide,,
Sr0.3Nd0.7Fe0.6Co0.4O3,18,0,18,0,0,cobaltite,2,cobaltite;other_oxide,,
Sr0.3Nd0.7Fe0.7Co0.3O3,8,0,8,0,0,cobaltite,2,cobaltite;other_oxide,,
Sr0.3Nd0.7Fe0.8O3,34,0,34,0,0,other_oxide,1,other_oxide,,
Sr0.3Nd0.7Fe1O3,8,0,8,0,0,other_oxide,1,other_oxide,,
Sr0.3Nd0.7Mn1O3,15,0,15,0,0,manganite,2,manganite;other_oxide,,
Sr0.3Pr0.467Ti1O3,61,13,14,20,14,perovskite_titanate,2,perovskite_titanate;other_oxide,,
Sr0.3Pr0.7Co0.8O3,10,0,10,0,0,cobaltite,2,cobaltite;other_oxide,,
Sr0.3Pr0.7Fe0.8O3,20,0,20,0,0,other_oxide,1,other_oxide,,
Sr0.3Pr0.7Fe1O3,45,20,7,0,18,other_oxide,1,other_oxide,,
Sr0.3Pr0.7Mn1O3,11,7,8,3,6,manganite,2,manganite;other_oxide,,
Sr0.3Sm0.7Co1O3,6,0,6,0,0,cobaltite,2,cobaltite;other_oxide,,
Sr0.3Y0.7Mn1O3,14,0,14,0,0,manganite,2,manganite;other_oxide,,
Sr0.425Ti1O3,7,4,4,4,4,perovskite_titanate,2,perovskite_titanate;other_oxide,,
Sr0.44La0.36Fe1O3,23,0,23,0,0,other_oxide,1,other_oxide,,
Sr0.45Ca0.45Ti1O3,20,18,19,10,11,perovskite_titanate,2,perovskite_titanate;other_oxide,,
Sr0.45La0.45Fe0.9O3,3,0,3,0,0,other_oxide,1,other_oxide,,
Sr0.45Mn1Bi0.55O3,42,28,14,0,0,manganite,2,manganite;other_oxide,,
Sr0.45Pr0.367Ti1O3,59,14,14,18,13,perovskite_titanate,2,perovskite_titanate;other_oxide,,
Sr0.45Pr0.4Fe1O3,13,0,13,0,0,other_oxide,1,other_oxide,,
Sr0.45Sm0.5Fe1O3,3,0,3,0,0,other_oxide,1,other_oxide,,
Sr0.47La0.53Mn1O3,17,17,12,0,0,manganite,2,manganite;other_oxide,,
Sr0.47Mn1Bi0.53O3,22,0,22,0,0,manganite,2,manganite;other_oxide,,
Sr0.48La0.72Fe0.8O3.2,3,0,3,0,0,other_oxide,1,other_oxide,,
Sr0.4Ca0.45Mn1O3,34,11,12,6,5,manganite,2,manganite;other_oxide,,
Sr0.4Ca0.55Mn1O3,35,14,11,4,6,manganite,2,manganite;other_oxide,,
Sr0.4Ca0.5Mn1O3,49,9,31,4,5,manganite,2,manganite;other_oxide,,
Sr0.4Ca0.6Ru1O3,19,10,10,9,8,other_oxide,1,other_oxide,,
Sr0.4Co1O2,6,6,0,0,0,cobaltite,2,cobaltite;other_oxide,,
Sr0.4La0.3Pr0.3Mn1O3,4,0,4,0,0,manganite,2,manganite;other_oxide,,
Sr0.4La0.42Mn1O3,3,0,3,0,0,manganite,2,manganite;other_oxide,,
Sr0.4La0.45Fe0.8O3,5,0,5,0,0,other_oxide,1,other_oxide,,
Sr0.4La0.4Fe0.8O3,5,0,5,0,0,other_oxide,1,other_oxide,,
Sr0.4La0.4Ti1O3,4,4,3,0,0,perovskite_titanate,2,perovskite_titanate;other_oxide,,
Sr0.4La0.55Fe0.8O3,5,0,5,0,0,other_oxide,1,other_oxide,,
Sr0.4La0.58Fe0.8O3,11,0,11,0,0,other_oxide,1,other_oxide,,
Sr0.4La0.595Co1O3,3,0,3,0,0,cobaltite,2,cobaltite;other_oxide,,
Sr0.4La0.5Fe0.8O3,5,0,5,0,0,other_oxide,1,other_oxide,,
Sr0.4La0.6Co0.8O3,145,0,145,0,0,cobaltite,2,cobaltite;other_oxide,,
Sr0.4La0.6Co0.9O3,5,0,5,0,0,cobaltite,2,cobaltite;other_oxide,,
Sr0.4La0.6Co1O3,64,4,60,0,0,cobaltite,2,cobaltite;other_oxide,,
Sr0.4La0.6Fe0.5Co0.5O3,15,0,15,0,0,cobaltite,2,cobaltite;other_oxide,,
Sr0.4La0.6Fe0.6Co0.4O3,3,0,3,0,0,cobaltite,2,cobaltite;other_oxide,,
Sr0.4La0.6Fe0.6O3,9,9,0,0,0,other_oxide,1,other_oxide,,
Sr0.4La0.6Fe0.7Co0.3O3,6,0,6,0,0,cobaltite,2,cobaltite;other_oxide,,
Sr0.4La0.6Fe0.8O3,253,3,250,0,0,other_oxide,1,other_oxide,,
Sr0.4La0.6Fe0.9O3,15,0,15,0,0,other_oxide,1,other_oxide,,
Sr0.4La0.6Fe1O3,22,8,14,0,0,other_oxide,1,other_oxide,,
Sr0.4La0.6Mn0.95O3,13,0,13,0,0,manganite,2,manganite;other_oxide,,
Sr0.4La0.6Mn0.9O3,3,0,3,0,0,manganite,2,manganite;other_oxide,,
Sr0.4La0.6Mn1O3,12,0,12,0,0,manganite,2,manganite;other_oxide,,
Sr0.4La0.6V1O3,39,19,20,0,0,other_oxide,1,other_oxide,,
Sr0.4La1.6Cu1O4,9,0,9,0,0,other_oxide,1,other_oxide,,
Sr0.4La1.6Ni1O4,5,5,4,0,0,other_oxide,1,other_oxide,,
Sr0.4Nd0.6Co0.85O3,7,0,7,0,0,cobaltite,2,cobaltite;other_oxide,,
Sr0.4Nd0.6Co0.8O3,17,0,17,0,0,cobaltite,2,cobaltite;other_oxide,,
Sr0.4Nd0.6Co0.95O3,7,0,7,0,0,cobaltite,2,cobaltite;other_oxide,,
Sr0.4Nd0.6Co0.9O3,7,0,7,0,0,cobaltite,2,cobaltite;other_oxide,,
Sr0.4Nd0.6Co1O3,14,2,12,0,0,cobaltite,2,cobaltite;other_oxide,,
Sr0.4Nd0.6Fe0.8O3,27,0,27,0,0,other_oxide,1,other_oxide,,
Sr0.4Nd0.6Fe0.92O3,7,0,7,0,0,other_oxide,1,other_oxide,,
Sr0.4Nd0.6Fe0.94O3,7,0,7,0,0,other_oxide,1,other_oxide,,
Sr0.4Nd0.6Fe0.9O3,7,0,7,0,0,other_oxide,1,other_oxide,,
Sr0.4Nd0.6Fe1O3,21,0,21,0,0,other_oxide,1,other_oxide,,
Sr0.4Pr0.45Mn1O3,3,3,1,3,0,manganite,2,manganite;other_oxide,,
Sr0.4Pr0.54Mn1O3,5,0,5,0,0,manganite,2,manganite;other_oxide,,
Sr0.4Pr0.55Mn1O3,3,2,0,3,0,manganite,2,manganite;other_oxide,,
Sr0.4Pr0.6Co0.8O3,20,0,20,0,0,cobaltite,2,cobaltite;other_oxide,,
Sr0.4Pr0.6Fe0.7O3,4,0,4,0,0,other_oxide,1,other_oxide,,
Sr0.4Pr0.6Fe0.8O3,44,0,44,0,0,other_oxide,1,other_oxide,,
Sr0.4Pr0.6Fe1O3,35,14,8,0,13,other_oxide,1,other_oxide,,
Sr0.4Pr0.6Mn1O3,6,2,3,2,0,manganite,2,manganite;other_oxide,,
Sr0.4Sm0.6Co0.8O3,10,0,10,0,0,cobaltite,2,cobaltite;other_oxide,,
Sr0.4Sm0.6Co1O3,15,0,15,0,0,cobaltite,2,cobaltite;other_oxide,,
Sr0.4Sm0.6Fe0.8O3,10,0,10,0,0,other_oxide,1,other_oxide,,
Sr0.4Sm0.6Fe1O3,12,0,12,0,0,other_oxide,1,other_oxide,,
Sr0.525Ti1O3,7,4,4,4,4,perovskite_titanate,2,perovskite_titanate;other_oxide,,
Sr0.55Mn1Bi0.45O3,52,28,24,0,0,manganite,2,manganite;other_oxide,,
Sr0.56Pr0.44Mn1O3,20,0,20,0,0,manganite,2,manganite;other_oxide,,
Sr0.588Te1Pb0.392,3,2,2,2,1,unassignable,0,,bicuseo,a required site is empty
Sr0.5Ca0.5B6,10,4,4,4,2,unassignable,0,,skutterudite,elements outside rule: B
Sr0.5Ca0.5Ru1O3,20,10,10,10,8,other_oxide,1,other_oxide,,
Sr0.5Eu0.5Ti0.8O3,16,6,11,6,0,perovskite_titanate,2,perovskite_titanate;other_oxide,,
Sr0.5Gd0.5Fe0.8O3,8,0,8,0,0,other_oxide,1,other_oxide,,
Sr0.5Gd0.5Mn1O3,20,10,10,0,0,manganite,2,manganite;other_oxide,,
Sr0.5La0.25Mn1Bi0.25O3,24,12,12,0,0,manganite,2,manganite;other_oxide,,
Sr0.5La0.33Ti1O3,23,4,5,9,5,perovskite_titanate,2,perovskite_titanate;other_oxide,,
Sr0.5La0.3Mn1O3,25,13,12,0,0,manganite,2,manganite;other_oxide,,
Sr0.5La0.4Mn1O3,22,10,12,0,0,manganite,2,manganite;other_oxide,,
Sr0.5La0.5Co0.8O3,85,0,85,0,0,cobaltite,2,cobaltite;other_oxide,,
Sr0.5La0.5Co1O3,26,7,19,0,0,cobaltite,2,cobaltite;other_oxide,,
Sr0.5La0.5Fe0.8O3,203,0,203,0,0,other_oxide,1,other_oxide,,
Sr0.5La0.5Fe0.9O3,13,0,13,0,0,other_oxide,1,other_oxide,,
Sr0.5La1.5Cu1O4,9,0,9,0,0,other_oxide,1,other_oxide,,
Sr0.5Mn1Bi0.3O3,47,23,24,0,0,manganite,2,manganite;other_oxide,,
Sr0.5Mn1Bi0.4O3,47,23,24,0,0,manganite,2,manganite;other_oxide,,
Sr0.5Mn1Bi0.5O3,108,58,50,0,0,manganite,2,manganite;other_oxide,,
Sr0.5Nb2O6,19,10,10,10,10,other_oxide,1,other_oxide,,
Sr0.5Nd0.5Co1O3,7,1,6,0,0,cobaltite,2,cobaltite;other_oxide,,
Sr0.5Nd0.5Fe0.7Co0.3O3,9,0,9,0,0,cobaltite,2,cobaltite;other_oxide,,
Sr0.5Nd0.5Fe0.8O3,27,0,27,0,0,other_oxide,1,other_oxide,,
Sr0.5Nd0.5Fe0.9O3,5,0,5,0,0,other_oxide,1,other_oxide,,
Sr0.5Pr0.5Co0.8O3,10,0,10,0,0,cobaltite,2,cobaltite;other_oxide,,
Sr0.5Pr0.5Fe0.8O3,28,0,28,0,0,other_oxide,1,other_oxide,,
Sr0.5Pr0.5Fe0.9O3,30,0,30,0,0,other_oxide,1,other_oxide,,
Sr0.5Pr0.5Mn1O3,18,0,18,0,0,manganite,2,manganite;other_oxide,,
Sr0.5Pr1Co2O5,10,0,10,0,0,cobaltite,2,cobaltite;other_oxide,,
Sr0.5Sm0.5Co0.8O3,5,0,5,0,0,cobaltite,2,cobaltite;other_oxide,,
Sr0.5Sm0.5Co0.95O3,18,0,18,0,0,cobaltite,2,cobaltite;other_oxide,,
Sr0.5Sm0.5Co0.9O3,18,0,18,0,0,cobaltite,2,cobaltite;other_oxide,,
Sr0.5Sm0.5Co1O3,32,0,32,0,0,cobaltite,2,cobaltite;other_oxide,,
Sr0.5Sm0.5Fe0.8O3,9,0,9,0,0,other_oxide,1,other_oxide,,
Sr0.5Sm0.5Fe1O3,4,0,4,0,0,other_oxide,1,other_oxide,,
Sr0.5Ti1O1.9,13,11,10,11,11,perovskite_titanate,2,perovskite_titanate;other_oxide,,
Sr0.61Nb2O6,138,82,43,46,49,other_oxide,1,other_oxide,,
Sr0.637La0.273Ti0.3Fe0.7O3,5,0,5,0,0,perovskite_titanate,2,perovskite_titanate;other_oxide,,
Sr0.64Mn1Bi0.36O3,35,0,35,0,0,manganite,2,manganite;other_oxide,,
Sr0.651La0.279Ti0.3Fe0.7O3,6,0,6,0,0,perovskite_titanate,2,perovskite_titanate;other_oxide,,
Sr0.65Ho0.35Co1O3,5,0,5,0,0,cobaltite,2,cobaltite;other_oxide,,
Sr0.65Nb2O6,17,10,9,9,9,other_oxide,1,other_oxide,,
Sr0.65Pr0.35Mn1O3,18,0,18,0,0,manganite,2,manganite;other_oxide,,
Sr0.665La0.285Ti0.3Fe0.7O3,6,0,6,0,0,perovskite_titanate,2,perovskite_titanate;other_oxide,,
Sr0.679La0.291Ti0.3Fe0.7O3,3,0,3,0,0,perovskite_titanate,2,perovskite_titanate;other_oxide,,
Sr0.67Gd0.33Fe1O3,3,3,0,0,0,other_oxide,1,other_oxide,,
Sr0.67La0.33Mn1O3,20,10,10,0,0,manganite,2,manganite;other_oxide,,
Sr0.67Nd0.33Co1O3,14,0,14,0,0,cobaltite,2,cobaltite;other_oxide,,
Sr0.6Ca0.3Ti1O3,20,19,19,10,11,perovskite_titanate,2,perovskite_titanate;other_oxide,,
Sr0.6Ca0.4Mn1O3,14,10,11,4,9,manganite,2,manganite;other_oxide,,
Sr0.6Ca0.4Ru1O3,19,10,11,6,5,other_oxide,1,other_oxide,,
Sr0.6Gd0.4Mn1O3,20,10,10,0,0,manganite,2,manganite;other_oxide,,
Sr0.6La0.268Ti1O3,10,0,0,10,0,perovskite_titanate,2,perovskite_titanate;other_oxide,,
Sr0.6La0.4Co0.8O3,28,0,28,0,0,cobaltite,2,cobaltite;other_oxide,,
Sr0.6La0.4Co0.9O3,5,0,5,0,0,cobaltite,2,cobaltite;other_oxide,,
Sr0.6La0.4Co1O3,3,0,3,0,0,cobaltite,2,cobaltite;other_oxide,,
Sr0.6La0.4Fe0.7O3,14,0,14,0,0,other_oxide,1,other_oxide,,
Sr0.6La0.4Fe0.8O3,42,13,29,0,0,other_oxide,1,other_oxide,,
Sr0.6La0.4Ti0.25Fe0.7O3,7,0,7,0,0,perovskite_titanate,2,perovskite_titanate;other_oxide,,
Sr0.6La0.4Ti0.3Fe0.7O3,7,0,7,0,0,perovskite_titanate,2,perovskite_titanate;other_oxide,,
Sr0.6La0.4V1O3,38,18,20,0,0,other_oxide,1,other_oxide,,
Sr0.6La1.4Fe1Co1O6,13,7,9,0,0,cobaltite,2,cobaltite;other_oxide,,
Sr0.6Mn1Bi0.4O3,54,29,25,0,0,manganite,2,manganite;other_oxide,,
Sr0.6Nb2O6,29,20,16,17,20,other_oxide,1,other_oxide,,
Sr0.6Nd0.4Fe0.8O3,18,0,18,0,0,other_oxide,1,other_oxide,,
Sr0.6Pr0.267Ti1O3,65,15,15,20,15,perovskite_titanate,2,perovskite_titanate;other_oxide,,
Sr0.6Pr0.36Fe0.7O3,10,0,10,0,0,other_oxide,1,other_oxide,,
Sr0.6Pr0.38Fe0.7O3,10,0,10,0,0,other_oxide,1,other_oxide,,
Sr0.6Pr0.42Fe0.7O3,10,0,10,0,0,other_oxide,1,other_oxide,,
Sr0.6Pr0.4Co0.7O3,9,0,9,0,0,cobaltite,2,cobaltite;other_oxide,,
Sr0.6Pr0.4Co0.8O3,10,0,10,0,0,cobaltite,2,cobaltite;other_oxide,,
Sr0.6Pr0.4Co0.9O3,10,0,10,0,0,cobaltite,2,cobaltite;other_oxide,,
Sr0.6Pr0.4Fe0.4Co0.5O3,9,0,9,0,0,cobaltite,2,cobaltite;other_oxide,,
Sr0.6Pr0.4Fe0.64O3,8,0,8,0,0,other_oxide,1,other_oxide,,
Sr0.6Pr0.4Fe0.6Co0.3O3,10,0,10,0,0,cobaltite,2,cobaltite;other_oxide,,
Sr0.6Pr0.4Fe0.72O3,9,0,9,0,0,other_oxide,1,other_oxide,,
Sr0.6Pr0.4Fe0.75O3,9,0,9,0,0,other_oxide,1,other_oxide,,
Sr0.6Pr0.4Fe0.76O3,9,0,9,0,0,other_oxide,1,other_oxide,,
Sr0.6Pr0.4Fe0.7O3,19,0,19,0,0,other_oxide,1,other_oxide,,
Sr0.6Pr0.4Fe0.8O3,18,0,18,0,0,other_oxide,1,other_oxide,,
Sr0.6Pr0.4Fe0.9O3,9,0,9,0,0,other_oxide,1,other_oxide,,
Sr0.6Pr0.4Fe1O3,25,12,13,0,0,other_oxide,1,other_oxide,,
Sr0.6Sm0.4Co1O3,28,9,19,0,0,cobaltite,2,cobaltite;other_oxide,,
Sr0.6Y0.4Co1O3,3,0,3,0,0,cobaltite,2,cobaltite;other_oxide,,
Sr0.73Ca0.26Ti1O3,4,3,0,2,0,perovskite_titanate,2,perovskite_titanate;other_oxide,,
Sr0.74Ti1O3,4,3,0,3,0,perovskite_titanate,2,perovskite_titanate;other_oxide,,
Sr0.75B6,15,4,11,3,3,unassignable,0,,skutterudite,elements outside rule: B
Sr0.75Eu1.25Co1O4,3,0,3,0,0,cobaltite,2,cobaltite;other_oxide,,
Sr0.75La0.25Mn0.5Co0.5O3,7,0,7,0,0,other_oxide,1,other_oxide,,
Sr0.75La0.25Ti1O3,12,10,6,9,10,perovskite_titanate,2,perovskite_titanate;other_oxide,,
Sr0.75Pr0.25Mn1O3,20,0,20,0,0,manganite,2,manganite;other_oxide,,
Sr0.75Ti1O3,87,35,35,30,26,perovskite_titanate,2,perovskite_titanate;other_oxide,,
Sr0.76Ti0.9O3,40,10,10,10,10,perovskite_titanate,2,perovskite_titanate;other_oxide,,
Sr0.76Ti1O3,4,4,0,3,0,perovskite_titanate,2,perovskite_titanate;other_oxide,,
Sr0.775Co1O3,3,0,3,0,0,cobaltite,2,cobaltite;other_oxide,,
Sr0.775Ti1O3,27,14,18,9,9,perovskite_titanate,2,perovskite_titanate;other_oxide,,
Sr0.78125Ti1O3,22,6,4,6,6,perovskite_titanate,2,perovskite_titanate;other_oxide,,
Sr0.784Te1Pb0.196,7,5,5,5,1,unassignable,0,,bicuseo,a required site is empty
Sr0.78Ti1O3,14,11,6,10,10,perovskite_titanate,2,perovskite_titanate;other_oxide,,
Sr0.7Ce0.3Mn1O3,12,12,0,0,0,manganite,2,manganite;other_oxide,,
Sr0.7Er0.3Co1O3,9,0,9,0,0,cobaltite,2,cobaltite;other_oxide,,
Sr0.7Gd0.3Mn1O3,20,10,10,0,0,manganite,2,manganite;other_oxide,,
Sr0.7La0.3Co0.8O3,28,0,28,0,0,cobaltite,2,cobaltite;other_oxide,,
Sr0.7La0.3Cr0.3Fe0.7O3,11,0,11,0,0,other_oxide,1,other_oxide,,
Sr0.7La0.3Fe0.8O3,15,0,15,0,0,other_oxide,1,other_oxide,,
Sr0.7La0.3Fe0.9O3,10,0,10,0,0,other_oxide,1,other_oxide,,
Sr0.7La0.3Fe1O3,5,0,5,0,0,other_oxide,1,other_oxide,,
Sr0.7La0.3Ti0.3Fe0.7O3,7,0,7,0,0,perovskite_titanate,2,perovskite_titanate;other_oxide,,
Sr0.7La0.3Ti0.4Co0.6O3,30,0,30,0,0,cobaltite,3,cobaltite;perovskite_titanate;other_oxide,,
Sr0.7La0.3Ti0.55Co0.45O3,5,0,5,0,0,cobaltite,3,cobaltite;perovskite_titanate;other_oxide,,
Sr0.7La0.3Ti0.92O3,10,0,10,0,0,perovskite_titanate,2,perovskite_titanate;other_oxide,,
Sr0.7La0.3Ti0.95O3,10,0,10,0,0,perovskite_titanate,2,perovskite_titanate;other_oxide,,
Sr0.7La0.3Ti0.9O3,10,0,10,0,0,perovskite_titanate,2,perovskite_titanate;other_oxide,,
Sr0.7La0.3Ti1O3,19,0,19,0,0,perovskite_titanate,2,perovskite_titanate;other_oxide,,
Sr0.7Mn1Bi0.3O3,36,28,8,0,0,manganite,2,manganite;other_oxide,,
Sr0.7Nb2O6,96,51,53,56,57,other_oxide,1,other_oxide,,
Sr0.7Nd0.3Cr0.3Fe0.7O3,5,0,5,0,0,other_oxide,1,other_oxide,,
Sr0.7Nd0.3Fe0.7Co0.3O3,10,0,10,0,0,cobaltite,2,cobaltite;other_oxide,,
Sr0.7Nd0.3Fe0.8O3,18,0,18,0,0,other_oxide,1,other_oxide,,
Sr0.7Pr0.3Cr0.3Fe0.7O3,6,0,6,0,0,other_oxide,1,other_oxide,,
Sr0.7Pr0.3Fe1O3,54,16,20,0,18,other_oxide,1,other_oxide,,
Sr0.7Pr0.3Ti1O3,23,11,0,16,6,perovskite_titanate,2,perovskite_titanate;other_oxide,,
Sr0.7Sm0.3Co0.95O3,18,0,18,0,0,cobaltite,2,cobaltite;other_oxide,,
Sr0.7Sm0.3Co0.9O3,18,0,18,0,0,cobaltite,2,cobaltite;other_oxide,,
Sr0.7Sm0.3Co1O3,24,0,24,0,0,cobaltite,2,cobaltite;other_oxide,,
Sr0.7Sm0.3Cr0.3Fe0.7O3,3,0,3,0,0,other_oxide,1,other_oxide,,
Sr0.7Tb0.3Co1O3,9,0,9,0,0,cobaltite,2,cobaltite;other_oxide,,
Sr0.7Ti1O3,68,15,11,31,25,perovskite_titanate,2,perovskite_titanate;other_oxide,,
Sr0.7Y0.3Co1O3,3,0,3,0,0,cobaltite,2,cobaltite;other_oxide,,
Sr0.8125Ti1O3,23,6,6,5,6,perovskite_titanate,2,perovskite_titanate;other_oxide,,
Sr0.825Ti1O3,10,10,0,0,0,perovskite_titanate,2,perovskite_titanate;other_oxide,,
Sr0.82Ti1O3,16,11,10,10,11,perovskite_titanate,2,perovskite_titanate;other_oxide,,
Sr0.83Ti1O3,35,25,25,24,23,perovskite_titanate,2,perovskite_titanate;other_oxide,,
Sr0.84Ti0.9O3,40,10,10,10,10,perovskite_titanate,2,perovskite_titanate;other_oxide,,
Sr0.85Co0.8O3,9,0,9,0,0,cobaltite,2,cobaltite;other_oxide,,
Sr0.85Co1O3,18,0,18,0,0,cobaltite,2,cobaltite;other_oxide,,
Sr0.85Fe0.4Co0.6O3,9,0,9,0,0,cobaltite,2,cobaltite;other_oxide,,
Sr0.85Fe0.6Co0.4O3,8,0,8,0,0,cobaltite,2,cobaltite;other_oxide,,
Sr0.85Fe0.8O3,8,0,8,0,0,other_oxide,1,other_oxide,,
Sr0.85Fe1O3,8,0,8,0,0,other_oxide,1,other_oxide,,
Sr0.85Ta0.3Ti0.7O3,18,9,0,9,9,perovskite_titanate,2,perovskite_titanate;other_oxide,,
Sr0.85Ti1O3,128,53,84,37,24,perovskite_titanate,2,perovskite_titanate;other_oxide,,
Sr0.86Ti0.9O3,40,10,10,10,10,perovskite_titanate,2,perovskite_titanate;other_oxide,,
Sr0.875Ti1O3,46,26,14,6,6,perovskite_titanate,2,perovskite_titanate;other_oxide,,
Sr0.87Ti1O3,35,25,24,24,22,perovskite_titanate,2,perovskite_titanate;other_oxide,,
Sr0.88Ti0.9O3,40,10,10,10,10,perovskite_titanate,2,perovskite_titanate;other_oxide,,
Sr0.88Ti1O3,41,26,26,21,19,perovskite_titanate,2,perovskite_titanate;other_oxide,,
Sr0.89Ti1O3,27,16,16,16,15,perovskite_titanate,2,perovskite_titanate;other_oxide,,
Sr0.8Ce0.2Ti1O1,4,4,0,0,0,perovskite_titanate,2,perovskite_titanate;other_oxide,,
Sr0.8Co0.8O3,43,0,43,0,0,cobaltite,2,cobaltite;other_oxide,,
Sr0.8Co0.9O3,10,0,10,0,0,cobaltite,2,cobaltite;other_oxide,,
Sr0.8Co1O3,42,0,42,0,0,cobaltite,2,cobaltite;other_oxide,,
Sr0.8Fe0.8O3,8,8,0,0,0,other_oxide,1,other_oxide,,
Sr0.8Fe1O3,13,0,13,0,0,other_oxide,1,other_oxide,,
Sr0.8La1.2Fe1Co1O6,13,7,9,0,0,cobaltite,2,cobaltite;other_oxide,,
Sr0.8La1.2Ni1O4,2,0,2,0,0,other_oxide,1,other_oxide,,
Sr0.8Mn0.9O3,4,0,4,0,0,manganite,2,manganite;other_oxide,,
Sr0.8Mn1O3,210,53,157,0,0,manganite,2,manganite;other_oxide,,
Sr0.8Pb1.1O3.2,11,4,8,0,0,other_oxide,1,other_oxide,,
Sr0.8Pb1.2O3.4,9,5,4,0,0,other_oxide,1,other_oxide,,
Sr0.8Pb1O3,17,8,8,0,3,other_oxide,1,other_oxide,,
Sr0.8Ru1O3,23,11,14,8,7,other_oxide,1,other_oxide,,
Sr0.8Ti0.8O3,122,55,62,21,36,perovskite_titanate,2,perovskite_titanate;other_oxide,,
Sr0.8Ti0.95O3,58,20,20,9,9,perovskite_titanate,2,perovskite_titanate;other_oxide,,
Sr0.8Ti0.9O3,89,30,30,10,19,perovskite_titanate,2,perovskite_titanate;other_oxide,,
Sr0.8Ti1O3,283,158,142,116,110,perovskite_titanate,2,perovskite_titanate;other_oxide,,
Sr0.8V0.95O3,8,0,8,0,0,other_oxide,1,other_oxide,,
Sr0.8V0.9O3,8,0,8,0,0,other_oxide,1,other_oxide,,
Sr0.8V1O3,38,10,28,0,0,other_oxide,1,other_oxide,,
Sr0.91Si2,4,3,3,3,4,unassignable,0,,clathrate_type_i,a required site is empty
Sr0.91Ti0.91O3,19,9,10,0,0,perovskite_titanate,2,perovskite_titanate;other_oxide,,
Sr0.91Ti1O3,64,29,29,11,20,perovskite_titanate,2,perovskite_titanate;other_oxide,,
Sr0.923Ti1O3,18,8,8,6,5,perovskite_titanate,2,perovskite_titanate;other_oxide,,
Sr0.925Ti1O3,73,36,49,13,9,perovskite_titanate,2,perovskite_titanate;other_oxide,,
Sr0.92Ti0.95O3,5,0,5,0,0,perovskite_titanate,2,perovskite_titanate;other_oxide,,
Sr0.92Ti1O3,58,24,39,19,16,perovskite_titanate,2,perovskite_titanate;other_oxide,,
Sr0.93Ti0.93O3,15,10,10,8,7,perovskite_titanate,2,perovskite_titanate;other_oxide,,
Sr0.93Ti1O3,48,18,20,5,5,perovskite_titanate,2,perovskite_titanate;other_oxide,,
Sr0.94Ti0.8O3,11,6,0,8,6,perovskite_titanate,2,perovskite_titanate;other_oxide,,
Sr0.94Ti1O3,59,21,20,17,20,perovskite_titanate,2,perovskite_titanate;other_oxide,,
Sr0.95Co0.8O3,8,0,8,0,0,cobaltite,2,cobaltite;other_oxide,,
Sr0.95Co0.95O3,28,0,28,0,0,cobaltite,2,cobaltite;other_oxide,,
Sr0.95Co0.9O3,6,0,6,0,0,cobaltite,2,cobaltite;other_oxide,,
Sr0.95Co1O3,48,0,48,0,0,cobaltite,2,cobaltite;other_oxide,,
Sr0.95Pb1O3,5,5,0,0,0,other_oxide,1,other_oxide,,
Sr0.95Sn1O3,13,6,0,4,3,other_oxide,1,other_oxide,,
Sr0.95Ti0.76O3,10,3,3,1,3,perovskite_titanate,2,perovskite_titanate;other_oxide,,
Sr0.95Ti0.92O3,15,11,11,10,0,perovskite_titanate,2,perovskite_titanate;other_oxide,,
Sr0.95Ti0.95O2.85,6,6,3,3,3,perovskite_titanate,2,perovskite_titanate;other_oxide,,
Sr0.95Ti0.95O3,57,22,29,22,13,perovskite_titanate,2,perovskite_titanate;other_oxide,,
Sr0.95Ti0.9O3,113,45,29,40,29,perovskite_titanate,2,perovskite_titanate;other_oxide,,
Sr0.95Ti1.1O3,60,42,56,30,55,perovskite_titanate,2,perovskite_titanate;other_oxide,,
Sr0.95Ti1O3,497,311,245,123,104,perovskite_titanate,2,perovskite_titanate;other_oxide,,
Sr0.9Ca2Co4O9,5,4,4,0,0,cobaltite,2,cobaltite;other_oxide,,
Sr0.9Co0.8O3,33,0,33,0,0,cobaltite,2,cobaltite;other_oxide,,
Sr0.9Co0.95O3,14,0,14,0,0,cobaltite,2,cobaltite;other_oxide,,
Sr0.9Co0.9O3,11,0,11,0,0,cobaltite,2,cobaltite;other_oxide,,
Sr0.9Co1O3,150,3,147,0,0,cobaltite,2,cobaltite;other_oxide,,
Sr0.9Co2Bi2O8,2,0,2,0,0,cobaltite,2,cobaltite;other_oxide,,
Sr0.9Dy1Ti1O3,13,9,9,9,0,perovskite_titanate,2,perovskite_titanate;other_oxide,,
Sr0.9Fe1O3,9,0,9,0,0,other_oxide,1,other_oxide,,
Sr0.9Hf0.25Zr0.25Ti0.25Sn0.25O3,18,0,0,18,0,perovskite_titanate,2,perovskite_titanate;other_oxide,,
Sr0.9Mn1O3,9,9,0,0,0,manganite,2,manganite;other_oxide,,
Sr0.9Ti0.85O3,10,10,10,10,10,perovskite_titanate,2,perovskite_titanate;other_oxide,,
Sr0.9Ti0.8O3,104,70,52,64,63,perovskite_titanate,2,perovskite_titanate;other_oxide,,
Sr0.9Ti0.95O3,56,15,35,24,24,perovskite_titanate,2,perovskite_titanate;other_oxide,,
Sr0.9Ti0.9O1,7,4,7,4,3,perovskite_titanate,2,perovskite_titanate;other_oxide,,
Sr0.9Ti0.9O3,65,29,29,31,31,perovskite_titanate,2,perovskite_titanate;other_oxide,,
Sr0.9Ti1.05O3,21,6,3,6,6,perovskite_titanate,2,perovskite_titanate;other_oxide,,
Sr0.9Ti1.1O3,22,6,6,4,6,perovskite_titanate,2,perovskite_titanate;other_oxide,,
Sr0.9Ti1.264B0.528O3,35,18,17,0,0,perovskite_titanate,2,perovskite_titanate;other_oxide,,
Sr0.9Ti1O3,1055,576,527,477,372,perovskite_titanate,2,perovskite_titanate;other_oxide,,
Sr1.07Ti1.07O3,36,36,35,0,0,perovskite_titanate,2,perovskite_titanate;other_oxide,,
Sr1.1Ti0.8O3,20,17,18,10,10,perovskite_titanate,2,perovskite_titanate;other_oxide,,
Sr1.25Ca3.75In2Sb6,4,3,2,2,0,unassignable,0,,skutterudite,filler above 8% of atoms
Sr1.2Ca2.8Fe6O13,20,20,0,0,0,other_oxide,1,other_oxide,,
Sr1.2La0.8Ti1Co1O6,5,0,5,0,0,cobaltite,3,cobaltite;perovskite_titanate;other_oxide,,
Sr1.47Cu1Bi1.35Pb0.85O6,3,3,0,0,0,other_oxide,1,other_oxide,,
Sr1.4Ca1.4Co2Bi1.1Pb1.1O9,3,0,0,0,3,cobaltite,2,cobaltite;other_oxide,,
Sr1.4Cu1Bi1.35Pb0.85O6,5,5,0,0,0,other_oxide,1,other_oxide,,
Sr1.59Cu1Bi2.1O6,18,0,18,0,0,other_oxide,1,other_oxide,,
Sr1.5La0.5Mn1Mo1O6,11,11,0,0,0,manganite,2,manganite;other_oxide,,
Sr1.6Er1Ru1O6,3,3,0,0,0,other_oxide,1,other_oxide,,
Sr1.6Ti1Co1O6,5,0,5,0,0,cobaltite,3,cobaltite;perovskite_titanate;other_oxide,,
Sr1.75Co1O3,3,0,3,0,0,cobaltite,2,cobaltite;other_oxide,,
Sr1.75Ti1Fe1O6,10,10,0,0,0,perovskite_titanate,2,perovskite_titanate;other_oxide,,
Sr1.7Co1O3,3,0,3,0,0,cobaltite,2,cobaltite;other_oxide,,
Sr1.7Co2Bi1.5O7,3,3,0,0,0,cobaltite,2,cobaltite;other_oxide,,
Sr1.7Co2Bi1.5O8,19,19,8,0,0,cobaltite,2,cobaltite;other_oxide,,
Sr1.7Mn1Mo1O6,16,8,0,5,10,manganite,2,manganite;other_oxide,,
Sr1.7Ni1O4,52,0,52,0,0,other_oxide,1,other_oxide,,
Sr1.85Co1O3,3,0,3,0,0,cobaltite,2,cobaltite;other_oxide,,
Sr1.85Ti1Co1O6,3,2,0,0,2,cobaltite,3,cobaltite;perovskite_titanate;other_oxide,,
Sr1.85Ti1Fe1O6,11,11,0,0,0,perovskite_titanate,2,perovskite_titanate;other_oxide,,
Sr1.875Co2Bi2O8,19,19,19,0,0,cobaltite,2,cobaltite;other_oxide,,
Sr1.88Cu1Bi1.74O6,14,14,0,0,0,other_oxide,1,other_oxide,,
Sr1.8Co1O3,3,0,3,0,0,cobaltite,2,cobaltite;other_oxide,,
Sr1.8Co2Bi1.5O8,37,31,29,0,0,cobaltite,2,cobaltite;other_oxide,,
Sr1.8Er1Ru1O6,9,7,0,2,0,other_oxide,1,other_oxide,,
Sr1.8La1.2Mn2O7,4,0,4,0,0,manganite,2,manganite;other_oxide,,
Sr1.8Mn1Mo1O6,13,6,0,4,6,manganite,2,manganite;other_oxide,,
Sr1.8Ti1Co1O6,10,5,5,0,2,cobaltite,3,cobaltite;perovskite_titanate;other_oxide,,
Sr1.8Ti1O4,43,11,11,10,11,perovskite_titanate,2,perovskite_titanate;other_oxide,,
Sr1.9Ca1.2Co4O10,24,3,23,0,0,cobaltite,2,cobaltite;other_oxide,,
Sr1.9Co1O3,3,0,3,0,0,cobaltite,2,cobaltite;other_oxide,,
Sr1.9Co2Bi1.5O8,19,19,8,0,0,cobaltite,2,cobaltite;other_oxide,,
Sr1.9Co2Bi2O8,19,19,19,0,0,cobaltite,2,cobaltite;other_oxide,,
Sr1.9Er1Ru1O6,12,12,0,0,0,other_oxide,1,other_oxide,,
Sr1.9Mn1Mo1O6,13,7,0,6,7,manganite,2,manganite;other_oxide,,
Sr1.9Nb2O7,3,3,0,0,0,other_oxide,1,other_oxide,,
Sr1.9Ti1Co1O6,4,2,0,0,2,cobaltite,3,cobaltite;perovskite_titanate;other_oxide,,
Sr1.9Ti1Fe1O6,9,9,0,0,0,perovskite_titanate,2,perovskite_titanate;other_oxide,,
Sr1.9Ti1O4,39,12,13,14,33,perovskite_titanate,2,perovskite_titanate;other_oxide,,
Sr10Ru9O28,20,8,14,17,9,other_oxide,1,other_oxide,,
Sr10Ti10O31,11,0,0,11,0,perovskite_titanate,2,perovskite_titanate;other_oxide,,
Sr10Ti25O61,11,7,7,5,5,perovskite_titanate,2,perovskite_titanate;other_oxide,,
Sr12Ti12Nb11O45,20,20,20,0,0,perovskite_titanate,2,perovskite_titanate;other_oxide,,
Sr12Ti12Nb3.4O37,20,20,20,0,0,perovskite_titanate,2,perovskite_titanate;other_oxide,,
Sr130Ti129O390,8,0,8,0,0,perovskite_titanate,2,perovskite_titanate;other_oxide,,
Sr14Ga29Ge56,20,20,19,5,5,clathrate_type_i,1,clathrate_type_i,,
Sr15(Ga15Ge28)2,20,20,16,5,5,clathrate_type_i,1,clathrate_type_i,,
Sr15Ga29Ge57,40,40,37,9,8,clathrate_type_i,1,clathrate_type_i,,
Sr16Ga28Ge55,19,10,10,10,11,clathrate_type_i,1,clathrate_type_i,,
Sr16Ga29Ge55,19,9,9,10,10,clathrate_type_i,1,clathrate_type_i,,
Sr16Ga39Ge97,7,0,0,7,0,unassignable,0,,clathrate_type_i,ratio spread 0.482 > 0.15
Sr17(Ga5Ge12)8,20,20,20,0,7,unassignable,0,,clathrate_type_i,ratio spread 0.412 > 0.15
Sr17Ga27Ge56,19,5,10,8,9,unassignable,0,,clathrate_type_i,ratio spread 0.231 > 0.15
Sr17Ga28Ge55,20,10,10,9,8,unassignable,0,,clathrate_type_i,ratio spread 0.197 > 0.15
Sr17Ti20O61,10,0,0,10,0,perovskite_titanate,2,perovskite_titanate;other_oxide,,
Sr185Ti184O555,13,0,13,0,0,perovskite_titanate,2,perovskite_titanate;other_oxide,,
Sr18Ti20O61,15,10,9,9,0,perovskite_titanate,2,perovskite_titanate;other_oxide,,
Sr19Ti20O61,17,10,11,0,0,perovskite_titanate,2,perovskite_titanate;other_oxide,,
Sr1Ca1Co2Pb0.7O6.42,3,2,2,0,0,cobaltite,2,cobaltite;other_oxide,,
Sr1Co0.5O3,11,0,11,0,0,cobaltite,2,cobaltite;other_oxide,,
Sr1Co0.6Ni0.4O3,9,0,9,0,0,cobaltite,2,cobaltite;other_oxide,,
Sr1Co0.7Ni0.3O3,10,0,10,0,0,cobaltite,2,cobaltite;other_oxide,,
Sr1Co0.7O3,28,0,28,0,0,cobaltite,2,cobaltite;other_oxide,,
Sr1Co0.85O3,66,0,66,0,0,cobaltite,2,cobaltite;other_oxide,,
Sr1Co0.8O3,205,0,205,0,0,cobaltite,2,cobaltite;other_oxide,,
Sr1Co0.95O3,91,0,91,0,0,cobaltite,2,cobaltite;other_oxide,,
Sr1Co0.9O3,244,0,244,0,0,cobaltite,2,cobaltite;other_oxide,,
Sr1Co1O3.2,4,4,2,0,0,cobaltite,2,cobaltite;other_oxide,,
Sr1Co1O3.3,4,3,2,0,0,cobaltite,2,cobaltite;other_oxide,,
Sr1Fe0.25Co0.5O3,7,0,7,0,0,cobaltite,2,cobaltite;other_oxide,,
Sr1Fe0.45Co0.45O3,8,0,8,0,0,cobaltite,2,cobaltite;other_oxide,,
Sr1Fe0.45Co0.5O3,10,0,10,0,0,cobaltite,2,cobaltite;other_oxide,,
Sr1Fe0.475Co0.475O3,32,0,32,0,0,cobaltite,2,cobaltite;other_oxide,,
Sr1Fe0.4Co0.4O3,3,0,3,0,0,cobaltite,2,cobaltite;other_oxide,,
Sr1Fe0.4Co0.6O3,7,0,7,0,0,cobaltite,2,cobaltite;other_oxide,,
Sr1Fe0.55Co0.4O3,10,0,10,0,0,cobaltite,2,cobaltite;other_oxide,,
Sr1Fe0.6Co0.4O3,7,0,7,0,0,cobaltite,2,cobaltite;other_oxide,,
Sr1Fe0.6Cu0.3O3,7,0,7,0,0,other_oxide,1,other_oxide,,
Sr1Fe0.6O3,12,0,12,0,0,other_oxide,1,other_oxide,,
Sr1Fe0.75Co0.25O2.69,11,0,11,0,0,cobaltite,2,cobaltite;other_oxide,,
Sr1Fe0.75O3,13,0,13,0,0,other_oxide,1,other_oxide,,
Sr1Fe0.7Cu0.3O3,6,0,6,0,0,other_oxide,1,other_oxide,,
Sr1Fe0.7O3,20,0,20,0,0,other_oxide,1,other_oxide,,
Sr1Fe0.8O3,112,0,112,0,0,other_oxide,1,other_oxide,,
Sr1Fe0.95O3,13,0,13,0,0,other_oxide,1,other_oxide,,
Sr1Fe0.9O3,93,0,93,0,0,other_oxide,1,other_oxide,,
Sr1Ge5.6,9,9,0,0,0,unassignable,0,,clathrate_type_i,a required site is empty
Sr1La1Ni0.8O4,40,12,28,0,0,other_oxide,1,other_oxide,,
Sr1La1Ni0.9O4,43,10,33,0,0,other_oxide,1,other_oxide,,
Sr1Mo0.8O3,21,0,21,0,0,other_oxide,1,other_oxide,,
Sr1Mo0.9O3,58,0,58,0,0,other_oxide,1,other_oxide,,
Sr1Mo1N1.05O2,14,14,14,0,0,other_oxide,1,other_oxide,,
Sr1Mo1N1.19O1.81,14,14,14,0,0,other_oxide,1,other_oxide,,
Sr1Mo1N1.27O1.73,14,14,14,0,0,other_oxide,1,other_oxide,,
Sr1Nb0.3V0.7O3,4,0,4,0,0,other_oxide,1,other_oxide,,
Sr1Pb1S1.9,18,17,15,17,16,unassignable,0,,bicuseo,a required site is empty
Sr1Ru0.92O3,4,1,4,0,0,other_oxide,1,other_oxide,,
Sr1Ru0.9O3,4,1,4,0,0,other_oxide,1,other_oxide,,
Sr1Ta0.3Ti0.7O3,17,9,0,9,2,perovskite_titanate,2,perovskite_titanate;other_oxide,,
Sr1Ti0.3Fe0.55O3,6,0,6,0,0,perovskite_titanate,2,perovskite_titanate;other_oxide,,
Sr1Ti0.3Fe0.63O3,3,0,3,0,0,perovskite_titanate,2,perovskite_titanate;other_oxide,,
Sr1Ti0.3Fe0.6O3,5,0,5,0,0,perovskite_titanate,2,perovskite_titanate;other_oxide,,
Sr1Ti0.3Fe0.7O3,11,0,11,0,0,perovskite_titanate,2,perovskite_titanate;other_oxide,,
Sr1Ti0.85O3,71,34,9,37,28,perovskite_titanate,2,perovskite_titanate;other_oxide,,
Sr1Ti0.88O2.75,20,20,12,0,15,perovskite_titanate,2,perovskite_titanate;other_oxide,,
Sr1Ti0.88O3,52,20,41,0,0,perovskite_titanate,2,perovskite_titanate;other_oxide,,
Sr1Ti0.8O2.75,41,9,38,0,12,perovskite_titanate,2,perovskite_titanate;other_oxide,,
Sr1Ti0.8O3,114,70,44,68,49,perovskite_titanate,2,perovskite_titanate;other_oxide,,
Sr1Ti0.94O3,37,15,5,15,14,perovskite_titanate,2,perovskite_titanate;other_oxide,,
Sr1Ti0.95O3,118,84,16,33,33,perovskite_titanate,2,perovskite_titanate;other_oxide,,
Sr1Ti0.9O3,148,52,41,55,50,perovskite_titanate,2,perovskite_titanate;other_oxide,,
Sr1Ti1.264B0.528O3,28,14,14,0,0,perovskite_titanate,2,perovskite_titanate;other_oxide,,
Sr1Ti1C0.31O3,12,11,11,5,5,perovskite_titanate,2,perovskite_titanate;other_oxide,,
Sr1Ti1C0.63O3,12,11,11,5,5,perovskite_titanate,2,perovskite_titanate;other_oxide,,
Sr1Ti1O2.75,3,3,2,0,0,perovskite_titanate,2,perovskite_titanate;other_oxide,,
Sr1Ti1O2.8,23,18,18,18,17,perovskite_titanate,2,perovskite_titanate;other_oxide,,
Sr1V0.5Mo0.5O3,11,0,11,0,0,other_oxide,1,other_oxide,,
Sr1V0.8O3,4,0,4,0,0,other_oxide,1,other_oxide,,
Sr1V0.95O3,4,0,4,0,0,other_oxide,1,other_oxide,,
Sr1V0.9O3,4,0,4,0,0,other_oxide,1,other_oxide,,
Sr1Zn0.25Cu0.5Sb1,12,10,10,10,10,unassignable,0,,zintl_122,elements outside rule: Cu
Sr1Zr0.85O3,3,0,0,3,0,other_oxide,1,other_oxide,,
Sr2.3Co4O10,22,1,22,0,0,cobaltite,2,cobaltite;other_oxide,,
Sr2.4Ca1.6Fe6O13,20,20,0,0,0,other_oxide,1,other_oxide,,
Sr2.4Dy0.6Co2O6,23,20,3,0,0,cobaltite,2,cobaltite;other_oxide,,
Sr2.4Dy0.6Co2O7,34,20,14,0,0,cobaltite,2,cobaltite;other_oxide,,
Sr2.5Ca2.5In2Sb6,6,4,2,5,0,unassignable,0,,skutterudite,filler above 8% of atoms
Sr2.5Co2Bi1.5O9,6,1,2,3,0,cobaltite,2,cobaltite;other_oxide,,
Sr2.7Co4O10,13,3,12,0,0,cobaltite,2,cobaltite;other_oxide,,
Sr2.7La1Ti2O7,39,23,20,20,19,perovskite_titanate,2,perovskite_titanate;other_oxide,,
Sr2.7Ti1.7O7,13,9,9,0,9,perovskite_titanate,2,perovskite_titanate;other_oxide,,
Sr2.7Ti1.8O7,39,29,29,38,29,perovskite_titanate,2,perovskite_titanate;other_oxide,,
Sr2.7Ti1.9O7,49,27,38,38,28,perovskite_titanate,2,perovskite_titanate;other_oxide,,
Sr2.7Ti2O7,91,42,49,47,54,perovskite_titanate,2,perovskite_titanate;other_oxide,,
Sr2.85Ti1.7O7,20,20,19,18,19,perovskite_titanate,2,perovskite_titanate;other_oxide,,
Sr2.85Ti1.8O7,18,18,18,18,18,perovskite_titanate,2,perovskite_titanate;other_oxide,,
Sr2.85Ti1.9O7,20,20,20,20,19,perovskite_titanate,2,perovskite_titanate;other_oxide,,
Sr2.85Ti2O7,144,98,100,81,96,perovskite_titanate,2,perovskite_titanate;other_oxide,,
Sr2.8Ti2O7,10,9,6,0,0,perovskite_titanate,2,perovskite_titanate;other_oxide,,
Sr20La30Ti28Mn43(Bi14O117)2,12,0,0,12,11,perovskite_titanate,3,perovskite_titanate;manganite;other_oxide,,
Sr20Ti19O60,7,0,7,0,0,perovskite_titanate,2,perovskite_titanate;other_oxide,,
Sr25Ti50O128,14,8,9,5,5,perovskite_titanate,2,perovskite_titanate;other_oxide,,
Sr2CaCu2(BiO4)2,14,9,5,0,0,other_oxide,1,other_oxide,,
Sr2Co1.6Bi2O8,20,10,19,0,0,cobaltite,2,cobaltite;other_oxide,,
Sr2Co1.75Bi2O8,29,29,29,0,0,cobaltite,2,cobaltite;other_oxide,,
Sr2Co1.7Bi2O8,12,12,10,0,0,cobaltite,2,cobaltite;other_oxide,,
Sr2Co1.7Bi2O9,19,5,19,5,5,cobaltite,2,cobaltite;other_oxide,,
Sr2Co1.8Bi1.4O8,11,10,10,0,0,cobaltite,2,cobaltite;other_oxide,,
Sr2Co1.8Bi1.6O7,37,37,36,0,0,cobaltite,2,cobaltite;other_oxide,,
Sr2Co1.8Bi1.6O8,90,86,83,0,0,cobaltite,2,cobaltite;other_oxide,,
Sr2Co1.8Bi1.8O8,10,10,10,0,0,cobaltite,2,cobaltite;other_oxide,,
Sr2Co1.8Bi2O8,462,352,347,3,4,cobaltite,2,cobaltite;other_oxide,,
Sr2Co1.9Bi2O8,4,1,4,1,1,cobaltite,2,cobaltite;other_oxide,,
Sr2Co2Ag1.2Bi2O9,10,10,10,0,0,cobaltite,2,cobaltite;other_oxide,,
Sr2Co2Bi1.4Pb0.8O9,18,17,12,4,4,cobaltite,2,cobaltite;other_oxide,,
Sr2Co2Bi1.5O8,19,15,16,0,0,cobaltite,2,cobaltite;other_oxide,,
Sr2Co2Bi1.6O8,100,99,100,25,25,cobaltite,2,cobaltite;other_oxide,,
Sr2Co2Bi1.85O8,20,15,13,8,10,cobaltite,2,cobaltite;other_oxide,,
Sr2Co2Bi1.875O8,15,10,8,5,5,cobaltite,2,cobaltite;other_oxide,,
Sr2Co2Bi1.8O9,33,20,26,3,3,cobaltite,2,cobaltite;other_oxide,,
Sr2Co2Bi1.9O8,19,16,16,11,10,cobaltite,2,cobaltite;other_oxide,,
Sr2Co2Bi2.2O9,20,17,14,5,4,cobaltite,2,cobaltite;other_oxide,,
Sr2Co2Bi2O9,54,44,47,19,50,cobaltite,2,cobaltite;other_oxide,,
Sr2Co2Pb0.7O6.58,17,17,12,0,0,cobaltite,2,cobaltite;other_oxide,,
Sr2CoCu2(TeO)2,13,10,10,10,6,cobaltite,2,cobaltite;other_oxide,,
Sr2CoO3,3,0,3,0,0,cobaltite,2,cobaltite;other_oxide,,
Sr2Cu1Hg0.7O4,6,0,6,0,0,other_oxide,1,other_oxide,,
Sr2ErRuO6,6,5,0,1,0,other_oxide,1,other_oxide,,
Sr2Fe1.425Mo0.5O6,2,0,2,0,0,other_oxide,1,other_oxide,,
Sr2Fe1.45Mo0.5O6,3,0,3,0,0,other_oxide,1,other_oxide,,
Sr2Fe1.475Mo0.5O6,3,0,3,0,0,other_oxide,1,other_oxide,,
Sr2Fe1.4Mo0.5O6,2,0,2,0,0,other_oxide,1,other_oxide,,
Sr2Fe1.5Mo0.5O6,3,0,3,0,0,other_oxide,1,other_oxide,,
Sr2Fe1Mo0.6O6,18,0,18,0,0,other_oxide,1,other_oxide,,
Sr2Fe1Mo0.7O6,18,0,18,0,0,other_oxide,1,other_oxide,,
Sr2Fe1Mo0.8O6,19,1,19,0,0,other_oxide,1,other_oxide,,
Sr2FeMoO6,3,3,0,0,0,other_oxide,1,other_oxide,,
Sr2Ga0.66Co2.34O6,3,0,3,0,0,cobaltite,2,cobaltite;other_oxide,,
Sr2La0.9Mn2O7,10,10,0,0,0,manganite,2,manganite;other_oxide,,
Sr2La1Mn1.8O7,11,6,0,5,0,manganite,2,manganite;other_oxide,,
Sr2La1Mn1.9O7,5,2,0,3,0,manganite,2,manganite;other_oxide,,
Sr2LaMn2O7,66,46,0,20,0,manganite,2,manganite;other_oxide,,
Sr2Mg4Si3,8,6,0,7,6,unassignable,0,,mg2x,elements outside rule: Sr
Sr2MnCu2(TeO)2,9,9,9,7,9,manganite,2,manganite;other_oxide,,
Sr2MnMoO6,13,10,0,5,0,manganite,2,manganite;other_oxide,,
Sr2Nb0.6Fe1O6,6,6,0,0,0,other_oxide,1,other_oxide,,
Sr2Nb0.8Fe1O6,3,3,0,0,0,other_oxide,1,other_oxide,,
Sr2Nb2O7,19,18,0,1,0,other_oxide,1,other_oxide,,
Sr2Nb5O15,18,12,13,0,0,other_oxide,1,other_oxide,,
Sr2RuO4,32,13,20,22,16,other_oxide,1,other_oxide,,
Sr2Ti0.8O4,28,9,14,0,13,perovskite_titanate,2,perovskite_titanate;other_oxide,,
Sr2Ti0.95O4,35,16,18,11,16,perovskite_titanate,2,perovskite_titanate;other_oxide,,
Sr2Ti0.9O4,35,16,17,0,14,perovskite_titanate,2,perovskite_titanate;other_oxide,,
Sr2Ti1.8O6,14,10,9,0,0,perovskite_titanate,2,perovskite_titanate;other_oxide,,
Sr2TiCoO6,4,1,3,1,1,cobaltite,3,cobaltite;perovskite_titanate;other_oxide,,
Sr2TiFeO6,11,11,0,0,0,perovskite_titanate,2,perovskite_titanate;other_oxide,,
Sr2TiO4,53,38,21,0,0,perovskite_titanate,2,perovskite_titanate;other_oxide,,
Sr2V0.5Fe1Mo0.5O6,18,1,18,0,0,other_oxide,1,other_oxide,,
Sr2YRuO6,11,10,0,4,0,other_oxide,1,other_oxide,,
Sr2ZnCu2(TeO)2,7,7,5,0,0,other_oxide,1,other_oxide,,
Sr3(Co2O5)2,49,8,47,0,0,cobaltite,2,cobaltite;other_oxide,,
Sr3.75Ca1.25In2Sb6,3,0,3,2,0,unassignable,0,,skutterudite,filler above 8% of atoms
Sr3Al0.95Sb3,5,5,3,2,0,unassignable,0,,zintl_14_1_11,M above 10% of atoms
Sr3AlSb3,3,1,0,3,0,unassignable,0,,zintl_14_1_11,M above 10% of atoms
Sr3Co4O9,5,5,0,0,0,cobaltite,2,cobaltite;other_oxide,,
Sr3Fe2O7,13,13,2,0,0,other_oxide,1,other_oxide,,
Sr3Ga0.93Sb3,20,18,16,11,20,unassignable,0,,skutterudite,filler above 8% of atoms
Sr3Ga0.95Sb3,19,19,12,9,19,unassignable,0,,skutterudite,filler above 8% of atoms
Sr3Ga6Ge11,20,19,18,0,0,clathrate_type_i,1,clathrate_type_i,,
Sr3GaSb3,39,36,37,21,39,unassignable,0,,skutterudite,filler above 8% of atoms
Sr3Gd(Co2O5)2,20,19,20,0,0,cobaltite,2,cobaltite;other_oxide,,
Sr3Ti1.6O7,31,8,22,0,12,perovskite_titanate,2,perovskite_titanate;other_oxide,,
Sr3Ti1.7O7,20,18,20,14,19,perovskite_titanate,2,perovskite_titanate;other_oxide,,
Sr3Ti1.8O7,68,35,41,25,41,perovskite_titanate,2,perovskite_titanate;other_oxide,,
Sr3Ti1.9O7,101,70,79,78,65,perovskite_titanate,2,perovskite_titanate;other_oxide,,
Sr3Ti2O7,204,91,94,122,75,perovskite_titanate,2,perovskite_titanate;other_oxide,,
Sr3Ti3Nb10O18,20,20,20,0,0,perovskite_titanate,2,perovskite_titanate;other_oxide,,
Sr3Y(Co2O5)2,21,18,19,0,0,cobaltite,2,cobaltite;other_oxide,,
Sr3Y1Co3.7O10,11,10,10,0,0,cobaltite,2,cobaltite;other_oxide,,
Sr3Y1Co3.8O10,10,10,10,0,0,cobaltite,2,cobaltite;other_oxide,,
Sr4(CoO3)3,30,25,0,0,19,cobaltite,2,cobaltite;other_oxide,,
Sr4(GaGe2)7,20,6,10,9,10,clathrate_type_i,1,clathrate_type_i,,
Sr40La59Ti60Co85(BiO8)60,20,0,0,20,18,cobaltite,3,cobaltite;perovskite_titanate;other_oxide,,
Sr4Al3(GaGe3)5,16,16,0,4,0,clathrate_type_i,1,clathrate_type_i,,
Sr4Al3(GaSi3)5,15,15,0,0,0,clathrate_type_i,1,clathrate_type_i,,
Sr4Al4Ga4Ge15,16,16,0,0,0,clathrate_type_i,1,clathrate_type_i,,
Sr4Al4Ga4Si15,16,16,0,0,0,clathrate_type_i,1,clathrate_type_i,,
Sr4Al5(GaSi5)3,17,17,0,0,0,clathrate_type_i,1,clathrate_type_i,,
Sr4Al6Ga2Si15,16,16,0,0,0,clathrate_type_i,1,clathrate_type_i,,
Sr4Fe6O13,20,20,0,0,0,other_oxide,1,other_oxide,,
Sr4Ga7Ge15,20,0,17,16,20,clathrate_type_i,1,clathrate_type_i,,
Sr4Ga8Ge15,80,63,42,33,53,clathrate_type_i,1,clathrate_type_i,,
Sr4Ga8Si15,15,15,0,0,0,clathrate_type_i,1,clathrate_type_i,,
Sr4Ti3.8O12,15,11,6,0,0,perovskite_titanate,2,perovskite_titanate;other_oxide,,
Sr5(AlSb3)2,3,3,0,0,0,unassignable,0,,zintl_14_1_11,M above 10% of atoms
Sr5(CoO3)4,21,21,0,0,0,cobaltite,2,cobaltite;other_oxide,,
Sr5(InSb3)2,32,32,30,19,32,unassignable,0,,skutterudite,filler above 8% of atoms
Sr5.5Ti7B2.8O16,28,14,14,0,0,perovskite_titanate,2,perovskite_titanate;other_oxide,,
Sr50Ti49O150,9,0,9,0,0,perovskite_titanate,2,perovskite_titanate;other_oxide,,
Sr5In1.9Sb6,19,17,19,10,19,unassignable,0,,skutterudite,filler above 8% of atoms
Sr5Ni2BiO10,44,9,35,0,0,other_oxide,1,other_oxide,,
Sr5Ru4O13,18,6,9,17,8,other_oxide,1,other_oxide,,
Sr5Ru6O11,20,10,14,15,10,other_oxide,1,other_oxide,,
Sr5Ti5O16,17,6,11,11,0,perovskite_titanate,2,perovskite_titanate;other_oxide,,
Sr5Ti7B2.8O16,34,17,17,0,0,perovskite_titanate,2,perovskite_titanate;other_oxide,,
Sr6(CoO3)5,52,51,0,1,0,cobaltite,2,cobaltite;other_oxide,,
Sr64Ti100O271,15,10,10,5,5,perovskite_titanate,2,perovskite_titanate;other_oxide,,
Sr6Co5O14,10,10,0,0,0,cobaltite,2,cobaltite;other_oxide,,
Sr6Ti6Nb10O27,20,20,20,0,0,perovskite_titanate,2,perovskite_titanate;other_oxide,,
Sr6Ti6Nb13O30,20,20,20,0,0,perovskite_titanate,2,perovskite_titanate;other_oxide,,
Sr6Ti6Nb7O24,20,20,20,0,0,perovskite_titanate,2,perovskite_titanate;other_oxide,,
Sr7Ga14Ge29,20,20,19,0,0,clathrate_type_i,1,clathrate_type_i,,
Sr7Ga15Ge28,16,16,12,1,1,clathrate_type_i,1,clathrate_type_i,,
Sr8(GaGe2)15,58,56,55,30,58,clathrate_type_i,1,clathrate_type_i,,
Sr80Ti100O289,14,10,8,5,5,perovskite_titanate,2,perovskite_titanate;other_oxide,,
Sr8Al11(GaSi6)5,16,16,0,0,0,clathrate_type_i,1,clathrate_type_i,,
Sr8Al5Ga11Si30,16,16,0,0,0,clathrate_type_i,1,clathrate_type_i,,
Sr8Al6.5Ga10Ge29,17,16,0,5,0,clathrate_type_i,1,clathrate_type_i,,
Sr8Al6.6Ga11Ge29,15,15,0,0,0,clathrate_type_i,1,clathrate_type_i,,
Sr8Al6Ga10Ge29,23,17,0,5,5,clathrate_type_i,1,clathrate_type_i,,
Sr8Al7(Ga3Si10)3,17,17,0,0,0,clathrate_type_i,1,clathrate_type_i,,
Sr8Al7Ga11Ge28,16,16,0,0,0,unassignable,0,,clathrate_type_i,ratio spread 0.188 > 0.15
Sr8Al9Ga7Si30,17,17,0,0,0,clathrate_type_i,1,clathrate_type_i,,
Sr8Ga14Ge31,19,19,18,5,19,unassignable,0,,clathrate_type_i,ratio spread 0.163 > 0.15
Sr8Ga15Ge31,38,38,37,19,38,clathrate_type_i,1,clathrate_type_i,,
SrAgSb,44,30,29,24,31,unassignable,0,,skutterudite,elements outside rule: Ag
SrB6,16,6,4,7,0,unassignable,0,,skutterudite,elements outside rule: B
SrCa2Co4O9,5,5,0,3,0,cobaltite,2,cobaltite;other_oxide,,
SrCaCo2(BiO4)2,10,6,5,6,1,cobaltite,2,cobaltite;other_oxide,,
SrCoBiO4,133,110,110,31,25,cobaltite,2,cobaltite;other_oxide,,
SrCoO3,57,7,52,0,0,cobaltite,2,cobaltite;other_oxide,,
SrCu2GeSe4,8,0,0,8,0,unassignable,0,,bicuseo,elements outside rule: Ge
SrCuSbSe2O,26,10,0,15,13,unassignable,0,,bicuseo,elements outside rule: Sb
SrFeO3,7,0,7,0,0,other_oxide,1,other_oxide,,
SrLaFeCoO6,13,7,9,0,0,cobaltite,2,cobaltite;other_oxide,,
SrLaMnMoO6,11,11,0,0,5,manganite,2,manganite;other_oxide,,
SrLaNiO4,35,11,24,0,0,other_oxide,1,other_oxide,,
SrMnO3,26,26,7,7,8,manganite,2,manganite;other_oxide,,
SrMoO3,6,6,0,0,0,other_oxide,1,other_oxide,,
SrO3,28,10,8,5,5,other_oxide,1,other_oxide,,
SrOsO3,4,0,4,0,0,other_oxide,1,other_oxide,,
SrPbO3,37,27,10,0,0,other_oxide,1,other_oxide,,
SrRhO3,3,0,3,0,0,other_oxide,1,other_oxide,,
SrRu2O3,20,20,0,0,0,other_oxide,1,other_oxide,,
SrRuO2,35,35,0,0,0,other_oxide,1,other_oxide,,
SrRuO3,121,38,98,36,17,other_oxide,1,other_oxide,,
SrRuO4,10,0,10,0,0,other_oxide,1,other_oxide,,
SrSi2,31,26,26,8,10,unassignable,0,,clathrate_type_i,a required site is empty
SrSnO3,19,8,0,6,5,other_oxide,1,other_oxide,,
SrTi8O3,13,0,13,0,0,perovskite_titanate,2,perovskite_titanate;other_oxide,,
SrTiO3,1279,726,642,236,352,perovskite_titanate,2,perovskite_titanate;other_oxide,,
SrVO3,12,0,12,0,0,other_oxide,1,other_oxide,,
SrZnSb2,10,3,0,10,0,unassignable,0,,zintl_122,ratio spread 0.600 > 0.15
SrZnSbF,11,10,10,10,10,unassignable,0,,zintl_122,elements outside rule: F
SrZrO3,3,0,0,3,0,other_oxide,1,other_oxide,,
Ta0.16Ti0.2Nb0.64Fe1Sb1,117,59,66,66,68,half_heusler,1,half_heusler,,
Ta0.192Ti0.2Nb0.608Fe1Sb1,17,6,10,9,9,half_heusler,1,half_heusler,,
Ta0.256Ti0.2Nb0.544Fe1Sb1,17,10,10,9,10,half_heusler,1,half_heusler,,
Ta0.25Nb0.375V0.375Co1Sb1,8,4,4,4,5,half_heusler,1,half_heusler,,
Ta0.288Ti0.2Nb0.512Fe1Sb1,46,28,30,25,10,half_heusler,1,half_heusler,,
Ta0.2Al1V0.7Fe2,8,7,8,0,0,full_heusler,1,full_heusler,,
Ta0.2Ti0.6Nb0.2Co1Sn0.4Sb0.6,20,0,20,10,18,half_heusler,1,half_heusler,,
Ta0.32Ti0.2Nb0.48Fe1Sb1,18,10,9,10,10,half_heusler,1,half_heusler,,
Ta0.333Nb0.333V0.333Co1Sb1,9,4,5,5,5,half_heusler,1,half_heusler,,
Ta0.3Ti0.4Nb0.3Co1Sn0.6Sb0.4,20,0,20,18,18,half_heusler,1,half_heusler,,
Ta0.4Ti0.2Nb0.4Co1Sn0.8Sb0.2,20,0,20,14,18,half_heusler,1,half_heusler,,
Ta0.4Ti0.6S2,16,13,12,16,8,unassignable,0,,tetradymite,"elements outside rule: Ta,Ti"
Ta0.5Nb0.5Co1Sn1,20,0,20,18,18,half_heusler,1,half_heusler,,
Ta0.67Ti0.66Al0.67Co1Ni1Sn0.5Sb1.5,16,10,10,10,6,unassignable,0,,full_heusler,ratio spread 1.002 > 0.15
Ta0.6Nb0.4Co1Sn0.9,6,6,5,6,6,half_heusler,1,half_heusler,,
Ta0.6Nb0.4Co1Sn0.92,6,5,5,6,6,half_heusler,1,half_heusler,,
Ta0.6Nb0.4Co1Sn0.94,6,6,5,6,6,half_heusler,1,half_heusler,,
Ta0.6Nb0.4Co1Sn1,18,18,16,18,18,half_heusler,1,half_heusler,,
Ta0.84Ti0.16Fe1Sb1,7,6,6,6,6,half_heusler,1,half_heusler,,
Ta0.88Fe1Sb1,7,6,6,6,6,half_heusler,1,half_heusler,,
Ta0.89Fe1Sb1,13,10,10,8,10,half_heusler,1,half_heusler,,
Ta0.92Fe1Sb1,7,6,6,6,6,half_heusler,1,half_heusler,,
Ta0.94Fe1Sb1,19,16,16,11,17,half_heusler,1,half_heusler,,
Ta19Ge81Sb81Te121O48,3,0,3,0,0,unassignable,0,,gete_type,"elements outside rule: O,Ta"
TaCoSn,4,3,3,3,3,half_heusler,1,half_heusler,,
TaFeSb,49,30,24,26,35,half_heusler,1,half_heusler,,
TaSb2,16,10,10,0,0,unassignable,0,,half_heusler,a required site is empty
TaTiFeO6,6,6,0,0,0,other_oxide,1,other_oxide,,
Tb(Tl3Te2)3,8,6,6,6,6,unassignable,0,,skutterudite,"elements outside rule: Tb,Te"
Tb0.2W0.95O1.3,6,6,0,0,0,other_oxide,1,other_oxide,,
Tb0.8Mn1O3,4,4,0,1,4,other_oxide,1,other_oxide,,
Tb0.95Mn1O3,3,3,0,0,0,other_oxide,1,other_oxide,,
Tb0.9Mn1O3,3,3,0,2,0,other_oxide,1,other_oxide,,
TbCoO3,3,2,2,3,0,other_oxide,1,other_oxide,,
TbMnO3,4,3,0,2,3,other_oxide,1,other_oxide,,
Te,495,292,300,224,259,unassignable,0,,tetradymite,a required site is empty
Te0.05Mo0.15O0.55,9,9,0,0,0,other_oxide,1,other_oxide,,
Te0.12Pb1Se0.76S0.12,20,6,6,6,20,iv_vi_rocksalt,1,iv_vi_rocksalt,,
Te0.15Mo0.05O0.45,8,8,0,0,0,other_oxide,1,other_oxide,,
Te0.15Pb1Se0.85,8,6,6,6,5,iv_vi_rocksalt,1,iv_vi_rocksalt,,
Te0.16Pb1S0.84,68,56,49,65,15,iv_vi_rocksalt,1,iv_vi_rocksalt,,
Te0.16Pb1Se0.68S0.16,20,6,6,6,19,iv_vi_rocksalt,1,iv_vi_rocksalt,,
Te0.19Pb1Se0.76,63,51,55,43,43,iv_vi_rocksalt,1,iv_vi_rocksalt,,
Te0.1Mo0.1O0.5,9,9,0,0,0,other_oxide,1,other_oxide,,
Te0.1Pb0.95Se0.9,12,12,12,0,10,iv_vi_rocksalt,1,iv_vi_rocksalt,,
Te0.1Pb1Se0.4S0.5,5,5,3,5,2,iv_vi_rocksalt,1,iv_vi_rocksalt,,
Te0.25Pb0.925Se0.5S0.25,18,10,10,10,12,iv_vi_rocksalt,1,iv_vi_rocksalt,,
Te0.25Pb0.935Se0.5S0.25,13,10,9,10,8,iv_vi_rocksalt,1,iv_vi_rocksalt,,
Te0.25Pb0.945Se0.5S0.25,15,10,10,10,8,iv_vi_rocksalt,1,iv_vi_rocksalt,,
Te0.25Pb1Se0.5S0.25,71,37,35,36,56,iv_vi_rocksalt,1,iv_vi_rocksalt,,
Te0.25Pb1Se0.75,13,6,6,6,11,iv_vi_rocksalt,1,iv_vi_rocksalt,,
Te0.28Pb1S0.72,7,7,7,0,0,iv_vi_rocksalt,1,iv_vi_rocksalt,,
Te0.29Pb1S0.71,6,4,6,0,0,iv_vi_rocksalt,1,iv_vi_rocksalt,,
Te0.2Pb0.95Se0.8,13,11,11,0,10,iv_vi_rocksalt,1,iv_vi_rocksalt,,
Te0.2Pb1S0.8,5,3,5,0,0,iv_vi_rocksalt,1,iv_vi_rocksalt,,
Te0.2Pb1Se0.6S0.2,20,6,5,6,19,iv_vi_rocksalt,1,iv_vi_rocksalt,,
Te0.2Pb1Se0.8,55,41,40,47,19,iv_vi_rocksalt,1,iv_vi_rocksalt,,
Te0.3Pb0.95Se0.7,11,11,11,0,10,iv_vi_rocksalt,1,iv_vi_rocksalt,,
Te0.3Pb1Se0.7,42,31,35,35,3,iv_vi_rocksalt,1,iv_vi_rocksalt,,
Te0.417Pb0.409O0.162,4,4,4,0,0,unassignable,0,,bicuseo,a required site is empty
Te0.45Pb0.55,19,17,18,5,17,unassignable,0,,gete_type,ratio spread 0.200 > 0.15
Te0.475Pb0.95,38,38,38,19,38,unassignable,0,,gete_type,ratio spread 0.667 > 0.15
Te0.485Pb1,38,38,38,19,38,unassignable,0,,gete_type,ratio spread 0.694 > 0.15
Te0.48Pb1,38,38,38,19,38,unassignable,0,,gete_type,ratio spread 0.703 > 0.15
Te0.495Pb1,38,38,38,19,38,unassignable,0,,gete_type,ratio spread 0.676 > 0.15
Te0.4975Pb1,38,38,38,19,38,unassignable,0,,gete_type,ratio spread 0.671 > 0.15
Te0.49Pb1,38,38,38,19,38,unassignable,0,,gete_type,ratio spread 0.685 > 0.15
Te0.4Pb0.95Se0.6,11,11,11,0,10,iv_vi_rocksalt,1,iv_vi_rocksalt,,
Te0.4Pb1Se0.6,32,30,28,29,0,iv_vi_rocksalt,1,iv_vi_rocksalt,,
Te0.51Pb1S0.49,6,0,6,0,0,iv_vi_rocksalt,1,iv_vi_rocksalt,,
Te0.5Pb0.882Se0.5,6,0,6,6,4,iv_vi_rocksalt,1,iv_vi_rocksalt,,
Te0.5Pb0.9016Se0.5,6,0,6,4,6,iv_vi_rocksalt,1,iv_vi_rocksalt,,
Te0.5Pb0.9212Se0.5,7,0,6,4,6,iv_vi_rocksalt,1,iv_vi_rocksalt,,
Te0.5Pb0.9408Se0.5,7,0,6,4,5,iv_vi_rocksalt,1,iv_vi_rocksalt,,
Te0.5Pb1Se0.5,173,84,96,92,89,iv_vi_rocksalt,1,iv_vi_rocksalt,,
Te0.65Pb1S0.25,20,11,11,11,13,iv_vi_rocksalt,1,iv_vi_rocksalt,,
Te0.65Pb1S0.35,20,10,10,10,10,iv_vi_rocksalt,1,iv_vi_rocksalt,,
Te0.65Pb1Se0.1S0.25,50,30,27,26,0,iv_vi_rocksalt,1,iv_vi_rocksalt,,
Te0.66Pb1Se0.33,12,8,6,8,9,iv_vi_rocksalt,1,iv_vi_rocksalt,,
Te0.68Pb1S0.32,5,0,5,0,0,iv_vi_rocksalt,1,iv_vi_rocksalt,,
Te0.6Pb1S0.4,5,0,5,0,0,iv_vi_rocksalt,1,iv_vi_rocksalt,,
Te0.6Pb1Se0.4,4,4,0,0,0,iv_vi_rocksalt,1,iv_vi_rocksalt,,
Te0.735Pb1Se0.245,20,17,12,19,15,iv_vi_rocksalt,1,iv_vi_rocksalt,,
Te0.75Pb1S0.15,100,82,74,85,19,iv_vi_rocksalt,1,iv_vi_rocksalt,,
Te0.75Pb1S0.25,20,10,10,10,10,iv_vi_rocksalt,1,iv_vi_rocksalt,,
Te0.75Pb1Se0.1S0.15,9,0,0,0,9,iv_vi_rocksalt,1,iv_vi_rocksalt,,
Te0.75Pb1Se0.25,34,17,19,14,5,iv_vi_rocksalt,1,iv_vi_rocksalt,,
Te0.76Pb1Se0.12S0.12,35,16,20,10,10,iv_vi_rocksalt,1,iv_vi_rocksalt,,
Te0.7Pb1S0.2,20,7,17,11,19,iv_vi_rocksalt,1,iv_vi_rocksalt,,
Te0.7Pb1S0.3,189,84,93,72,80,iv_vi_rocksalt,1,iv_vi_rocksalt,,
Te0.7Pb1Se0.3,35,12,12,12,6,iv_vi_rocksalt,1,iv_vi_rocksalt,,
Te0.833Pb1Se0.147,20,17,17,13,16,iv_vi_rocksalt,1,iv_vi_rocksalt,,
Te0.847Pb1Se0.15,40,22,27,12,16,iv_vi_rocksalt,1,iv_vi_rocksalt,,
Te0.84Pb1S0.16,50,28,43,18,30,iv_vi_rocksalt,1,iv_vi_rocksalt,,
Te0.85Pb0.93Se0.15,10,9,10,10,10,iv_vi_rocksalt,1,iv_vi_rocksalt,,
Te0.85Pb0.95Se0.15,10,10,10,10,10,iv_vi_rocksalt,1,iv_vi_rocksalt,,
Te0.85Pb1,20,7,13,11,16,unassignable,0,,gete_type,ratio spread 0.162 > 0.15
Te0.85Pb1S0.15,20,10,10,10,10,iv_vi_rocksalt,1,iv_vi_rocksalt,,
Te0.85Pb1Se0.15,396,265,279,222,268,iv_vi_rocksalt,1,iv_vi_rocksalt,,
Te0.85Se0.1,7,7,6,6,6,unassignable,0,,tetradymite,a required site is empty
Te0.86Pb1,55,36,35,28,25,unassignable,0,,gete_type,ratio spread 0.151 > 0.15
Te0.86Pb1Se0.15,19,10,10,10,10,iv_vi_rocksalt,1,iv_vi_rocksalt,,
Te0.875Se0.075,7,7,7,7,7,unassignable,0,,tetradymite,a required site is empty
Te0.87Pb1Se0.15,20,11,10,10,10,iv_vi_rocksalt,1,iv_vi_rocksalt,,
Te0.87Se0.1,7,7,7,7,4,unassignable,0,,tetradymite,a required site is empty
Te0.88Pb1.12,3,3,3,0,0,unassignable,0,,gete_type,ratio spread 0.240 > 0.15
Te0.88Pb1S0.12,240,154,146,151,116,iv_vi_rocksalt,1,iv_vi_rocksalt,,
Te0.88Pb1Se0.15,20,11,10,10,11,iv_vi_rocksalt,1,iv_vi_rocksalt,,
Te0.895Se0.075,7,7,7,7,7,unassignable,0,,tetradymite,a required site is empty
Te0.89Pb1Se0.15,18,10,9,10,10,iv_vi_rocksalt,1,iv_vi_rocksalt,,
Te0.8Pb0.9016Se0.2,97,91,86,6,19,iv_vi_rocksalt,1,iv_vi_rocksalt,,
Te0.8Pb0.9212Se0.2,20,20,20,7,20,iv_vi_rocksalt,1,iv_vi_rocksalt,,
Te0.8Pb0.925Se0.2,9,9,0,0,0,iv_vi_rocksalt,1,iv_vi_rocksalt,,
Te0.8Pb0.9408Se0.2,20,20,20,7,20,iv_vi_rocksalt,1,iv_vi_rocksalt,,
Te0.8Pb0.95Se0.2,18,18,0,5,13,iv_vi_rocksalt,1,iv_vi_rocksalt,,
Te0.8Pb1,20,7,20,10,9,unassignable,0,,gete_type,ratio spread 0.222 > 0.15
Te0.8Pb1S0.2,51,27,25,25,27,iv_vi_rocksalt,1,iv_vi_rocksalt,,
Te0.8Pb1Se0.1S0.1,20,20,16,10,10,iv_vi_rocksalt,1,iv_vi_rocksalt,,
Te0.8Pb1Se0.2,311,290,177,76,271,iv_vi_rocksalt,1,iv_vi_rocksalt,,
Te0.91Pb0.91,11,10,10,10,10,iv_vi_rocksalt,1,iv_vi_rocksalt,,
Te0.91Pb1,9,5,6,5,6,iv_vi_rocksalt,1,iv_vi_rocksalt,,
Te0.92Pb0.92,45,38,28,0,7,iv_vi_rocksalt,1,iv_vi_rocksalt,,
Te0.92Pb1,100,65,72,53,59,iv_vi_rocksalt,1,iv_vi_rocksalt,,
Te0.92Se0.05,7,7,7,7,7,unassignable,0,,tetradymite,a required site is empty
Te0.92Se0.06,12,0,0,0,12,unassignable,0,,tetradymite,a required site is empty
Te0.931Pb1,20,17,12,17,16,iv_vi_rocksalt,1,iv_vi_rocksalt,,
Te0.935Pb1,20,6,10,11,10,iv_vi_rocksalt,1,iv_vi_rocksalt,,
Te0.93Pb0.93,10,10,10,10,10,iv_vi_rocksalt,1,iv_vi_rocksalt,,
Te0.93Pb1,17,11,11,10,7,iv_vi_rocksalt,1,iv_vi_rocksalt,,
Te0.94,18,8,8,7,17,unassignable,0,,tetradymite,a required site is empty
Te0.945Pb1,20,11,10,6,9,iv_vi_rocksalt,1,iv_vi_rocksalt,,
Te0.94Pb0.94,17,7,11,11,10,iv_vi_rocksalt,1,iv_vi_rocksalt,,
Te0.94Pb1,50,33,30,36,35,iv_vi_rocksalt,1,iv_vi_rocksalt,,
Te0.95,19,7,7,6,19,unassignable,0,,tetradymite,a required site is empty
Te0.95Pb0.912Se0.15,11,4,6,5,5,unassignable,0,,iv_vi_rocksalt,ratio spread 0.187 > 0.15
Te0.95Pb0.95,29,21,21,20,20,iv_vi_rocksalt,1,iv_vi_rocksalt,,
Te0.95Pb1,153,105,110,49,86,iv_vi_rocksalt,1,iv_vi_rocksalt,,
Te0.9Pb1,100,62,61,40,48,iv_vi_rocksalt,1,iv_vi_rocksalt,,
Te0.9Pb1S0.1,11,5,3,6,5,iv_vi_rocksalt,1,iv_vi_rocksalt,,
Te0.9Pb1S0.91,3,3,3,0,0,unassignable,0,,iv_vi_rocksalt,ratio spread 0.577 > 0.15
Te0.9Pb1Se0.1,56,27,29,33,27,iv_vi_rocksalt,1,iv_vi_rocksalt,,
Te0.9Pb1Se0.15,35,20,20,18,20,iv_vi_rocksalt,1,iv_vi_rocksalt,,
Te0.9Se0.05,8,7,7,7,7,unassignable,0,,tetradymite,a required site is empty
Te0.9Se0.08,11,0,0,0,11,unassignable,0,,tetradymite,a required site is empty
Te1.05Pb1,148,120,77,30,36,iv_vi_rocksalt,1,iv_vi_rocksalt,,
Te1.065Pb1,7,7,7,7,0,iv_vi_rocksalt,1,iv_vi_rocksalt,,
Te1.06Pb1,44,27,24,24,27,iv_vi_rocksalt,1,iv_vi_rocksalt,,
Te1.07Pb1,35,35,35,8,26,iv_vi_rocksalt,1,iv_vi_rocksalt,,
Te1.08Pb1,14,10,10,6,10,iv_vi_rocksalt,1,iv_vi_rocksalt,,
Te1.1Pb1,32,29,29,20,20,iv_vi_rocksalt,1,iv_vi_rocksalt,,
Te1.33Pt0.33Pb0.67,8,8,8,0,0,unassignable,0,,gete_type,elements outside rule: Pt
Te1.5Pt0.5Pb0.5,11,10,10,0,0,unassignable,0,,gete_type,elements outside rule: Pt
Te1.61Pb0.925,9,9,0,0,0,unassignable,0,,gete_type,ratio spread 0.540 > 0.15
Te1.69Pb1Se0.35,20,11,10,11,11,unassignable,0,,iv_vi_rocksalt,ratio spread 0.684 > 0.15
Te1.79Pb1Se0.25,16,6,8,10,11,unassignable,0,,iv_vi_rocksalt,ratio spread 0.684 > 0.15
Te1.89Pb1,16,8,8,8,8,unassignable,0,,gete_type,ratio spread 0.616 > 0.15
Te100Pb97,10,10,10,0,10,iv_vi_rocksalt,1,iv_vi_rocksalt,,
Te100Pb99,10,10,10,0,10,iv_vi_rocksalt,1,iv_vi_rocksalt,,
Te101Pb98,9,6,7,8,8,iv_vi_rocksalt,1,iv_vi_rocksalt,,
Te10Pb11,139,77,65,76,64,iv_vi_rocksalt,1,iv_vi_rocksalt,,
Te10Pb9,473,353,342,200,226,iv_vi_rocksalt,1,iv_vi_rocksalt,,
Te11Pb10,232,192,191,114,175,iv_vi_rocksalt,1,iv_vi_rocksalt,,
Te11Pb8,5,5,3,0,3,unassignable,0,,gete_type,ratio spread 0.316 > 0.15
Te12Pb11,10,10,10,10,6,iv_vi_rocksalt,1,iv_vi_rocksalt,,
Te1339Se236,3,0,0,3,3,unassignable,0,,tetradymite,a required site is empty
Te14Pb13,11,10,7,10,6,iv_vi_rocksalt,1,iv_vi_rocksalt,,
Te16Pb15,11,8,9,8,8,iv_vi_rocksalt,1,iv_vi_rocksalt,,
Te17Pb15,8,8,8,8,8,iv_vi_rocksalt,1,iv_vi_rocksalt,,
Te17Pb16,8,5,4,5,5,iv_vi_rocksalt,1,iv_vi_rocksalt,,
Te17Se3,4,0,4,0,0,unassignable,0,,tetradymite,a required site is empty
Te19Pb18,36,32,35,10,10,iv_vi_rocksalt,1,iv_vi_rocksalt,,
Te19Pb20,37,21,26,6,22,iv_vi_rocksalt,1,iv_vi_rocksalt,,
Te19Se,8,8,0,0,0,unassignable,0,,tetradymite,a required site is empty
Te1Pb0.08,8,6,6,6,4,unassignable,0,,gete_type,ratio spread 1.704 > 0.15
Te1Pb0.085,6,6,6,6,4,unassignable,0,,gete_type,ratio spread 1.687 > 0.15
Te1Pb0.882,12,11,10,10,11,iv_vi_rocksalt,1,iv_vi_rocksalt,,
Te1Pb0.89,20,17,17,10,15,iv_vi_rocksalt,1,iv_vi_rocksalt,,
Te1Pb0.9,130,91,84,67,82,iv_vi_rocksalt,1,iv_vi_rocksalt,,
Te1Pb0.9016,11,9,9,9,9,iv_vi_rocksalt,1,iv_vi_rocksalt,,
Te1Pb0.905,40,30,22,19,35,iv_vi_rocksalt,1,iv_vi_rocksalt,,
Te1Pb0.91,70,57,47,40,55,iv_vi_rocksalt,1,iv_vi_rocksalt,,
Te1Pb0.915,40,29,27,18,36,iv_vi_rocksalt,1,iv_vi_rocksalt,,
Te1Pb0.92,192,94,93,84,147,iv_vi_rocksalt,1,iv_vi_rocksalt,,
Te1Pb0.9212,23,20,20,20,21,iv_vi_rocksalt,1,iv_vi_rocksalt,,
Te1Pb0.9216Se0.12,10,6,4,5,5,unassignable,0,,iv_vi_rocksalt,ratio spread 0.194 > 0.15
Te1Pb0.925,29,27,20,11,14,iv_vi_rocksalt,1,iv_vi_rocksalt,,
Te1Pb0.9259,11,10,10,10,10,iv_vi_rocksalt,1,iv_vi_rocksalt,,
Te1Pb0.93,140,83,82,53,88,iv_vi_rocksalt,1,iv_vi_rocksalt,,
Te1Pb0.935,40,33,39,29,16,iv_vi_rocksalt,1,iv_vi_rocksalt,,
Te1Pb0.9353,10,10,10,10,10,iv_vi_rocksalt,1,iv_vi_rocksalt,,
Te1Pb0.936,10,4,5,5,6,iv_vi_rocksalt,1,iv_vi_rocksalt,,
Te1Pb0.93812,12,10,6,10,10,iv_vi_rocksalt,1,iv_vi_rocksalt,,
Te1Pb0.94,296,162,177,124,186,iv_vi_rocksalt,1,iv_vi_rocksalt,,
Te1Pb0.9408,20,13,16,13,15,iv_vi_rocksalt,1,iv_vi_rocksalt,,
Te1Pb0.941,10,10,10,10,10,iv_vi_rocksalt,1,iv_vi_rocksalt,,
Te1Pb0.943,131,67,61,67,66,iv_vi_rocksalt,1,iv_vi_rocksalt,,
Te1Pb0.945,42,23,15,10,27,iv_vi_rocksalt,1,iv_vi_rocksalt,,
Te1Pb0.9456,11,5,5,5,6,iv_vi_rocksalt,1,iv_vi_rocksalt,,
Te1Pb0.95,175,76,83,69,107,iv_vi_rocksalt,1,iv_vi_rocksalt,,
Te1Pb1.09I0.2,12,12,6,0,0,unassignable,0,,gete_type,elements outside rule: I
Te1Pb1.13,6,6,6,3,3,iv_vi_rocksalt,1,iv_vi_rocksalt,,
Te1Pb1C0.11,13,10,10,10,10,unassignable,0,,gete_type,elements outside rule: C
Te1Pb1C0.14,10,10,10,10,10,unassignable,0,,gete_type,elements outside rule: C
Te1Pb1C0.28,9,9,5,9,9,unassignable,0,,gete_type,elements outside rule: C
Te1Pb1C0.84,15,13,7,15,15,unassignable,0,,gete_type,elements outside rule: C
Te1Pb1C1.4,15,14,15,14,13,unassignable,0,,gete_type,elements outside rule: C
Te1Pb1C2.8,15,15,15,8,15,unassignable,0,,gete_type,elements outside rule: C
Te1Pb1I0.11,12,12,9,0,0,unassignable,0,,gete_type,elements outside rule: I
Te1Pb1Se0.15,13,7,7,5,7,iv_vi_rocksalt,1,iv_vi_rocksalt,,
Te1Pb1Se0.2,11,7,8,5,5,unassignable,0,,iv_vi_rocksalt,ratio spread 0.182 > 0.15
Te1Se0.06,13,6,6,7,13,unassignable,0,,tetradymite,a required site is empty
Te20Pb17,20,19,19,5,5,unassignable,0,,gete_type,ratio spread 0.162 > 0.15
Te20Pb19,83,58,38,23,24,iv_vi_rocksalt,1,iv_vi_rocksalt,,
Te20Pb21,30,17,12,11,13,iv_vi_rocksalt,1,iv_vi_rocksalt,,
Te20Pb23,27,15,17,5,14,iv_vi_rocksalt,1,iv_vi_rocksalt,,
Te21Pb19,127,113,118,41,89,iv_vi_rocksalt,1,iv_vi_rocksalt,,
Te22Pb23,14,10,10,10,10,iv_vi_rocksalt,1,iv_vi_rocksalt,,
Te23Pb15,8,7,6,0,4,unassignable,0,,gete_type,ratio spread 0.421 > 0.15
Te23Pb16,20,14,13,7,13,unassignable,0,,gete_type,ratio spread 0.359 > 0.15
Te23Pb21,129,102,103,94,95,iv_vi_rocksalt,1,iv_vi_rocksalt,,
Te23Pb25,5,5,0,0,0,iv_vi_rocksalt,1,iv_vi_rocksalt,,
Te25Pb24,10,10,10,0,10,iv_vi_rocksalt,1,iv_vi_rocksalt,,
Te27Pb25,39,38,38,33,38,iv_vi_rocksalt,1,iv_vi_rocksalt,,
Te28Pb27,52,46,43,48,45,iv_vi_rocksalt,1,iv_vi_rocksalt,,
Te2Au,7,5,7,7,7,unassignable,0,,tetradymite,elements outside rule: Au
Te2Mo,10,10,10,10,10,unassignable,0,,tetradymite,elements outside rule: Mo
Te2Mo0.91,10,10,10,10,10,unassignable,0,,tetradymite,elements outside rule: Mo
Te2Mo0.93,20,19,20,20,20,unassignable,0,,tetradymite,elements outside rule: Mo
Te2Mo0.95,21,19,18,19,20,unassignable,0,,tetradymite,elements outside rule: Mo
Te2P2O9,40,0,0,40,0,other_oxide,1,other_oxide,,
Te2Pb,17,10,9,10,10,unassignable,0,,gete_type,ratio spread 0.667 > 0.15
Te2Pb5Se3,31,0,0,0,31,iv_vi_rocksalt,1,iv_vi_rocksalt,,
Te2Pt,10,7,10,0,0,unassignable,0,,tetradymite,elements outside rule: Pt
Te34Pb33,11,5,5,3,4,iv_vi_rocksalt,1,iv_vi_rocksalt,,
Te37Pb35,14,8,8,8,8,iv_vi_rocksalt,1,iv_vi_rocksalt,,
Te3As2,80,49,56,59,70,unassignable,0,,tetradymite,elements outside rule: As
Te3Pb10Se7,48,0,0,0,48,iv_vi_rocksalt,1,iv_vi_rocksalt,,
Te3Pb18Se17,18,11,10,0,0,iv_vi_rocksalt,1,iv_vi_rocksalt,,
Te41Pb38,10,10,10,10,10,iv_vi_rocksalt,1,iv_vi_rocksalt,,
Te47(Pb25S3)2,24,9,17,17,17,iv_vi_rocksalt,1,iv_vi_rocksalt,,
Te47Pb47I5,3,3,0,0,0,unassignable,0,,gete_type,elements outside rule: I
Te47Se3,3,3,3,3,3,unassignable,0,,tetradymite,a required site is empty
Te4Mo3,28,20,0,20,10,unassignable,0,,tetradymite,elements outside rule: Mo
Te63H259(C6N)37,4,3,4,0,0,unassignable,0,,tetradymite,"elements outside rule: C,H,N"
Te6Pb11S4,16,8,8,8,8,iv_vi_rocksalt,1,iv_vi_rocksalt,,
Te6Pb5,78,59,65,26,29,unassignable,0,,gete_type,ratio spread 0.182 > 0.15
Te71Se29,3,0,3,0,0,unassignable,0,,tetradymite,a required site is empty
Te74Pb93S19,11,10,10,10,10,iv_vi_rocksalt,1,iv_vi_rocksalt,,
Te79(Pb46S7)2,13,10,10,10,10,iv_vi_rocksalt,1,iv_vi_rocksalt,,
Te7Pb6,51,49,45,41,45,unassignable,0,,gete_type,ratio spread 0.154 > 0.15
Te83Pb92,14,10,10,9,10,iv_vi_rocksalt,1,iv_vi_rocksalt,,
Te85Pb81,15,10,10,10,10,iv_vi_rocksalt,1,iv_vi_rocksalt,,
Te86Pb81,17,11,7,11,10,iv_vi_rocksalt,1,iv_vi_rocksalt,,
Te89(Pb50S11)2,23,9,18,16,14,iv_vi_rocksalt,1,iv_vi_rocksalt,,
Te8Pb11S2,16,8,8,8,8,iv_vi_rocksalt,1,iv_vi_rocksalt,,
Te8Pb7,5,5,5,0,0,iv_vi_rocksalt,1,iv_vi_rocksalt,,
Te8Pb9Se2,19,19,19,4,4,iv_vi_rocksalt,1,iv_vi_rocksalt,,
Te91Se9,3,0,3,0,0,unassignable,0,,tetradymite,a required site is empty
Te957Se169,3,0,0,3,3,unassignable,0,,tetradymite,a required site is empty
Te97Pb100,21,8,15,15,15,iv_vi_rocksalt,1,iv_vi_rocksalt,,
Te9Pb11,32,16,16,16,16,unassignable,0,,gete_type,ratio spread 0.200 > 0.15
Te9Pb8,37,36,37,36,36,iv_vi_rocksalt,1,iv_vi_rocksalt,,
Te9Pb9Se,19,12,19,4,5,iv_vi_rocksalt,1,iv_vi_rocksalt,,
TePb,7164,4641,4602,4021,3781,iv_vi_rocksalt,1,iv_vi_rocksalt,,
TePb2Se,36,36,0,0,0,iv_vi_rocksalt,1,iv_vi_rocksalt,,
TePb5Se4,31,0,0,0,31,iv_vi_rocksalt,1,iv_vi_rocksalt,,
TePbC,16,10,7,8,5,unassignable,0,,gete_type,elements outside rule: C
TePbC2,15,15,15,15,14,unassignable,0,,gete_type,elements outside rule: C
TePt,53,28,31,26,30,unassignable,0,,tetradymite,elements outside rule: Pt
Th1C0.461N0.489,3,0,3,0,0,unassignable,0,,sige,"elements outside rule: C,N,Th"
Th1C0.537N0.275,6,0,6,0,0,unassignable,0,,sige,"elements outside rule: C,N,Th"
Th1C0.537N0.38,3,3,0,0,0,unassignable,0,,sige,"elements outside rule: C,N,Th"
Th1C0.625N0.275,12,4,9,0,0,unassignable,0,,sige,"elements outside rule: C,N,Th"
Th1C0.778N0.108,15,4,13,0,0,unassignable,0,,sige,"elements outside rule: C,N,Th"
Th1C0.787,5,3,3,0,0,unassignable,0,,sige,"elements outside rule: C,Th"
Th1C0.809,5,3,3,0,0,unassignable,0,,sige,"elements outside rule: C,Th"
Th1C0.858,4,1,3,0,0,unassignable,0,,sige,"elements outside rule: C,Th"
Th2SnRu2,3,0,3,0,0,unassignable,0,,half_heusler,elements outside rule: Th
Th3As3.8,6,6,0,0,0,unassignable,0,,skutterudite,elements outside rule: Th
Th3As4,5,5,0,0,0,unassignable,0,,skutterudite,elements outside rule: Th
Th3Co3Sb4,11,11,0,0,0,unassignable,0,,skutterudite,elements outside rule: Th
Th3P4,5,5,0,0,0,unassignable,0,,skutterudite,elements outside rule: Th
Th3Sb0.4As3.6,5,5,0,0,0,unassignable,0,,skutterudite,elements outside rule: Th
Th3Sb3.6As0.4,5,5,0,0,0,unassignable,0,,skutterudite,elements outside rule: Th
Th3Sb3As,4,4,0,0,0,unassignable,0,,skutterudite,elements outside rule: Th
Th3Sb4,3,3,0,0,0,unassignable,0,,tetradymite,elements outside rule: Th
Th3SbAs3,5,5,0,0,0,unassignable,0,,skutterudite,elements outside rule: Th
Th3US4,7,4,3,0,0,unassignable,0,,tetradymite,"elements outside rule: Th,U"
ThB4,29,4,28,0,0,unassignable,0,,sige,"elements outside rule: B,Th"
ThC,7,4,4,0,0,unassignable,0,,sige,"elements outside rule: C,Th"
ThO2,21,0,0,21,0,other_oxide,1,other_oxide,,
ThS,6,3,4,0,0,unassignable,0,,tetradymite,elements outside rule: Th
ThU3S4,13,9,5,0,0,unassignable,0,,tetradymite,"elements outside rule: Th,U"
ThUS2,9,7,3,0,0,unassignable,0,,tetradymite,"elements outside rule: Th,U"
Ti,9,6,9,0,0,unassignable,0,,half_heusler,a required site is empty
Ti(Mo3Se4)2,39,34,31,10,6,unassignable,0,,tetradymite,"elements outside rule: Mo,Ti"
Ti(TlS)4,7,7,0,0,0,unassignable,0,,tetradymite,"elements outside rule: Ti,Tl"
Ti0.105O0.855,9,9,9,3,3,other_oxide,1,other_oxide,,
Ti0.114O0.855,9,9,9,3,3,other_oxide,1,other_oxide,,
Ti0.11O0.855,9,9,9,3,3,other_oxide,1,other_oxide,,
Ti0.15Fe0.85Si1.7B0.3,33,28,10,10,0,unassignable,0,,half_heusler,elements outside rule: B
Ti0.16Nb0.336V0.504Fe1Sb1,16,7,10,10,10,half_heusler,1,half_heusler,,
Ti0.16Nb0.84Fe1Sb1,19,10,11,9,10,half_heusler,1,half_heusler,,
Ti0.175Fe0.825Si1.65B0.35,29,25,10,11,0,unassignable,0,,half_heusler,elements outside rule: B
Ti0.18Nb0.328V0.492Fe1Sb1,20,7,10,9,11,half_heusler,1,half_heusler,,
Ti0.1O0.855,9,9,9,3,3,other_oxide,1,other_oxide,,
Ti0.24Nb0.304V0.456Fe1Sb1,17,11,10,9,10,half_heusler,1,half_heusler,,
Ti0.24Nb0.76Fe1Sb1,20,11,10,11,10,half_heusler,1,half_heusler,,
Ti0.255Fe0.745Si1.49B0.51,32,25,10,9,0,unassignable,0,,half_heusler,elements outside rule: B
Ti0.25Al1V0.65Fe2,18,9,18,6,5,full_heusler,1,full_heusler,,
Ti0.25Fe2.75Sn1,12,12,12,0,0,unassignable,0,,full_heusler,ratio spread 1.286 > 0.15
Ti0.25Nb0.75Fe1.05Sb1,172,54,91,87,114,half_heusler,1,half_heusler,,
Ti0.25Nb0.75Fe1.08Sb1,10,4,5,5,5,half_heusler,1,half_heusler,,
Ti0.25Nb0.75Fe1Sb1,38,28,28,29,27,half_heusler,1,half_heusler,,
Ti0.25V0.75Ga1Fe2,11,9,9,9,9,full_heusler,1,full_heusler,,
Ti0.2Al1V0.7Fe2,27,17,26,6,5,full_heusler,1,full_heusler,,
Ti0.2Al1V0.8Fe2,27,5,27,0,0,full_heusler,1,full_heusler,,
Ti0.2Fe0.8Si1.6B0.4,33,27,10,10,0,unassignable,0,,half_heusler,elements outside rule: B
Ti0.2Mn0.8Co2Sn1,4,4,4,0,0,full_heusler,1,full_heusler,,
Ti0.2Nb0.24V0.56Fe1Sb1,6,0,1,0,5,half_heusler,1,half_heusler,,
Ti0.2Nb0.32V0.48Fe1Sb1,29,11,8,8,20,half_heusler,1,half_heusler,,
Ti0.2Nb0.36V0.44Fe1Sb1,6,0,1,0,5,half_heusler,1,half_heusler,,
Ti0.2Nb0.48V0.32Fe1Sb1,5,0,1,0,4,half_heusler,1,half_heusler,,
Ti0.2Nb0.6V0.2Fe1Sb1,6,0,1,0,5,half_heusler,1,half_heusler,,
Ti0.2Nb0.704Fe1Sb1,17,10,9,10,10,half_heusler,1,half_heusler,,
Ti0.2Nb0.72Fe1Sb1,6,0,1,0,5,half_heusler,1,half_heusler,,
Ti0.2Nb0.768Fe1Sb1,16,10,10,10,9,half_heusler,1,half_heusler,,
Ti0.2Nb0.76Fe1Sb1,6,0,1,0,5,half_heusler,1,half_heusler,,
Ti0.2Nb0.8Co1Sn1,17,16,16,16,16,half_heusler,1,half_heusler,,
Ti0.2Nb0.8Fe1Sb1,183,98,97,108,129,half_heusler,1,half_heusler,,
Ti0.2V0.68Fe1Sb1,6,0,1,0,5,half_heusler,1,half_heusler,,
Ti0.2V0.755Co1Sb1,9,6,5,6,5,half_heusler,1,half_heusler,,
Ti0.2V0.8Fe1Sb1,11,6,5,6,7,half_heusler,1,half_heusler,,
Ti0.2V0.8Ga1Fe2,8,6,6,5,6,full_heusler,1,full_heusler,,
Ti0.34Al0.92V0.69Fe2,7,0,0,0,7,full_heusler,1,full_heusler,,
Ti0.34Al0.92V0.74Fe2,10,0,6,0,7,unassignable,0,,full_heusler,ratio spread 0.160 > 0.15
Ti0.3Al0.92V0.78Fe2,11,0,8,0,7,unassignable,0,,full_heusler,ratio spread 0.160 > 0.15
Ti0.3Al1V0.6Fe2,18,9,18,6,5,full_heusler,1,full_heusler,,
Ti0.3Fe0.7Si1.4B0.6,32,19,9,10,0,unassignable,0,,half_heusler,elements outside rule: B
Ti0.3Nb0.69Fe1Sb1,9,6,6,6,6,half_heusler,1,half_heusler,,
Ti0.3Nb0.7Fe1Sb1,9,5,5,5,5,half_heusler,1,half_heusler,,
Ti0.3V0.7Fe1Sb1,7,6,6,6,5,half_heusler,1,half_heusler,,
Ti0.42Mn0.58Fe2Si1,4,1,4,0,0,full_heusler,1,full_heusler,,
Ti0.45Al1Fe2.55,20,0,20,0,0,unassignable,0,,full_heusler,ratio spread 0.908 > 0.15
Ti0.4Mn0.6Co2Sn1,3,3,3,0,0,full_heusler,1,full_heusler,,
Ti0.4Nb0.6Fe1Sb0.95,32,18,18,16,18,half_heusler,1,half_heusler,,
Ti0.4Nb0.6Fe1Sb1,9,5,5,5,5,half_heusler,1,half_heusler,,
Ti0.4V0.48Fe1Sb1,40,16,15,20,22,half_heusler,1,half_heusler,,
Ti0.4V0.6Fe1Sb1,4,3,3,4,4,half_heusler,1,half_heusler,,
Ti0.4V0.8Fe1Sb1,133,66,44,31,76,unassignable,0,,half_heusler,ratio spread 0.188 > 0.15
Ti0.56Al0.76V0.67Fe2,7,7,7,0,0,unassignable,0,,full_heusler,ratio spread 0.472 > 0.15
Ti0.59Mn0.41Fe2Si1,4,1,3,0,0,full_heusler,1,full_heusler,,
Ti0.5Al1Cr0.5Fe2,9,9,3,0,0,full_heusler,1,full_heusler,,
Ti0.5Cr0.5O1,6,5,5,0,0,other_oxide,1,other_oxide,,
Ti0.5Fe2.5Sn1,12,12,12,0,0,unassignable,0,,full_heusler,ratio spread 0.818 > 0.15
Ti0.5Nb0.5Co1Sn1,20,0,0,20,19,half_heusler,1,half_heusler,,
Ti0.5V0.4Fe1Sb1,14,5,5,6,10,half_heusler,1,half_heusler,,
Ti0.5V0.5Fe1Sb1,4,3,3,4,3,half_heusler,1,half_heusler,,
Ti0.65Cr0.35O1.3,5,5,5,0,0,other_oxide,1,other_oxide,,
Ti0.66Al0.9Cr0.45Fe2,7,6,7,0,0,unassignable,0,,full_heusler,ratio spread 0.209 > 0.15
Ti0.6Al1Cr0.4Fe2,9,9,3,0,0,full_heusler,1,full_heusler,,
Ti0.6Al1Fe2.4,20,0,20,0,0,unassignable,0,,full_heusler,ratio spread 0.643 > 0.15
Ti0.6Mn0.4Co2Sn1,3,3,3,0,0,full_heusler,1,full_heusler,,
Ti0.6Nb0.4O2,4,3,3,3,4,other_oxide,1,other_oxide,,
Ti0.6V0.32Fe1Sb1,15,4,6,6,10,half_heusler,1,half_heusler,,
Ti0.73Al1.09Fe2.18,6,4,6,0,0,unassignable,0,,full_heusler,ratio spread 0.371 > 0.15
Ti0.75Al1Fe2.25,20,0,20,0,0,unassignable,0,,full_heusler,ratio spread 0.391 > 0.15
Ti0.75Cr0.25O1.5,5,5,5,0,0,other_oxide,1,other_oxide,,
Ti0.75Fe2.25Sn1,12,7,12,0,0,unassignable,0,,full_heusler,ratio spread 0.391 > 0.15
Ti0.75Sb1Pt1,10,9,9,5,6,unassignable,0,,half_heusler,ratio spread 0.273 > 0.15
Ti0.77Mn0.23Fe2Si1,4,1,4,0,0,full_heusler,1,full_heusler,,
Ti0.792Ni1Sn1,20,6,10,10,10,unassignable,0,,half_heusler,ratio spread 0.223 > 0.15
Ti0.7Al1Cr0.3Fe2,32,31,5,0,0,full_heusler,1,full_heusler,,
Ti0.7Cr0.3O1.4,5,5,5,0,0,other_oxide,1,other_oxide,,
Ti0.7Ni1Sn1,52,28,50,23,13,unassignable,0,,half_heusler,ratio spread 0.333 > 0.15
Ti0.7V0.3Co1Sn0.3Sb0.7,89,79,77,0,0,half_heusler,1,half_heusler,,
Ti0.82Sb1Pt1,10,9,9,6,6,unassignable,0,,half_heusler,ratio spread 0.191 > 0.15
Ti0.83Nb0.17O2,15,11,8,5,5,other_oxide,1,other_oxide,,
Ti0.83Sb1Pt1,12,9,7,6,6,unassignable,0,,half_heusler,ratio spread 0.180 > 0.15
Ti0.844Ni1.09Sn1,11,11,11,11,11,unassignable,0,,half_heusler,ratio spread 0.252 > 0.15
Ti0.84Sb1Pt1,10,10,9,6,6,unassignable,0,,half_heusler,ratio spread 0.169 > 0.15
Ti0.855Mn0.2Ni1.06Sn1,14,14,14,14,14,unassignable,0,,half_heusler,ratio spread 0.390 > 0.15
Ti0.85Co1Sb1,40,20,24,20,20,unassignable,0,,half_heusler,ratio spread 0.158 > 0.15
Ti0.85Fe0.3Co0.2Ni0.5Sb1,6,5,5,5,5,unassignable,0,,half_heusler,ratio spread 0.158 > 0.15
Ti0.85Fe0.5Ni0.35Sb1,6,6,5,5,5,unassignable,0,,half_heusler,ratio spread 0.167 > 0.15
Ti0.85Fe2Sn1,16,10,10,6,0,unassignable,0,,full_heusler,ratio spread 0.158 > 0.15
Ti0.85Ni1.1Sn1,9,9,9,0,0,unassignable,0,,half_heusler,ratio spread 0.254 > 0.15
Ti0.85Ni1Sn1,9,7,9,0,0,unassignable,0,,half_heusler,ratio spread 0.158 > 0.15
Ti0.85O2,12,10,7,0,0,other_oxide,1,other_oxide,,
Ti0.85Sb1Pt1,10,9,10,5,6,unassignable,0,,half_heusler,ratio spread 0.158 > 0.15
Ti0.867Fe1.463Sb1,10,10,9,8,6,unassignable,0,,full_heusler,ratio spread 0.310 > 0.15
Ti0.86Co1Sb1,4,0,4,0,0,half_heusler,1,half_heusler,,
Ti0.86Sb1Pt1,10,10,9,5,6,half_heusler,1,half_heusler,,
Ti0.87Ni1Sn1,20,20,19,20,20,half_heusler,1,half_heusler,,
Ti0.88O2,4,4,4,0,4,other_oxide,1,other_oxide,,
Ti0.89326531Ni1.08673469Sn1,6,6,5,0,0,unassignable,0,,half_heusler,ratio spread 0.195 > 0.15
Ti0.89826531Ni1.08673469Sn0.85,5,4,5,0,0,unassignable,0,,half_heusler,ratio spread 0.251 > 0.15
Ti0.8Co1Sb1,12,5,5,6,5,unassignable,0,,half_heusler,ratio spread 0.214 > 0.15
Ti0.8Co1Sn0.2Sb0.8,20,0,20,18,18,unassignable,0,,half_heusler,ratio spread 0.214 > 0.15
Ti0.8Cr0.2O1.6,7,5,4,0,0,other_oxide,1,other_oxide,,
Ti0.8Mn0.2Co2Sn1,4,3,4,0,0,full_heusler,1,full_heusler,,
Ti0.8Mo6Se8,20,20,20,0,5,unassignable,0,,tetradymite,"elements outside rule: Mo,Ti"
Ti0.8Nb0.2O2,11,5,11,1,1,other_oxide,1,other_oxide,,
Ti0.8S3,27,15,17,14,16,unassignable,0,,tetradymite,elements outside rule: Ti
Ti0.8Sn1.1S3,30,18,20,16,18,unassignable,0,,snse_type,elements outside rule: Ti
Ti0.8Sn1.2S3,10,0,0,10,0,unassignable,0,,snse_type,elements outside rule: Ti
Ti0.8V0.2Fe2Sn1,18,10,10,6,0,full_heusler,1,full_heusler,,
Ti0.90326531Ni1.08673469Sn1,6,4,4,0,0,unassignable,0,,half_heusler,ratio spread 0.184 > 0.15
Ti0.91326531Ni1.08673469Sn1,8,5,6,2,0,unassignable,0,,half_heusler,ratio spread 0.173 > 0.15
Ti0.925Ni1Sn0.925,40,38,40,20,20,half_heusler,1,half_heusler,,
Ti0.92Co1Sb1,17,9,9,10,10,half_heusler,1,half_heusler,,
Ti0.92O2,4,4,3,3,3,other_oxide,1,other_oxide,,
Ti0.93Co1Sb1,4,0,4,0,0,half_heusler,1,half_heusler,,
Ti0.93Ni1.07Sn1,18,18,17,15,18,half_heusler,1,half_heusler,,
Ti0.93Ni1Sn1,20,20,20,20,20,half_heusler,1,half_heusler,,
Ti0.94805195Ni1.05194805Sn1,4,3,3,0,0,half_heusler,1,half_heusler,,
Ti0.94Fe2Sn1,16,9,11,6,0,full_heusler,1,full_heusler,,
Ti0.94Ni1.05Sn1,20,20,20,20,20,half_heusler,1,half_heusler,,
Ti0.94Ni1Sn1,17,17,17,17,17,half_heusler,1,half_heusler,,
Ti0.94O2,19,12,13,5,6,other_oxide,1,other_oxide,,
Ti0.95Co1Sb1,59,30,35,30,30,half_heusler,1,half_heusler,,
Ti0.95Fe2Sn1,15,14,11,3,0,full_heusler,1,full_heusler,,
Ti0.95Ni0.8Sn1Pd0.2,12,11,11,6,6,half_heusler,1,half_heusler,,
Ti0.95Ni0.92Sn1,11,10,11,0,0,half_heusler,1,half_heusler,,
Ti0.95Ni0.95Sn1,11,7,7,6,5,half_heusler,1,half_heusler,,
Ti0.95Ni1Sn0.95,91,82,86,52,63,half_heusler,1,half_heusler,,
Ti0.95Ni1Sn1,143,99,109,60,60,half_heusler,1,half_heusler,,
Ti0.95S2,32,25,19,29,28,unassignable,0,,tetradymite,elements outside rule: Ti
Ti0.9Al1Fe2,20,0,20,0,0,full_heusler,1,full_heusler,,
Ti0.9Co1Sb1,101,53,52,42,35,half_heusler,1,half_heusler,,
Ti0.9Fe2.1Sn1,11,11,11,0,0,unassignable,0,,full_heusler,ratio spread 0.153 > 0.15
Ti0.9Mo1.1As4,10,10,0,0,0,unassignable,0,,skutterudite,"elements outside rule: Mo,Ti"
Ti0.9Mo6Se8,20,20,20,0,0,unassignable,0,,tetradymite,"elements outside rule: Mo,Ti"
Ti0.9Ni1.1Sn1,16,8,9,0,0,unassignable,0,,half_heusler,ratio spread 0.200 > 0.15
Ti0.9Ni1Sn1,77,59,61,36,31,half_heusler,1,half_heusler,,
Ti0.9O1.8,5,5,5,0,0,other_oxide,1,other_oxide,,
Ti0.9O2,17,10,12,4,6,other_oxide,1,other_oxide,,
Ti0.9S2,18,12,16,18,14,unassignable,0,,tetradymite,elements outside rule: Ti
Ti0.9Sb4Mo1.1,10,10,0,0,0,unassignable,0,,half_heusler,elements outside rule: Mo
Ti1.05Fe2Sn1,15,15,11,3,0,full_heusler,1,full_heusler,,
Ti1.05S2,16,16,11,9,9,unassignable,0,,tetradymite,elements outside rule: Ti
Ti1.07Fe2Sn1,4,3,0,3,0,full_heusler,1,full_heusler,,
Ti1.0849O2,6,5,5,0,0,other_oxide,1,other_oxide,,
Ti1.085Se2,5,0,5,0,0,unassignable,0,,tetradymite,elements outside rule: Ti
Ti1.08Al0.92Fe2,14,0,11,0,7,unassignable,0,,full_heusler,ratio spread 0.160 > 0.15
Ti1.098Se2,8,0,8,0,0,unassignable,0,,tetradymite,elements outside rule: Ti
Ti1.099Se2,5,0,5,0,0,unassignable,0,,tetradymite,elements outside rule: Ti
Ti1.108Fe1.222Sb1,14,8,9,6,7,unassignable,0,,half_heusler,ratio spread 0.200 > 0.15
Ti1.109Se2,3,0,3,0,0,unassignable,0,,tetradymite,elements outside rule: Ti
Ti1.115Se2,5,0,5,0,0,unassignable,0,,tetradymite,elements outside rule: Ti
Ti1.1328O2,6,5,5,0,0,other_oxide,1,other_oxide,,
Ti1.13S2,7,0,7,0,0,unassignable,0,,tetradymite,elements outside rule: Ti
Ti1.1637O2,6,5,4,0,0,other_oxide,1,other_oxide,,
Ti1.1937O2,5,5,5,0,0,other_oxide,1,other_oxide,,
Ti1.1Fe1.9Sn1,15,14,11,4,0,full_heusler,1,full_heusler,,
Ti1.1Ni1Sn1,48,37,48,19,35,half_heusler,1,half_heusler,,
Ti1.2327O2,3,2,2,0,0,other_oxide,1,other_oxide,,
Ti1.25Mo6Se8,20,20,20,0,5,unassignable,0,,tetradymite,"elements outside rule: Mo,Ti"
Ti1.2Mo6Se8,20,19,20,0,7,unassignable,0,,tetradymite,"elements outside rule: Mo,Ti"
Ti1.2Ni1Sn1,10,10,10,0,0,unassignable,0,,half_heusler,ratio spread 0.187 > 0.15
Ti1.3058O2,6,4,4,0,0,other_oxide,1,other_oxide,,
Ti1.3Mo6Se8,20,20,19,11,5,unassignable,0,,tetradymite,"elements outside rule: Mo,Ti"
Ti1.3Ni1Sn1,20,20,20,0,0,unassignable,0,,half_heusler,ratio spread 0.273 > 0.15
Ti1.4302O2,5,4,5,0,0,other_oxide,1,other_oxide,,
Ti1.4Ni1Sn1,24,19,20,5,6,unassignable,0,,half_heusler,ratio spread 0.353 > 0.15
Ti1.5Co1Ni1Sn0.5Sb1.5,11,10,10,9,10,unassignable,0,,half_heusler,ratio spread 0.273 > 0.15
Ti1.5Ni1Sn1,20,17,20,0,0,unassignable,0,,half_heusler,ratio spread 0.429 > 0.15
Ti1.65Co1Ni1Sn0.5Sb1.5,29,20,20,17,20,unassignable,0,,half_heusler,ratio spread 0.186 > 0.15
Ti1.6Co1Ni1Sn0.5Sb1.5,14,12,10,9,13,unassignable,0,,half_heusler,ratio spread 0.214 > 0.15
Ti1.6Ni1Sn1,10,10,10,0,0,unassignable,0,,half_heusler,ratio spread 0.500 > 0.15
Ti1.8Bi1.2S5,18,10,10,10,9,unassignable,0,,tetradymite,elements outside rule: Ti
Ti1.8Co1Ni1Sn0.5Sb1.5,16,10,10,10,11,half_heusler,1,half_heusler,,
Ti1.8Fe1Ni1Sb1.7,7,5,6,6,5,unassignable,0,,half_heusler,ratio spread 0.164 > 0.15
Ti1.8O3,5,5,0,0,0,other_oxide,1,other_oxide,,
Ti1.9Bi1.2S5,169,101,96,93,97,unassignable,0,,tetradymite,elements outside rule: Ti
Ti103(NiSn)100,16,7,8,6,10,half_heusler,1,half_heusler,,
Ti10B8Ru19,14,9,8,5,4,unassignable,0,,half_heusler,elements outside rule: B
Ti10Cu3Ni7,5,5,3,0,0,unassignable,0,,full_heusler,a required site is empty
Ti10CuNi9,7,5,5,0,0,unassignable,0,,full_heusler,a required site is empty
Ti10O19,4,3,4,0,0,other_oxide,1,other_oxide,,
Ti11(NiSn)10,11,10,10,6,10,half_heusler,1,half_heusler,,
Ti16Nb12Cu5Ni28Sn31,12,5,9,10,0,unassignable,0,,full_heusler,ratio spread 0.576 > 0.15
Ti19Zn81(B13O27)3,8,6,4,6,0,zno_based,2,zno_based;other_oxide,,
Ti1Ag0.2O2,19,11,13,5,6,other_oxide,1,other_oxide,,
Ti1Ag0.32S2,5,5,0,0,0,unassignable,0,,cu2x_ag2x_liquid_like,elements outside rule: Ti
Ti1Ag0.6S2,6,6,0,0,0,unassignable,0,,cu2x_ag2x_liquid_like,elements outside rule: Ti
Ti1Ag0.8S2,7,7,0,0,0,unassignable,0,,cu2x_ag2x_liquid_like,elements outside rule: Ti
Ti1Al0.25Co2Si0.75,20,18,20,0,0,full_heusler,1,full_heusler,,
Ti1Al0.5Co2Si0.5,20,20,18,0,0,full_heusler,1,full_heusler,,
Ti1Al0.75Co2Si0.25,18,13,18,0,0,full_heusler,1,full_heusler,,
Ti1Al1Fe0.4Co1.6,33,33,3,0,0,full_heusler,1,full_heusler,,
Ti1Al1Fe0.6Co1.4,26,25,11,0,0,full_heusler,1,full_heusler,,
Ti1Al1Fe0.8Co1.2,7,0,7,0,0,full_heusler,1,full_heusler,,
Ti1Al1Fe1.1Co0.9,18,17,7,0,0,full_heusler,1,full_heusler,,
Ti1Al1Fe1.3Co0.7,18,17,7,0,0,full_heusler,1,full_heusler,,
Ti1Al1Fe1.5Co0.5,18,17,9,0,0,full_heusler,1,full_heusler,,
Ti1Co0.25Ni1Sn1,11,11,7,0,0,unassignable,0,,half_heusler,ratio spread 0.231 > 0.15
Ti1Co0.2Ni0.8Sb1,3,3,3,0,0,half_heusler,1,half_heusler,,
Ti1Co0.2Ni0.8Sn0.8Sb0.2,20,20,8,4,0,half_heusler,1,half_heusler,,
Ti1Co0.3Ni0.7Sb1,3,3,3,0,0,half_heusler,1,half_heusler,,
Ti1Co0.4Ni0.6Sb1,3,3,3,0,0,half_heusler,1,half_heusler,,
Ti1Co0.5Ni0.5Sb1,3,3,3,0,0,half_heusler,1,half_heusler,,
Ti1Co0.5Ni0.5Sn0.5Sb0.5,20,20,20,4,0,half_heusler,1,half_heusler,,
Ti1Co0.5Ni1Sn1,18,18,12,0,0,unassignable,0,,full_heusler,ratio spread 0.273 > 0.15
Ti1Co0.6Ni0.4Sb1,4,3,3,0,0,half_heusler,1,half_heusler,,
Ti1Co0.75Ni1Sn1,18,18,15,0,0,full_heusler,1,full_heusler,,
Ti1Co0.7Ni0.3Sb1,3,3,3,0,0,half_heusler,1,half_heusler,,
Ti1Co0.85Ni0.3Sb0.85,14,7,11,7,7,unassignable,0,,half_heusler,ratio spread 0.300 > 0.15
Ti1Co0.85Sb1,52,29,31,31,27,unassignable,0,,half_heusler,ratio spread 0.158 > 0.15
Ti1Co0.8Ni0.2Sb1,3,3,3,0,0,half_heusler,1,half_heusler,,
Ti1Co0.8Ni0.2Sn0.2Sb0.8,20,20,20,3,0,half_heusler,1,half_heusler,,
Ti1Co0.8Ni0.4Sn0.2Sb0.8,15,11,11,9,9,unassignable,0,,half_heusler,ratio spread 0.188 > 0.15
Ti1Co0.8Sb1,4,4,4,4,4,unassignable,0,,half_heusler,ratio spread 0.214 > 0.15
Ti1Co0.92Sb1,19,11,9,10,10,half_heusler,1,half_heusler,,
Ti1Co0.95Sb0.95,24,18,18,5,5,half_heusler,1,half_heusler,,
Ti1Co0.95Sb1,48,29,31,25,22,half_heusler,1,half_heusler,,
Ti1Co0.9Ni0.2Sb0.9,15,11,11,9,8,unassignable,0,,half_heusler,ratio spread 0.200 > 0.15
Ti1Co0.9Sb1,43,23,22,21,20,half_heusler,1,half_heusler,,
Ti1Co1.05Sb1,14,11,9,7,4,half_heusler,1,half_heusler,,
Ti1Co1.05Sn0.2Sb0.8,15,7,7,7,15,half_heusler,1,half_heusler,,
Ti1Co1.1Sb1,8,5,0,3,3,half_heusler,1,half_heusler,,
Ti1Co1.2Sb1,5,3,5,3,0,unassignable,0,,half_heusler,ratio spread 0.187 > 0.15
Ti1Co1.4Sb1,5,3,4,4,0,unassignable,0,,full_heusler,ratio spread 0.333 > 0.15
Ti1Co1Ge0.2Sb0.8,19,10,10,10,11,half_heusler,1,half_heusler,,
Ti1Co1Ni0.2Sb1,12,11,11,10,10,unassignable,0,,half_heusler,ratio spread 0.187 > 0.15
Ti1Co1Sb0.85,32,21,18,20,16,unassignable,0,,half_heusler,ratio spread 0.158 > 0.15
Ti1Co1Sb0.9,37,24,23,23,15,half_heusler,1,half_heusler,,
Ti1Co1Sb0.92,19,10,7,10,9,half_heusler,1,half_heusler,,
Ti1Co1Sb0.95,35,16,16,15,18,half_heusler,1,half_heusler,,
Ti1Co1Sn0.25Sb0.75,17,10,10,8,8,half_heusler,1,half_heusler,,
Ti1Co1Sn0.2Sb0.8,46,21,27,26,24,half_heusler,1,half_heusler,,
Ti1Cu0.25Se0.5S1.5,16,0,0,0,16,unassignable,0,,cu2x_ag2x_liquid_like,elements outside rule: Ti
Ti1Cu0.2Ni1Sn1,12,11,11,11,11,unassignable,0,,full_heusler,ratio spread 0.462 > 0.15
Ti1Fe0.16625Co0.875Sb0.875,15,7,9,8,8,unassignable,0,,half_heusler,ratio spread 0.171 > 0.15
Ti1Fe0.25Co0.25Ni0.5Sb1,7,5,6,6,5,half_heusler,1,half_heusler,,
Ti1Fe0.29Co0.78Sb1,82,47,47,37,39,half_heusler,1,half_heusler,,
Ti1Fe0.2Co0.6Ni0.2Sb1,4,3,4,4,0,half_heusler,1,half_heusler,,
Ti1Fe0.2Co0.8Sb1,16,11,8,10,10,half_heusler,1,half_heusler,,
Ti1Fe0.2Co0.9Sb0.9,13,11,11,9,7,unassignable,0,,half_heusler,ratio spread 0.200 > 0.15
Ti1Fe0.35Ni0.5Sb1,7,6,6,5,5,unassignable,0,,half_heusler,ratio spread 0.158 > 0.15
Ti1Fe0.35Ni0.65Sb1,18,10,10,10,10,half_heusler,1,half_heusler,,
Ti1Fe0.3Co0.2Ni0.5Sb1,14,12,11,10,11,half_heusler,1,half_heusler,,
Ti1Fe0.3Co0.4Ni0.3Sb1,4,3,3,4,3,half_heusler,1,half_heusler,,
Ti1Fe0.3Co0.7Sb1,16,11,10,7,10,half_heusler,1,half_heusler,,
Ti1Fe0.3Co0.85Sb0.85,16,11,11,9,9,unassignable,0,,half_heusler,ratio spread 0.300 > 0.15
Ti1Fe0.3Ni0.7Sb1,18,10,10,10,10,half_heusler,1,half_heusler,,
Ti1Fe0.4256Co0.68Sb0.875,32,18,18,14,14,unassignable,0,,half_heusler,ratio spread 0.232 > 0.15
Ti1Fe0.45Ni0.55Sb1,20,11,12,9,10,half_heusler,1,half_heusler,,
Ti1Fe0.4Co0.8Sn0.2Sb0.8,14,8,11,9,9,unassignable,0,,half_heusler,ratio spread 0.188 > 0.15
Ti1Fe0.4Ni0.6Sb1,39,24,23,19,23,half_heusler,1,half_heusler,,
Ti1Fe0.55Ni0.45Sb1,44,24,23,20,25,half_heusler,1,half_heusler,,
Ti1Fe0.5Co0.2Ni0.3Sb1,6,5,6,6,5,half_heusler,1,half_heusler,,
Ti1Fe0.5Co0.5Sb1,18,9,9,9,10,half_heusler,1,half_heusler,,
Ti1Fe0.5Ni0.35Sb1,12,12,12,10,10,unassignable,0,,half_heusler,ratio spread 0.158 > 0.15
Ti1Fe0.5Ni0.4Sb1,6,6,6,6,5,half_heusler,1,half_heusler,,
Ti1Fe0.5Ni0.5Sb1,20,13,12,12,7,half_heusler,1,half_heusler,,
Ti1Fe0.65Ni0.35Sb1,28,20,20,18,20,half_heusler,1,half_heusler,,
Ti1Fe0.665Co0.5Sb1,35,20,19,15,16,unassignable,0,,half_heusler,ratio spread 0.156 > 0.15
Ti1Fe0.6Ni0.4Sb1,32,19,21,14,19,half_heusler,1,half_heusler,,
Ti1Fe0.7Ni0.3Sb1,18,10,8,10,10,half_heusler,1,half_heusler,,
Ti1Fe1.2Co0.8Sn1,10,4,5,5,5,full_heusler,1,full_heusler,,
Ti1Fe1.33Sb1,45,27,23,23,23,unassignable,0,,half_heusler,ratio spread 0.297 > 0.15
Ti1Fe1.4Co0.6Sn1,9,5,5,5,5,full_heusler,1,full_heusler,,
Ti1Fe1.6Co0.4Sn1,10,5,5,5,5,full_heusler,1,full_heusler,,
Ti1Fe1.8Co0.2Sn1,10,5,5,5,5,full_heusler,1,full_heusler,,
Ti1Fe1Co0.25Sb1,18,8,11,6,8,unassignable,0,,half_heusler,ratio spread 0.231 > 0.15
Ti1Fe2Si0.2Sn0.8,3,3,3,3,0,full_heusler,1,full_heusler,,
Ti1Fe2Si0.4Sn0.6,3,3,3,3,0,full_heusler,1,full_heusler,,
Ti1Fe2Si0.6Sn0.4,3,3,1,1,0,full_heusler,1,full_heusler,,
Ti1Fe2Si0.8Sn0.2,3,3,3,3,0,full_heusler,1,full_heusler,,
Ti1Fe2Sn0.5Sb0.5,4,0,4,0,0,full_heusler,1,full_heusler,,
Ti1Fe2Sn0.75Sb0.25,4,0,4,0,0,full_heusler,1,full_heusler,,
Ti1Fe2Sn0.95,17,11,17,0,0,full_heusler,1,full_heusler,,
Ti1H0.4S2,5,5,5,5,5,unassignable,0,,tetradymite,"elements outside rule: H,Ti"
Ti1H0.772C0.322S2,5,5,5,5,5,unassignable,0,,tetradymite,"elements outside rule: C,H,Ti"
Ti1H1.53,13,6,13,0,0,unassignable,0,,half_heusler,elements outside rule: H
Ti1H1.66,11,8,10,0,0,unassignable,0,,half_heusler,elements outside rule: H
Ti1H1.75,12,9,12,0,0,unassignable,0,,half_heusler,elements outside rule: H
Ti1H1.9C0.54S2,7,7,6,6,7,unassignable,0,,tetradymite,"elements outside rule: C,H,Ti"
Ti1Mn0.163Ni1Sn1,20,19,19,19,20,unassignable,0,,half_heusler,ratio spread 0.155 > 0.15
Ti1Mn0.19Ni1Sn1,20,20,20,20,20,unassignable,0,,half_heusler,ratio spread 0.179 > 0.15
Ti1N0.2O1.6,6,6,6,6,6,other_oxide,1,other_oxide,,
Ti1Ni0.91Sn1,16,16,16,16,16,half_heusler,1,half_heusler,,
Ti1Ni0.92Sn1,64,56,55,7,0,half_heusler,1,half_heusler,,
Ti1Ni0.93Sn1.05,17,17,17,17,16,half_heusler,1,half_heusler,,
Ti1Ni0.94Sn1,13,9,0,8,0,half_heusler,1,half_heusler,,
Ti1Ni0.95Sn0.95,20,20,14,3,0,half_heusler,1,half_heusler,,
Ti1Ni0.95Sn1,5,0,0,5,0,half_heusler,1,half_heusler,,
Ti1Ni0.9Sb1,3,3,3,0,0,half_heusler,1,half_heusler,,
Ti1Ni0.9Sn0.9,20,20,13,4,0,half_heusler,1,half_heusler,,
Ti1Ni0.9Sn1,16,10,10,12,5,half_heusler,1,half_heusler,,
Ti1Ni1.05Sn1,36,35,35,19,17,half_heusler,1,half_heusler,,
Ti1Ni1.06Sn1,115,71,70,67,67,half_heusler,1,half_heusler,,
Ti1Ni1.075Sn1,6,5,5,3,4,half_heusler,1,half_heusler,,
Ti1Ni1.08Sn1,20,11,7,8,20,half_heusler,1,half_heusler,,
Ti1Ni1.15Sn1,54,39,52,43,42,half_heusler,1,half_heusler,,
Ti1Ni1.1Sn1,54,50,52,24,26,half_heusler,1,half_heusler,,
Ti1Ni1.25Sn1,43,33,40,28,22,unassignable,0,,half_heusler,ratio spread 0.231 > 0.15
Ti1Ni1.2Sn1,19,18,18,12,13,unassignable,0,,half_heusler,ratio spread 0.187 > 0.15
Ti1Ni1.5Sn1,17,17,9,0,0,unassignable,0,,full_heusler,ratio spread 0.273 > 0.15
Ti1Ni1Sn0.9,19,10,10,12,6,half_heusler,1,half_heusler,,
Ti1Ni1Sn0.935,30,16,17,11,10,half_heusler,1,half_heusler,,
Ti1Ni1Sn0.95,26,26,26,15,24,half_heusler,1,half_heusler,,
Ti1O1.07,5,5,0,0,0,other_oxide,1,other_oxide,,
Ti1O1.1,4,1,0,2,1,other_oxide,1,other_oxide,,
Ti1O1.46,6,6,0,0,0,other_oxide,1,other_oxide,,
Ti1O1.74,10,10,10,8,10,other_oxide,1,other_oxide,,
Ti1O1.75,22,16,22,17,18,other_oxide,1,other_oxide,,
Ti1O1.76,23,21,21,14,21,other_oxide,1,other_oxide,,
Ti1O1.77,14,6,11,4,6,other_oxide,1,other_oxide,,
Ti1O1.78,30,30,10,6,10,other_oxide,1,other_oxide,,
Ti1O1.8,18,15,14,15,14,other_oxide,1,other_oxide,,
Ti1O1.83,6,6,4,6,6,other_oxide,1,other_oxide,,
Ti1O1.84,13,9,10,6,11,other_oxide,1,other_oxide,,
Ti1O1.85,14,10,10,9,0,other_oxide,1,other_oxide,,
Ti1O1.87,4,4,3,0,0,other_oxide,1,other_oxide,,
Ti1O1.9,39,29,32,28,24,other_oxide,1,other_oxide,,
Ti1Sb1Ru0.9,10,0,0,0,10,half_heusler,1,half_heusler,,
Ti1Sb1Ru1.1,11,10,10,0,10,half_heusler,1,half_heusler,,
Ti1Sb1Ru1.2,10,10,10,9,10,unassignable,0,,half_heusler,ratio spread 0.187 > 0.15
Ti1Sb1Ru1.25,9,9,9,0,0,unassignable,0,,half_heusler,ratio spread 0.231 > 0.15
Ti1Sb1Ru1.3,10,10,10,0,0,unassignable,0,,half_heusler,ratio spread 0.273 > 0.15
Ti1Sb1Ru1.4,10,10,10,0,0,unassignable,0,,full_heusler,ratio spread 0.333 > 0.15
Ti1Sb1Ru1.5,10,6,10,10,0,unassignable,0,,full_heusler,ratio spread 0.273 > 0.15
Ti1Sb1Ru1.6,10,10,10,0,0,unassignable,0,,full_heusler,ratio spread 0.214 > 0.15
Ti1Sb1Ru1.8,10,0,0,10,10,full_heusler,1,full_heusler,,
Ti1Se0.5S1.5,112,68,73,67,42,unassignable,0,,tetradymite,elements outside rule: Ti
Ti1Se1.5S0.5,17,13,10,13,11,unassignable,0,,tetradymite,elements outside rule: Ti
Ti2.25Cu0.375S4,12,9,8,8,9,unassignable,0,,cu2x_ag2x_liquid_like,elements outside rule: Ti
Ti2.25Cu0.5S4,15,9,9,8,9,unassignable,0,,cu2x_ag2x_liquid_like,elements outside rule: Ti
Ti2.5Co1.5Cu2S8,30,19,16,15,19,unassignable,0,,tetrahedrite,elements outside rule: Ti
Ti23(NiSn)20,12,10,7,6,10,half_heusler,1,half_heusler,,
Ti24Nb6Cu6Ni27Sn32,19,7,13,13,0,unassignable,0,,full_heusler,ratio spread 0.592 > 0.15
Ti28Mn18Bi28O159,20,0,0,20,16,other_oxide,1,other_oxide,,
Ti2Bi1.08S5,40,22,20,20,18,unassignable,0,,tetradymite,elements outside rule: Ti
Ti2Bi1.2S5,82,50,50,37,46,unassignable,0,,tetradymite,elements outside rule: Ti
Ti2CO3,23,11,21,3,2,other_oxide,1,other_oxide,,
Ti2Co1Ni1Sn0.5Sb1.5,11,10,10,10,9,half_heusler,1,half_heusler,,
Ti2CoNiSb2,11,10,10,10,9,half_heusler,1,half_heusler,,
Ti2CoNiSnSb,14,13,11,0,0,half_heusler,1,half_heusler,,
Ti2Cu0.625S4,15,9,9,8,9,unassignable,0,,cu2x_ag2x_liquid_like,elements outside rule: Ti
Ti2Cu0.75S4,13,9,7,6,9,unassignable,0,,cu2x_ag2x_liquid_like,elements outside rule: Ti
Ti2Cu0.875S4,13,8,6,7,8,unassignable,0,,cu2x_ag2x_liquid_like,elements outside rule: Ti
Ti2CuNi,7,6,6,0,0,unassignable,0,,full_heusler,a required site is empty
Ti2CuS4,16,2,1,13,1,unassignable,0,,cu2x_ag2x_liquid_like,elements outside rule: Ti
Ti2Fe0.85Ni1.15Sb2,20,20,20,0,0,half_heusler,1,half_heusler,,
Ti2Fe1.05Ni0.95Sb2,20,18,11,0,0,half_heusler,1,half_heusler,,
Ti2Fe1.3Ni0.7Sb2,20,20,11,0,0,half_heusler,1,half_heusler,,
Ti2Fe1Ni1Sb1.7,13,12,12,11,12,unassignable,0,,half_heusler,ratio spread 0.158 > 0.15
Ti2Fe1Ni1Sb1.8,26,23,25,5,6,half_heusler,1,half_heusler,,
Ti2Fe1Ni1Sn0.4Sb1.6,6,6,5,6,5,half_heusler,1,half_heusler,,
Ti2Fe1Ni1Sn0.5Sb1.5,6,6,5,6,6,half_heusler,1,half_heusler,,
Ti2FeCu3Te4,3,2,0,3,2,unassignable,0,,cu2x_ag2x_liquid_like,"elements outside rule: Fe,Ti"
Ti2FeNiSb2,41,24,25,20,6,half_heusler,1,half_heusler,,
Ti2O3,53,51,11,6,11,other_oxide,1,other_oxide,,
Ti2Pb1.18S5,18,18,18,0,10,unassignable,0,,snse_type,elements outside rule: Ti
Ti2Sn1.152S5,9,9,9,9,9,unassignable,0,,snse_type,elements outside rule: Ti
Ti2Sn1.176S5,9,9,9,9,9,unassignable,0,,snse_type,elements outside rule: Ti
Ti2Sn1.2S5,40,35,33,23,34,unassignable,0,,snse_type,elements outside rule: Ti
Ti3(BiO3)4,15,0,0,15,0,other_oxide,1,other_oxide,,
Ti3Co(CuS4)2,30,19,16,16,16,unassignable,0,,tetrahedrite,elements outside rule: Ti
Ti4.7Si3B9N4,3,0,3,0,0,unassignable,0,,half_heusler,"elements outside rule: B,N"
Ti499O897,14,0,0,10,10,other_oxide,1,other_oxide,,
Ti49Ni51,16,3,16,0,0,unassignable,0,,half_heusler,a required site is empty
Ti4O7,16,5,7,11,3,other_oxide,1,other_oxide,,
Ti50Cu7.5Ni42,6,4,6,0,0,unassignable,0,,full_heusler,a required site is empty
Ti54Cu46O109,3,0,3,0,0,other_oxide,1,other_oxide,,
Ti5Cu2Ni3,7,7,4,0,0,unassignable,0,,full_heusler,a required site is empty
Ti5Cu3Ni2,7,7,6,0,0,unassignable,0,,full_heusler,a required site is empty
Ti5CuNi4,8,6,8,0,0,unassignable,0,,full_heusler,a required site is empty
Ti5O9,13,10,4,6,6,other_oxide,1,other_oxide,,
Ti5Si3,18,15,16,0,0,unassignable,0,,half_heusler,a required site is empty
Ti61(Cu13O41)3,5,0,5,0,0,other_oxide,1,other_oxide,,
Ti69Cu31O139,5,0,5,0,0,other_oxide,1,other_oxide,,
Ti6CO10,10,8,7,0,8,other_oxide,1,other_oxide,,
Ti6Mn36Ni34Sn31,16,9,11,12,0,unassignable,0,,full_heusler,ratio spread 0.833 > 0.15
Ti74Cu26O149,5,0,5,0,0,other_oxide,1,other_oxide,,
Ti7Nb27(Fe17Sb16)2,5,5,5,0,0,half_heusler,1,half_heusler,,
Ti7Nb27(FeSb)33,22,15,16,11,10,half_heusler,1,half_heusler,,
Ti7Nb27Fe33Sb31,11,5,6,6,5,half_heusler,1,half_heusler,,
Ti7Nb27Fe33Sb32,13,10,10,10,10,half_heusler,1,half_heusler,,
Ti7Nb27Fe35Sb32,8,5,5,0,0,half_heusler,1,half_heusler,,
Ti8O15,11,6,6,6,3,other_oxide,1,other_oxide,,
Ti8Si3(B4N)4,4,0,4,0,0,unassignable,0,,half_heusler,"elements outside rule: B,N"
Ti99(NiSn)103,20,18,17,11,9,half_heusler,1,half_heusler,,
Ti99Ni107Sn103,19,18,14,8,9,half_heusler,1,half_heusler,,
Ti9Co2(B4Ru9)2,16,9,9,6,5,unassignable,0,,half_heusler,elements outside rule: B
Ti9Cr2(B4Ru9)2,14,9,7,5,5,unassignable,0,,full_heusler,elements outside rule: B
Ti9Cu2(B4Ru9)2,15,9,9,6,5,unassignable,0,,full_heusler,elements outside rule: B
Ti9Fe2(B4Ru9)2,15,9,9,6,5,unassignable,0,,half_heusler,elements outside rule: B
Ti9Mn2(B4Ru9)2,14,9,7,5,5,unassignable,0,,half_heusler,elements outside rule: B
Ti9Ni2(B4Ru9)2,14,9,9,5,5,unassignable,0,,half_heusler,elements outside rule: B
Ti9Ni7Sn8,9,6,7,6,0,unassignable,0,,half_heusler,ratio spread 0.250 > 0.15
TiAgS2,7,7,0,0,0,unassignable,0,,cu2x_ag2x_liquid_like,elements outside rule: Ti
TiAlFe2,20,0,20,0,0,full_heusler,1,full_heusler,,
TiAlFeCo,18,16,7,0,0,full_heusler,1,full_heusler,,
TiCo2Ge,20,20,16,0,0,full_heusler,1,full_heusler,,
TiCo2Si,20,20,16,0,0,full_heusler,1,full_heusler,,
TiCo2Sn,24,23,20,0,0,full_heusler,1,full_heusler,,
TiCoNiSb,8,5,3,5,7,full_heusler,1,full_heusler,,
TiCoSb,245,138,127,140,102,half_heusler,1,half_heusler,,
TiCoSn,19,0,0,19,19,half_heusler,1,half_heusler,,
TiFe2Sn,141,119,115,86,81,full_heusler,1,full_heusler,,
TiFeCoSn,13,6,8,5,5,full_heusler,1,full_heusler,,
TiMnSi2,12,6,6,4,4,unassignable,0,,half_heusler,ratio spread 0.750 > 0.15
TiNbFeO6,17,17,0,0,0,other_oxide,1,other_oxide,,
TiNi,4,2,4,2,0,unassignable,0,,half_heusler,a required site is empty
TiNi2Sn,24,20,15,0,0,full_heusler,1,full_heusler,,
TiNiSn,1077,863,842,607,647,half_heusler,1,half_heusler,,
TiO,17,12,4,1,0,other_oxide,1,other_oxide,,
TiO2,192,110,140,70,51,other_oxide,1,other_oxide,,
TiO3,69,47,41,47,44,other_oxide,1,other_oxide,,
TiS2,395,333,288,284,287,unassignable,0,,tetradymite,elements outside rule: Ti
TiSbPt,10,10,9,5,6,half_heusler,1,half_heusler,,
TiSbRu2,10,0,0,10,0,full_heusler,1,full_heusler,,
TiSe2,161,95,95,157,92,unassignable,0,,tetradymite,elements outside rule: Ti
TiSeS,17,13,14,9,13,unassignable,0,,tetradymite,elements outside rule: Ti
TiSi19,37,33,33,0,33,unassignable,0,,half_heusler,a required site is empty
TiSnPt,12,10,6,3,3,half_heusler,1,half_heusler,,
TiTe3O8,9,0,0,9,0,other_oxide,1,other_oxide,,
Tl(CuTe)2,10,9,9,5,0,unassignable,0,,cu2x_ag2x_liquid_like,elements outside rule: Tl
Tl0.87Ag9Te5,17,14,14,1,16,unassignable,0,,cu2x_ag2x_liquid_like,elements outside rule: Tl
Tl12Te13,9,5,3,0,8,unassignable,0,,tetradymite,elements outside rule: Tl
Tl13Te7,3,3,2,0,0,unassignable,0,,skutterudite,elements outside rule: Te
Tl17Te8,4,4,2,0,3,unassignable,0,,skutterudite,elements outside rule: Te
Tl1Ag0.95Te1,11,8,9,6,8,unassignable,0,,cu2x_ag2x_liquid_like,elements outside rule: Tl
Tl1Ag0.9Te1,13,10,12,7,10,unassignable,0,,cu2x_ag2x_liquid_like,elements outside rule: Tl
Tl1Ag1Te2.1,6,0,6,0,0,unassignable,0,,cu2x_ag2x_liquid_like,elements outside rule: Tl
Tl1Ag9Te5.3,17,13,15,0,5,unassignable,0,,cu2x_ag2x_liquid_like,elements outside rule: Tl
Tl1Ag9Te5.5,13,12,13,0,4,unassignable,0,,cu2x_ag2x_liquid_like,elements outside rule: Tl
Tl1Cu0.2Ag0.8Te1,5,5,5,3,5,unassignable,0,,cu2x_ag2x_liquid_like,elements outside rule: Tl
Tl1Cu0.3Ag0.7Te1,9,8,8,3,8,unassignable,0,,cu2x_ag2x_liquid_like,elements outside rule: Tl
Tl1Cu0.4Ag0.6Te1,11,10,10,7,10,unassignable,0,,cu2x_ag2x_liquid_like,elements outside rule: Tl
Tl1Fe2.5Ni1.5Sb12,17,10,10,10,10,skutterudite,1,skutterudite,,
Tl1Ga0.9Te2,11,11,0,0,0,unassignable,0,,diamond_like_cu,elements outside rule: Tl
Tl1In0.2Ga0.8Te2,11,11,0,0,0,unassignable,0,,diamond_like_cu,elements outside rule: Tl
Tl1In0.3Ga0.7Te2,11,11,0,0,0,unassignable,0,,diamond_like_cu,elements outside rule: Tl
Tl1In0.4Ga0.6Te2,11,11,0,0,0,unassignable,0,,diamond_like_cu,elements outside rule: Tl
Tl1In0.5Ga0.5Te2,11,11,0,0,0,unassignable,0,,diamond_like_cu,elements outside rule: Tl
Tl1In0.6Ga0.4Te2,11,11,0,0,0,unassignable,0,,diamond_like_cu,elements outside rule: Tl
Tl1In0.7Ga0.3Te2,7,7,0,0,0,unassignable,0,,diamond_like_cu,elements outside rule: Tl
Tl1In0.8Ga0.2Te2,3,3,0,0,0,unassignable,0,,diamond_like_cu,elements outside rule: Tl
Tl1In0.9Te2,2,2,0,0,0,unassignable,0,,diamond_like_cu,elements outside rule: Tl
Tl21Te29,3,0,0,0,3,unassignable,0,,tetradymite,elements outside rule: Tl
Tl27Te23,4,2,2,0,3,unassignable,0,,skutterudite,elements outside rule: Te
Tl2Ag11Te7,3,3,2,0,3,unassignable,0,,cu2x_ag2x_liquid_like,elements outside rule: Tl
Tl2Ag2Mo9Se11,13,12,7,11,10,unassignable,0,,cu2x_ag2x_liquid_like,"elements outside rule: Mo,Tl"
Tl2Ag3Mo15Se19,10,9,6,9,9,unassignable,0,,cu2x_ag2x_liquid_like,"elements outside rule: Mo,Tl"
Tl2GeTe3,6,3,6,5,5,unassignable,0,,gete_type,elements outside rule: Tl
Tl2SnTe3,7,7,7,0,0,unassignable,0,,gete_type,elements outside rule: Tl
Tl2Te,43,37,33,14,27,unassignable,0,,skutterudite,elements outside rule: Te
Tl31Te69,11,7,8,0,9,unassignable,0,,tetradymite,elements outside rule: Tl
Tl3AgTe2,8,4,8,8,8,unassignable,0,,skutterudite,"elements outside rule: Ag,Te"
Tl3Te2,77,70,67,17,16,unassignable,0,,skutterudite,elements outside rule: Te
Tl4SnTe3,48,29,31,24,26,unassignable,0,,gete_type,elements outside rule: Tl
Tl4Te3Pb,48,27,33,25,23,unassignable,0,,gete_type,elements outside rule: Tl
Tl5Te3,43,33,22,23,24,unassignable,0,,skutterudite,elements outside rule: Te
Tl67Te33,5,5,5,0,0,unassignable,0,,skutterudite,elements outside rule: Te
Tl8GeTe5,9,9,9,1,3,unassignable,0,,skutterudite,"elements outside rule: Ge,Te"
Tl8Sn1.12Te6,13,12,12,6,5,unassignable,0,,skutterudite,"elements outside rule: Sn,Te"
Tl8Sn1.7Te6,13,13,13,4,6,unassignable,0,,skutterudite,"elements outside rule: Sn,Te"
Tl8Sn1.9Te6,13,12,12,7,7,unassignable,0,,skutterudite,"elements outside rule: Sn,Te"
Tl8Sn2.1Te6,15,11,12,8,7,unassignable,0,,gete_type,elements outside rule: Tl
Tl8Sn2.2Te6,13,12,12,8,7,unassignable,0,,gete_type,elements outside rule: Tl
Tl8Te6Pb1.9,8,5,5,5,6,unassignable,0,,skutterudite,"elements outside rule: Pb,Te"
Tl9Bi0.83Te6,11,11,11,5,4,unassignable,0,,skutterudite,"elements outside rule: Bi,Te"
Tl9Bi0.85Te6,17,14,14,8,8,unassignable,0,,skutterudite,"elements outside rule: Bi,Te"
Tl9Bi0.8Te6,13,12,12,6,5,unassignable,0,,skutterudite,"elements outside rule: Bi,Te"
Tl9Bi0.95Te6,25,21,21,12,12,unassignable,0,,skutterudite,"elements outside rule: Bi,Te"
Tl9Bi0.9Te6,17,14,14,8,8,unassignable,0,,skutterudite,"elements outside rule: Bi,Te"
Tl9Bi1.05Te6,3,2,1,2,2,unassignable,0,,skutterudite,"elements outside rule: Bi,Te"
Tl9BiTe6,64,54,53,30,29,unassignable,0,,skutterudite,"elements outside rule: Bi,Te"
Tl9CuTe5,24,21,21,12,21,unassignable,0,,skutterudite,"elements outside rule: Cu,Te"
Tl9Sb0.95Te6,18,14,14,7,7,unassignable,0,,skutterudite,elements outside rule: Te
Tl9Sb0.9Te6,16,14,14,8,8,unassignable,0,,skutterudite,elements outside rule: Te
Tl9SbTe6,32,28,28,16,16,unassignable,0,,skutterudite,elements outside rule: Te
Tl9Sn0.8Te6,12,12,12,0,0,unassignable,0,,skutterudite,"elements outside rule: Sn,Te"
Tl9SnTe6,24,20,22,6,6,unassignable,0,,skutterudite,"elements outside rule: Sn,Te"
TlAg9Te5,50,49,49,2,37,unassignable,0,,cu2x_ag2x_liquid_like,elements outside rule: Tl
TlAgTe,18,16,17,4,12,unassignable,0,,cu2x_ag2x_liquid_like,elements outside rule: Tl
TlAgTe2,29,0,24,5,0,unassignable,0,,cu2x_ag2x_liquid_like,elements outside rule: Tl
TlCr5Se8,20,11,11,20,20,unassignable,0,,tetradymite,"elements outside rule: Cr,Tl"
TlCu3Te2,11,11,11,9,0,unassignable,0,,cu2x_ag2x_liquid_like,elements outside rule: Tl
TlGaSeS,8,8,0,0,0,unassignable,0,,diamond_like_cu,elements outside rule: Tl
TlSbTe2,40,27,9,26,18,unassignable,0,,tetradymite,elements outside rule: Tl
TlSbTe6,9,0,0,9,0,unassignable,0,,tetradymite,elements outside rule: Tl
TlTe,20,12,11,16,12,unassignable,0,,tetradymite,elements outside rule: Tl
TlV5Se8,15,9,15,8,0,unassignable,0,,tetradymite,"elements outside rule: Tl,V"
Tm0.25Sc0.75Ni1Sb1,20,20,19,3,0,half_heusler,1,half_heusler,,
Tm0.5Sc0.5Ni1Sb1,20,20,20,3,0,half_heusler,1,half_heusler,,
Tm0.75Sc0.25Ni1Sb1,20,9,19,3,0,half_heusler,1,half_heusler,,
Tm15Al36Au49,17,13,11,6,5,unassignable,0,,clathrate_type_i,elements outside rule: Tm
Tm17Al34Au49,14,9,5,6,0,unassignable,0,,clathrate_type_i,elements outside rule: Tm
Tm1Ni1Sn0.25Sb0.75,18,17,17,0,0,half_heusler,1,half_heusler,,
Tm1Ni1Sn0.7Sb0.3,20,20,20,0,0,half_heusler,1,half_heusler,,
TmCuTe2,20,19,20,18,19,unassignable,0,,cu2x_ag2x_liquid_like,elements outside rule: Tm
TmNiSb,61,55,59,16,16,half_heusler,1,half_heusler,,
TmNiSn,19,19,19,0,0,half_heusler,1,half_heusler,,
U,4,4,0,0,0,unassignable,0,,sige,elements outside rule: U
U(SiRu)2,5,4,3,0,4,unassignable,0,,half_heusler,elements outside rule: U
U2N3,4,4,4,0,0,unassignable,0,,sige,"elements outside rule: N,U"
U2Si5Ru3,8,7,7,0,7,unassignable,0,,half_heusler,elements outside rule: U
UB4,27,27,0,0,0,unassignable,0,,sige,"elements outside rule: B,U"
UBe13,3,3,0,0,0,unassignable,0,,sige,"elements outside rule: Be,U"
UC,6,4,2,0,0,unassignable,0,,sige,"elements outside rule: C,U"
UPt3,17,2,16,0,0,unassignable,0,,half_heusler,elements outside rule: U
US,14,7,4,5,0,unassignable,0,,tetradymite,elements outside rule: U
V0.05Fe0.7Si0.25,8,8,0,7,0,unassignable,0,,full_heusler,ratio spread 1.385 > 0.15
V0.0693Cr0.0776Fe0.693C0.0966,23,21,21,0,10,unassignable,0,,full_heusler,elements outside rule: C
V0.15Fe0.6Si0.25,10,10,0,10,0,unassignable,0,,full_heusler,ratio spread 0.643 > 0.15
V0.1Cr0.9N1,5,4,3,0,0,unassignable,0,,full_heusler,elements outside rule: N
V0.1Fe0.65Si0.25,9,9,0,7,0,unassignable,0,,full_heusler,ratio spread 1.000 > 0.15
V0.22Fe0.53Si0.25,10,10,0,0,0,unassignable,0,,full_heusler,ratio spread 0.184 > 0.15
V0.25Fe0.5Si0.25,8,8,0,0,0,full_heusler,1,full_heusler,,
V0.2Fe0.55Si0.25,10,9,0,10,0,unassignable,0,,full_heusler,ratio spread 0.310 > 0.15
V0.2Fe2.8Si1,9,8,8,5,8,unassignable,0,,full_heusler,ratio spread 1.385 > 0.15
V0.45Cr1.49Cu1Se4,6,6,0,0,0,unassignable,0,,cu2x_ag2x_liquid_like,"elements outside rule: Cr,V"
V0.4Fe2.6Si1,11,7,7,5,7,unassignable,0,,full_heusler,ratio spread 1.000 > 0.15
V0.7225Fe1Sb1,5,0,1,0,4,unassignable,0,,half_heusler,ratio spread 0.306 > 0.15
V0.731Fe1Sb1,6,0,1,0,5,unassignable,0,,half_heusler,ratio spread 0.295 > 0.15
V0.75Co1Sb1,11,6,6,6,6,unassignable,0,,half_heusler,ratio spread 0.273 > 0.15
V0.855Co1Sb1,8,6,6,6,6,unassignable,0,,half_heusler,ratio spread 0.152 > 0.15
V0.85Co1Sb1,9,6,6,6,5,unassignable,0,,half_heusler,ratio spread 0.158 > 0.15
V0.85Fe1Sb1,22,10,13,9,11,unassignable,0,,half_heusler,ratio spread 0.158 > 0.15
V0.85Ga1Fe2,5,4,4,3,3,unassignable,0,,full_heusler,ratio spread 0.158 > 0.15
V0.86Fe1Sb1,6,0,1,0,5,half_heusler,1,half_heusler,,
V0.88Fe1Sb1,15,10,8,10,10,half_heusler,1,half_heusler,,
V0.8Bi2O5.5,40,0,0,37,11,other_oxide,1,other_oxide,,
V0.8Co1Sb1,10,6,6,6,5,unassignable,0,,half_heusler,ratio spread 0.214 > 0.15
V0.8Fe2.2Si1,14,9,10,9,8,unassignable,0,,full_heusler,ratio spread 0.310 > 0.15
V0.905Co1Sb1,9,6,5,6,6,half_heusler,1,half_heusler,,
V0.905Fe1Sb1,30,20,11,7,6,half_heusler,1,half_heusler,,
V0.92Fe2Si1,11,7,6,9,7,full_heusler,1,full_heusler,,
V0.93Fe1Sb1,13,9,11,10,11,half_heusler,1,half_heusler,,
V0.95Bi2O5.5,48,0,0,40,17,other_oxide,1,other_oxide,,
V0.95Co1Sb1,10,6,6,6,6,half_heusler,1,half_heusler,,
V0.95Ga1Fe2,6,5,3,3,3,full_heusler,1,full_heusler,,
V0.9Bi2O5.5,56,0,0,44,16,other_oxide,1,other_oxide,,
V0.9Co1Sb1,9,6,6,6,6,half_heusler,1,half_heusler,,
V0.9Fe1Sb1,39,31,29,22,10,half_heusler,1,half_heusler,,
V0.9Ga1Fe2,4,3,2,2,2,full_heusler,1,full_heusler,,
V1.05Fe1Sb1,9,7,6,0,0,half_heusler,1,half_heusler,,
V1.15Fe1Sb1,11,6,8,8,3,half_heusler,1,half_heusler,,
V1.1Fe1Sb1,16,8,8,8,3,half_heusler,1,half_heusler,,
V1.2Fe1Sb1,15,0,8,8,3,unassignable,0,,half_heusler,ratio spread 0.187 > 0.15
V1.3Fe1Sb1,10,6,8,0,0,unassignable,0,,half_heusler,ratio spread 0.273 > 0.15
V10Te4O33,4,4,0,0,0,other_oxide,1,other_oxide,,
V12(TeO8)5,5,5,0,0,0,other_oxide,1,other_oxide,,
V13O42,6,6,0,0,0,other_oxide,1,other_oxide,,
V17Ge31,4,4,3,0,0,unassignable,0,,half_heusler,a required site is empty
V18Te8O61,6,6,0,0,0,other_oxide,1,other_oxide,,
V1Bi2O5.5,10,0,0,8,3,other_oxide,1,other_oxide,,
V1Fe1Sb0.85,6,6,6,6,6,unassignable,0,,half_heusler,ratio spread 0.158 > 0.15
V1Fe1Sb0.88,6,6,6,6,6,half_heusler,1,half_heusler,,
V1Fe1Sb0.9,5,5,4,5,5,half_heusler,1,half_heusler,,
V1Fe1Sb0.91,6,6,6,6,6,half_heusler,1,half_heusler,,
V1Fe1Sb0.92,4,4,4,4,4,half_heusler,1,half_heusler,,
V1Fe1Sb0.94,11,10,9,11,10,half_heusler,1,half_heusler,,
V1Fe1Sb0.945,6,6,6,6,6,half_heusler,1,half_heusler,,
V1Pb0.35O3,7,7,0,0,0,other_oxide,1,other_oxide,,
V1Pb0.45O3,8,8,0,0,0,other_oxide,1,other_oxide,,
V1Pb0.4O3,8,8,0,0,0,other_oxide,1,other_oxide,,
V1Pb0.5O3,8,8,0,0,0,other_oxide,1,other_oxide,,
V20(Pb3O20)3,16,16,0,0,0,other_oxide,1,other_oxide,,
V20Ag6Pb7O60,8,8,0,0,0,other_oxide,1,other_oxide,,
V20Pb7O60,8,8,0,0,0,other_oxide,1,other_oxide,,
V26(Te2O17)5,3,3,0,0,0,other_oxide,1,other_oxide,,
V2Cu2O7,7,7,0,0,0,other_oxide,1,other_oxide,,
V2O5,33,14,19,0,0,other_oxide,1,other_oxide,,
V2PbO6,15,15,0,0,0,other_oxide,1,other_oxide,,
V2Zn1.5O7,4,4,0,0,0,other_oxide,1,other_oxide,,
V4Cu2.2O11,20,7,13,0,0,other_oxide,1,other_oxide,,
V5Pb2O15,16,16,0,0,0,other_oxide,1,other_oxide,,
V5SiB2,20,11,18,0,0,unassignable,0,,half_heusler,elements outside rule: B
V6O11,19,19,0,18,0,other_oxide,1,other_oxide,,
V8Bi1.6O16,11,11,6,0,0,other_oxide,1,other_oxide,,
V8Bi1.8O16,11,10,9,0,0,other_oxide,1,other_oxide,,
VCoSb,99,56,58,56,58,half_heusler,1,half_heusler,,
VCoSn,6,3,3,3,3,half_heusler,1,half_heusler,,
VCu3Se4,11,6,0,6,6,unassignable,0,,cu2x_ag2x_liquid_like,elements outside rule: V
VFeSb,138,87,86,95,91,half_heusler,1,half_heusler,,
VGaFeCo,5,1,5,0,0,full_heusler,1,full_heusler,,
VO2,22,13,9,5,4,other_oxide,1,other_oxide,,
VPH4,10,10,9,0,0,unassignable,0,,skutterudite,"elements outside rule: H,V"
VSb2,11,10,8,0,0,unassignable,0,,half_heusler,a required site is empty
W,18,18,0,0,0,unassignable,0,,sige,elements outside rule: W
W0.94Se1.7S0.3,15,14,14,8,8,unassignable,0,,tetradymite,elements outside rule: W
W0.95O3,26,11,8,15,10,other_oxide,1,other_oxide,,
W0.9O3,5,5,0,0,0,other_oxide,1,other_oxide,,
W19O60,5,5,0,0,0,other_oxide,1,other_oxide,,
W1C0.2S2,10,5,4,6,5,unassignable,0,,tetradymite,"elements outside rule: C,W"
W1O1.06,6,6,0,0,0,other_oxide,1,other_oxide,,
W1O1.12,6,6,0,0,0,other_oxide,1,other_oxide,,
W1O2.72,17,0,0,17,0,other_oxide,1,other_oxide,,
W1O2.722,17,6,9,10,9,other_oxide,1,other_oxide,,
W1O2.84,20,18,20,11,20,other_oxide,1,other_oxide,,
W1Se1.5S0.5,15,14,15,8,8,unassignable,0,,tetradymite,elements outside rule: W
W1Se1.6S0.4,15,14,15,8,8,unassignable,0,,tetradymite,elements outside rule: W
W1Se1.7S0.3,27,25,25,13,13,unassignable,0,,tetradymite,elements outside rule: W
W1Se1.8S0.2,14,14,14,0,0,unassignable,0,,tetradymite,elements outside rule: W
W33O100,6,6,0,0,0,other_oxide,1,other_oxide,,
W3O10,10,10,0,0,0,other_oxide,1,other_oxide,,
WO2,5,0,0,5,0,other_oxide,1,other_oxide,,
WO3,430,340,147,153,145,other_oxide,1,other_oxide,,
WS2,12,1,0,7,9,unassignable,0,,tetradymite,elements outside rule: W
Y(AlC)3,5,5,5,0,0,unassignable,0,,full_heusler,elements outside rule: C
Y(CuTe)3,19,10,10,9,0,unassignable,0,,cu2x_ag2x_liquid_like,elements outside rule: Y
Y(MnAl2)4,3,3,3,0,0,unassignable,0,,full_heusler,a required site is empty
Y(MnAl3)3,4,4,2,0,0,unassignable,0,,full_heusler,a required site is empty
Y0.25Bi1.75Te3,10,10,10,4,4,unassignable,0,,tetradymite,elements outside rule: Y
Y0.25Zr0.75Ni1Sn1,3,3,0,0,0,half_heusler,1,half_heusler,,
Y0.2Hf0.48Zr0.32Ni1Sn1,20,14,20,6,6,half_heusler,1,half_heusler,,
Y0.2Zr0.8Ni1Sn1,3,3,0,0,0,half_heusler,1,half_heusler,,
Y0.3Bi1.7Te3,10,10,10,5,4,unassignable,0,,tetradymite,elements outside rule: Y
Y0.75Er0.25Sb1H1Pd1,3,2,2,1,0,unassignable,0,,half_heusler,elements outside rule: H
Y0.85Co1O3,12,12,0,0,0,other_oxide,1,other_oxide,,
Y0.8Co1O3,17,17,0,0,0,other_oxide,1,other_oxide,,
Y0.8Cr0.85O3,7,7,0,0,0,other_oxide,1,other_oxide,,
Y0.8Cr1O3,7,7,0,0,0,other_oxide,1,other_oxide,,
Y0.93Co1O3,6,6,0,0,0,other_oxide,1,other_oxide,,
Y0.95Co1O3,43,43,0,14,14,other_oxide,1,other_oxide,,
Y0.95Cr1B6,9,9,8,7,0,unassignable,0,,full_heusler,elements outside rule: B
Y0.9Co1O3,20,18,0,14,14,other_oxide,1,other_oxide,,
Y1.5Ru2O7,5,5,0,0,0,other_oxide,1,other_oxide,,
Y1.8Ir2O7,3,0,3,0,0,other_oxide,1,other_oxide,,
Y117Al82O300,6,0,0,6,0,other_oxide,1,other_oxide,,
Y11Al61O108,22,0,0,22,0,other_oxide,1,other_oxide,,
Y16Bi21Sb63(Te21O4)6,9,8,6,3,5,unassignable,0,,tetradymite,"elements outside rule: O,Y"
Y199O300,6,0,0,6,0,other_oxide,1,other_oxide,,
Y1B3.8Mo1,18,0,18,0,0,unassignable,0,,half_heusler,"elements outside rule: B,Mo"
Y1B4Mo0.8,10,0,10,0,0,unassignable,0,,half_heusler,"elements outside rule: B,Mo"
Y1Co0.2Ni1.8,8,0,8,0,0,unassignable,0,,half_heusler,a required site is empty
Y1Co0.4Ni0.6,8,0,8,0,0,unassignable,0,,half_heusler,a required site is empty
Y1Co0.4Ni1.6,6,0,6,0,0,unassignable,0,,half_heusler,a required site is empty
Y1Co0.6Ni1.4,10,0,10,0,0,unassignable,0,,half_heusler,a required site is empty
Y1Co1.2Ni0.8,9,0,9,0,0,unassignable,0,,half_heusler,a required site is empty
Y1Co1.4Ni0.6,6,0,6,0,0,unassignable,0,,half_heusler,a required site is empty
Y1Co1.6Ni0.4,9,0,9,0,0,unassignable,0,,half_heusler,a required site is empty
Y1Co1.8Ni0.2,7,0,7,0,0,unassignable,0,,half_heusler,a required site is empty
Y1Cu2Bi2Se1.85O4,21,6,4,5,6,other_oxide,1,other_oxide,,
Y1Cu2Bi2Se1.8O4,21,6,4,5,6,other_oxide,1,other_oxide,,
Y1Cu2Bi2Se1.9O4,21,5,5,5,6,other_oxide,1,other_oxide,,
Y1Mn3.5Al7.5,3,3,2,0,0,unassignable,0,,full_heusler,a required site is empty
Y1Mn4.3Al8,4,3,2,0,0,unassignable,0,,full_heusler,a required site is empty
Y1Mn5.3Al7,4,3,2,0,0,unassignable,0,,full_heusler,a required site is empty
Y2Ru2O7,3,3,0,0,0,other_oxide,1,other_oxide,,
Y3Al5O12,10,0,0,10,0,other_oxide,1,other_oxide,,
Y3Ge13Ru4,15,10,11,1,0,unassignable,0,,half_heusler,ratio spread 1.500 > 0.15
Y61Al138O300,4,0,0,4,0,other_oxide,1,other_oxide,,
YAl2,2,2,0,0,0,unassignable,0,,full_heusler,a required site is empty
YAlB14,11,10,0,10,10,unassignable,0,,full_heusler,elements outside rule: B
YB4Mo,20,0,20,0,0,unassignable,0,,half_heusler,"elements outside rule: B,Mo"
YB4W,19,0,19,0,0,unassignable,0,,half_heusler,"elements outside rule: B,W"
YBiRu2O7,5,5,0,0,0,other_oxide,1,other_oxide,,
YCo2,16,8,14,0,0,unassignable,0,,half_heusler,a required site is empty
YCoNi,7,0,7,0,0,unassignable,0,,half_heusler,a required site is empty
YCoO3,58,51,1,20,20,other_oxide,1,other_oxide,,
YCrB4,19,0,19,0,0,unassignable,0,,full_heusler,elements outside rule: B
YCrB6,9,9,9,7,0,unassignable,0,,full_heusler,elements outside rule: B
YCu2Bi2(SeO2)2,49,13,12,11,13,other_oxide,1,other_oxide,,
YNi2,7,0,7,0,0,unassignable,0,,half_heusler,a required site is empty
YNiBi,11,10,10,8,9,half_heusler,1,half_heusler,,
YNiO3,15,8,7,0,0,other_oxide,1,other_oxide,,
YNiSb,3,3,3,2,0,half_heusler,1,half_heusler,,
YSbPd,5,5,3,3,0,half_heusler,1,half_heusler,,
YSbPt,38,9,12,24,9,half_heusler,1,half_heusler,,
Yb(CdSb)2,251,164,164,155,165,zintl_122,1,zintl_122,,
Yb(CoSb3)4,9,7,6,6,7,skutterudite,1,skutterudite,,
Yb(FeSb3)4,72,66,60,46,49,skutterudite,1,skutterudite,,
Yb(MgBi)2,40,33,24,21,36,zintl_122,1,zintl_122,,
Yb(MgSb)2,7,7,0,0,0,zintl_122,1,zintl_122,,
Yb(MnSb)2,29,13,15,9,6,zintl_122,1,zintl_122,,
Yb(SbTe2)2,20,20,20,18,18,unassignable,0,,tetradymite,elements outside rule: Yb
Yb(ZnP)2,20,17,14,6,6,unassignable,0,,skutterudite,elements outside rule: Zn
Yb(ZnSb)2,300,249,244,157,265,zintl_122,1,zintl_122,,
Yb0.079La0.348Te0.574,20,8,20,6,10,unassignable,0,,bicuseo,elements outside rule: Yb
Yb0.086La0.34Te0.574,18,8,14,7,6,unassignable,0,,bicuseo,elements outside rule: Yb
Yb0.25Eu0.75Zn2Sb2,9,9,9,9,9,zintl_122,1,zintl_122,,
Yb0.25Sm0.5Eu0.25Mg2Bi2,7,6,6,6,6,unassignable,0,,zintl_122,elements outside rule: Sm
Yb0.375Sm0.25Eu0.375Mg2Bi2,8,6,6,6,6,unassignable,0,,zintl_122,elements outside rule: Sm
Yb0.3Cu1Bi0.7Se1O1,20,20,20,20,20,other_oxide,1,other_oxide,,
Yb0.4Mg1.194Zn1.2Sb2,11,11,11,11,10,unassignable,0,,zintl_122,ratio spread 0.921 > 0.15
Yb0.4Mg1.394Zn1.2Sb2,12,11,11,8,11,unassignable,0,,zintl_122,ratio spread 0.998 > 0.15
Yb0.4Mg2.725Bi0.5Sb1.5,16,8,15,8,13,unassignable,0,,zintl_122,ratio spread 1.045 > 0.15
Yb0.5Eu0.5Cd2Sb2,15,6,13,11,13,zintl_122,1,zintl_122,,
Yb0.5Eu0.5Zn2Sb2,15,15,15,15,15,zintl_122,1,zintl_122,,
Yb0.5Sm0.5Mg2Bi2,9,6,6,6,6,unassignable,0,,zintl_122,elements outside rule: Sm
Yb0.75Eu0.25Cd2Sb2,15,6,11,11,13,zintl_122,1,zintl_122,,
Yb0.75Eu0.25Zn2Sb2,9,9,9,9,9,zintl_122,1,zintl_122,,
Yb0.78Ni1.2Sb0.95,12,10,10,7,10,unassignable,0,,skutterudite,filler above 8% of atoms
Yb0.82Eu1.18Cd1Sb2,8,7,4,8,0,unassignable,0,,zintl_122,ratio spread 1.286 > 0.15
Yb0.85Fe2.7Co1.3Sb12,20,0,19,20,18,skutterudite,1,skutterudite,,
Yb0.85Fe3.5Sb12,36,21,10,20,20,skutterudite,1,skutterudite,,
Yb0.85Fe3Co1Sb12,6,6,6,6,6,skutterudite,1,skutterudite,,
Yb0.87Eu1.13Cd1Sb2,2,2,2,2,0,unassignable,0,,zintl_122,ratio spread 1.286 > 0.15
Yb0.89Fe3Ni1Sb12,20,18,13,19,19,skutterudite,1,skutterudite,,
Yb0.8Cd2Sb2,14,14,13,13,10,unassignable,0,,zintl_122,ratio spread 0.214 > 0.15
Yb0.8Y1Al2.4Sb0.6,5,5,5,4,4,unassignable,0,,full_heusler,elements outside rule: Yb
Yb0.92Fe4Sb12,33,16,26,0,9,skutterudite,1,skutterudite,,
Yb0.95Fe3.5Sb12,38,22,21,18,20,skutterudite,1,skutterudite,,
Yb0.95Fe3Ni1Sb12,12,6,10,8,7,skutterudite,1,skutterudite,,
Yb0.95Ni1.07Sb0.95,10,10,10,10,10,unassignable,0,,skutterudite,filler above 8% of atoms
Yb0.9Fe3.5Sb12,40,25,16,14,24,skutterudite,1,skutterudite,,
Yb0.9Fe3.75Sb12,5,5,5,5,5,skutterudite,1,skutterudite,,
Yb0.9Fe3Co1Sb12,60,47,46,45,51,skutterudite,1,skutterudite,,
Yb0.9Y0.5Al2.7Sb0.3,4,3,2,3,3,unassignable,0,,zintl_14_1_11,elements outside rule: Y
Yb1.05Zn1.9Sb2,10,9,9,2,8,zintl_122,1,zintl_122,,
Yb1.05Zn2Sb2,20,19,17,10,15,zintl_122,1,zintl_122,,
Yb1.07Zn1.9Sb2,9,8,8,1,8,zintl_122,1,zintl_122,,
Yb1.13Zn1.9Sb2.13,9,8,8,1,8,unassignable,0,,zintl_122,ratio spread 0.172 > 0.15
Yb1.15Eu0.85Cd1Sb2,8,7,7,8,0,unassignable,0,,zintl_122,ratio spread 1.286 > 0.15
Yb1.1Zn1.9Sb2.1,9,8,8,1,8,zintl_122,1,zintl_122,,
Yb1.28Ni0.87Sb0.84,10,10,10,10,10,unassignable,0,,skutterudite,filler above 8% of atoms
Yb1.2Zn2.8Sb3,16,15,8,0,0,unassignable,0,,zintl_122,ratio spread 0.220 > 0.15
Yb1.3Ni0.9Sb0.8,10,10,10,10,10,unassignable,0,,skutterudite,filler above 8% of atoms
Yb1.4Bi0.6Ru2O7,22,5,17,0,0,other_oxide,1,other_oxide,,
Yb1.64Eu0.36Cd1Sb2,8,7,7,8,0,unassignable,0,,zintl_122,ratio spread 1.286 > 0.15
Yb10Sb9,20,9,6,10,0,zintl_14_1_11,1,zintl_14_1_11,,
Yb11Sb10,12,9,6,3,7,zintl_14_1_11,1,zintl_14_1_11,,
Yb11Sb9,84,53,63,19,5,zintl_14_1_11,1,zintl_14_1_11,,
Yb13Sb11,95,88,86,34,54,zintl_14_1_11,1,zintl_14_1_11,,
Yb14Fe1.4Sb11,10,4,5,5,5,unassignable,0,,skutterudite,filler above 8% of atoms
Yb14Fe3Sb11,6,3,3,3,3,unassignable,0,,skutterudite,filler above 8% of atoms
Yb14Sb11,1039,722,659,386,605,zintl_14_1_11,1,zintl_14_1_11,,
Yb15(Al2Au3)17,4,0,4,0,0,unassignable,0,,clathrate_type_i,elements outside rule: Yb
Yb15Al36Au49,15,9,5,5,5,unassignable,0,,clathrate_type_i,elements outside rule: Yb
Yb15Al37Au48,15,10,12,5,5,unassignable,0,,clathrate_type_i,elements outside rule: Yb
Yb15Sb11,7,0,7,0,0,zintl_14_1_11,1,zintl_14_1_11,,
Yb16Ge19Au65,3,3,3,3,3,unassignable,0,,clathrate_type_i,elements outside rule: Yb
Yb16Sb11,27,19,7,10,0,zintl_14_1_11,1,zintl_14_1_11,,
Yb17Al34Au49,10,7,7,0,0,unassignable,0,,clathrate_type_i,elements outside rule: Yb
Yb1Cd1.85Sb2,12,6,7,8,7,zintl_122,1,zintl_122,,
Yb1Cd1.8Sb2,44,29,36,26,20,zintl_122,1,zintl_122,,
Yb1Cd1.9Sb2,45,37,38,29,15,zintl_122,1,zintl_122,,
Yb1Cu0.52Sb1,16,11,10,10,0,unassignable,0,,skutterudite,elements outside rule: Cu
Yb1Fe3.5Sb12,44,26,25,24,21,skutterudite,1,skutterudite,,
Yb1Fe3.75Sb12,7,5,5,5,5,skutterudite,1,skutterudite,,
Yb1H1.85,5,3,0,5,3,unassignable,0,,skutterudite,elements outside rule: H
Yb1H1.88,5,5,0,5,5,unassignable,0,,skutterudite,elements outside rule: H
Yb1Mg0.4Cd1.6Sb2,15,7,11,8,0,zintl_122,1,zintl_122,,
Yb1Mg0.6Cd1.4Sb2,15,14,8,11,0,zintl_122,1,zintl_122,,
Yb1Mg0.8Cd1.2Sb2,13,12,8,11,0,zintl_122,1,zintl_122,,
Yb1Mg2Bi1.58Sb0.4,10,10,10,10,10,zintl_122,1,zintl_122,,
Yb1Mg2Bi1.78,11,6,6,10,10,zintl_122,1,zintl_122,,
Yb1Mg2Bi1.88,12,7,6,10,10,zintl_122,1,zintl_122,,
Yb1Mn0.25Zn1.75Sb2,18,18,18,5,18,zintl_122,1,zintl_122,,
Yb1Mn0.3Zn1.7Sb2,36,36,36,14,36,zintl_122,1,zintl_122,,
Yb1Mn0.4Cd1.6Sb2,13,6,7,6,7,zintl_122,1,zintl_122,,
Yb1Mn0.4Zn1.6Sb2,25,16,20,12,19,zintl_122,1,zintl_122,,
Yb1Mn0.6Cd1.4Sb2,10,5,7,7,7,zintl_122,1,zintl_122,,
Yb1Mn0.8Cd1.2Sb2,12,7,7,6,7,zintl_122,1,zintl_122,,
Yb1Mn1.5Cd0.5Sb2,13,7,6,6,6,zintl_122,1,zintl_122,,
Yb1Sb0.2Te0.8,20,10,10,10,10,unassignable,0,,skutterudite,elements outside rule: Te
Yb1Sb0.5Te0.5,16,10,10,6,7,unassignable,0,,skutterudite,elements outside rule: Te
Yb1Sb0.8Te0.2,19,10,10,6,12,unassignable,0,,skutterudite,elements outside rule: Te
Yb1Te0.95,10,0,0,10,0,unassignable,0,,skutterudite,elements outside rule: Te
Yb1Zn0.3Cd1.7Sb2,17,16,15,9,11,zintl_122,1,zintl_122,,
Yb1Zn0.4Cd1.6Sb2,64,36,38,30,50,zintl_122,1,zintl_122,,
Yb1Zn0.5Cd1.5Sb2,17,16,16,9,11,zintl_122,1,zintl_122,,
Yb1Zn0.6Cd1.4Sb2,17,17,8,9,11,zintl_122,1,zintl_122,,
Yb1Zn0.7Cd1.3Sb2,17,16,17,7,11,zintl_122,1,zintl_122,,
Yb1Zn0.8Cd1.2Sb2,47,38,32,31,32,zintl_122,1,zintl_122,,
Yb1Zn0.9Cd1.1Sb2,17,16,17,7,13,zintl_122,1,zintl_122,,
Yb1Zn1.2Cd0.8Sb2,32,19,22,20,25,zintl_122,1,zintl_122,,
Yb1Zn1.6Cd0.4Sb2,32,22,25,20,22,zintl_122,1,zintl_122,,
Yb1Zn1.85Sb2,36,36,35,14,36,zintl_122,1,zintl_122,,
Yb1Zn1.8Sb2,35,34,34,12,35,zintl_122,1,zintl_122,,
Yb1Zn1.9Sb2,44,42,43,15,43,zintl_122,1,zintl_122,,
Yb1Zn2Ge0.4Sb1.6,8,0,0,0,8,unassignable,0,,zintl_122,elements outside rule: Ge
Yb1Zn2Sb1.8,8,0,0,0,8,zintl_122,1,zintl_122,,
Yb1Zn2Sb1.85,9,0,0,0,9,zintl_122,1,zintl_122,,
Yb1Zn2Sb1.9,9,0,0,0,9,zintl_122,1,zintl_122,,
Yb2CdSb2,8,7,7,8,0,unassignable,0,,zintl_122,ratio spread 1.286 > 0.15
Yb2O3,79,39,41,42,38,other_oxide,1,other_oxide,,
Yb2Sn5Pt3,10,8,10,0,0,unassignable,0,,half_heusler,elements outside rule: Yb
Yb3.5La0.5Sb3,20,20,17,5,18,unassignable,0,,skutterudite,filler above 8% of atoms
Yb3.6Sm0.4Sb3,35,32,24,10,28,unassignable,0,,skutterudite,filler above 8% of atoms
Yb3.8Sb3,50,48,39,12,37,zintl_14_1_11,1,zintl_14_1_11,,
Yb3Al7Au10,15,9,5,5,5,unassignable,0,,clathrate_type_i,elements outside rule: Yb
Yb3Sb2.8,13,13,0,0,0,unassignable,0,,zintl_14_1_11,ratio spread 0.172 > 0.15
Yb4Bi0.6Sb2.4,26,26,14,0,0,zintl_14_1_11,1,zintl_14_1_11,,
Yb4Sb2.7,29,29,0,0,0,unassignable,0,,zintl_14_1_11,ratio spread 0.152 > 0.15
Yb4Sb2.8,19,19,12,0,0,zintl_14_1_11,1,zintl_14_1_11,,
Yb4Sb3,76,73,60,0,0,zintl_14_1_11,1,zintl_14_1_11,,
Yb5(AlSb3)2,25,20,24,10,9,unassignable,0,,zintl_14_1_11,M above 10% of atoms
Yb5(GaSb3)2,19,7,17,12,10,unassignable,0,,skutterudite,filler above 8% of atoms
Yb5(InSb3)2,20,7,19,12,16,unassignable,0,,skutterudite,filler above 8% of atoms
Yb9Mn1.2Sb9,20,19,18,9,0,unassignable,0,,zintl_14_1_11,ratio spread 0.240 > 0.15
Yb9Mn1.2Zn3Sb9,20,19,18,11,0,unassignable,0,,zintl_122,ratio spread 1.327 > 0.15
Yb9Mn2.2Zn2Sb9,19,19,14,11,0,unassignable,0,,zintl_122,ratio spread 1.327 > 0.15
Yb9Mn4.2Sb9,51,48,38,9,18,unassignable,0,,zintl_122,ratio spread 1.327 > 0.15
Yb9Zn4.2Sb9,52,42,27,8,9,unassignable,0,,zintl_122,ratio spread 1.327 > 0.15
Yb9Zn4.3Sb9,19,19,0,0,0,unassignable,0,,zintl_122,ratio spread 1.313 > 0.15
Yb9Zn4.4Sb9,18,18,0,0,0,unassignable,0,,zintl_122,ratio spread 1.299 > 0.15
Yb9Zn4.5Sb9,18,18,0,0,0,unassignable,0,,zintl_122,ratio spread 1.286 > 0.15
YbAl3,36,31,16,0,2,unassignable,0,,zintl_14_1_11,M above 10% of atoms
YbB6,27,23,24,0,0,unassignable,0,,skutterudite,elements outside rule: B
YbBiRu2O7,22,5,17,0,0,other_oxide,1,other_oxide,,
YbFe3NiSb12,11,10,11,0,0,skutterudite,1,skutterudite,,
YbFe3Sb12Pt,13,7,10,9,10,unassignable,0,,skutterudite,elements outside rule: Pt
YbMnCdSb2,12,6,7,7,5,zintl_122,1,zintl_122,,
YbMnCuP2,18,17,16,5,3,unassignable,0,,skutterudite,"elements outside rule: Cu,Mn"
YbNiSb,16,10,11,6,10,unassignable,0,,skutterudite,filler above 8% of atoms
YbSb,19,10,9,0,17,unassignable,0,,zintl_14_1_11,ratio spread 0.240 > 0.15
YbSi5,50,44,44,0,2,unassignable,0,,sige,elements outside rule: Yb
YbTe,6,0,0,6,0,unassignable,0,,tetradymite,elements outside rule: Yb
YbZnCdSb2,32,22,19,18,25,zintl_122,1,zintl_122,,
YbZnCuP2,20,19,19,6,6,unassignable,0,,skutterudite,"elements outside rule: Cu,Zn"
Zn(CoO2)2,39,38,0,14,14,other_oxide,1,other_oxide,,
Zn(FeO2)2,3,3,0,0,0,other_oxide,1,other_oxide,,
Zn(InSe2)2,48,17,20,6,15,unassignable,0,,diamond_like_cu,elements outside rule: Zn
Zn(SbO3)2,17,17,0,0,0,other_oxide,1,other_oxide,,
Zn0.25Sb1.75Te3,4,3,3,2,0,unassignable,0,,tetradymite,elements outside rule: Zn
Zn0.2Cd0.8Te1,9,0,0,8,1,unassignable,0,,tetradymite,"elements outside rule: Cd,Zn"
Zn0.2In0.9Ag0.9Se2,8,5,8,0,8,unassignable,0,,tetrahedrite,elements outside rule: In
Zn0.2In0.9Cu0.9Te2,12,12,0,6,8,unassignable,0,,diamond_like_cu,elements outside rule: Zn
Zn0.3In1.4Sn0.3O3,11,10,11,0,0,in2o3_based,2,in2o3_based;other_oxide,,
Zn0.4532O0.5054,19,0,0,19,0,zno_based,2,zno_based;other_oxide,,
Zn0.48Bi0.5Sb1.86Te3,7,7,7,0,0,unassignable,0,,tetradymite,elements outside rule: Zn
Zn0.4Fe0.6Cu2Ge1Se4,16,11,15,14,0,unassignable,0,,tetrahedrite,elements outside rule: Ge
Zn0.4Fe2.3O4,6,6,0,0,0,other_oxide,1,other_oxide,,
Zn0.4Fe2Ni0.6O4,11,11,0,0,0,other_oxide,1,other_oxide,,
Zn0.55Cd0.45Cu2Sn1Se4,5,5,5,5,5,unassignable,0,,diamond_like_cu,"elements outside rule: Cd,Zn"
Zn0.5Cd0.5Cu2Sn1Se4,5,5,5,5,5,unassignable,0,,diamond_like_cu,"elements outside rule: Cd,Zn"
Zn0.5Co1Sb3O0.5,20,20,20,20,20,unassignable,0,,tetrahedrite,elements outside rule: O
Zn0.5Fe0.5Cu2Ge1Se4,16,9,16,13,0,unassignable,0,,tetrahedrite,elements outside rule: Ge
Zn0.5Fe2.5O4,4,0,4,0,0,other_oxide,1,other_oxide,,
Zn0.5Fe2O4,3,3,0,0,0,other_oxide,1,other_oxide,,
Zn0.5In1Ga1O4,45,45,0,0,0,other_oxide,1,other_oxide,,
Zn0.5Pb0.5S1,18,15,0,8,0,unassignable,0,,snse_type,elements outside rule: Zn
Zn0.5Rh2O4,8,6,8,0,0,other_oxide,1,other_oxide,,
Zn0.5Sb1.5Te3,6,4,5,3,0,unassignable,0,,tetradymite,elements outside rule: Zn
Zn0.65Cu2Sn1Se4,5,5,5,5,5,unassignable,0,,diamond_like_cu,elements outside rule: Zn
Zn0.6Cd0.4Cu2Sn1Se4,5,5,5,5,5,unassignable,0,,diamond_like_cu,"elements outside rule: Cd,Zn"
Zn0.6Fe2.2O4,4,4,0,0,0,other_oxide,1,other_oxide,,
Zn0.6Fe2Ni0.4O4,7,7,0,0,0,other_oxide,1,other_oxide,,
Zn0.75Fe0.171O1,5,0,0,5,0,zno_based,2,zno_based;other_oxide,,
Zn0.76Bi0.5Sb2Te3,7,7,6,0,0,unassignable,0,,tetradymite,elements outside rule: Zn
Zn0.78In0.22O1,5,0,0,5,0,zno_based,2,zno_based;other_oxide,,
Zn0.7Co1Sb3O0.7,20,20,20,19,20,unassignable,0,,tetrahedrite,elements outside rule: O
Zn0.7Cu2.3Sn0.88Se4,14,9,9,14,9,unassignable,0,,diamond_like_cu,elements outside rule: Zn
Zn0.7Cu2.3Sn1S4,9,9,9,8,9,unassignable,0,,diamond_like_cu,elements outside rule: Zn
Zn0.7Cu2Sn1Se4,5,5,5,5,5,unassignable,0,,diamond_like_cu,elements outside rule: Zn
Zn0.7Fe2.11O4,9,9,0,0,0,other_oxide,1,other_oxide,,
Zn0.7Pb0.3S1,7,7,0,0,0,unassignable,0,,tetrahedrite,elements outside rule: Pb
Zn0.82Ga0.18O1.09,11,3,0,5,3,zno_based,2,zno_based;other_oxide,,
Zn0.82In0.18O1,5,0,0,5,0,zno_based,2,zno_based;other_oxide,,
Zn0.85Co0.15O1,7,7,0,0,0,zno_based,2,zno_based;other_oxide,,
Zn0.85Cu2.15Ge1Se4,18,14,14,9,9,unassignable,0,,tetrahedrite,elements outside rule: Ge
Zn0.85Cu2.15Sn1S4,9,6,4,6,5,unassignable,0,,diamond_like_cu,elements outside rule: Zn
Zn0.85Cu2.15Sn1Se4,18,10,10,10,10,unassignable,0,,diamond_like_cu,elements outside rule: Zn
Zn0.875Cu2.125Sn1S4,18,11,10,10,12,unassignable,0,,diamond_like_cu,elements outside rule: Zn
Zn0.87In0.13O1,5,0,0,5,0,zno_based,2,zno_based;other_oxide,,
Zn0.89775O1,17,13,17,2,2,zno_based,2,zno_based;other_oxide,,
Zn0.8Co0.2O1,7,7,0,0,0,zno_based,2,zno_based;other_oxide,,
Zn0.8Cu2.19Sn0.75S3.53,13,11,10,13,11,unassignable,0,,tetrahedrite,elements outside rule: Sn
Zn0.8Cu2.2Sn0.94Se4,16,9,9,16,9,unassignable,0,,diamond_like_cu,elements outside rule: Zn
Zn0.8Cu2.2Sn1S4,9,9,9,8,9,unassignable,0,,diamond_like_cu,elements outside rule: Zn
Zn0.8Cu2.2Sn1Se3.7,16,9,9,16,9,unassignable,0,,diamond_like_cu,elements outside rule: Zn
Zn0.8Cu2.2Sn1Se3.8,9,9,9,9,9,unassignable,0,,diamond_like_cu,elements outside rule: Zn
Zn0.8Cu2.2Sn1Se4,29,19,19,19,19,unassignable,0,,diamond_like_cu,elements outside rule: Zn
Zn0.8Cu2.2Sn1Te0.4Se3.6,16,9,9,16,9,unassignable,0,,diamond_like_cu,elements outside rule: Zn
Zn0.8Cu2Ge1Se4,8,7,7,6,0,unassignable,0,,tetrahedrite,elements outside rule: Ge
Zn0.8Cu2Sn1Se4,5,5,5,5,5,unassignable,0,,diamond_like_cu,elements outside rule: Zn
Zn0.8Cu4.2Sn2Se7,14,10,10,10,10,unassignable,0,,diamond_like_cu,elements outside rule: Zn
Zn0.8Fe2.1O4,6,6,0,0,0,other_oxide,1,other_oxide,,
Zn0.8Fe2O4,3,3,0,0,0,other_oxide,1,other_oxide,,
Zn0.925Cu2Ge1Se4,13,12,13,13,11,unassignable,0,,tetrahedrite,elements outside rule: Ge
Zn0.925Cu2Sn1S4,9,7,5,5,6,unassignable,0,,diamond_like_cu,elements outside rule: Zn
Zn0.925O1,10,6,6,5,7,zno_based,2,zno_based;other_oxide,,
Zn0.92O0.92,4,0,4,0,0,zno_based,2,zno_based;other_oxide,,
Zn0.92O1,60,18,18,13,11,zno_based,2,zno_based;other_oxide,,
Zn0.945Fe1.78O3.71,7,0,0,7,0,other_oxide,1,other_oxide,,
Zn0.94O1,36,18,16,17,17,zno_based,2,zno_based;other_oxide,,
Zn0.95Cu2Ge1Se4,15,14,15,15,13,unassignable,0,,tetrahedrite,elements outside rule: Ge
Zn0.95Cu2Sn1Se4,12,9,9,9,9,unassignable,0,,diamond_like_cu,elements outside rule: Zn
Zn0.95O1,68,30,44,22,18,zno_based,2,zno_based;other_oxide,,
Zn0.95Sb2O6,19,19,0,0,0,other_oxide,1,other_oxide,,
Zn0.95Te1,4,3,0,2,1,unassignable,0,,tetradymite,elements outside rule: Zn
Zn0.9Co0.1O1,7,7,0,0,0,zno_based,2,zno_based;other_oxide,,
Zn0.9Cu2.1Ge1Se4,15,13,15,15,13,unassignable,0,,tetrahedrite,elements outside rule: Ge
Zn0.9Cu2.1Sn0.925Se4,19,10,10,8,8,unassignable,0,,diamond_like_cu,elements outside rule: Zn
Zn0.9Cu2.1Sn0.95Se4,20,10,11,8,8,unassignable,0,,diamond_like_cu,elements outside rule: Zn
Zn0.9Cu2.1Sn0.9Se4,19,10,10,8,8,unassignable,0,,tetrahedrite,elements outside rule: Sn
Zn0.9Cu2.1Sn1S4,6,4,3,2,3,unassignable,0,,diamond_like_cu,elements outside rule: Zn
Zn0.9Cu2.1Sn1Se4,42,22,24,28,24,unassignable,0,,diamond_like_cu,elements outside rule: Zn
Zn0.9Cu2Sn1Se4,5,5,5,5,5,unassignable,0,,diamond_like_cu,elements outside rule: Zn
Zn0.9Cu4Sn2Se7,15,9,10,10,10,unassignable,0,,diamond_like_cu,elements outside rule: Zn
Zn0.9Fe2.1O4,4,0,4,0,0,other_oxide,1,other_oxide,,
Zn0.9Fe2O4,11,11,0,0,0,other_oxide,1,other_oxide,,
Zn0.9In0.1O1,5,0,0,5,0,zno_based,2,zno_based;other_oxide,,
Zn0.9Sb2O6,37,37,0,0,0,other_oxide,1,other_oxide,,
Zn1.06Sb1,15,15,15,9,9,zinc_antimonide,1,zinc_antimonide,,
Zn1.08Sb1,15,15,15,9,9,zinc_antimonide,1,zinc_antimonide,,
Zn1.09Sb1,15,15,15,9,9,zinc_antimonide,1,zinc_antimonide,,
Zn1.1Sb1,15,14,14,7,9,zinc_antimonide,1,zinc_antimonide,,
Zn1.5Cu10Sb4S13,11,11,9,5,2,tetrahedrite,1,tetrahedrite,,
Zn1.6In3Cu3.4Te8,11,10,10,10,10,unassignable,0,,diamond_like_cu,elements outside rule: Zn
Zn1.79Cu10Sb1.57As2.48S13,6,2,0,5,2,tetrahedrite,1,tetrahedrite,,
Zn1.7In3Cu3.3Te8,11,10,10,10,10,unassignable,0,,diamond_like_cu,elements outside rule: Zn
Zn1.88O2,11,10,7,0,0,zno_based,2,zno_based;other_oxide,,
Zn1.8Cu10As2.7S13,20,16,0,13,17,unassignable,0,,tetrahedrite,ratio spread 0.367 > 0.15
Zn1.8In3Cu3.2Te8,17,10,10,10,10,unassignable,0,,diamond_like_cu,elements outside rule: Zn
Zn1.9In3Cu3Te8,14,10,10,10,10,unassignable,0,,diamond_like_cu,elements outside rule: Zn
Zn101Sb99,13,8,13,7,0,zinc_antimonide,1,zinc_antimonide,,
Zn103Sb75,13,12,0,9,6,zinc_antimonide,1,zinc_antimonide,,
Zn105Sb97,25,16,25,16,16,zinc_antimonide,1,zinc_antimonide,,
Zn10Co21(Sb32O5)2,16,0,0,9,16,unassignable,0,,tetrahedrite,elements outside rule: O
Zn10Ir,38,31,35,29,20,unassignable,0,,zintl_122,elements outside rule: Ir
Zn10O,6,6,6,0,0,unassignable,0,,zintl_122,elements outside rule: O
Zn10O11,4,3,1,0,0,zno_based,2,zno_based;other_oxide,,
Zn10Sb9,10,9,9,0,0,zinc_antimonide,1,zinc_antimonide,,
Zn11(GaO7)2,11,7,7,7,7,zno_based,2,zno_based;other_oxide,,
Zn11SnSb3,15,15,0,0,0,unassignable,0,,zintl_122,elements outside rule: Sn
Zn13(GaO8)2,14,7,7,8,8,zno_based,2,zno_based;other_oxide,,
Zn13Sb10,18,10,18,8,9,zinc_antimonide,1,zinc_antimonide,,
Zn13Sb11,52,36,20,26,20,zinc_antimonide,1,zinc_antimonide,,
Zn13Sb12,10,9,9,0,9,zinc_antimonide,1,zinc_antimonide,,
Zn15(GaO9)2,13,8,6,6,6,zno_based,2,zno_based;other_oxide,,
Zn15Ni19Sn16,8,7,6,0,0,unassignable,0,,clathrate_type_i,a required site is empty
Zn15Sb14,13,6,13,5,0,zinc_antimonide,1,zinc_antimonide,,
Zn165Sb248,11,11,11,0,0,unassignable,0,,zinc_antimonide,ratio spread 0.402 > 0.15
Zn173Sb260,12,12,12,0,0,unassignable,0,,zinc_antimonide,ratio spread 0.402 > 0.15
Zn184Sb275,12,12,12,0,0,unassignable,0,,zinc_antimonide,ratio spread 0.397 > 0.15
Zn189Sb284,8,8,8,0,0,unassignable,0,,zinc_antimonide,ratio spread 0.402 > 0.15
Zn18Sb13,17,0,17,17,16,zinc_antimonide,1,zinc_antimonide,,
Zn19Sb20,3,3,3,3,0,zinc_antimonide,1,zinc_antimonide,,
Zn1C0.14O1,9,4,0,3,7,zno_based,2,zno_based;other_oxide,,
Zn1C0.17O1,12,5,6,5,6,zno_based,2,zno_based;other_oxide,,
Zn1C0.24O1,9,5,5,4,4,zno_based,2,zno_based;other_oxide,,
Zn1Co1.8O4,12,12,0,0,0,other_oxide,1,other_oxide,,
Zn1Co1.9O4,8,8,0,8,6,other_oxide,1,other_oxide,,
Zn1Cu0.15Sb1,9,8,7,0,0,unassignable,0,,tetrahedrite,a required site is empty
Zn1Cu2.125Sn0.875Se4,16,8,8,7,7,unassignable,0,,tetrahedrite,elements outside rule: Sn
Zn1Cu2.15Sn0.85Se4,15,8,8,7,7,unassignable,0,,tetrahedrite,elements outside rule: Sn
Zn1Cu2.1Sn0.9Se4,15,8,8,7,7,unassignable,0,,tetrahedrite,elements outside rule: Sn
Zn1Cu2Ge0.925Se4,8,8,8,7,7,unassignable,0,,tetrahedrite,elements outside rule: Ge
Zn1Cu2Ge0.95Se4,8,8,8,7,7,unassignable,0,,tetrahedrite,elements outside rule: Ge
Zn1Cu2Ge0.9Se4,9,8,8,7,7,unassignable,0,,tetrahedrite,elements outside rule: Ge
Zn1Cu2Sn0.85Se4,17,14,16,13,12,unassignable,0,,tetrahedrite,elements outside rule: Sn
Zn1Cu2Sn0.925Se4,15,8,8,7,7,unassignable,0,,tetrahedrite,elements outside rule: Sn
Zn1Cu2Sn0.93Se4,16,9,9,16,9,unassignable,0,,tetrahedrite,elements outside rule: Sn
Zn1Cu2Sn0.94Se4,11,9,9,9,8,unassignable,0,,tetrahedrite,elements outside rule: Sn
Zn1Cu2Sn0.95Se4,76,45,47,50,37,unassignable,0,,tetrahedrite,elements outside rule: Sn
Zn1Cu2Sn0.9Se4,90,56,57,28,43,unassignable,0,,tetrahedrite,elements outside rule: Sn
Zn1Fe3C1.2,3,2,3,2,2,unassignable,0,,tetrahedrite,elements outside rule: C
Zn1Fe3C1.3,3,0,3,0,0,unassignable,0,,tetrahedrite,elements outside rule: C
Zn1O1.06,10,10,9,0,0,zno_based,2,zno_based;other_oxide,,
Zn1O1.075,48,11,13,12,12,zno_based,2,zno_based;other_oxide,,
Zn1O1.09,15,7,15,6,0,zno_based,2,zno_based;other_oxide,,
Zn1O1.114,26,7,7,6,6,zno_based,2,zno_based;other_oxide,,
Zn1O1.15,17,15,17,7,0,zno_based,2,zno_based;other_oxide,,
Zn1Rh1.8O4,18,18,17,0,0,other_oxide,1,other_oxide,,
Zn1Sb0.2,4,4,0,0,0,unassignable,0,,zinc_antimonide,ratio spread 1.158 > 0.15
Zn2.4Cu0.8Sb2.2,14,13,0,13,9,unassignable,0,,tetrahedrite,a required site is empty
Zn203Sb150,13,12,0,12,12,zinc_antimonide,1,zinc_antimonide,,
Zn20Co1.5,3,1,0,1,3,unassignable,0,,tetrahedrite,a required site is empty
Zn20Co1.8,3,0,0,0,3,unassignable,0,,tetrahedrite,a required site is empty
Zn20Co1.86,3,3,0,1,3,unassignable,0,,tetrahedrite,a required site is empty
Zn20Co1.9,3,3,0,0,3,unassignable,0,,tetrahedrite,a required site is empty
Zn24O25,36,34,35,7,8,zno_based,2,zno_based;other_oxide,,
Zn25O27,17,0,17,0,0,zno_based,2,zno_based;other_oxide,,
Zn27Ni40Sn33,8,5,6,0,0,unassignable,0,,clathrate_type_i,a required site is empty
Zn28(Ni13Sn11)3,7,7,7,0,0,unassignable,0,,clathrate_type_i,a required site is empty
Zn29Sb21,23,18,23,0,0,zinc_antimonide,1,zinc_antimonide,,
Zn2Cu10Sb4S13,4,1,1,4,0,tetrahedrite,1,tetrahedrite,,
Zn2In2.7Cu3Te8,11,10,10,10,10,unassignable,0,,diamond_like_cu,elements outside rule: Zn
Zn2In2.8Cu3Te8,13,10,10,10,9,unassignable,0,,diamond_like_cu,elements outside rule: Zn
Zn2In2O5,12,11,0,3,6,other_oxide,1,other_oxide,,
Zn2In3Cu3Te8,70,46,46,50,49,unassignable,0,,diamond_like_cu,elements outside rule: Zn
Zn2In6O11,12,9,0,3,6,in2o3_based,2,in2o3_based;other_oxide,,
Zn2Sb3,5,3,5,0,0,unassignable,0,,zinc_antimonide,ratio spread 0.400 > 0.15
Zn3.48Sb2.74,11,7,7,10,10,zinc_antimonide,1,zinc_antimonide,,
Zn3.4Sb2.55,16,16,16,16,15,zinc_antimonide,1,zinc_antimonide,,
Zn3.4Sb2.7,8,6,8,8,5,zinc_antimonide,1,zinc_antimonide,,
Zn3.5Co0.5Sb3,11,6,5,6,7,unassignable,0,,tetrahedrite,a required site is empty
Zn3.5In2O6.5,6,3,0,4,3,zno_based,2,zno_based;other_oxide,,
Zn3.64Sb2.82,13,7,12,9,12,zinc_antimonide,1,zinc_antimonide,,
Zn3.675Sb3,15,7,8,10,11,zinc_antimonide,1,zinc_antimonide,,
Zn3.6Co0.4Sb3,12,4,6,6,7,unassignable,0,,tetrahedrite,a required site is empty
Zn3.6Cu0.4Sb3,14,13,0,13,13,unassignable,0,,tetrahedrite,a required site is empty
Zn3.6Sb2.7,16,16,16,15,16,zinc_antimonide,1,zinc_antimonide,,
Zn3.6Sb2.8,12,8,0,9,7,zinc_antimonide,1,zinc_antimonide,,
Zn3.6Sb3,4,3,4,3,4,zinc_antimonide,1,zinc_antimonide,,
Zn3.725Sb3,30,18,18,17,22,zinc_antimonide,1,zinc_antimonide,,
Zn3.72Sb3,25,24,24,24,20,zinc_antimonide,1,zinc_antimonide,,
Zn3.75Sb3,16,11,11,8,10,zinc_antimonide,1,zinc_antimonide,,
Zn3.7Sb3,12,6,6,4,5,zinc_antimonide,1,zinc_antimonide,,
Zn3.8Sb2.85,17,17,16,15,16,zinc_antimonide,1,zinc_antimonide,,
Zn3.8Sb3,83,68,39,58,68,zinc_antimonide,1,zinc_antimonide,,
Zn30Bi35Sb105Te209O30,5,4,4,4,4,unassignable,0,,tetradymite,"elements outside rule: O,Zn"
Zn30Ni38Sn33,7,7,5,0,0,unassignable,0,,clathrate_type_i,a required site is empty
Zn31Sb19,13,13,13,0,0,unassignable,0,,zinc_antimonide,ratio spread 0.201 > 0.15
Zn34Bi133Te179O34,6,5,6,4,4,unassignable,0,,bicuseo,elements outside rule: Zn
Zn34Sb33,13,6,13,5,0,zinc_antimonide,1,zinc_antimonide,,
Zn359Sb254,17,17,16,17,16,zinc_antimonide,1,zinc_antimonide,,
Zn38(Bi2Sb19)3,12,12,12,0,0,unassignable,0,,zintl_122,a required site is empty
Zn389Sb283,17,16,17,17,16,zinc_antimonide,1,zinc_antimonide,,
Zn3Ga2Sb5,5,3,4,4,3,unassignable,0,,zintl_14_1_11,M above 10% of atoms
Zn3In2O6,82,60,52,55,60,zno_based,2,zno_based;other_oxide,,
Zn3In2Sb5,4,3,4,0,0,unassignable,0,,zintl_14_1_11,M above 10% of atoms
Zn3P2,32,13,0,19,0,unassignable,0,,zintl_122,elements outside rule: P
Zn3Sb2,11,10,11,0,0,zinc_antimonide,1,zinc_antimonide,,
Zn4.24Sb3,17,16,16,17,17,zinc_antimonide,1,zinc_antimonide,,
Zn4.2Sb3,4,4,3,3,3,zinc_antimonide,1,zinc_antimonide,,
Zn4.32Sb3,17,16,16,17,17,zinc_antimonide,1,zinc_antimonide,,
Zn4.3Sb3,13,6,7,6,7,zinc_antimonide,1,zinc_antimonide,,
Zn4.4Sb3,12,10,8,9,9,zinc_antimonide,1,zinc_antimonide,,
Zn49O50,45,32,37,2,3,zno_based,2,zno_based;other_oxide,,
Zn49O52,15,8,14,8,11,zno_based,2,zno_based;other_oxide,,
Zn49Sb50,6,4,4,0,0,zinc_antimonide,1,zinc_antimonide,,
Zn4Cu0.54Sb3.18Se0.72,14,12,8,13,12,unassignable,0,,tetrahedrite,ratio spread 1.806 > 0.15
Zn4Cu0.75Sb3.25Se1,14,13,14,13,13,unassignable,0,,tetrahedrite,ratio spread 1.717 > 0.15
Zn4GaSb5,5,3,3,3,3,unassignable,0,,zintl_14_1_11,M above 10% of atoms
Zn4In2O7,15,8,9,10,8,zno_based,2,zno_based;other_oxide,,
Zn4In6O13,14,12,0,3,6,in2o3_based,2,in2o3_based;other_oxide,,
Zn4InSb5,4,4,4,0,0,unassignable,0,,zintl_14_1_11,M above 10% of atoms
Zn4Sb2.8,4,4,4,4,4,zinc_antimonide,1,zinc_antimonide,,
Zn4Sb3,2629,2147,2025,1336,1609,zinc_antimonide,1,zinc_antimonide,,
Zn4Sb3Se0.44,15,13,13,7,12,unassignable,0,,tetrahedrite,ratio spread 1.923 > 0.15
Zn5.5In2O8.5,12,4,10,4,0,zno_based,2,zno_based;other_oxide,,
Zn50O53,9,4,7,0,0,zno_based,2,zno_based;other_oxide,,
Zn51Sb43,6,3,4,5,3,zinc_antimonide,1,zinc_antimonide,,
Zn51Sb44,9,4,5,6,5,zinc_antimonide,1,zinc_antimonide,,
Zn51Sb46,10,9,9,0,9,zinc_antimonide,1,zinc_antimonide,,
Zn57Sb43,10,10,0,0,0,zinc_antimonide,1,zinc_antimonide,,
Zn59Sb41,11,10,11,0,0,zinc_antimonide,1,zinc_antimonide,,
Zn5In1.6O8,18,9,18,9,9,zno_based,2,zno_based;other_oxide,,
Zn5In1.8O8,25,9,18,9,8,zno_based,2,zno_based;other_oxide,,
Zn5In1.9O8,17,8,16,9,8,zno_based,2,zno_based;other_oxide,,
Zn5In2O8,36,18,36,9,9,zno_based,2,zno_based;other_oxide,,
Zn61Sb39,11,10,11,0,0,unassignable,0,,zinc_antimonide,ratio spread 0.159 > 0.15
Zn63Sb37,29,18,17,11,6,unassignable,0,,zinc_antimonide,ratio spread 0.243 > 0.15
Zn67Sb33,12,9,11,0,0,unassignable,0,,zinc_antimonide,ratio spread 0.414 > 0.15
Zn67Sn33Sb67Te33,48,0,48,0,0,unassignable,0,,zintl_122,"elements outside rule: Sn,Te"
Zn69Sb31,11,9,11,0,0,unassignable,0,,zinc_antimonide,ratio spread 0.502 > 0.15
Zn6In2O9,5,4,2,3,0,zno_based,2,zno_based;other_oxide,,
Zn6Sb5,8,3,7,3,3,zinc_antimonide,1,zinc_antimonide,,
Zn7Co10Sb30O7,16,0,0,9,16,unassignable,0,,tetrahedrite,elements outside rule: O
Zn7Ga3Sb10,3,3,2,3,3,unassignable,0,,zintl_14_1_11,M above 10% of atoms
Zn7In2O10,9,6,4,6,5,zno_based,2,zno_based;other_oxide,,
Zn7In3Sb10,3,3,3,0,0,unassignable,0,,zintl_14_1_11,M above 10% of atoms
Zn7Sb3,10,8,0,3,0,unassignable,0,,zinc_antimonide,ratio spread 0.545 > 0.15
Zn7Sb8Ru9,5,0,1,4,0,unassignable,0,,half_heusler,elements outside rule: Zn
Zn7SnSb3,9,9,0,0,0,unassignable,0,,zintl_122,elements outside rule: Sn
Zn803Sb600,13,7,0,7,12,zinc_antimonide,1,zinc_antimonide,,
Zn877Ga195O1177,35,9,7,29,26,zno_based,2,zno_based;other_oxide,,
Zn8Sb7,5,4,5,3,4,zinc_antimonide,1,zinc_antimonide,,
Zn9(GaO6)2,18,4,0,8,10,zno_based,2,zno_based;other_oxide,,
Zn90B19O90,21,19,7,11,0,zno_based,2,zno_based;other_oxide,,
Zn93O107,18,9,14,9,9,zno_based,2,zno_based;other_oxide,,
Zn96O103,29,10,20,9,10,zno_based,2,zno_based;other_oxide,,
Zn97O100,17,15,17,3,3,zno_based,2,zno_based;other_oxide,,
Zn97Sb145,8,8,8,0,0,unassignable,0,,zinc_antimonide,ratio spread 0.397 > 0.15
Zn9Ga1.2O12,29,8,5,8,8,zno_based,2,zno_based;other_oxide,,
Zn9Ga1.6O12,32,8,8,8,8,zno_based,2,zno_based;other_oxide,,
Zn9GaSb10,5,4,4,4,3,unassignable,0,,zintl_14_1_11,M above 10% of atoms
Zn9In1.2O12,32,8,8,8,8,zno_based,2,zno_based;other_oxide,,
Zn9In1.6O12,32,8,8,8,8,zno_based,2,zno_based;other_oxide,,
Zn9In2O12,39,11,8,12,8,zno_based,2,zno_based;other_oxide,,
Zn9InSb10,4,4,3,0,0,unassignable,0,,zintl_14_1_11,M above 10% of atoms
Zn9Sb8,13,8,12,5,0,zinc_antimonide,1,zinc_antimonide,,
Zn9SnSb3,8,8,0,0,0,unassignable,0,,zintl_122,elements outside rule: Sn
ZnCu2Ge(SeS)2,6,5,0,6,0,unassignable,0,,tetrahedrite,elements outside rule: Ge
ZnCu2GeS4,11,8,0,11,0,unassignable,0,,tetrahedrite,elements outside rule: Ge
ZnCu2GeSe4,39,34,35,27,26,unassignable,0,,tetrahedrite,elements outside rule: Ge
ZnCu2GeSeS3,8,7,0,8,0,unassignable,0,,tetrahedrite,elements outside rule: Ge
ZnCu2SnS4,49,28,26,37,14,unassignable,0,,tetrahedrite,elements outside rule: Sn
ZnCu2SnSe4,138,88,82,84,71,unassignable,0,,tetrahedrite,elements outside rule: Sn
ZnCu4Sn2Se7,15,10,10,10,10,unassignable,0,,diamond_like_cu,elements outside rule: Zn
ZnGaSb2,5,0,4,0,3,unassignable,0,,zintl_14_1_11,M above 10% of atoms
ZnGeP2,6,6,0,0,0,unassignable,0,,skutterudite,"elements outside rule: Ge,Zn"
ZnIn2O4,13,9,0,3,10,in2o3_based,2,in2o3_based;other_oxide,,
ZnInSb2,6,4,4,0,0,unassignable,0,,zintl_14_1_11,M above 10% of atoms
ZnNiSn,26,19,15,5,0,unassignable,0,,clathrate_type_i,a required site is empty
ZnO,1714,817,1023,262,267,zno_based,2,zno_based;other_oxide,,
ZnS,3,3,0,0,0,unassignable,0,,tetrahedrite,a required site is empty
ZnSb,422,246,246,161,141,zinc_antimonide,1,zinc_antimonide,,
ZnSb4,45,36,38,29,33,unassignable,0,,zinc_antimonide,ratio spread 1.200 > 0.15
ZnTe,35,6,3,27,4,unassignable,0,,tetradymite,elements outside rule: Zn
Zr(TlTe)4,8,8,6,3,7,unassignable,0,,tetradymite,"elements outside rule: Tl,Zr"
Zr(WO4)2,14,0,0,14,0,other_oxide,1,other_oxide,,
Zr0.1875Ti0.75Co1Sb1,20,10,10,10,10,half_heusler,1,half_heusler,,
Zr0.18Fe0.81Si2,9,6,5,2,0,unassignable,0,,half_heusler,ratio spread 1.826 > 0.15
Zr0.21Fe0.79Si2,11,6,8,0,0,unassignable,0,,half_heusler,ratio spread 1.790 > 0.15
Zr0.24Fe0.76Si2,10,7,6,0,0,unassignable,0,,half_heusler,ratio spread 1.760 > 0.15
Zr0.25Nb0.75Co0.75Ni0.25Sn1,23,14,14,9,10,half_heusler,1,half_heusler,,
Zr0.25Ti0.75Ni1Sn1,37,25,25,14,11,half_heusler,1,half_heusler,,
Zr0.27Fe0.73Si2,8,5,4,0,0,unassignable,0,,half_heusler,ratio spread 1.730 > 0.15
Zr0.2Nb0.8Co1Sn1,17,16,16,16,16,half_heusler,1,half_heusler,,
Zr0.2Ti0.8Co1Sb1,24,9,7,20,0,half_heusler,1,half_heusler,,
Zr0.2Ti0.8Co1Sn0.2Sb0.8,15,9,6,10,10,half_heusler,1,half_heusler,,
Zr0.2Ti0.8Ni1Sn1,16,14,16,7,7,half_heusler,1,half_heusler,,
Zr0.3Co0.7Sb2O0.6,49,13,40,23,9,unassignable,0,,half_heusler,elements outside rule: O
Zr0.3Co1Sb3O0.6,19,16,15,7,0,unassignable,0,,half_heusler,elements outside rule: O
Zr0.3Fe0.7Si2,14,10,7,1,0,unassignable,0,,half_heusler,ratio spread 1.700 > 0.15
Zr0.3Ti0.7Co1Sb1,10,0,0,10,0,half_heusler,1,half_heusler,,
Zr0.3Ti0.7Ni1Sn1,16,14,16,5,6,half_heusler,1,half_heusler,,
Zr0.4Ti0.6Co0.93Sb1,20,10,10,10,10,half_heusler,1,half_heusler,,
Zr0.4Ti0.6Co1Sb1,81,35,30,45,27,half_heusler,1,half_heusler,,
Zr0.4Ti0.6Co1Sn0.2Sb0.8,16,10,10,6,10,half_heusler,1,half_heusler,,
Zr0.4Ti0.6Ni1Sn1,24,23,23,7,5,half_heusler,1,half_heusler,,
Zr0.5Nb0.5Co0.5Ni0.5Sn1,20,13,12,4,4,half_heusler,1,half_heusler,,
Zr0.5Ta0.5Ti0.5Al0.5Co1Ni1Sn0.5Sb1.5,16,10,9,10,10,unassignable,0,,full_heusler,ratio spread 0.900 > 0.15
Zr0.5Ti0.5Co0.95Sb1,9,8,8,8,8,half_heusler,1,half_heusler,,
Zr0.5Ti0.5Co1Sb0.85,15,7,13,0,10,unassignable,0,,half_heusler,ratio spread 0.158 > 0.15
Zr0.5Ti0.5Co1Sb1,22,5,6,19,0,half_heusler,1,half_heusler,,
Zr0.5Ti0.5Co1Sn0.2Sb0.8,19,15,12,15,15,half_heusler,1,half_heusler,,
Zr0.5Ti0.5Co1Sn0.3Sb0.7,17,15,8,9,7,half_heusler,1,half_heusler,,
Zr0.5Ti0.5Ni1Sn0.94,33,33,30,5,10,half_heusler,1,half_heusler,,
Zr0.5Ti0.5Ni1Sn0.95,18,18,17,7,18,half_heusler,1,half_heusler,,
Zr0.5Ti0.5Ni1Sn1,445,340,307,128,156,half_heusler,1,half_heusler,,
Zr0.5Ti0.65Co1Sn0.65Sb0.35,3,0,3,0,0,half_heusler,1,half_heusler,,
Zr0.5Ti1.1Co1Ni1Sn0.5Sb1.5,14,10,10,8,10,unassignable,0,,half_heusler,ratio spread 0.214 > 0.15
Zr0.67Ti0.33Fe0.335Ni0.335Sb1,11,0,0,11,0,unassignable,0,,half_heusler,ratio spread 0.371 > 0.15
Zr0.6Ti0.4Co1Sn0.2Sb0.8,17,9,8,10,10,half_heusler,1,half_heusler,,
Zr0.6Ti0.4Ni1Sn1,10,10,10,7,7,half_heusler,1,half_heusler,,
Zr0.75Nb0.25Co0.25Ni0.75Sn1,20,14,9,9,9,half_heusler,1,half_heusler,,
Zr0.75Ti0.25Ni1Sn1,46,38,38,32,36,half_heusler,1,half_heusler,,
Zr0.7Ti0.2Ni1Sn1,42,42,0,0,0,half_heusler,1,half_heusler,,
Zr0.7Ti0.3Co1Sb1,10,0,0,10,0,half_heusler,1,half_heusler,,
Zr0.7Ti0.3Co1Sn0.3Sb0.7,19,15,9,9,7,half_heusler,1,half_heusler,,
Zr0.7Ti0.3Ni1Sn1,17,0,1,15,7,half_heusler,1,half_heusler,,
Zr0.85Co1Sn0.2Sb0.8,8,5,3,5,5,unassignable,0,,half_heusler,ratio spread 0.158 > 0.15
Zr0.85Co1Sn0.3Sb0.7,17,14,6,8,7,unassignable,0,,half_heusler,ratio spread 0.158 > 0.15
Zr0.85Ni1Sn1,56,47,34,23,34,unassignable,0,,half_heusler,ratio spread 0.158 > 0.15
Zr0.86Co1Sb1,14,10,12,10,12,half_heusler,1,half_heusler,,
Zr0.88Co1Sb1,28,20,22,15,18,half_heusler,1,half_heusler,,
Zr0.89Ni1Sn1,10,8,7,0,0,half_heusler,1,half_heusler,,
Zr0.8Ti0.2Co1Sn0.2Sb0.8,15,10,8,7,10,half_heusler,1,half_heusler,,
Zr0.8Ti0.2Ni1.1Sn1,39,24,33,21,14,half_heusler,1,half_heusler,,
Zr0.8Ti0.2Ni1Sn1,10,10,10,6,6,half_heusler,1,half_heusler,,
Zr0.8V0.2Ni1Sn1,10,10,10,10,10,half_heusler,1,half_heusler,,
Zr0.92Ni1Sn0.94,10,9,10,5,0,half_heusler,1,half_heusler,,
Zr0.92Ni1Sn1,3,3,0,0,0,half_heusler,1,half_heusler,,
Zr0.92O2,4,0,0,4,0,other_oxide,1,other_oxide,,
Zr0.93Ni1Sn1,20,20,17,10,10,half_heusler,1,half_heusler,,
Zr0.94Ni1Sn0.94,9,7,9,5,0,half_heusler,1,half_heusler,,
Zr0.94Ni1Sn1,59,49,46,23,21,half_heusler,1,half_heusler,,
Zr0.95Co1Sb1,16,10,10,10,12,half_heusler,1,half_heusler,,
Zr0.95Co1Sn0.3Sb0.7,20,15,11,9,0,half_heusler,1,half_heusler,,
Zr0.95Ni1Sn1,148,123,103,99,89,half_heusler,1,half_heusler,,
Zr0.9Co1Sb0.9,13,10,10,10,10,half_heusler,1,half_heusler,,
Zr0.9Co1Sb1,7,6,6,5,6,half_heusler,1,half_heusler,,
Zr0.9Ni1.1Sn1,38,38,36,0,35,unassignable,0,,half_heusler,ratio spread 0.200 > 0.15
Zr0.9Ni1Sn1,278,268,229,83,191,half_heusler,1,half_heusler,,
Zr1.13Co0.87Sb1,4,4,4,0,0,unassignable,0,,half_heusler,ratio spread 0.260 > 0.15
Zr14Zn85O114,24,10,19,11,10,zno_based,2,zno_based;other_oxide,,
Zr15Co7Ni13Sn15,8,5,5,6,4,unassignable,0,,half_heusler,ratio spread 0.300 > 0.15
Zr17Ti16Co7Ni29Sn30,16,7,10,11,0,unassignable,0,,half_heusler,ratio spread 0.182 > 0.15
Zr1C0.3O2,4,1,0,3,0,other_oxide,1,other_oxide,,
Zr1Co0.2Ni0.8Sn1,10,10,10,0,0,half_heusler,1,half_heusler,,
Zr1Co0.3Ni0.7Sn1,10,10,10,0,0,half_heusler,1,half_heusler,,
Zr1Co0.3Ni0.9Sn1,12,11,0,8,0,unassignable,0,,half_heusler,ratio spread 0.187 > 0.15
Zr1Co0.4Ni1Sn1,11,11,0,0,0,unassignable,0,,full_heusler,ratio spread 0.333 > 0.15
Zr1Co0.88Sb1,16,8,11,8,10,half_heusler,1,half_heusler,,
Zr1Co0.91Bi1,20,20,20,20,20,half_heusler,1,half_heusler,,
Zr1Co0.94Bi1,20,20,20,20,20,half_heusler,1,half_heusler,,
Zr1Co0.95Bi1,20,19,19,1,0,half_heusler,1,half_heusler,,
Zr1Co0.9Bi1,20,20,20,0,0,half_heusler,1,half_heusler,,
Zr1Co1.05Sb0.9,13,10,9,7,10,unassignable,0,,half_heusler,ratio spread 0.153 > 0.15
Zr1Co1.05Sb1,18,0,9,9,9,half_heusler,1,half_heusler,,
Zr1Co1.05Sn0.2Sb0.8,11,10,10,10,0,half_heusler,1,half_heusler,,
Zr1Co1.07Sb0.9,14,10,10,10,10,unassignable,0,,half_heusler,ratio spread 0.172 > 0.15
Zr1Co1.07Sn0.2Sb0.8,16,7,9,9,9,half_heusler,1,half_heusler,,
Zr1Co1.5Sn1,3,2,2,0,0,unassignable,0,,full_heusler,ratio spread 0.273 > 0.15
Zr1Co1Bi0.85,6,6,6,6,5,unassignable,0,,half_heusler,ratio spread 0.158 > 0.15
Zr1Co1Bi0.9,7,6,6,6,6,half_heusler,1,half_heusler,,
Zr1Co1Bi0.95,6,6,6,6,6,half_heusler,1,half_heusler,,
Zr1Co1Sb0.82,10,10,10,10,10,unassignable,0,,half_heusler,ratio spread 0.191 > 0.15
Zr1Co1Sb0.84,10,10,10,10,10,unassignable,0,,half_heusler,ratio spread 0.169 > 0.15
Zr1Co1Sb0.85,32,25,25,25,25,unassignable,0,,half_heusler,ratio spread 0.158 > 0.15
Zr1Co1Sb0.86,11,10,10,10,10,half_heusler,1,half_heusler,,
Zr1Co1Sb0.88,20,20,20,20,20,half_heusler,1,half_heusler,,
Zr1Co1Sb0.9,95,72,66,65,85,half_heusler,1,half_heusler,,
Zr1Co1Sb0.92,15,10,11,10,10,half_heusler,1,half_heusler,,
Zr1Co1Sb0.94,10,10,10,10,10,half_heusler,1,half_heusler,,
Zr1Co1Sb0.95,13,10,10,10,10,half_heusler,1,half_heusler,,
Zr1Co1Sn0.16Sb0.84,14,10,8,10,10,half_heusler,1,half_heusler,,
Zr1Co1Sn0.25Sb0.75,16,10,11,10,10,half_heusler,1,half_heusler,,
Zr1Co1Sn0.2Bi0.65,14,12,11,10,12,unassignable,0,,half_heusler,ratio spread 0.158 > 0.15
Zr1Co1Sn0.2Bi0.6Sb0.2,6,6,6,5,6,half_heusler,1,half_heusler,,
Zr1Co1Sn0.2Bi0.7,6,6,5,5,5,half_heusler,1,half_heusler,,
Zr1Co1Sn0.2Bi0.75,7,6,5,6,6,half_heusler,1,half_heusler,,
Zr1Co1Sn0.2Bi0.8,6,6,6,6,5,half_heusler,1,half_heusler,,
Zr1Co1Sn0.2Sb0.8,73,37,34,48,37,half_heusler,1,half_heusler,,
Zr1Co1Sn0.35Sb0.65,6,6,6,6,6,half_heusler,1,half_heusler,,
Zr1Co1Sn0.3Sb0.7,27,16,16,16,27,half_heusler,1,half_heusler,,
Zr1Fe0.2Co0.8Sb1,5,3,1,2,3,half_heusler,1,half_heusler,,
Zr1Ni0.5Sn1Pd0.5,20,11,10,10,11,half_heusler,1,half_heusler,,
Zr1Ni0.7Sn1Pd0.3,4,0,0,4,0,half_heusler,1,half_heusler,,
Zr1Ni0.7Sn1Pt0.3,4,0,0,4,0,half_heusler,1,half_heusler,,
Zr1Ni0.85Sn1,30,19,21,10,10,unassignable,0,,half_heusler,ratio spread 0.158 > 0.15
Zr1Ni0.88Sn1,16,10,0,6,5,half_heusler,1,half_heusler,,
Zr1Ni0.8Sn1,18,10,10,10,10,unassignable,0,,half_heusler,ratio spread 0.214 > 0.15
Zr1Ni0.8Sn1Pd0.2,48,29,11,25,29,half_heusler,1,half_heusler,,
Zr1Ni0.92Sn1,13,6,0,6,4,half_heusler,1,half_heusler,,
Zr1Ni0.94Sn1,20,20,20,2,5,half_heusler,1,half_heusler,,
Zr1Ni0.95Sn1,28,20,20,10,10,half_heusler,1,half_heusler,,
Zr1Ni0.9Sn1,49,34,40,12,15,half_heusler,1,half_heusler,,
Zr1Ni1.05Sn1,27,10,10,17,10,half_heusler,1,half_heusler,,
Zr1Ni1.05Sn1.08,10,6,6,5,6,half_heusler,1,half_heusler,,
Zr1Ni1.07Sn1,20,10,10,11,10,half_heusler,1,half_heusler,,
Zr1Ni1.11Sn1,10,4,6,5,6,half_heusler,1,half_heusler,,
Zr1Ni1.13Sn1,10,6,6,5,6,half_heusler,1,half_heusler,,
Zr1Ni1.1Sn1,58,34,41,21,30,half_heusler,1,half_heusler,,
Zr1Ni1Sn0.2Pb0.78,6,6,6,4,5,half_heusler,1,half_heusler,,
Zr1Ni1Sn0.4Pb0.58,7,6,6,5,6,half_heusler,1,half_heusler,,
Zr1Ni1Sn0.6Pb0.38,7,6,6,4,6,half_heusler,1,half_heusler,,
Zr1Ni1Sn0.72Sb0.28,13,5,4,3,12,half_heusler,1,half_heusler,,
Zr1Ni1Sn0.8Pb0.18,7,6,6,6,6,half_heusler,1,half_heusler,,
Zr1Ni1Sn0.8Sb0.2,10,10,10,5,5,half_heusler,1,half_heusler,,
Zr1Ni1Sn0.9,31,30,23,9,9,half_heusler,1,half_heusler,,
Zr1Ni1Sn0.92,20,17,14,6,5,half_heusler,1,half_heusler,,
Zr1Ni1Sn0.94,38,36,32,16,11,half_heusler,1,half_heusler,,
Zr1Ni1Sn0.95,20,18,18,7,18,half_heusler,1,half_heusler,,
Zr1Ni1Sn1.09,8,6,6,3,6,half_heusler,1,half_heusler,,
Zr1Ni1Sn1Ir0.2,12,11,0,10,0,unassignable,0,,half_heusler,ratio spread 0.187 > 0.15
Zr1Ti0.6Co1Ni1Sn0.5Sb1.5,15,10,10,10,10,unassignable,0,,half_heusler,ratio spread 0.214 > 0.15
Zr26Bi37Sb111Te223O52,9,7,5,4,4,unassignable,0,,tetradymite,"elements outside rule: O,Zr"
Zr2Al3.56C5,11,10,10,0,0,unassignable,0,,full_heusler,elements outside rule: C
Zr2Al3C4,16,15,15,0,0,unassignable,0,,full_heusler,elements outside rule: C
Zr2Co0.71Ni0.29,22,22,0,0,0,unassignable,0,,half_heusler,a required site is empty
Zr2Co0.846Ni0.154,16,16,0,0,0,unassignable,0,,half_heusler,a required site is empty
Zr3(Mn2Si3)2,11,6,6,1,6,unassignable,0,,half_heusler,ratio spread 0.692 > 0.15
Zr30Co10Ni29Sn31,10,5,5,7,3,unassignable,0,,half_heusler,ratio spread 0.270 > 0.15
Zr30Co5(NiSn)32,12,10,10,12,0,unassignable,0,,half_heusler,ratio spread 0.212 > 0.15
Zr30Ni27Sn31Ir12,13,11,11,7,11,unassignable,0,,half_heusler,ratio spread 0.270 > 0.15
Zr31(Ni17Sn16)2,10,8,10,0,0,half_heusler,1,half_heusler,,
Zr31Ni30(Sn16Ir3)2,14,10,11,13,11,unassignable,0,,half_heusler,ratio spread 0.152 > 0.15
Zr32Ni29Sn31Ir8,14,11,6,12,11,unassignable,0,,half_heusler,ratio spread 0.180 > 0.15
Zr3Al3.56C6,13,10,10,0,0,unassignable,0,,full_heusler,elements outside rule: C
Zr3Al3C5,16,15,15,0,0,unassignable,0,,full_heusler,elements outside rule: C
Zr3Cu0.5Ni2.5Sb4,17,11,9,10,11,unassignable,0,,full_heusler,ratio spread 0.882 > 0.15
Zr3Ni1.7Sb4Pt0.6,10,10,0,0,0,unassignable,0,,half_heusler,ratio spread 0.548 > 0.15
Zr3Ni1.7Sb4Pt1.2,16,10,10,10,10,unassignable,0,,half_heusler,ratio spread 0.333 > 0.15
Zr3Ni2.3Sb4Pt0.6,12,0,10,10,10,unassignable,0,,half_heusler,ratio spread 0.333 > 0.15
Zr3Ni2.6Sb4,11,6,6,6,6,unassignable,0,,half_heusler,ratio spread 0.438 > 0.15
Zr3Ni2.7Sb4,50,26,35,31,34,unassignable,0,,half_heusler,ratio spread 0.402 > 0.15
Zr3Ni2.8Sb4,21,10,12,10,10,unassignable,0,,half_heusler,ratio spread 0.367 > 0.15
Zr3Ni3Sb3.8,10,10,0,9,10,unassignable,0,,half_heusler,ratio spread 0.245 > 0.15
Zr3Ni3Sb4,134,82,49,83,89,unassignable,0,,half_heusler,ratio spread 0.300 > 0.15
Zr7Fe45Co44,55,55,0,0,0,unassignable,0,,half_heusler,a required site is empty
Zr7Pd3,8,3,5,0,0,unassignable,0,,half_heusler,a required site is empty
Zr7Sc10Ti17(NiSn)31,15,7,10,7,0,half_heusler,1,half_heusler,,
Zr9Ni7Sn8,25,13,17,15,16,unassignable,0,,half_heusler,ratio spread 0.250 > 0.15
ZrCo2Sn,37,37,37,0,0,full_heusler,1,full_heusler,,
ZrCoBi,28,24,21,23,22,half_heusler,1,half_heusler,,
ZrCoSb,42,26,26,27,26,half_heusler,1,half_heusler,,
ZrNiPb,44,36,42,38,37,half_heusler,1,half_heusler,,
ZrNiSn,1047,778,792,464,417,half_heusler,1,half_heusler,,
ZrSnPt,18,14,7,2,3,half_heusler,1,half_heusler,,
ZrTe5,16,16,2,2,2,unassignable,0,,tetradymite,elements outside rule: Zr
ZrTi(NiSn)2,22,6,6,4,6,half_heusler,1,half_heusler,,
ZrTl2Te3,7,7,7,3,0,unassignable,0,,tetradymite,"elements outside rule: Tl,Zr"
