line,token,value,class,id,problem,section,context
5,22620,22620,EXCLUDED:FRONT,,,,"Sciences and Technology, Haripur, Khyber Pakhtunkhwa, [22620], Pakistan* **Abstract** Machine learning (ML) is inc"
9,"280,664",280664,GENERATED,n_clean,,,"d on a pinned snapshot of Starrydata2 ( [280,664] cleaned rows; 185,064 ,"
9,"185,064",185064,GENERATED,n_S,,,"280,664 cleaned rows; [185,064] , 182,755 ,"
9,"182,755",182755,GENERATED,n_sigma,,,"ed rows; 185,064 , [182,755] , 121,110 and"
9,"121,110",121110,GENERATED,n_kappa,,,", 182,755 , [121,110] and 129,419 rows with a"
9,"129,419",129419,GENERATED,n_zT,,,", 121,110 and [129,419] rows with a Seebeck coefficient, electrical c"
9,397,397,GENERATED,n_feat,,,"vity and figure of merit), described by [397] composition-based features (MAGPIE, CBFV and"
9,2,2,EXCLUDED:NOTATION,,,,. Chemistry-cluster grouped cross-validation lowered R^[2]^ by 0.134 -- 0.21
9,0.134,0.134,GENERATED,gap_lo,,,rouped cross-validation lowered R^2^ by [0.134] -- 0.213 relative to ra
9,0.213,0.213,GENERATED,gap_hi,,,"R^2^ by 0.134 -- [0.213] relative to random splits, giving composition"
9,0.753,0.753,GENERATED,chem_S,,,"ts, giving composition-only ceilings of [0.753] , 0.702 ,"
9,0.702,0.702,GENERATED,chem_sigma,,,"s of 0.753 , [0.702] , 0.809 and"
9,0.809,0.809,GENERATED,chem_kappa,,,"0.702 , [0.809] and 0.746 for S, *σ*"
9,0.746,0.746,GENERATED,chem_zT,,,"0.809 and [0.746] for S, *σ*, *κ* and zT, respectively. Externa"
9,2,2,EXCLUDED:NOTATION,,,,validation on the independent ESTM database lowered R^[2]^ further: for zT it was 0.498
9,0.498,0.498,GENERATED,estm_b_zT,,,lowered R^2^ further: for zT it was [0.498] on rows whose chemistry cluster is absent fro
9,0.662,0.662,GENERATED,estm_a_zT,,,cluster is absent from training and [0.662] on rows sharing no source publication with tr
9,2,2,EXCLUDED:NOTATION,,,,zT regression outperformed the component-wise route S^[2]^*σ*T/*κ* (R^2^ = 0.727 vs
9,2,2,EXCLUDED:NOTATION,,,,outperformed the component-wise route S^2^*σ*T/*κ* (R^[2]^ = 0.727 vs
9,0.727,0.727,GENERATED,dvd_direct,,,ent-wise route S^2^*σ*T/*κ* (R^2^ = [0.727] vs 0.540 ) becaus
9,0.540,0.54,GENERATED,dvd_derived,,,"0.727 vs [0.540] ) because component errors compound, and SHAP"
9,30,30,GENERATED,mp_f6,,,"f the Materials Project, the models give [30] candidates, 9 o"
9,9,9,GENERATED,nv_main_seen,,,"30 candidates, [9] of them in chemistry clusters present in the"
9,21,21,GENERATED,nv_main_unseen,,,resent in the training data and [21] in clusters that are not; against DFT-compute
9,0.52,0.52,GENERATED,jvc_all,,,most marginal sign transfer (agreement [0.52] ) and a negative rank correlation for semicond
9,-0.08,0.08,GENERATED,jv_rho_semi,,,"nk correlation for semiconductors ( [-0.08] ), so the ranked list is a set of hypotheses t"
9,4,4,GENERATED,sl_n,,,"edictions were seen, the shortlist is the [4] candidates that are on the convex hull and in"
9,3,3,EXCLUDED:NOTATION,,,,"present in the training data ( CsSnI~[3]~ , BaSnO~3~ ,"
9,3,3,EXCLUDED:NOTATION,,,,"CsSnI~3~ , BaSnO~[3]~ , LaRhO~3~ and"
9,3,3,EXCLUDED:NOTATION,,,,"BaSnO~3~ , LaRhO~[3]~ and LaCoO~3~ , in"
9,3,3,EXCLUDED:NOTATION,,,,"LaRhO~3~ and LaCoO~[3]~ , in the order of their predicted zT); all fo"
13,2,2,EXCLUDED:NOTATION,,,,Highlights** - Chemistry-cluster validation reveals R^[2]^ inflation of 0.134 --
13,0.134,0.134,GENERATED,gap_lo,,,er validation reveals R^2^ inflation of [0.134] -- 0.213 from random sp
13,0.213,0.213,GENERATED,gap_hi,,,ation of 0.134 -- [0.213] from random splits - XGBoost trained on
15,"280,664",280664,GENERATED,n_clean,,,"om random splits - XGBoost trained on [280,664] cleaned Starrydata2 rows with"
15,397,397,GENERATED,n_feat,,,cleaned Starrydata2 rows with [397] descriptors - Composition-only ceilings unde
17,2,2,EXCLUDED:NOTATION,,,,omposition-only ceilings under chemistry-cluster CV: R^[2]^ ≈ 0.746 for zT and
17,0.746,0.746,GENERATED,chem_zT,,,ngs under chemistry-cluster CV: R^2^ ≈ [0.746] for zT and 0.809
17,0.809,0.809,GENERATED,chem_kappa,,,0.746 for zT and [0.809] for *κ* - Independent ESTM test: zT R^2^ fal
19,2,2,EXCLUDED:NOTATION,,,,0.809 for *κ* - Independent ESTM test: zT R^[2]^ falls to 0.498 for chemist
19,0.498,0.498,GENERATED,estm_b_zT,,,ependent ESTM test: zT R^2^ falls to [0.498] for chemistries absent from training - Scree
21,9,9,GENERATED,nv_main_seen,,,reening as hypothesis generation: [9] of 30 candidates lie i
21,30,30,GENERATED,mp_f6,,,tion: 9 of [30] candidates lie in chemistry clusters seen in
21,21,21,GENERATED,nv_main_unseen,,,"stry clusters seen in training, [21] do not **Keywords:** Thermoelectric material"
27,1,1,EXCLUDED:SECTION,,,,-iast.edu.pk](mailto:muhammad.ejaz@paf-iast.edu.pk) # [1] Introduction The world's energy situation is challeng
29,72%,72,UNCLASSIFIED,,,1 Introduction,his equation. It has been estimated that approximately [72%] of global primary energy consumption is lost after con
31,1,1,EXCLUDED:XREF,,,,"determined by the dimensionless figure of merit (Eq. ([1])), where S is the Seebeck coefficient (*µ*V K^−1^), *σ"
31,−1,1,EXCLUDED:NOTATION,,,,"(Eq. (1)), where S is the Seebeck coefficient (*µ*V K^[−1]^), *σ* is the electrical conductivity (S m^−1^), T is"
31,−1,1,EXCLUDED:NOTATION,,,,"(*µ*V K^−1^), *σ* is the electrical conductivity (S m^[−1]^), T is the absolute temperature (K), and *κ* is the t"
31,−1,1,EXCLUDED:NOTATION,,,,"perature (K), and *κ* is the thermal conductivity (W m^[−1]^ K^−1^), the sum of electronic (*κ*~e~) and lattice (*"
31,−1,1,EXCLUDED:NOTATION,,,,"re (K), and *κ* is the thermal conductivity (W m^−1^ K^[−1]^), the sum of electronic (*κ*~e~) and lattice (*κ*~l~)"
31,2,2,EXCLUDED:XREF,,,,onic (*κ*~e~) and lattice (*κ*~l~) contributions (Eq. ([2])): $zT = \frac{S^{2}\sigma T}{\kappa}$ (1) $\kappa =
33,2,2,EXCLUDED:MATH,,,,tice (*κ*~l~) contributions (Eq. (2)): $zT = \frac{S^{[2]}\sigma T}{\kappa}$ (1) $\kappa = \kappa_{e} + \kappa_
33,1,1,EXCLUDED:EQNUM,,,,tions (Eq. (2)): $zT = \frac{S^{2}\sigma T}{\kappa}$ ([1]) $\kappa = \kappa_{e} + \kappa_{l}$ (2) The fundamen
35,2,2,EXCLUDED:EQNUM,,,,a T}{\kappa}$ (1) $\kappa = \kappa_{e} + \kappa_{l}$ ([2]) The fundamental physical challenge is to maximize zT
39,2,2,UNCLASSIFIED,,,1 Introduction,"de (PbTe) and its alloys exhibit zT values as high as ≈[2] at optimized compositions [@biswas2012performance], bu"
39,2,2,EXCLUDED:NOTATION,,,,"nmental and regulatory concerns. Bismuth telluride (Bi~[2]~Te~3~), with zT ≈ 1.0--1.4, dominates near-room-temper"
39,3,3,EXCLUDED:NOTATION,,,,"al and regulatory concerns. Bismuth telluride (Bi~2~Te~[3]~), with zT ≈ 1.0--1.4, dominates near-room-temperature"
39,1.0,1,UNCLASSIFIED,,,1 Introduction,"ry concerns. Bismuth telluride (Bi~2~Te~3~), with zT ≈ [1.0]--1.4, dominates near-room-temperature applications [@p"
39,1.4,1.4,UNCLASSIFIED,,,1 Introduction,"ncerns. Bismuth telluride (Bi~2~Te~3~), with zT ≈ 1.0--[1.4], dominates near-room-temperature applications [@poudel"
41,3,3,EXCLUDED:NOTATION,,,,ell2008cooling]. Perovskites with general formula ABX~[3]~ consist of corner-sharing BX~6~ octahedra with A cati
41,6,6,EXCLUDED:NOTATION,,,,"th general formula ABX~3~ consist of corner-sharing BX~[6]~ octahedra with A cations in the interstitial voids, a"
43,3,3,EXCLUDED:NOTATION,,,,ications. Lead-based halide perovskites such as CsPbI~[3]~ show ultralow thermal conductivity owing to their sof
43,2,2,EXCLUDED:NOTATION,,,,"vskites are unstable due to the facile oxidation of Sn^[2]+^ to Sn^4+^ [@stoumpos2013semiconducting], and other a"
43,4,4,EXCLUDED:NOTATION,,,,"e unstable due to the facile oxidation of Sn^2+^ to Sn^[4]+^ [@stoumpos2013semiconducting], and other alternative"
43,3,3,EXCLUDED:NOTATION,,,,"rinsic efficiencies. Oxide perovskites including SrTiO~[3]~, CaMnO~3~ and LaCoO~3~ have been investigated for hig"
43,3,3,EXCLUDED:NOTATION,,,,"iciencies. Oxide perovskites including SrTiO~3~, CaMnO~[3]~ and LaCoO~3~ have been investigated for high-temperat"
43,3,3,EXCLUDED:NOTATION,,,,"ide perovskites including SrTiO~3~, CaMnO~3~ and LaCoO~[3]~ have been investigated for high-temperature applicati"
43,0.2,0.2,UNCLASSIFIED,,,1 Introduction,"applications, with doped compositions reaching zT of ≈[0.2] (Yb-doped CaMnO~3~ at 1000 K [@flahaut2006effect]) and"
43,3,3,EXCLUDED:NOTATION,,,,doped compositions reaching zT of ≈0.2 (Yb-doped CaMnO~[3]~ at 1000 K [@flahaut2006effect]) and
43,1000,1000,UNCLASSIFIED,,,1 Introduction,compositions reaching zT of ≈0.2 (Yb-doped CaMnO~3~ at [1000] K [@flahaut2006effect]) and
43,0.18,0.18,CITED,androulakis2004_zT,,1 Introduction,K [@flahaut2006effect]) and [0.18] at room temperature (La~0.95~Sr~0.05~CoO~3~ [
43,0.95,0.95,EXCLUDED:NOTATION,,,,0.18 at room temperature (La~[0.95]~Sr~0.05~CoO~3~ [@androulakis2004coo]). The chemical sp
43,0.05,0.05,EXCLUDED:NOTATION,,,,0.18 at room temperature (La~0.95~Sr~[0.05]~CoO~3~ [@androulakis2004coo]). The chemical space of p
43,3,3,EXCLUDED:NOTATION,,,,0.18 at room temperature (La~0.95~Sr~0.05~CoO~[3]~ [@androulakis2004coo]). The chemical space of possibl
45,2,2,EXCLUDED:NOTATION,,,,"arse et al. [@parse2024predicting] predicted zT with R^[2]^ = 0.815, Jia et al. [@jia2024dealing] achieved R^2^ ≈"
45,0.815,0.815,UNCLASSIFIED,,,1 Introduction,"et al. [@parse2024predicting] predicted zT with R^2^ = [0.815], Jia et al. [@jia2024dealing] achieved R^2^ ≈ 0.90, an"
45,2,2,EXCLUDED:NOTATION,,,,"R^2^ = 0.815, Jia et al. [@jia2024dealing] achieved R^[2]^ ≈ 0.90, and Sun et al. [@sun2025rationally] reported"
45,0.90,0.9,UNCLASSIFIED,,,1 Introduction,"= 0.815, Jia et al. [@jia2024dealing] achieved R^2^ ≈ [0.90], and Sun et al. [@sun2025rationally] reported R^2^ = 0"
45,2,2,EXCLUDED:NOTATION,,,,"≈ 0.90, and Sun et al. [@sun2025rationally] reported R^[2]^ = 0.90 on a test set using deep neural networks. How"
45,0.90,0.9,UNCLASSIFIED,,,1 Introduction,"0, and Sun et al. [@sun2025rationally] reported R^2^ = [0.90] on a test set using deep neural networks. However, ex"
53,"280,664",280664,GENERATED,n_clean,,1 Introduction,"even-step curation of Starrydata2 into [280,664] rows ( 17,977 uniq"
53,"17,977",17977,GENERATED,n_formulas,,1 Introduction,"280,664 rows ( [17,977] unique formulas, 8,908"
53,"8,908",8908,GENERATED,n_clusters,,1 Introduction,"17,977 unique formulas, [8,908] chemistry clusters, 3,909"
53,"3,909",3909,GENERATED,n_parent,,1 Introduction,"8,908 chemistry clusters, [3,909] parent chemical systems); - a five-way compa"
55,2,2,EXCLUDED:NOTATION,,,,ion strategies showing that row-level splits inflate R^[2]^ by + 0.134 to +
55,0.134,0.134,GENERATED,gap_lo,,1 Introduction,that row-level splits inflate R^2^ by + [0.134] to + 0.213 ; - composi
55,0.213,0.213,GENERATED,gap_hi,,1 Introduction,"^ by + 0.134 to + [0.213] ; - composition-only ceilings for S, *σ*, *κ*"
57,0.007,0.007,GENERATED,a2_maxgap,,1 Introduction,GBM and a random forest agree within [0.007] in R^2^ on every target [[PENDING: NA2: stack
57,2,2,EXCLUDED:NOTATION,,,,"est agree within 0.007 in R^[2]^ on every target [[PENDING: NA2: stacking, and the ran"
59,5.1,5.1,GENERATED,na7_ratio,,1 Introduction,"istry-cluster validation, with a gap [5.1] times larger under chemistry-cluster validati"
59,0.186,0.186,GENERATED,na7_grouped_gap,,1 Introduction,chemistry-cluster validation ( [0.186] against 0.036 in R^2
59,0.036,0.036,GENERATED,na7_gap,,1 Introduction,0.186 against [0.036] in R^2^); - A structure-aware screening of t
59,2,2,EXCLUDED:NOTATION,,,,6 against 0.036 in R^[2]^); - A structure-aware screening of the Materials Pro
63,2,2,EXCLUDED:XREF,,,,"emainder of the paper is organised as follows. Section [2] reviews the background and related work, Section 3 des"
63,3,3,EXCLUDED:XREF,,,,"ion 2 reviews the background and related work, Section [3] describes the data, features, models and validation pr"
63,4,4,EXCLUDED:XREF,,,,"ata, features, models and validation protocol, Section [4] presents and discusses the results, and Section 5 conc"
63,5,5,EXCLUDED:XREF,,,,"tion 4 presents and discusses the results, and Section [5] concludes. # 2 Background and related work ## 2.1 Th"
65,2,2,EXCLUDED:SECTION,,,,"and discusses the results, and Section 5 concludes. # [2] Background and related work ## 2.1 Thermoelectric fun"
67,2.1,2.1,EXCLUDED:SECTION,,,,tion 5 concludes. # 2 Background and related work ## [2.1] Thermoelectric fundamentals In 1821 Thomas Johann See
69,1821,1821,UNCLASSIFIED,,,2.1 Thermoelectric fundamentals,d related work ## 2.1 Thermoelectric fundamentals In [1821] Thomas Johann Seebeck discovered that a temperature di
69,−1,1,EXCLUDED:NOTATION,,,,"ature difference is the Seebeck coefficient (S, *µ*V K^[−1]^). A thermoelectric generator directly converts a temp"
69,1,1,EXCLUDED:XREF,,,,"electrically in series and thermally in parallel (Fig. [1]) [@rowe2018thermoelectrics]. The reverse phenomenon, t"
71,1,1,EXCLUDED:XREF,,,,"ergy conversion [@goldsmid2010introduction]. ![Figure [1]](../figures/source_media/image1.png){width=""4.57291666"
73,1,1,EXCLUDED:XREF,,,,"width=""4.572916666666667in"" height=""4.25in""} **Figure [1]:** Schematic of a thermoelectric p--n couple exhibitin"
75,1,1,EXCLUDED:XREF,,,,"ving rise to an open-circuit Seebeck voltage. In Eq. ([1]), the numerator S^2^*σ* is the power factor (PF), a me"
75,2,2,EXCLUDED:NOTATION,,,,"-circuit Seebeck voltage. In Eq. (1), the numerator S^[2]^*σ* is the power factor (PF), a measure of electrical"
75,2,2,EXCLUDED:NOTATION,,,,"art (*κ*~l~) controlled by phonons. High zT requires S^[2]^*σ* to be maximized and *κ* minimized simultaneously,"
75,2,2,EXCLUDED:XREF,,,,e interrelated through the carrier concentration (Fig. [2]) [@snyder2008complex]. As carrier concentration increa
77,3,3,EXCLUDED:EQNUM,,,,nz law links *κ*~e~ to *σ*: $\kappa_{e} = L\sigma T$ ([3]) where L is the Lorenz number. The only transport par
81,2,2,EXCLUDED:XREF,,,,"unit cells that scatter phonons efficiently. ![Figure [2]](../figures/source_media/image2.png){width=""4.38541666"
83,2,2,EXCLUDED:XREF,,,,"16666666667in"" height=""4.052083333333333in""} **Figure [2]:** Carrier-concentration dependence of the thermoelect"
83,10^19^,10^19,UNCLASSIFIED,,,2.1 Thermoelectric fundamentals,es its maximum at an optimum carrier concentration of ≈[10^19^]--10^20^ cm^−3^. Several strategies approach the PGEC
83,10^20^,10^20,UNCLASSIFIED,,,2.1 Thermoelectric fundamentals,aximum at an optimum carrier concentration of ≈10^19^--[10^20^] cm^−3^. Several strategies approach the PGEC ideal [@
83,−3,3,EXCLUDED:NOTATION,,,,an optimum carrier concentration of ≈10^19^--10^20^ cm^[−3]^. Several strategies approach the PGEC ideal [@slack1
87,2.2,2.2,EXCLUDED:SECTION,,,,l~ without complex processing [@zhao2014ultralow]. ## [2.2] Perovskite thermoelectric materials In ABX~3~ perovsk
89,3,3,EXCLUDED:NOTATION,,,,"]. ## 2.2 Perovskite thermoelectric materials In ABX~[3]~ perovskites, A is a larger cation (e.g. Sr, Ca, Ba, C"
89,3,3,UNCLASSIFIED,,,2.2 Perovskite thermoelectric materials,"S, Se, Te). The ideal cubic structure (space group *Pm*[3]̄*m*) consists of corner-sharing BX~6~ octahedra with t"
89,6,6,EXCLUDED:NOTATION,,,,(space group *Pm*3̄*m*) consists of corner-sharing BX~[6]~ octahedra with the A cation in the cuboctahedral void
89,3,3,EXCLUDED:XREF,,,,edra with the A cation in the cuboctahedral void (Fig. [3]). Structural stability is conventionally assessed by t
91,2,2,EXCLUDED:MATH,,,,"@goldschmidt1926die]: $t = \frac{r_{A} + r_{X}}{\sqrt{[2]}\left( r_{B} + r_{X} \right)},\quad\quad µ = \frac{r_{"
91,4,4,EXCLUDED:EQNUM,,,,"+ r_{X} \right)},\quad\quad µ = \frac{r_{B}}{r_{X}}$ ([4]) where r~A~, r~B~ and r~X~ are the ionic radii of the"
95,3,3,EXCLUDED:XREF,,,,"ata directly rather than geometric criteria. ![Figure [3]](../figures/source_media/image3.png){width=""3.57291666"
97,3,3,EXCLUDED:XREF,,,,"6666666665in"" height=""3.5729166666666665in""} **Figure [3]:** Ideal cubic perovskite structure (ABX~3~) showing A"
97,3,3,EXCLUDED:NOTATION,,,,"} **Figure 3:** Ideal cubic perovskite structure (ABX~[3]~) showing A-site cations (green) at the corners, the B"
97,6,6,EXCLUDED:NOTATION,,,,"-site anions (red) at the face centres, forming the BX~[6]~ octahedron. *Oxide perovskites.* Oxide perovskites h"
99,3,3,EXCLUDED:NOTATION,,,,abundance of their constituent elements. Undoped SrTiO~[3]~ has a large Seebeck coefficient (≈ −700 *µ*V K^−1^ at
99,−700,700,UNCLASSIFIED,,,2.2 Perovskite thermoelectric materials,s. Undoped SrTiO~3~ has a large Seebeck coefficient (≈ [−700] *µ*V K^−1^ at 300 K) but negligible electrical conduct
99,−1,1,EXCLUDED:NOTATION,,,,rTiO~3~ has a large Seebeck coefficient (≈ −700 *µ*V K^[−1]^ at 300 K) but negligible electrical conductivity and
99,300,300,UNCLASSIFIED,,,2.2 Perovskite thermoelectric materials,has a large Seebeck coefficient (≈ −700 *µ*V K^−1^ at [300] K) but negligible electrical conductivity and high the
99,10,10,UNCLASSIFIED,,,2.2 Perovskite thermoelectric materials,"electrical conductivity and high thermal conductivity ([10]--12 W m^−1^ K^−1^), giving zT below 0.01. La or Nb dop"
99,12,12,UNCLASSIFIED,,,2.2 Perovskite thermoelectric materials,"trical conductivity and high thermal conductivity (10--[12] W m^−1^ K^−1^), giving zT below 0.01. La or Nb doping"
99,−1,1,EXCLUDED:NOTATION,,,,"conductivity and high thermal conductivity (10--12 W m^[−1]^ K^−1^), giving zT below 0.01. La or Nb doping introdu"
99,−1,1,EXCLUDED:NOTATION,,,,"tivity and high thermal conductivity (10--12 W m^−1^ K^[−1]^), giving zT below 0.01. La or Nb doping introduces ca"
99,0.01,0.01,UNCLASSIFIED,,,2.2 Perovskite thermoelectric materials,"l conductivity (10--12 W m^−1^ K^−1^), giving zT below [0.01]. La or Nb doping introduces carriers and reduces both"
99,3,3,EXCLUDED:NOTATION,,,,raising zT substantially [@ohta2005temperature]. CaMnO~[3]~ exhibits S ≈ −350 *µ*V K^−1^ but zT \< 0.1 because of
99,−350,350,UNCLASSIFIED,,,2.2 Perovskite thermoelectric materials,antially [@ohta2005temperature]. CaMnO~3~ exhibits S ≈ [−350] *µ*V K^−1^ but zT \< 0.1 because of low *σ* [@flahaut2
99,−1,1,EXCLUDED:NOTATION,,,,hta2005temperature]. CaMnO~3~ exhibits S ≈ −350 *µ*V K^[−1]^ but zT \< 0.1 because of low *σ* [@flahaut2006effect]
99,0.1,0.1,UNCLASSIFIED,,,2.2 Perovskite thermoelectric materials,ture]. CaMnO~3~ exhibits S ≈ −350 *µ*V K^−1^ but zT \< [0.1] because of low *σ* [@flahaut2006effect]; rare-earth su
99,0.2,0.2,UNCLASSIFIED,,,2.2 Perovskite thermoelectric materials,"Nd, Yb) raises the carrier concentration and zT up to ≈[0.2]. LaCoO~3~ and its Sr-doped derivatives are p-type, wit"
99,3,3,EXCLUDED:NOTATION,,,,"ses the carrier concentration and zT up to ≈0.2. LaCoO~[3]~ and its Sr-doped derivatives are p-type, with S of 20"
99,200,200,UNCLASSIFIED,,,2.2 Perovskite thermoelectric materials,"~3~ and its Sr-doped derivatives are p-type, with S of [200]--600 *µ*V K^−1^ but modest zT [@androulakis2004coo]."
99,600,600,UNCLASSIFIED,,,2.2 Perovskite thermoelectric materials,"nd its Sr-doped derivatives are p-type, with S of 200--[600] *µ*V K^−1^ but modest zT [@androulakis2004coo]. *Hali"
99,−1,1,EXCLUDED:NOTATION,,,,"oped derivatives are p-type, with S of 200--600 *µ*V K^[−1]^ but modest zT [@androulakis2004coo]. *Halide perovsk"
101,3,3,EXCLUDED:NOTATION,,,,rovskites have entered the thermoelectric field. CsSnI~[3]~ and related all-inorganic halides exhibit lattice the
101,0.5,0.5,UNCLASSIFIED,,,2.2 Perovskite thermoelectric materials,"nic halides exhibit lattice thermal conductivity below [0.5] W m^−1^ K^−1^ arising from soft, anharmonic vibrations"
101,−1,1,EXCLUDED:NOTATION,,,,"des exhibit lattice thermal conductivity below 0.5 W m^[−1]^ K^−1^ arising from soft, anharmonic vibrations and ca"
101,−1,1,EXCLUDED:NOTATION,,,,"hibit lattice thermal conductivity below 0.5 W m^−1^ K^[−1]^ arising from soft, anharmonic vibrations and cation r"
101,3,3,EXCLUDED:NOTATION,,,,"In hybrid organic--inorganic perovskites such as MASnI~[3]~, the rotational freedom of the organic cation further"
103,3,3,EXCLUDED:NOTATION,,,,"*Chalcogenides.* Chalcogenide perovskites (e.g. BaZrS~[3]~, BaZrSe~3~) and related ternary chalcogenides are att"
103,3,3,EXCLUDED:NOTATION,,,,"ides.* Chalcogenide perovskites (e.g. BaZrS~3~, BaZrSe~[3]~) and related ternary chalcogenides are attractive lea"
105,2.3,2.3,EXCLUDED:SECTION,,,,ow thermal conductivity [@sopiha2021chalcogenide]. ## [2.3] Computational methods and materials databases The con
109,2,2,UNCLASSIFIED,,,2.3 Computational methods and materials databases,"imitations include digitization uncertainty (typically [2]--5%), inter-laboratory variability for the same nomina"
109,5%,5,UNCLASSIFIED,,,2.3 Computational methods and materials databases,"tations include digitization uncertainty (typically 2--[5%]), inter-laboratory variability for the same nominal co"
109,"150,000",150000,UNCLASSIFIED,,,2.3 Computational methods and materials databases,"energies above the convex hull and band gaps for over [150,000] inorganic compounds via a REST API [@jain2013commentar"
109,"5,205",5205,UNCLASSIFIED,,,2.3 Computational methods and materials databases,"rea Research Institute of Chemical Technology contains [5,205] experimental observations for 880 unique materials [@n"
109,880,880,UNCLASSIFIED,,,2.3 Computational methods and materials databases,"echnology contains 5,205 experimental observations for [880] unique materials [@na2022public]. ESTM was curated ind"
111,2.4,2.4,EXCLUDED:SECTION,,,,-time approximation and ideal-crystal assumptions. ## [2.4] Machine learning for thermoelectric property predictio
113,1,1,EXCLUDED:XREF,,,,dels (TabPFN) have been used with mixed results. Table [1] summarizes recent studies. **T
116,1,1,EXCLUDED:XREF,,,,arizes recent studies. **Table [1]:** Recent ML studies of thermoelectric property predic
116,2,2,EXCLUDED:NOTATION,,,,lues are not comparable with one another or with the R^[2]^ of this work. N/R = not reported. | **Study** | **Mo
120,18.1,18.1,UNCLASSIFIED,,"table 1: cell not traced to a value of the generator's dictionary (typed, or read from an artifact outside it)",2.4 Machine learning for thermoelectric property prediction,t al. [@parse2024predicting] | XGBoost | Starrydata2 | [18.1]K | R^2^ (zT) 0.815 | 5-fold CV | | Jia et al. [@jia202
120,2,2,EXCLUDED:NOTATION,,,,rse2024predicting] | XGBoost | Starrydata2 | 18.1K | R^[2]^ (zT) 0.815 | 5-fold CV | | Jia et al. [@jia2024dealin
120,0.815,0.815,UNCLASSIFIED,,"table 1: cell not traced to a value of the generator's dictionary (typed, or read from an artifact outside it)",2.4 Machine learning for thermoelectric property prediction,redicting] | XGBoost | Starrydata2 | 18.1K | R^2^ (zT) [0.815] | 5-fold CV | | Jia et al. [@jia2024dealing] | GBDT |
120,5,5,UNCLASSIFIED,,"table 1: cell not traced to a value of the generator's dictionary (typed, or read from an artifact outside it)",2.4 Machine learning for thermoelectric property prediction,g] | XGBoost | Starrydata2 | 18.1K | R^2^ (zT) 0.815 | [5]-fold CV | | Jia et al. [@jia2024dealing] | GBDT | Star
121,92,92,UNCLASSIFIED,,"table 1: cell not traced to a value of the generator's dictionary (typed, or read from an artifact outside it)",2.4 Machine learning for thermoelectric property prediction,| Jia et al. [@jia2024dealing] | GBDT | Starrydata2 | [92]K | R^2^ (zT) 0.89--0.90 | Composition-level CV | | Ma
121,2,2,EXCLUDED:NOTATION,,,,t al. [@jia2024dealing] | GBDT | Starrydata2 | 92K | R^[2]^ (zT) 0.89--0.90 | Composition-level CV | | Ma & Poon
121,0.89,0.89,UNCLASSIFIED,,"table 1: cell not traced to a value of the generator's dictionary (typed, or read from an artifact outside it)",2.4 Machine learning for thermoelectric property prediction,jia2024dealing] | GBDT | Starrydata2 | 92K | R^2^ (zT) [0.89]--0.90 | Composition-level CV | | Ma & Poon [@ma2025ree
121,0.90,0.9,UNCLASSIFIED,,"table 1: cell not traced to a value of the generator's dictionary (typed, or read from an artifact outside it)",2.4 Machine learning for thermoelectric property prediction,4dealing] | GBDT | Starrydata2 | 92K | R^2^ (zT) 0.89--[0.90] | Composition-level CV | | Ma & Poon [@ma2025reexamini
122,14.1,14.1,CITED,ma2025_rows,,2.4 Machine learning for thermoelectric property prediction,mining] | LightGBM | Compiled TE | [14.1] K | R^2^ (zT) 0.86
122,2,2,EXCLUDED:NOTATION,,,,| Compiled TE | 14.1 K | R^[2]^ (zT) 0.86 ; R^2^ (\|S\|)
122,0.86,0.86,CITED,ma2025_zT_r2,,2.4 Machine learning for thermoelectric property prediction,14.1 K | R^2^ (zT) [0.86] ; R^2^ (\|S\|) 0.8
122,2,2,EXCLUDED:NOTATION,,,,K | R^2^ (zT) 0.86 ; R^[2]^ (\|S\|) 0.8 | Not stated
122,0.8,0.8,CITED,ma2025_S_r2,,2.4 Machine learning for thermoelectric property prediction,0.86 ; R^2^ (\|S\|) [0.8] | Not stated | | Sun et al. [@sun2025rational
123,2,2,EXCLUDED:NOTATION,,,,al. [@sun2025rationally] | DNN | Starrydata2 | N/R | R^[2]^ (zT) 0.90 (test) | Train/test split | | Barua et al.
123,0.90,0.9,UNCLASSIFIED,,"table 1: cell not traced to a value of the generator's dictionary (typed, or read from an artifact outside it)",2.4 Machine learning for thermoelectric property prediction,n2025rationally] | DNN | Starrydata2 | N/R | R^2^ (zT) [0.90] (test) | Train/test split | | Barua et al. [@barua2025
124,160,160,UNCLASSIFIED,,"table 1: cell not traced to a value of the generator's dictionary (typed, or read from an artifact outside it)",2.4 Machine learning for thermoelectric property prediction,[@barua2025thermoelectric] | XGBoost | Starrydata2 | ∼[160]K | R^2^ (zT) 0.67--0.80 | Three external test sets | |
124,2,2,EXCLUDED:NOTATION,,,,025thermoelectric] | XGBoost | Starrydata2 | ∼160K | R^[2]^ (zT) 0.67--0.80 | Three external test sets | | Wang e
124,0.67,0.67,UNCLASSIFIED,,"table 1: cell not traced to a value of the generator's dictionary (typed, or read from an artifact outside it)",2.4 Machine learning for thermoelectric property prediction,oelectric] | XGBoost | Starrydata2 | ∼160K | R^2^ (zT) [0.67]--0.80 | Three external test sets | | Wang et al. [@wan
124,0.80,0.8,UNCLASSIFIED,,"table 1: cell not traced to a value of the generator's dictionary (typed, or read from an artifact outside it)",2.4 Machine learning for thermoelectric property prediction,ric] | XGBoost | Starrydata2 | ∼160K | R^2^ (zT) 0.67--[0.80] | Three external test sets | | Wang et al. [@wang2025h
125,5.2,5.2,UNCLASSIFIED,,"table 1: cell not traced to a value of the generator's dictionary (typed, or read from an artifact outside it)",2.4 Machine learning for thermoelectric property prediction,et al. [@wang2025highperformance] | Stacking | Mixed | [5.2]K | R^2^ (zT) 0.97 | 10-fold CV | | Elavunkel & Padhan
125,2,2,EXCLUDED:NOTATION,,,,wang2025highperformance] | Stacking | Mixed | 5.2K | R^[2]^ (zT) 0.97 | 10-fold CV | | Elavunkel & Padhan [@elavu
125,0.97,0.97,UNCLASSIFIED,,"table 1: cell not traced to a value of the generator's dictionary (typed, or read from an artifact outside it)",2.4 Machine learning for thermoelectric property prediction,highperformance] | Stacking | Mixed | 5.2K | R^2^ (zT) [0.97] | 10-fold CV | | Elavunkel & Padhan [@elavunkel2025unl
125,10,10,UNCLASSIFIED,,"table 1: cell not traced to a value of the generator's dictionary (typed, or read from an artifact outside it)",2.4 Machine learning for thermoelectric property prediction,formance] | Stacking | Mixed | 5.2K | R^2^ (zT) 0.97 | [10]-fold CV | | Elavunkel & Padhan [@elavunkel2025unlockin
126,2,2,EXCLUDED:NOTATION,,,,el2025unlocking] | Stacking | Half-Heusler | small | R^[2]^ (S) 0.99; R^2^ (zT) 0.92 | Random split |
126,0.99,0.99,UNCLASSIFIED,,"table 1: cell not traced to a value of the generator's dictionary (typed, or read from an artifact outside it)",2.4 Machine learning for thermoelectric property prediction,nlocking] | Stacking | Half-Heusler | small | R^2^ (S) [0.99]; R^2^ (zT) 0.92 | Random split |
126,2,2,EXCLUDED:NOTATION,,,,] | Stacking | Half-Heusler | small | R^2^ (S) 0.99; R^[2]^ (zT) 0.92 | Random split | Pars
126,0.92,0.92,UNCLASSIFIED,,"table 1: cell not traced to a value of the generator's dictionary (typed, or read from an artifact outside it)",2.4 Machine learning for thermoelectric property prediction,king | Half-Heusler | small | R^2^ (S) 0.99; R^2^ (zT) [0.92] | Random split | Parse et al. [@
129,"18,126",18126,UNCLASSIFIED,,,2.4 Machine learning for thermoelectric property prediction,"Parse et al. [@parse2024predicting] trained XGBoost on [18,126] cleaned Starrydata2 instances covering 2,761 compounds"
129,"2,761",2761,UNCLASSIFIED,,,2.4 Machine learning for thermoelectric property prediction,"Boost on 18,126 cleaned Starrydata2 instances covering [2,761] compounds (R^2^ = 0.815, 5-fold CV). Jia et al. [@jia2"
129,2,2,EXCLUDED:NOTATION,,,,"aned Starrydata2 instances covering 2,761 compounds (R^[2]^ = 0.815, 5-fold CV). Jia et al. [@jia2024dealing] int"
129,0.815,0.815,UNCLASSIFIED,,,2.4 Machine learning for thermoelectric property prediction,"Starrydata2 instances covering 2,761 compounds (R^2^ = [0.815], 5-fold CV). Jia et al. [@jia2024dealing] introduced c"
129,5,5,UNCLASSIFIED,,,2.4 Machine learning for thermoelectric property prediction,"ata2 instances covering 2,761 compounds (R^2^ = 0.815, [5]-fold CV). Jia et al. [@jia2024dealing] introduced comp"
129,2,2,EXCLUDED:NOTATION,,,,"l compositions rather than random rows, and obtained R^[2]^ of 0.89--0.90 for zT on 92,000 entries; this is stric"
129,0.89,0.89,UNCLASSIFIED,,,2.4 Machine learning for thermoelectric property prediction,"ositions rather than random rows, and obtained R^2^ of [0.89]--0.90 for zT on 92,000 entries; this is stricter than"
129,0.90,0.9,UNCLASSIFIED,,,2.4 Machine learning for thermoelectric property prediction,"ns rather than random rows, and obtained R^2^ of 0.89--[0.90] for zT on 92,000 entries; this is stricter than standa"
129,"92,000",92000,UNCLASSIFIED,,,2.4 Machine learning for thermoelectric property prediction,"random rows, and obtained R^2^ of 0.89--0.90 for zT on [92,000] entries; this is stricter than standard K-fold but les"
129,2,2,EXCLUDED:NOTATION,,,,me chemical family (e.g. different doping levels of Bi~[2]~Te~3~) can still appear in both sets. Sun et al. [@sun
129,3,3,EXCLUDED:NOTATION,,,,emical family (e.g. different doping levels of Bi~2~Te~[3]~) can still appear in both sets. Sun et al. [@sun2025r
129,2,2,EXCLUDED:NOTATION,,,,"on correlation and LassoCV, in deep neural networks (R^[2]^ = 0.95 on the training set and 0.90 on the test set),"
129,0.95,0.95,UNCLASSIFIED,,,2.4 Machine learning for thermoelectric property prediction,"rrelation and LassoCV, in deep neural networks (R^2^ = [0.95] on the training set and 0.90 on the test set), the dua"
129,0.90,0.9,UNCLASSIFIED,,,2.4 Machine learning for thermoelectric property prediction,"p neural networks (R^2^ = 0.95 on the training set and [0.90] on the test set), the dual-featurizer approach used he"
129,"160,000",160000,UNCLASSIFIED,,,2.4 Machine learning for thermoelectric property prediction,"et al. [@barua2025thermoelectric] trained XGBoost on ≈[160,000] data points and reported R^2^ between 0.67 and 0.80 on"
129,2,2,EXCLUDED:NOTATION,,,,"trained XGBoost on ≈160,000 data points and reported R^[2]^ between 0.67 and 0.80 on three test sets. Stacking en"
129,0.67,0.67,UNCLASSIFIED,,,2.4 Machine learning for thermoelectric property prediction,"oost on ≈160,000 data points and reported R^2^ between [0.67] and 0.80 on three test sets. Stacking ensembles on sma"
129,0.80,0.8,UNCLASSIFIED,,,2.4 Machine learning for thermoelectric property prediction,"160,000 data points and reported R^2^ between 0.67 and [0.80] on three test sets. Stacking ensembles on small, domai"
129,2,2,EXCLUDED:NOTATION,,,,"25highperformance; @elavunkel2025unlocking] reported R^[2]^ of 0.92--0.99, under row-level validation (10-fold CV"
129,0.92,0.92,UNCLASSIFIED,,,2.4 Machine learning for thermoelectric property prediction,"performance; @elavunkel2025unlocking] reported R^2^ of [0.92]--0.99, under row-level validation (10-fold CV in [@wan"
129,0.99,0.99,UNCLASSIFIED,,,2.4 Machine learning for thermoelectric property prediction,"mance; @elavunkel2025unlocking] reported R^2^ of 0.92--[0.99], under row-level validation (10-fold CV in [@wang2025h"
129,10,10,UNCLASSIFIED,,,2.4 Machine learning for thermoelectric property prediction,"ported R^2^ of 0.92--0.99, under row-level validation ([10]-fold CV in [@wang2025highperformance]), which inflates"
129,2,2,EXCLUDED:NOTATION,,,,"ld CV in [@wang2025highperformance]), which inflates R^[2]^ relative to chemistry-aware splitting of larger and m"
131,22,22,CITED,ward2016_props,,2.4 Machine learning for thermoelectric property prediction,"an, average deviation, mode) of [22] elemental properties, yielding"
131,132,132,GENERATED,n_magpie,,2.4 Machine learning for thermoelectric property prediction,"elemental properties, yielding [132] features per composition. CBFV extends this w"
133,2.5,2.5,EXCLUDED:SECTION,,,,alpy [@ma2025reexamining] have also been explored. ## [2.5] Validation strategies and data leakage Random train--
135,0.5,0.5,EXCLUDED:NOTATION,,,,te the i.i.d. assumption because a material such as Bi~[0.5]~Sb~1.5~Te~3~ may appear at 21 te
135,1.5,1.5,EXCLUDED:NOTATION,,,,i.i.d. assumption because a material such as Bi~0.5~Sb~[1.5]~Te~3~ may appear at 21 temperatu
135,3,3,EXCLUDED:NOTATION,,,,assumption because a material such as Bi~0.5~Sb~1.5~Te~[3]~ may appear at 21 temperatures (
135,21,21,GENERATED,bins,,2.5 Validation strategies and data leakage,"such as Bi~0.5~Sb~1.5~Te~3~ may appear at [21] temperatures ( 300 ,"
135,300,300,GENERATED,t_min,,2.5 Validation strategies and data leakage,"t 21 temperatures ( [300] , 325 , . . . ,"
135,325,325,GENERATED,t_second,,2.5 Validation strategies and data leakage,"eratures ( 300 , [325] , . . . , 800 K); under"
135,800,800,GENERATED,t_max,,2.5 Validation strategies and data leakage,", 325 , . . . , [800] K); under random splitting the test predictio"
135,3.5,3.5,EXCLUDED:XREF,,,,"nt sets (e.g. Bi--Sb--Te), chemistry clusters (Section [3.5]) or broader families; stricter grouping gives more con"
137,2.6,2.6,EXCLUDED:SECTION,,,,e realistic estimates for genuinely new chemistry. ## [2.6] Model interpretability SHAP (SHapley Additive exPlana
141,2.7,2.7,EXCLUDED:SECTION,,,,ant feature would indicate a spurious correlation. ## [2.7] Research gaps Five gaps motivate this study. (1) *Val
143,1,1,EXCLUDED:ENUM,,,,## 2.7 Research gaps Five gaps motivate this study. ([1]) *Validation bias is unquantified at scale*: the only
143,2,2,EXCLUDED:ENUM,,,,l across five strategies on a full database snapshot. ([2]) *Component properties are rarely reported*: *σ* and *
143,3,3,EXCLUDED:ENUM,,,,from composition is essential for reliable screening. ([3]) *Feature-selection effects are not examined*: correla
143,4,4,EXCLUDED:ENUM,,,,helps tree models with built-in feature subsampling. ([4]) *Lead-free perovskite screening with experimentally t
143,5,5,EXCLUDED:ENUM,,,,ely on DFT-trained models or random-split validation. ([5]) *Model architecture is overemphasized*: gains from co
145,3,3,EXCLUDED:SECTION,,,,splits. The present study addresses all five gaps. # [3] Methodology ## 3.1 Research framework The research f
147,3.1,3.1,EXCLUDED:SECTION,,,,nt study addresses all five gaps. # 3 Methodology ## [3.1] Research framework The research follows a four-phase
149,4,4,EXCLUDED:XREF,,,,work The research follows a four-phase pipeline (Fig. [4]): (1) data acquisition and curation from Starrydata2;
149,1,1,EXCLUDED:ENUM,,,,The research follows a four-phase pipeline (Fig. 4): ([1]) data acquisition and curation from Starrydata2; (2) f
149,2,2,EXCLUDED:ENUM,,,,: (1) data acquisition and curation from Starrydata2; ([2]) feature engineering with two complementary compositio
149,3,3,EXCLUDED:ENUM,,,,wo complementary compositional featurization schemes; ([3]) model development with chemistry-aware validation; an
149,4,4,EXCLUDED:ENUM,,,,odel development with chemistry-aware validation; and ([4]) virtual screening of lead-free perovskite candidates
151,4,4,EXCLUDED:XREF,,,,ification of promising lead-free candidates. ![Figure [4]](../figures/fig4_workflow.png){width=100%} **Figure 4
151,100%,100,EXCLUDED:LINK,,,,"ates. ![Figure 4](../figures/fig4_workflow.png){width=[100%]} **Figure 4:** Study workflow, from data acquisition"
153,4,4,EXCLUDED:XREF,,,,"4](../figures/fig4_workflow.png){width=100%} **Figure [4]:** Study workflow, from data acquisition to the output"
155,3.2,3.2,EXCLUDED:SECTION,,,,the stacking comparison is still to be completed. ## [3.2] Data acquisition and curation ### 3.2.1 Source data
157,3.2,3.2,EXCLUDED:SECTION,,,,completed. ## 3.2 Data acquisition and curation ### [3.2].1 Source data The main data source is Starrydata2 [@k
159,22,22,GENERATED,snapshot_date,,3.2.1 Source data,"the Starrydata2 export taken on [22] August 2026 (the export is regenerated daily,"
159,2026,2026,GENERATED,snapshot_date,,3.2.1 Source data,"ydata2 export taken on 22 August [2026] (the export is regenerated daily, so an unpin"
159,"9,494",9494,GENERATED,raw_papers,,3.2.1 Source data,"unpinned pull is not reproducible): [9,494] publications, 55,261"
159,"55,261",55261,GENERATED,raw_samples,,3.2.1 Source data,"9,494 publications, [55,261] samples and 156,101"
159,"156,101",156101,GENERATED,raw_curves,,3.2.1 Source data,"55,261 samples and [156,101] digitised property curves, held in three file"
159,"2,679,279",2679279,GENERATED,na5_points_all,,3.2.1 Source data,"nd curves). The raw curves hold [2,679,279] digitised points in total, of which"
159,"2,068,554",2068554,GENERATED,na5_points_target,,3.2.1 Source data,"ed points in total, of which [2,068,554] are points of the four target properties agai"
159,"1,996,047",1996047,GENERATED,n_step1,,3.2.1 Source data,"target properties against temperature ( [1,996,047] remain after range filtering). Each data poin"
159,1,1,UNCLASSIFIED,,,3.2.1 Source data,"instead of conductivity, it was converted using *σ* = [1]/*ρ*. Each formula is also assigned a parent chemical s"
159,3.5,3.5,EXCLUDED:XREF,,,,validation is the chemistry cluster defined in Section [3.5]. ### 3.2.2 Data cleaning pipeline An eleven-step cle
161,3.2,3.2,EXCLUDED:SECTION,,,,is the chemistry cluster defined in Section 3.5. ### [3.2].2 Data cleaning pipeline An eleven-step cleaning pipe
163,5,5,EXCLUDED:XREF,,,,verted the raw data into a reliable training set (Fig. [5]). ![Figure 5](../figures/paper_a/cleaning_funnel.png)
165,5,5,EXCLUDED:XREF,,,,data into a reliable training set (Fig. 5). ![Figure [5]](../figures/paper_a/cleaning_funnel.png){width=100%}
165,100%,100,EXCLUDED:LINK,,,,igure 5](../figures/paper_a/cleaning_funnel.png){width=[100%]} **Figure 5:** Row count through the eleven-step clea
167,5,5,EXCLUDED:XREF,,,,res/paper_a/cleaning_funnel.png){width=100%} **Figure [5]:** Row count through the eleven-step cleaning pipeline
167,"1,996,047",1996047,GENERATED,n_step1,,3.2.2 Data cleaning pipeline,"he eleven-step cleaning pipeline, from [1,996,047] property observations after range filtering t"
167,"280,664",280664,GENERATED,n_clean,,3.2.2 Data cleaning pipeline,"observations after range filtering to [280,664] rows in the final cleaned dataset. *Data pre"
169,1,1,UNCLASSIFIED,,,3.2.2 Data cleaning pipeline,"n the final cleaned dataset. *Data preparation (steps [1]--5).* Step 1 extracted the four target properties, con"
169,5,5,UNCLASSIFIED,,,3.2.2 Data cleaning pipeline,"he final cleaned dataset. *Data preparation (steps 1--[5]).* Step 1 extracted the four target properties, conver"
169,1,1,EXCLUDED:XREF,,,,"leaned dataset. *Data preparation (steps 1--5).* Step [1] extracted the four target properties, converted resist"
169,−1000,1000,GENERATED,b_S,,3.2.2 Data cleaning pipeline,ctivity and applied physical-range bounds: [−1000] ≤ S ≤ 1000 *µ*V K^−1^
169,1000,1000,GENERATED,b_S_hi,,3.2.2 Data cleaning pipeline,"ounds: −1000 ≤ S ≤ [1000] *µ*V K^−1^, 10 ≤"
169,−1,1,EXCLUDED:NOTATION,,,,"000 ≤ S ≤ 1000 *µ*V K^[−1]^, 10 ≤ *σ* ≤ 10^7^ S m^−1^"
169,10,10,GENERATED,b_sigma_lo,,3.2.2 Data cleaning pipeline,"1000 *µ*V K^−1^, [10] ≤ *σ* ≤ 10^7^ S m^−1^, 0.0"
169,10^7^,10^7,UNCLASSIFIED,,,3.2.2 Data cleaning pipeline,"*µ*V K^−1^, 10 ≤ *σ* ≤ [10^7^] S m^−1^, 0.05 ≤ *κ* ≤"
169,−1,1,EXCLUDED:NOTATION,,,,"^−1^, 10 ≤ *σ* ≤ 10^7^ S m^[−1]^, 0.05 ≤ *κ* ≤"
169,0.05,0.05,GENERATED,b_kappa_lo,,3.2.2 Data cleaning pipeline,"10 ≤ *σ* ≤ 10^7^ S m^−1^, [0.05] ≤ *κ* ≤ 25 W m^−1"
169,25,25,GENERATED,b_kappa_hi,,3.2.2 Data cleaning pipeline,0.05 ≤ *κ* ≤ [25] W m^−1^ K^−1^ and 0 ≤ zT ≤ 4
169,−1,1,EXCLUDED:NOTATION,,,,"05 ≤ *κ* ≤ 25 W m^[−1]^ K^−1^ and 0 ≤ zT ≤ 4 , giving"
169,−1,1,EXCLUDED:NOTATION,,,,"≤ *κ* ≤ 25 W m^−1^ K^[−1]^ and 0 ≤ zT ≤ 4 , giving"
169,0,0,UNCLASSIFIED,,,3.2.2 Data cleaning pipeline,"*κ* ≤ 25 W m^−1^ K^−1^ and [0] ≤ zT ≤ 4 , giving"
169,4,4,GENERATED,b_zT_hi,,3.2.2 Data cleaning pipeline,"25 W m^−1^ K^−1^ and 0 ≤ zT ≤ [4] , giving 1,996,047 ob"
169,"1,996,047",1996047,GENERATED,n_step1,,3.2.2 Data cleaning pipeline,"T ≤ 4 , giving [1,996,047] observations. The Seebeck bound is an empiric"
169,4,4,GENERATED,b_zT_hi,,3.2.2 Data cleaning pipeline,is not itself that minimum); and zT ≤ [4] admits all physically plausible values [@snyd
169,2,2,EXCLUDED:XREF,,,,physically plausible values [@snyder2008complex]. Step [2] merged curve data with sample metadata. Step 3 restric
169,3,3,EXCLUDED:XREF,,,,]. Step 2 merged curve data with sample metadata. Step [3] restricted temperatures to 300
169,300,300,DESIGN,clean_t_min,,3.2.2 Data cleaning pipeline,Step 3 restricted temperatures to [300] -- 800 K and binne
169,800,800,DESIGN,clean_t_max,,3.2.2 Data cleaning pipeline,300 -- [800] K and binned them into
169,25,25,DESIGN,clean_bin_width,,3.2.2 Data cleaning pipeline,K and binned them into [25] K intervals so that slightly different report
169,298,298,UNCLASSIFIED,,,3.2.2 Data cleaning pipeline,"so that slightly different reported temperatures (e.g. [298], 300 and 303 K) fall in the same bin, leaving"
169,300,300,UNCLASSIFIED,,,3.2.2 Data cleaning pipeline,"at slightly different reported temperatures (e.g. 298, [300] and 303 K) fall in the same bin, leaving"
169,303,303,UNCLASSIFIED,,,3.2.2 Data cleaning pipeline,"tly different reported temperatures (e.g. 298, 300 and [303] K) fall in the same bin, leaving 1,096"
169,"1,096,324",1096324,GENERATED,n_step3,,3.2.2 Data cleaning pipeline,"d 303 K) fall in the same bin, leaving [1,096,324] observations. Step 4 pivoted the data from lo"
169,4,4,EXCLUDED:XREF,,,,"1,096,324 observations. Step [4] pivoted the data from long format (one row per measure"
169,"398,763",398763,GENERATED,n_step4,,3.2.2 Data cleaning pipeline,"er sample per temperature bin), giving [398,763] rows, and Step 5 removed formulas that could"
169,5,5,EXCLUDED:XREF,,,,"giving 398,763 rows, and Step [5] removed formulas that could not be parsed by the pymat"
169,"5,382",5382,GENERATED,rem_step5,,3.2.2 Data cleaning pipeline,"Composition class [@ong2013python] ( [5,382] rows, 1.3 %). *Qu"
169,1.3,1.3,GENERATED,remp_step5,,3.2.2 Data cleaning pipeline,"5,382 rows, [1.3] %). *Quality filtering (steps 6--8).* Step 6"
171,6,6,UNCLASSIFIED,,,3.2.2 Data cleaning pipeline,1.3 %). *Quality filtering (steps [6]--8).* Step 6 compared the reported zT with the value r
171,8,8,UNCLASSIFIED,,,3.2.2 Data cleaning pipeline,1.3 %). *Quality filtering (steps 6--[8]).* Step 6 compared the reported zT with the value reco
171,6,6,EXCLUDED:XREF,,,,.3 %). *Quality filtering (steps 6--8).* Step [6] compared the reported zT with the value recomputed fro
171,1,1,EXCLUDED:XREF,,,,ed the reported zT with the value recomputed from Eq. ([1]) for all rows containing the four properties and remov
171,50,50,DESIGN,clean_zt_tol_pct,,3.2.2 Data cleaning pipeline,relative discrepancy exceeded [50] %: $\frac{|{zT}_{rep} - S^{2}\sigma T/\kappa|
173,2,2,EXCLUDED:MATH,,,,50 %: $\frac{|{zT}_{rep} - S^{[2]}\sigma T/\kappa|}{{zT}_{rep}} > 0.5$ (5) This removed
173,0.5,0.5,EXCLUDED:MATH,,,,"rac{|{zT}_{rep} - S^{2}\sigma T/\kappa|}{{zT}_{rep}} > [0.5]$ (5) This removed 4,712 ro"
173,5,5,EXCLUDED:EQNUM,,,,"zT}_{rep} - S^{2}\sigma T/\kappa|}{{zT}_{rep}} > 0.5$ ([5]) This removed 4,712 rows ("
175,"4,712",4712,GENERATED,rem_step6,,3.2.2 Data cleaning pipeline,"{zT}_{rep}} > 0.5$ (5) This removed [4,712] rows ( 1.2 %); it c"
175,1.2,1.2,GENERATED,remp_step6,,3.2.2 Data cleaning pipeline,"4,712 rows ( [1.2] %); it changed the mean zT from"
175,0.383,0.383,GENERATED,na5_zt6_before,,3.2.2 Data cleaning pipeline,%); it changed the mean zT from [0.383] to 0.387 . This
175,0.387,0.387,GENERATED,na5_zt6_after,,3.2.2 Data cleaning pipeline,0.383 to [0.387] . This is conservative (some valid individual
175,7,7,EXCLUDED:XREF,,,,antees internal consistency of the retained rows. Step [7] removed DFT-computed entries identified by searching p
175,986,986,GENERATED,rem_step7,,3.2.2 Data cleaning pipeline,ant relaxation-time assumption; only [986] rows ( 0.3 %) were
175,0.3,0.3,GENERATED,remp_step7,,3.2.2 Data cleaning pipeline,"986 rows ( [0.3] %) were flagged, confirming that Starrydata2 i"
175,8,8,EXCLUDED:XREF,,,,"g that Starrydata2 is predominantly experimental. Step [8], the largest single step, removed 78"
175,"78,685",78685,GENERATED,rem_step8,,3.2.2 Data cleaning pipeline,"8, the largest single step, removed [78,685] rows ( 20.3 %): for"
175,20.3,20.3,GENERATED,remp_step8,,3.2.2 Data cleaning pipeline,"78,685 rows ( [20.3] %): for each (formula, temperature) group with"
175,0.5,0.5,DESIGN,clean_cv_S,,3.2.2 Data cleaning pipeline,"y-specific thresholds were removed ( [0.5] for S, *κ* and zT; 0.8"
175,0.8,0.8,DESIGN,clean_cv_sigma,,3.2.2 Data cleaning pipeline,"0.5 for S, *κ* and zT; [0.8] for *σ*, set higher a priori because conducti"
177,9,9,UNCLASSIFIED,,,3.2.2 Data cleaning pipeline,d on model performance. *Statistical filtering (steps [9]--11).* Step 9 applied a median absolute deviation (MAD
177,11,11,UNCLASSIFIED,,,3.2.2 Data cleaning pipeline,n model performance. *Statistical filtering (steps 9--[11]).* Step 9 applied a median absolute deviation (MAD) fi
177,9,9,EXCLUDED:XREF,,,,"formance. *Statistical filtering (steps 9--11).* Step [9] applied a median absolute deviation (MAD) filter, remo"
179,3.5,3.5,EXCLUDED:MATH,,,,"(MAD) filter, removing values with $|x - median(x)| > [3.5]\, MAD(x)$ (6) a robust alternative to a rule based on"
179,6,6,EXCLUDED:EQNUM,,,,"emoving values with $|x - median(x)| > 3.5\, MAD(x)$ ([6]) a robust alternative to a rule based on the mean and"
181,10,10,EXCLUDED:NOTATION,,,,"dard deviation [@leys2013detecting], where x is S, log~[10]~ *σ* or log~10~ *κ*, and the median and the MAD, MAD(x"
181,10,10,EXCLUDED:NOTATION,,,,"[@leys2013detecting], where x is S, log~10~ *σ* or log~[10]~ *κ*, and the median and the MAD, MAD(x) = median(|x −"
181,1.4826,1.4826,UNCLASSIFIED,,,3.2.2 Data cleaning pipeline,"have a value of that property. The MAD is unscaled (no [1.4826] consistency factor), so the multiplier of"
181,3.5,3.5,DESIGN,clean_mad_mult,,3.2.2 Data cleaning pipeline,"y factor), so the multiplier of [3.5] MADs corresponds to about 2"
181,2.4,2.4,GENERATED,mad_sigma,,3.2.2 Data cleaning pipeline,5 MADs corresponds to about [2.4] standard deviations for normally distributed
181,1,1,EXCLUDED:XREF,,,,"y is better judged against the physical bounds of Step [1]; it removed 19,361 rows ("
181,"19,361",19361,GENERATED,rem_step9,,3.2.2 Data cleaning pipeline,"hysical bounds of Step 1; it removed [19,361] rows ( 6.3 %). Rows"
181,6.3,6.3,GENERATED,remp_step9,,3.2.2 Data cleaning pipeline,"19,361 rows ( [6.3] %). Rows with zT \> 3.0 lie above the maximum"
181,3.0,3,UNCLASSIFIED,,,3.2.2 Data cleaning pipeline,ws ( 6.3 %). Rows with zT \> [3.0] lie above the maximum reliably reported for bulk therm
181,2.6,2.6,UNCLASSIFIED,,,3.2.2 Data cleaning pipeline,e maximum reliably reported for bulk thermoelectrics (≈[2.6] [@zhao2014ultralow]); 15 of t
181,15,15,GENERATED,na4_zt3,,3.2.2 Data cleaning pipeline,"oelectrics (≈2.6 [@zhao2014ultralow]); [15] of the 129,419 zT rows"
181,"129,419",129419,GENERATED,n_zT,,3.2.2 Data cleaning pipeline,"low]); 15 of the [129,419] zT rows ( 0.012 %)"
181,0.012,0.012,GENERATED,na4_zt3_pct,,3.2.2 Data cleaning pipeline,"129,419 zT rows ( [0.012] %) are affected; they are retained as statisti"
181,10,10,EXCLUDED:XREF,,,,d; they are retained as statistically immaterial. Step [10] removed formulas with fewer than
181,3,3,DESIGN,clean_min_temps,,3.2.2 Data cleaning pipeline,"moved formulas with fewer than [3] distinct temperatures, for which consistency"
181,"4,650",4650,GENERATED,rem_step10,,3.2.2 Data cleaning pipeline,"ich consistency cannot be verified ( [4,650] rows). Step 11 applied a rolling-median smoot"
181,11,11,EXCLUDED:XREF,,,,"erified ( 4,650 rows). Step [11] applied a rolling-median smoothness filter (window ="
181,3,3,DESIGN,clean_smooth_window,,3.2.2 Data cleaning pipeline,moothness filter (window = [3] ) to each temperature curve of each sample and
181,3.5,3.5,DESIGN,clean_mad_mult,,3.2.2 Data cleaning pipeline,red rolling median by more than [3.5] times the median of those absolute deviations
181,9,9,EXCLUDED:XREF,,,,"along that curve (the same unscaled multiplier as Step [9], applied to the local deviations), setting"
181,"25,166",25166,GENERATED,na5_spikes,,3.2.2 Data cleaning pipeline,"d to the local deviations), setting [25,166] spike values to NaN and removing rows in whic"
181,"4,323",4323,GENERATED,rem_step11,,3.2.2 Data cleaning pipeline,"in which all properties became NaN ( [4,323] rows, 1.5 %). *A"
181,1.5,1.5,GENERATED,remp_step11,,3.2.2 Data cleaning pipeline,"4,323 rows, [1.5] %). *Analysis choices.* The following setting"
183,300,300,DESIGN,clean_t_min,,3.2.2 Data cleaning pipeline,hem. (i) The temperature window of [300] -- 800 K restricts
183,800,800,DESIGN,clean_t_max,,3.2.2 Data cleaning pipeline,300 -- [800] K restricts the study to near-room-temperatur
183,25,25,DESIGN,clean_bin_width,,3.2.2 Data cleaning pipeline,ion and are not used. (ii) The [25] K bin width groups readings of one sample tha
183,50,50,DESIGN,clean_zt_tol_pct,,3.2.2 Data cleaning pipeline,it was not varied. (iii) The [50] % tolerance of the zT consistency check is del
183,3,3,DESIGN,clean_min_temps,,3.2.2 Data cleaning pipeline,(iv) Formulas with fewer than [3] distinct temperatures are removed because the
183,3,3,DESIGN,clean_smooth_window,,3.2.2 Data cleaning pipeline,"ss filter, whose window is [3] , cannot judge a curve with fewer points. (v)"
183,3,3,DESIGN,clean_smooth_window,,3.2.2 Data cleaning pipeline,er points. (v) A window of [3] is the smallest odd window that defines a loc
183,3.5,3.5,DESIGN,clean_mad_mult,,3.2.2 Data cleaning pipeline,xtrema of zT(T). The multiplier [3.5] of the two MAD filters (Steps 9 and 11) is li
183,9,9,EXCLUDED:XREF,,,,3.5 of the two MAD filters (Steps [9] and 11) is likewise a choice. ### 3.2.3 Final dataset
183,11,11,EXCLUDED:XREF,,,,3.5 of the two MAD filters (Steps 9 and [11]) is likewise a choice. ### 3.2.3 Final dataset The f
185,3.2,3.2,EXCLUDED:SECTION,,,,AD filters (Steps 9 and 11) is likewise a choice. ### [3.2].3 Final dataset The final cleaned dataset contains
187,"280,664",280664,GENERATED,n_clean,,3.2.3 Final dataset,"et The final cleaned dataset contains [280,664] rows; featurisation (formulas that fail eithe"
187,"280,173",280173,GENERATED,n_featurized,,3.2.3 Final dataset,"r are excluded and logged) leaves [280,173] rows covering 17,977"
187,"17,977",17977,GENERATED,n_formulas,,3.2.3 Final dataset,"280,173 rows covering [17,977] unique chemical formulas in"
187,"8,908",8908,GENERATED,n_clusters,,3.2.3 Final dataset,"unique chemical formulas in [8,908] chemistry clusters and 3,909"
187,"3,909",3909,GENERATED,n_parent,,3.2.3 Final dataset,"8,908 chemistry clusters and [3,909] parent chemical systems. The four per-target"
187,"185,064",185064,GENERATED,n_S,,3.2.3 Final dataset,"tems. The four per-target datasets contain [185,064] rows with S, 182,755"
187,"182,755",182755,GENERATED,n_sigma,,3.2.3 Final dataset,"185,064 rows with S, [182,755] with *σ*, 121,110 wi"
187,"121,110",121110,GENERATED,n_kappa,,3.2.3 Final dataset,"182,755 with *σ*, [121,110] with *κ* and 129,419 wi"
187,"129,419",129419,GENERATED,n_zT,,3.2.3 Final dataset,"121,110 with *κ* and [129,419] with zT ( 66.1 %,"
187,66.1,66.1,GENERATED,cov_S,,3.2.3 Final dataset,"d 129,419 with zT ( [66.1] %, 65.2 %,"
187,65.2,65.2,GENERATED,cov_sigma,,3.2.3 Final dataset,"th zT ( 66.1 %, [65.2] %, 43.2 % and"
187,43.2,43.2,GENERATED,cov_kappa,,3.2.3 Final dataset,"%, 65.2 %, [43.2] % and 46.2 % of the fea"
187,46.2,46.2,GENERATED,cov_zT,,3.2.3 Final dataset,"%, 43.2 % and [46.2] % of the featurised rows); they overlap and ar"
187,0.427,0.427,GENERATED,na4_zt_mean,,3.2.3 Final dataset,he mean zT of the retained rows is [0.427] ( 0.426 over the
187,0.426,0.426,GENERATED,na5_zt_final,,3.2.3 Final dataset,"0.427 ( [0.426] over the 280,664 cle"
187,"280,664",280664,GENERATED,n_clean,,3.2.3 Final dataset,"0.426 over the [280,664] cleaned rows, against 0"
187,0.387,0.387,GENERATED,na5_zt6_after,,3.2.3 Final dataset,"4 cleaned rows, against [0.387] after Step 6). The S distribution (Fig. 6a) m"
187,6,6,EXCLUDED:XREF,,,,gainst 0.387 after Step [6]). The S distribution (Fig. 6a) mixes p-type samples (
187,55.6,55.6,GENERATED,na4_S_p_share,,3.2.3 Final dataset,"(Fig. 6a) mixes p-type samples ( [55.6] % of the S rows) and n-type samples, and the n"
187,19.1,19.1,GENERATED,na4_S_mean,,3.2.3 Final dataset,values of the latter pull the mean ( [19.1] *µ*V K^−1^) below the median (
187,−1,1,EXCLUDED:NOTATION,,,,pull the mean ( 19.1 *µ*V K^[−1]^) below the median ( 50.0
187,50.0,50,GENERATED,na4_S_median,,3.2.3 Final dataset,*µ*V K^−1^) below the median ( [50.0] *µ*V K^−1^) (Table 2).
187,−1,1,EXCLUDED:NOTATION,,,,the median ( 50.0 *µ*V K^[−1]^) (Table 2). **Table 2:** Fina
187,2,2,EXCLUDED:XREF,,,,( 50.0 *µ*V K^−1^) (Table [2]). **Table 2:** Final dataset s
190,2,2,EXCLUDED:XREF,,,,"*µ*V K^−1^) (Table 2). **Table [2]:** Final dataset statistics: the 280,173 featurised ro"
190,"280,173",280173,GENERATED,table 2: n_featurized,,3.2.3 Final dataset,"**Table 2:** Final dataset statistics: the [280,173] featurised rows, per property (coverage is the share o"
194,−1,1,EXCLUDED:NOTATION,,,,"|-----------|-----------|----------------| | S (*µ*V K^[−1]^) | 185,064 | 66.1% | 19.1 | 50.0 | 176.9 | −461 to 56"
194,"185,064",185064,GENERATED,table 2: t2_S_n,,3.2.3 Final dataset,"-----|-----------|----------------| | S (*µ*V K^−1^) | [185,064] | 66.1% | 19.1 | 50.0 | 176.9 | −461 to 562.5 | | *σ*"
194,66.1%,66.1,GENERATED,table 2: t2_S_cov,,3.2.3 Final dataset,"-------|----------------| | S (*µ*V K^−1^) | 185,064 | [66.1%] | 19.1 | 50.0 | 176.9 | −461 to 562.5 | | *σ* (S m^−1^"
194,19.1,19.1,GENERATED,table 2: t2_S_mean,,3.2.3 Final dataset,"----------------| | S (*µ*V K^−1^) | 185,064 | 66.1% | [19.1] | 50.0 | 176.9 | −461 to 562.5 | | *σ* (S m^−1^) | 182"
194,50.0,50,GENERATED,table 2: t2_S_median,,3.2.3 Final dataset,"---------| | S (*µ*V K^−1^) | 185,064 | 66.1% | 19.1 | [50.0] | 176.9 | −461 to 562.5 | | *σ* (S m^−1^) | 182,755 |"
194,176.9,176.9,GENERATED,table 2: t2_S_sd,,3.2.3 Final dataset,"--| | S (*µ*V K^−1^) | 185,064 | 66.1% | 19.1 | 50.0 | [176.9] | −461 to 562.5 | | *σ* (S m^−1^) | 182,755 | 65.2% |"
194,−461,461,GENERATED,table 2: t2_S_min,,3.2.3 Final dataset,"(*µ*V K^−1^) | 185,064 | 66.1% | 19.1 | 50.0 | 176.9 | [−461] to 562.5 | | *σ* (S m^−1^) | 182,755 | 65.2% | 83,498"
194,562.5,562.5,GENERATED,table 2: t2_S_max,,3.2.3 Final dataset,"−1^) | 185,064 | 66.1% | 19.1 | 50.0 | 176.9 | −461 to [562.5] | | *σ* (S m^−1^) | 182,755 | 65.2% | 83,498 | 45,262"
195,−1,1,EXCLUDED:NOTATION,,,,".1% | 19.1 | 50.0 | 176.9 | −461 to 562.5 | | *σ* (S m^[−1]^) | 182,755 | 65.2% | 83,498 | 45,262 | 129,514 | 959"
195,"182,755",182755,GENERATED,table 2: t2_sigma_n,,3.2.3 Final dataset,"9.1 | 50.0 | 176.9 | −461 to 562.5 | | *σ* (S m^−1^) | [182,755] | 65.2% | 83,498 | 45,262 | 129,514 | 959 to 1.66 × 10"
195,65.2%,65.2,GENERATED,table 2: t2_sigma_cov,,3.2.3 Final dataset,"| 176.9 | −461 to 562.5 | | *σ* (S m^−1^) | 182,755 | [65.2%] | 83,498 | 45,262 | 129,514 | 959 to 1.66 × 10^6^ | |"
195,"83,498",83498,GENERATED,table 2: t2_sigma_mean,,3.2.3 Final dataset,"| −461 to 562.5 | | *σ* (S m^−1^) | 182,755 | 65.2% | [83,498] | 45,262 | 129,514 | 959 to 1.66 × 10^6^ | | *κ* (W m^"
195,"45,262",45262,GENERATED,table 2: t2_sigma_median,,3.2.3 Final dataset,"o 562.5 | | *σ* (S m^−1^) | 182,755 | 65.2% | 83,498 | [45,262] | 129,514 | 959 to 1.66 × 10^6^ | | *κ* (W m^−1^ K^−1^"
195,"129,514",129514,GENERATED,table 2: t2_sigma_sd,,3.2.3 Final dataset,"| *σ* (S m^−1^) | 182,755 | 65.2% | 83,498 | 45,262 | [129,514] | 959 to 1.66 × 10^6^ | | *κ* (W m^−1^ K^−1^) | 121,11"
195,959,959,GENERATED,table 2: t2_sigma_min,,3.2.3 Final dataset,"m^−1^) | 182,755 | 65.2% | 83,498 | 45,262 | 129,514 | [959] to 1.66 × 10^6^ | | *κ* (W m^−1^ K^−1^) | 121,110 | 43"
195,1.66,1.66,GENERATED,table 2: t2_sigma_max,,3.2.3 Final dataset,"| 182,755 | 65.2% | 83,498 | 45,262 | 129,514 | 959 to [1.66] × 10^6^ | | *κ* (W m^−1^ K^−1^) | 121,110 | 43.2% | 2."
195,10^6^,10^6,GENERATED,table 2: t2_sigma_max,,3.2.3 Final dataset,"55 | 65.2% | 83,498 | 45,262 | 129,514 | 959 to 1.66 × [10^6^] | | *κ* (W m^−1^ K^−1^) | 121,110 | 43.2% | 2.54 | 2.0"
196,−1,1,EXCLUDED:NOTATION,,,,"| 45,262 | 129,514 | 959 to 1.66 × 10^6^ | | *κ* (W m^[−1]^ K^−1^) | 121,110 | 43.2% | 2.54 | 2.00 | 1.98 | 0.28"
196,−1,1,EXCLUDED:NOTATION,,,,"262 | 129,514 | 959 to 1.66 × 10^6^ | | *κ* (W m^−1^ K^[−1]^) | 121,110 | 43.2% | 2.54 | 2.00 | 1.98 | 0.28 to 13."
196,"121,110",121110,GENERATED,table 2: t2_kappa_n,,3.2.3 Final dataset,"29,514 | 959 to 1.66 × 10^6^ | | *κ* (W m^−1^ K^−1^) | [121,110] | 43.2% | 2.54 | 2.00 | 1.98 | 0.28 to 13.78 | | zT |"
196,43.2%,43.2,GENERATED,table 2: t2_kappa_cov,,3.2.3 Final dataset,"59 to 1.66 × 10^6^ | | *κ* (W m^−1^ K^−1^) | 121,110 | [43.2%] | 2.54 | 2.00 | 1.98 | 0.28 to 13.78 | | zT | 129,419"
196,2.54,2.54,GENERATED,table 2: t2_kappa_mean,,3.2.3 Final dataset,"66 × 10^6^ | | *κ* (W m^−1^ K^−1^) | 121,110 | 43.2% | [2.54] | 2.00 | 1.98 | 0.28 to 13.78 | | zT | 129,419 | 46.2%"
196,2.00,2,GENERATED,table 2: t2_kappa_median,,3.2.3 Final dataset,"^6^ | | *κ* (W m^−1^ K^−1^) | 121,110 | 43.2% | 2.54 | [2.00] | 1.98 | 0.28 to 13.78 | | zT | 129,419 | 46.2% | 0.42"
196,1.98,1.98,GENERATED,table 2: t2_kappa_sd,,3.2.3 Final dataset,"*κ* (W m^−1^ K^−1^) | 121,110 | 43.2% | 2.54 | 2.00 | [1.98] | 0.28 to 13.78 | | zT | 129,419 | 46.2% | 0.427 | 0.3"
196,0.28,0.28,GENERATED,table 2: t2_kappa_min,,3.2.3 Final dataset,"m^−1^ K^−1^) | 121,110 | 43.2% | 2.54 | 2.00 | 1.98 | [0.28] to 13.78 | | zT | 129,419 | 46.2% | 0.427 | 0.316 | 0."
196,13.78,13.78,GENERATED,table 2: t2_kappa_max,,3.2.3 Final dataset,"^−1^) | 121,110 | 43.2% | 2.54 | 2.00 | 1.98 | 0.28 to [13.78] | | zT | 129,419 | 46.2% | 0.427 | 0.316 | 0.388 | 0.0"
197,"129,419",129419,GENERATED,table 2: t2_zT_n,,3.2.3 Final dataset,"| 43.2% | 2.54 | 2.00 | 1.98 | 0.28 to 13.78 | | zT | [129,419] | 46.2% | 0.427 | 0.316 | 0.388 | 0.000 to 3.899 |"
197,46.2%,46.2,GENERATED,table 2: t2_zT_cov,,3.2.3 Final dataset,"2.54 | 2.00 | 1.98 | 0.28 to 13.78 | | zT | 129,419 | [46.2%] | 0.427 | 0.316 | 0.388 | 0.000 to 3.899 |"
197,0.427,0.427,GENERATED,table 2: t2_zT_mean,,3.2.3 Final dataset,"2.00 | 1.98 | 0.28 to 13.78 | | zT | 129,419 | 46.2% | [0.427] | 0.316 | 0.388 | 0.000 to 3.899 |"
197,0.316,0.316,GENERATED,table 2: t2_zT_median,,3.2.3 Final dataset,".98 | 0.28 to 13.78 | | zT | 129,419 | 46.2% | 0.427 | [0.316] | 0.388 | 0.000 to 3.899 | ![Fig"
197,0.388,0.388,GENERATED,table 2: t2_zT_sd,,3.2.3 Final dataset,"28 to 13.78 | | zT | 129,419 | 46.2% | 0.427 | 0.316 | [0.388] | 0.000 to 3.899 | ![Figure 6](."
197,0.000,0,GENERATED,table 2: t2_zT_min,,3.2.3 Final dataset,".78 | | zT | 129,419 | 46.2% | 0.427 | 0.316 | 0.388 | [0.000] to 3.899 | ![Figure 6](../figure"
197,3.899,3.899,GENERATED,table 2: t2_zT_max,,3.2.3 Final dataset,"T | 129,419 | 46.2% | 0.427 | 0.316 | 0.388 | 0.000 to [3.899] | ![Figure 6](../figures/fig6_pr"
200,6,6,EXCLUDED:XREF,,,,.388 | 0.000 to 3.899 | ![Figure [6]](../figures/fig6_property_distributions.png){width=100
200,100%,100,EXCLUDED:LINK,,,,e 6](../figures/fig6_property_distributions.png){width=[100%]} **Figure 6:** Distribution of thermoelectric propert
202,6,6,EXCLUDED:XREF,,,,fig6_property_distributions.png){width=100%} **Figure [6]:** Distribution of thermoelectric properties in the fi
202,"280,173",280173,GENERATED,n_featurized,,3.2.3 Final dataset,"properties in the final dataset ( [280,173] featurised rows): (a) Seebeck coefficient, (b"
204,3.3,3.3,EXCLUDED:SECTION,,,,(c) thermal conductivity and (d) figure of merit. ## [3.3] Feature engineering The first feature set was generat
206,22,22,CITED,ward2016_props,,3.3 Feature engineering,"er]: six statistics for each of [22] elemental properties, i.e. 1"
206,132,132,GENERATED,n_magpie,,3.3 Feature engineering,"2 elemental properties, i.e. [132] features computed from the chemical formula a"
206,264,264,GENERATED,n_cbfv,,3.3 Feature engineering,"ronegativity, heat of atomization); all [264] CBFV features were retained, without a correl"
206,132,132,GENERATED,n_magpie,,3.3 Feature engineering,"ded as a direct input feature, giving [132] + 264 + 1 ="
206,264,264,GENERATED,n_cbfv,,3.3 Feature engineering,giving 132 + [264] + 1 = 397 descriptors
206,1,1,UNCLASSIFIED,,,3.3 Feature engineering,132 + 264 + [1] = 397 descriptors in total. A
206,397,397,GENERATED,n_feat,,3.3 Feature engineering,+ 264 + 1 = [397] descriptors in total. All results use the fu
208,397,397,GENERATED,n_feat,,3.3 Feature engineering,ors in total. All results use the full [397] -feature set; no explicit feature selection is
208,133,133,GENERATED,n_magpie_t,,3.3 Feature engineering,criptors to MAGPIE and temperature ( [133] features) lowers the chemistry-cluster R^2^ b
208,2,2,EXCLUDED:NOTATION,,,,"133 features) lowers the chemistry-cluster R^[2]^ by only 0.006 for S,"
208,0.006,0.006,GENERATED,abl_delta_S,,3.3 Feature engineering,"the chemistry-cluster R^2^ by only [0.006] for S, 0.010"
208,0.010,0.01,GENERATED,abl_delta_sigma,,3.3 Feature engineering,"0.006 for S, [0.010] for *σ*, 0.006"
208,0.006,0.006,GENERATED,abl_delta_kappa,,3.3 Feature engineering,"0.010 for *σ*, [0.006] for *κ* and 0.005"
208,0.005,0.005,GENERATED,abl_delta_zT,,3.3 Feature engineering,"0.006 for *κ* and [0.005] for zT, and the CBFV block alone reaches"
208,0.744,0.744,GENERATED,abl_zT_cbfv,,3.3 Feature engineering,", and the CBFV block alone reaches [0.744] for zT against 0.746"
208,0.746,0.746,GENERATED,chem_zT,,3.3 Feature engineering,0.744 for zT against [0.746] for the full set.
212,3.4,3.4,EXCLUDED:SECTION,,,,## [3.4] Model development XGBoost [@chen2016xgboost] was sele
214,4.1,4.1,EXCLUDED:XREF,,,,[@breiman2001random] and a stacking ensemble (Section [4.1].3): under chemistry-cluster CV XGBoost scored highest
214,0.007,0.007,GENERATED,a2_maxgap,,3.4 Model development,"hest on every target, but by at most [0.007] in R^2^ [[PENDING: NA2: stacking]]. XGBoost w"
214,2,2,EXCLUDED:NOTATION,,,,", but by at most 0.007 in R^[2]^ [[PENDING: NA2: stacking]]. XGBoost was preferred for"
214,43.2,43.2,GENERATED,cov_kappa,,3.4 Model development,"missing features (*κ* is present in [43.2] % of the featurised rows), feature subsampling"
214,−1,1,EXCLUDED:NOTATION,,,,"eature scaling. Four models were trained for S (*µ*V K^[−1]^), log~10~*σ*, log~10~*κ* and zT; the logarithmic tran"
214,10,10,EXCLUDED:NOTATION,,,,"ling. Four models were trained for S (*µ*V K^−1^), log~[10]~*σ*, log~10~*κ* and zT; the logarithmic transformation"
214,10,10,EXCLUDED:NOTATION,,,,"odels were trained for S (*µ*V K^−1^), log~10~*σ*, log~[10]~*κ* and zT; the logarithmic transformation was applied"
214,2,2,EXCLUDED:NOTATION,,,,"use they span several orders of magnitude, and every R^[2]^ is computed in the space the target was trained in."
216,20,20,GENERATED,optuna_trials,,3.4 Model development,"t target, by an Optuna search of [20] trials scored by R^2^ under"
216,2,2,EXCLUDED:NOTATION,,,,f 20 trials scored by R^[2]^ under 3 -fold chemistry-c
216,3,3,GENERATED,inner_folds,,3.4 Model development,"trials scored by R^2^ under [3] -fold chemistry-cluster cross-validation, then"
216,4,4,EXCLUDED:XREF,,,,itions reflect the condition and not the tuning (Table [4]); the frozen values differ between targets. Because th
216,2,2,EXCLUDED:NOTATION,,,,"on rows that were also used for tuning, the grouped R^[2]^ values may be optimistic [@cawley2010overfitting; @va"
216,20,20,GENERATED,optuna_trials,,3.4 Model development,"ery outer training fold (a fresh [20] -trial search on the outer training rows only,"
216,0.006,0.006,GENERATED,n1_S,,3.4 Model development,committed value minus the nested one is +[0.006] for S (chemistry-cluster bootstrap interval
216,0.004,0.004,GENERATED,n1_S_lo,,3.4 Model development,"(chemistry-cluster bootstrap interval +[0.004] to +0.009 ),"
216,0.009,0.009,GENERATED,n1_S_hi,,3.4 Model development,"al +0.004 to +[0.009] ), +0.006 for *σ* ("
216,0.006,0.006,GENERATED,n1_sigma,,3.4 Model development,"to +0.009 ), +[0.006] for *σ* ( +0.004"
216,0.004,0.004,GENERATED,n1_sigma_lo,,3.4 Model development,"+0.006 for *σ* ( +[0.004] to +0.008 ),"
216,0.008,0.008,GENERATED,n1_sigma_hi,,3.4 Model development,"+0.004 to +[0.008] ), +0.002 for *κ* ("
216,0.002,0.002,GENERATED,n1_kappa,,3.4 Model development,"+0.008 ), +[0.002] for *κ* ( +0.000"
216,0.000,0,GENERATED,n1_kappa_lo,,3.4 Model development,+0.002 for *κ* ( +[0.000] to +0.004 ) and
216,0.004,0.004,GENERATED,n1_kappa_hi,,3.4 Model development,+0.000 to +[0.004] ) and −0.001 for zT (
216,−0.001,0.001,GENERATED,n1_zT,,3.4 Model development,+0.004 ) and [−0.001] for zT ( −0.004 to
216,−0.004,0.004,GENERATED,n1_zT_lo,,3.4 Model development,"−0.001 for zT ( [−0.004] to +0.002 , no measu"
216,0.002,0.002,GENERATED,n1_zT_hi,,3.4 Model development,"( −0.004 to +[0.002] , no measurable optimism): the grouped values"
216,0.006,0.006,GENERATED,n1_max,,3.4 Model development,"ed here are optimistic by at most about [0.006] R^2^, an order of magnitude below the gap bet"
216,2,2,EXCLUDED:NOTATION,,,,"istic by at most about 0.006 R^[2]^, an order of magnitude below the gap between random a"
218,4.1,4.1,EXCLUDED:XREF,,,,om and grouped validation. Comparison models (Section [4.1].3). LightGBM [@ke2017lightgbm] is tuned exactly as XGB
218,20,20,GENERATED,optuna_trials,,3.4 Model development,"bm] is tuned exactly as XGBoost ( [20] Optuna trials, 3"
218,3,3,GENERATED,inner_folds,,3.4 Model development,"20 Optuna trials, [3] -fold chemistry-cluster CV on all rows of the"
218,500,500,DESIGN,rf_trees,,3.4 Model development,"et al. [@probst2019hyperparameters] ( [500] trees, a third of the features per split, a m"
218,5,5,DESIGN,rf_leaf,,3.4 Model development,"ures per split, a minimum node size of [5] , no depth limit, bootstrap sampling), because"
218,10.7,10.7,GENERATED,rf_hours,,3.4 Model development,ilable compute: the first session ran [10.7] h and completed 15
218,15,15,GENERATED,rf_trials_done,,3.4 Model development,"10.7 h and completed [15] trials for S, 12"
218,12,12,GENERATED,rf_complete,,3.4 Model development,"15 trials for S, [12] scored and 3 prune"
218,3,3,GENERATED,rf_pruned,,3.4 Model development,"12 scored and [3] pruned, before it was stopped, and the design"
218,2,2,EXCLUDED:NOTATION,,,,random-forest test-fold result existed. The inner-CV R^[2]^ of the scored S trials ranged from 0.3
218,0.306,0.306,GENERATED,rf_min,,3.4 Model development,R^2^ of the scored S trials ranged from [0.306] to 0.739 (no trial ex
218,0.739,0.739,GENERATED,rf_max,,3.4 Model development,d from 0.306 to [0.739] (no trial excluded); the one trial with trees
218,3,3,GENERATED,rf_shallow_depth,,3.4 Model development,one trial with trees of depth [3] was clearly worse ( 0.306
218,0.306,0.306,GENERATED,rf_shallow,,3.4 Model development,"3 was clearly worse ( [0.306] ), and the 11 trial"
218,11,11,GENERATED,rf_n_deep,,3.4 Model development,"0.306 ), and the [11] trials with trees of depth"
218,15,15,DESIGN,rf_deep_ge,,3.4 Model development,"trials with trees of depth [15] or more, the region the fixed setting also oc"
218,0.725,0.725,GENERATED,rf_deep_min,,3.4 Model development,"setting also occupies, ranged from [0.725] to 0.739 , a spre"
218,0.739,0.739,GENERATED,rf_deep_max,,3.4 Model development,"0.725 to [0.739] , a spread of 0.014"
218,0.014,0.014,GENERATED,rf_deep_range,,3.4 Model development,"0.739 , a spread of [0.014] , against 0.797 for"
218,0.797,0.797,GENERATED,xgb_inner,,3.4 Model development,"0.014 , against [0.797] for the frozen XGBoost model on the same obje"
221,4,4,EXCLUDED:XREF,,,,insensitive to tuning. **Table [4]:** XGBoost hyperparameters: the four frozen sets (each
221,20,20,GENERATED,table 4: optuna_trials,,3.4 Model development,"sets (each tuned once on all rows of its target, by a [20]-trial Optuna search scored with 3-fold chemistry-clust"
221,3,3,GENERATED,table 4: inner_folds,,3.4 Model development,"of its target, by a 20-trial Optuna search scored with [3]-fold chemistry-cluster cross-validation) and the searc"
225,500,500,GENERATED,table 4: t4_S_n_estimators,,3.4 Model development,-----|-----------|------------------| | n_estimators | [500] | 550 | 350 | 500 | 100–600 | | max_depth | 10 | 10 |
225,550,550,GENERATED,table 4: t4_sigma_n_estimators,,3.4 Model development,-----------|------------------| | n_estimators | 500 | [550] | 350 | 500 | 100–600 | | max_depth | 10 | 10 | 9 | 9
225,350,350,GENERATED,table 4: t4_kappa_n_estimators,,3.4 Model development,-----|------------------| | n_estimators | 500 | 550 | [350] | 500 | 100–600 | | max_depth | 10 | 10 | 9 | 9 | 3–10
225,500,500,GENERATED,table 4: t4_zT_n_estimators,,3.4 Model development,------------------| | n_estimators | 500 | 550 | 350 | [500] | 100–600 | | max_depth | 10 | 10 | 9 | 9 | 3–10 | | l
225,100,100,GENERATED,table 4: t4_range_n_estimators,,3.4 Model development,------------| | n_estimators | 500 | 550 | 350 | 500 | [100]–600 | | max_depth | 10 | 10 | 9 | 9 | 3–10 | | learnin
225,600,600,GENERATED,table 4: t4_range_n_estimators,,3.4 Model development,--------| | n_estimators | 500 | 550 | 350 | 500 | 100–[600] | | max_depth | 10 | 10 | 9 | 9 | 3–10 | | learning_ra
226,10,10,GENERATED,table 4: t4_S_max_depth,,3.4 Model development,tors | 500 | 550 | 350 | 500 | 100–600 | | max_depth | [10] | 10 | 9 | 9 | 3–10 | | learning_rate | 0.03183 | 0.02
226,10,10,GENERATED,table 4: t4_sigma_max_depth,,3.4 Model development,| 500 | 550 | 350 | 500 | 100–600 | | max_depth | 10 | [10] | 9 | 9 | 3–10 | | learning_rate | 0.03183 | 0.02669 |
226,9,9,GENERATED,table 4: t4_kappa_max_depth,,3.4 Model development,| 550 | 350 | 500 | 100–600 | | max_depth | 10 | 10 | [9] | 9 | 3–10 | | learning_rate | 0.03183 | 0.02669 | 0.0
226,9,9,GENERATED,table 4: t4_zT_max_depth,,3.4 Model development,50 | 350 | 500 | 100–600 | | max_depth | 10 | 10 | 9 | [9] | 3–10 | | learning_rate | 0.03183 | 0.02669 | 0.05742
226,3,3,GENERATED,table 4: t4_range_max_depth,,3.4 Model development,350 | 500 | 100–600 | | max_depth | 10 | 10 | 9 | 9 | [3]–10 | | learning_rate | 0.03183 | 0.02669 | 0.05742 | 0
226,10,10,GENERATED,table 4: t4_range_max_depth,,3.4 Model development,50 | 500 | 100–600 | | max_depth | 10 | 10 | 9 | 9 | 3–[10] | | learning_rate | 0.03183 | 0.02669 | 0.05742 | 0.02
227,0.03183,0.03183,GENERATED,table 4: t4_S_learning_rate,,3.4 Model development,max_depth | 10 | 10 | 9 | 9 | 3–10 | | learning_rate | [0.03183] | 0.02669 | 0.05742 | 0.02188 | 0.01–0.3 | | subsample
227,0.02669,0.02669,GENERATED,table 4: t4_sigma_learning_rate,,3.4 Model development,| 10 | 10 | 9 | 9 | 3–10 | | learning_rate | 0.03183 | [0.02669] | 0.05742 | 0.02188 | 0.01–0.3 | | subsample | 0.8969
227,0.05742,0.05742,GENERATED,table 4: t4_kappa_learning_rate,,3.4 Model development,| 9 | 9 | 3–10 | | learning_rate | 0.03183 | 0.02669 | [0.05742] | 0.02188 | 0.01–0.3 | | subsample | 0.8969 | 0.8676 |
227,0.02188,0.02188,GENERATED,table 4: t4_zT_learning_rate,,3.4 Model development,3–10 | | learning_rate | 0.03183 | 0.02669 | 0.05742 | [0.02188] | 0.01–0.3 | | subsample | 0.8969 | 0.8676 | 0.9052 |
227,0.01,0.01,GENERATED,table 4: t4_range_learning_rate,,3.4 Model development,earning_rate | 0.03183 | 0.02669 | 0.05742 | 0.02188 | [0.01]–0.3 | | subsample | 0.8969 | 0.8676 | 0.9052 | 0.6804
227,0.3,0.3,GENERATED,table 4: t4_range_learning_rate,,3.4 Model development,ng_rate | 0.03183 | 0.02669 | 0.05742 | 0.02188 | 0.01–[0.3] | | subsample | 0.8969 | 0.8676 | 0.9052 | 0.6804 | 0.
228,0.8969,0.8969,GENERATED,table 4: t4_S_subsample,,3.4 Model development,0.02669 | 0.05742 | 0.02188 | 0.01–0.3 | | subsample | [0.8969] | 0.8676 | 0.9052 | 0.6804 | 0.5–1.0 | | colsample_byt
228,0.8676,0.8676,GENERATED,table 4: t4_sigma_subsample,,3.4 Model development,0.05742 | 0.02188 | 0.01–0.3 | | subsample | 0.8969 | [0.8676] | 0.9052 | 0.6804 | 0.5–1.0 | | colsample_bytree | 0.5
228,0.9052,0.9052,GENERATED,table 4: t4_kappa_subsample,,3.4 Model development,| 0.02188 | 0.01–0.3 | | subsample | 0.8969 | 0.8676 | [0.9052] | 0.6804 | 0.5–1.0 | | colsample_bytree | 0.5062 | 0.5
228,0.6804,0.6804,GENERATED,table 4: t4_zT_subsample,,3.4 Model development,| 0.01–0.3 | | subsample | 0.8969 | 0.8676 | 0.9052 | [0.6804] | 0.5–1.0 | | colsample_bytree | 0.5062 | 0.5167 | 0.7
228,0.5,0.5,GENERATED,table 4: t4_range_subsample,,3.4 Model development,.3 | | subsample | 0.8969 | 0.8676 | 0.9052 | 0.6804 | [0.5]–1.0 | | colsample_bytree | 0.5062 | 0.5167 | 0.7082 |
228,1.0,1,GENERATED,table 4: t4_range_subsample,,3.4 Model development,| subsample | 0.8969 | 0.8676 | 0.9052 | 0.6804 | 0.5–[1.0] | | colsample_bytree | 0.5062 | 0.5167 | 0.7082 | 0.69
229,0.5062,0.5062,GENERATED,table 4: t4_S_colsample_bytree,,3.4 Model development,676 | 0.9052 | 0.6804 | 0.5–1.0 | | colsample_bytree | [0.5062] | 0.5167 | 0.7082 | 0.6984 | 0.5–1.0 | | min_child_wei
229,0.5167,0.5167,GENERATED,table 4: t4_sigma_colsample_bytree,,3.4 Model development,052 | 0.6804 | 0.5–1.0 | | colsample_bytree | 0.5062 | [0.5167] | 0.7082 | 0.6984 | 0.5–1.0 | | min_child_weight | 4 |
229,0.7082,0.7082,GENERATED,table 4: t4_kappa_colsample_bytree,,3.4 Model development,804 | 0.5–1.0 | | colsample_bytree | 0.5062 | 0.5167 | [0.7082] | 0.6984 | 0.5–1.0 | | min_child_weight | 4 | 4 | 6 |
229,0.6984,0.6984,GENERATED,table 4: t4_zT_colsample_bytree,,3.4 Model development,–1.0 | | colsample_bytree | 0.5062 | 0.5167 | 0.7082 | [0.6984] | 0.5–1.0 | | min_child_weight | 4 | 4 | 6 | 4 | 1–10
229,0.5,0.5,GENERATED,table 4: t4_range_colsample_bytree,,3.4 Model development,colsample_bytree | 0.5062 | 0.5167 | 0.7082 | 0.6984 | [0.5]–1.0 | | min_child_weight | 4 | 4 | 6 | 4 | 1–10 | | re
229,1.0,1,GENERATED,table 4: t4_range_colsample_bytree,,3.4 Model development,ample_bytree | 0.5062 | 0.5167 | 0.7082 | 0.6984 | 0.5–[1.0] | | min_child_weight | 4 | 4 | 6 | 4 | 1–10 | | reg_la
230,4,4,GENERATED,table 4: t4_S_min_child_weight,,3.4 Model development,167 | 0.7082 | 0.6984 | 0.5–1.0 | | min_child_weight | [4] | 4 | 6 | 4 | 1–10 | | reg_lambda | 0.6494 | 0.8074 |
230,4,4,GENERATED,table 4: t4_sigma_min_child_weight,,3.4 Model development,| 0.7082 | 0.6984 | 0.5–1.0 | | min_child_weight | 4 | [4] | 6 | 4 | 1–10 | | reg_lambda | 0.6494 | 0.8074 | 0.05
230,6,6,GENERATED,table 4: t4_kappa_min_child_weight,,3.4 Model development,7082 | 0.6984 | 0.5–1.0 | | min_child_weight | 4 | 4 | [6] | 4 | 1–10 | | reg_lambda | 0.6494 | 0.8074 | 0.05444
230,4,4,GENERATED,table 4: t4_zT_min_child_weight,,3.4 Model development,| 0.6984 | 0.5–1.0 | | min_child_weight | 4 | 4 | 6 | [4] | 1–10 | | reg_lambda | 0.6494 | 0.8074 | 0.05444 | 1.
230,1,1,GENERATED,table 4: t4_range_min_child_weight,,3.4 Model development,.6984 | 0.5–1.0 | | min_child_weight | 4 | 4 | 6 | 4 | [1]–10 | | reg_lambda | 0.6494 | 0.8074 | 0.05444 | 1.713
230,10,10,GENERATED,table 4: t4_range_min_child_weight,,3.4 Model development,984 | 0.5–1.0 | | min_child_weight | 4 | 4 | 6 | 4 | 1–[10] | | reg_lambda | 0.6494 | 0.8074 | 0.05444 | 1.713 | 1
231,0.6494,0.6494,GENERATED,table 4: t4_S_reg_lambda,,3.4 Model development,n_child_weight | 4 | 4 | 6 | 4 | 1–10 | | reg_lambda | [0.6494] | 0.8074 | 0.05444 | 1.713 | 1e-3–10.0 | | reg_alpha |
231,0.8074,0.8074,GENERATED,table 4: t4_sigma_reg_lambda,,3.4 Model development,eight | 4 | 4 | 6 | 4 | 1–10 | | reg_lambda | 0.6494 | [0.8074] | 0.05444 | 1.713 | 1e-3–10.0 | | reg_alpha | 8.793 |
231,0.05444,0.05444,GENERATED,table 4: t4_kappa_reg_lambda,,3.4 Model development,| 4 | 6 | 4 | 1–10 | | reg_lambda | 0.6494 | 0.8074 | [0.05444] | 1.713 | 1e-3–10.0 | | reg_alpha | 8.793 | 6.548 | 3.
231,1.713,1.713,GENERATED,table 4: t4_zT_reg_lambda,,3.4 Model development,4 | 1–10 | | reg_lambda | 0.6494 | 0.8074 | 0.05444 | [1.713] | 1e-3–10.0 | | reg_alpha | 8.793 | 6.548 | 3.351 | 0.
231,10.0,10,GENERATED,table 4: t4_range_reg_lambda,,3.4 Model development,reg_lambda | 0.6494 | 0.8074 | 0.05444 | 1.713 | 1e-3–[10.0] | | reg_alpha | 8.793 | 6.548 | 3.351 | 0.05033 | 1e-3
232,8.793,8.793,GENERATED,table 4: t4_S_reg_alpha,,3.4 Model development,| 0.8074 | 0.05444 | 1.713 | 1e-3–10.0 | | reg_alpha | [8.793] | 6.548 | 3.351 | 0.05033 | 1e-3–10.0 |
232,6.548,6.548,GENERATED,table 4: t4_sigma_reg_alpha,,3.4 Model development,| 0.05444 | 1.713 | 1e-3–10.0 | | reg_alpha | 8.793 | [6.548] | 3.351 | 0.05033 | 1e-3–10.0 |
232,3.351,3.351,GENERATED,table 4: t4_kappa_reg_alpha,,3.4 Model development,44 | 1.713 | 1e-3–10.0 | | reg_alpha | 8.793 | 6.548 | [3.351] | 0.05033 | 1e-3–10.0 | The Seeb
232,0.05033,0.05033,GENERATED,table 4: t4_zT_reg_alpha,,3.4 Model development,13 | 1e-3–10.0 | | reg_alpha | 8.793 | 6.548 | 3.351 | [0.05033] | 1e-3–10.0 | The Seebeck regres
232,10.0,10,GENERATED,table 4: t4_range_reg_alpha,,3.4 Model development,| | reg_alpha | 8.793 | 6.548 | 3.351 | 0.05033 | 1e-3–[10.0] | The Seebeck regressor is train
235,397,397,GENERATED,n_feat,,3.4 Model development,"ifier was therefore trained on the same [397] features to predict carrier type (p vs n), wi"
235,"185,056",185056,GENERATED,cl_n,,3.4 Model development,"e measured S is exactly zero are dropped; [185,056] rows, 55.6 % p-type"
235,55.6,55.6,GENERATED,cl_pshare,,3.4 Model development,"185,056 rows, [55.6] % p-type); its inputs are the same composition"
235,0.949,0.949,GENERATED,cl_sign_clf,,3.4 Model development,"above zero. It does: sign accuracy [0.949] against 0.941 , a"
235,0.941,0.941,GENERATED,cl_sign_reg,,3.4 Model development,"0.949 against [0.941] , a difference of 0.008"
235,0.008,0.008,GENERATED,cl_sign_diff,,3.4 Model development,"0.941 , a difference of [0.008] (interval 0.004"
235,0.004,0.004,GENERATED,cl_sign_diff_lo,,3.4 Model development,0.008 (interval [0.004] -- 0.012 ). The
235,0.012,0.012,GENERATED,cl_sign_diff_hi,,3.4 Model development,0.004 -- [0.012] ). The gain is small and comes mostly from row
235,20,20,DESIGN,signcmp_small_s,,3.4 Model development,"ws whose measured |S| is below [20] *µ*V K^−1^ ( 7,307"
235,−1,1,EXCLUDED:NOTATION,,,,"S| is below 20 *µ*V K^[−1]^ ( 7,307 rows, differe"
235,"7,307",7307,GENERATED,cl_sign_small_n,,3.4 Model development,"20 *µ*V K^−1^ ( [7,307] rows, difference 0"
235,0.058,0.058,GENERATED,cl_sign_small_diff,,3.4 Model development,"7 rows, difference [0.058] , against 0.006"
235,0.006,0.006,GENERATED,cl_sign_big_diff,,3.4 Model development,"0.058 , against [0.006] for the others). During screening, when the c"
237,3.5,3.5,EXCLUDED:SECTION,,,,"on the sign, the classifier's prediction is used. ## [3.5] Validation strategy Chemistry-cluster grouped cross-v"
239,5,5,UNCLASSIFIED,,,3.5 Validation strategy,"ssigned to a chemistry cluster: elements present below [5] atomic percent are treated as dopants and removed, rem"
239,5%,5,UNCLASSIFIED,,,3.5 Validation strategy,"eated as dopants and removed, remaining amounts within [5%] of an integer are snapped to that integer, and the for"
239,0.97,0.97,EXCLUDED:NOTATION,,,,oped material therefore groups with its parent ((PbTe)~[0.97]~(SrTe)~0.02~(Na~2~Te)~0.01~ and Pb~0.97~Te both group
239,0.02,0.02,EXCLUDED:NOTATION,,,,"l therefore groups with its parent ((PbTe)~0.97~(SrTe)~[0.02]~(Na~2~Te)~0.01~ and Pb~0.97~Te both group with PbTe, w"
239,2,2,EXCLUDED:NOTATION,,,,"re groups with its parent ((PbTe)~0.97~(SrTe)~0.02~(Na~[2]~Te)~0.01~ and Pb~0.97~Te both group with PbTe, while B"
239,0.01,0.01,EXCLUDED:NOTATION,,,,"ups with its parent ((PbTe)~0.97~(SrTe)~0.02~(Na~2~Te)~[0.01]~ and Pb~0.97~Te both group with PbTe, while Bi~2~Te~2."
239,0.97,0.97,EXCLUDED:NOTATION,,,,"parent ((PbTe)~0.97~(SrTe)~0.02~(Na~2~Te)~0.01~ and Pb~[0.97]~Te both group with PbTe, while Bi~2~Te~2.7~Se~0.3~, wh"
239,2,2,EXCLUDED:NOTATION,,,,"e)~0.01~ and Pb~0.97~Te both group with PbTe, while Bi~[2]~Te~2.7~Se~0.3~, where selenium occupies 6.0 atomic per"
239,2.7,2.7,EXCLUDED:NOTATION,,,,"01~ and Pb~0.97~Te both group with PbTe, while Bi~2~Te~[2.7]~Se~0.3~, where selenium occupies 6.0 atomic percent an"
239,0.3,0.3,EXCLUDED:NOTATION,,,,"Pb~0.97~Te both group with PbTe, while Bi~2~Te~2.7~Se~[0.3]~, where selenium occupies 6.0 atomic percent and is an"
239,6.0,6,UNCLASSIFIED,,,3.5 Validation strategy,"Te, while Bi~2~Te~2.7~Se~0.3~, where selenium occupies [6.0] atomic percent and is an alloy component, does not gro"
239,2,2,EXCLUDED:NOTATION,,,,"cent and is an alloy component, does not group with Bi~[2]~Te~3~). The snapshot contains 8,908"
239,3,3,EXCLUDED:NOTATION,,,,"and is an alloy component, does not group with Bi~2~Te~[3]~). The snapshot contains 8,908"
239,"8,908",8908,GENERATED,n_clusters,,3.5 Validation strategy,"Bi~2~Te~3~). The snapshot contains [8,908] chemistry clusters, against"
239,"3,909",3909,GENERATED,n_parent,,3.5 Validation strategy,"chemistry clusters, against [3,909] parent chemical systems; the two groupings cr"
239,5,5,GENERATED,repeats,,3.5 Validation strategy,t clusters randomised between repeats: [5] repeats of 5 -fol
239,5,5,GENERATED,outer_folds,,3.5 Validation strategy,5 repeats of [5] -fold CV [@roberts2017cross]. To quantify infl
239,20,20,GENERATED,rand_draws,,3.5 Validation strategy,", hyperparameters and features: (i) [20] independent random 80/20 draws, pooled; (ii)"
239,80,80,UNCLASSIFIED,,,3.5 Validation strategy,"(i) 20 independent random [80]/20 draws, pooled; (ii) 5-fold and (iii) 10-fold CV, al"
239,20,20,UNCLASSIFIED,,,3.5 Validation strategy,") 20 independent random 80/[20] draws, pooled; (ii) 5-fold and (iii) 10-fold CV, all p"
239,5,5,UNCLASSIFIED,,,3.5 Validation strategy,"independent random 80/20 draws, pooled; (ii) [5]-fold and (iii) 10-fold CV, all partitioning data at ro"
239,10,10,UNCLASSIFIED,,,3.5 Validation strategy,"dent random 80/20 draws, pooled; (ii) 5-fold and (iii) [10]-fold CV, all partitioning data at row level; (iv) comp"
239,2,2,EXCLUDED:NOTATION,,,,allowing related compounds of the same family (e.g. Bi~[2]~Te~3~ and Bi~0.5~Sb~1.5~Te~3~) on opposite sides of th
239,3,3,EXCLUDED:NOTATION,,,,ing related compounds of the same family (e.g. Bi~2~Te~[3]~ and Bi~0.5~Sb~1.5~Te~3~) on opposite sides of the spl
239,0.5,0.5,EXCLUDED:NOTATION,,,,d compounds of the same family (e.g. Bi~2~Te~3~ and Bi~[0.5]~Sb~1.5~Te~3~) on opposite sides of the split; and (v)
239,1.5,1.5,EXCLUDED:NOTATION,,,,unds of the same family (e.g. Bi~2~Te~3~ and Bi~0.5~Sb~[1.5]~Te~3~) on opposite sides of the split; and (v) chemist
239,3,3,EXCLUDED:NOTATION,,,,the same family (e.g. Bi~2~Te~3~ and Bi~0.5~Sb~1.5~Te~[3]~) on opposite sides of the split; and (v) chemistry-cl
241,2,2,EXCLUDED:MATH,,,,"ent of determination and the mean absolute error, $R^{[2]} = 1 - \frac{\sum_{i}^{}\left( y_{i} - {y\hat{}}_{i} \"
241,1,1,EXCLUDED:MATH,,,,"f determination and the mean absolute error, $R^{2} = [1] - \frac{\sum_{i}^{}\left( y_{i} - {y\hat{}}_{i} \right"
241,2,2,EXCLUDED:MATH,,,,"\frac{\sum_{i}^{}\left( y_{i} - {y\hat{}}_{i} \right)^{[2]}}{\sum_{i}^{}\left( y_{i} - y\bar{} \right)^{2}},\quad"
241,2,2,EXCLUDED:MATH,,,,"right)^{2}}{\sum_{i}^{}\left( y_{i} - y\bar{} \right)^{[2]}},\quad\quad MAE = \frac{1}{n}\sum_{i}^{}{|y_{i} - {y\"
241,1,1,EXCLUDED:MATH,,,,"t( y_{i} - y\bar{} \right)^{2}},\quad\quad MAE = \frac{[1]}{n}\sum_{i}^{}{|y_{i} - {y\hat{}}_{i}|}$ (7) and the"
241,7,7,EXCLUDED:EQNUM,,,,AE = \frac{1}{n}\sum_{i}^{}{|y_{i} - {y\hat{}}_{i}|}$ ([7]) and the validation inflation was defined as $\Delta
245,2,2,EXCLUDED:MATH,,,,nd the validation inflation was defined as $\Delta R^{[2]} = R_{random}^{2} - R_{cluster}^{2}$ (8) For external
245,2,2,EXCLUDED:MATH,,,,"inflation was defined as $\Delta R^{2} = R_{random}^{[2]} - R_{cluster}^{2}$ (8) For external validation, the"
245,2,2,EXCLUDED:MATH,,,,"ined as $\Delta R^{2} = R_{random}^{2} - R_{cluster}^{[2]}$ (8) For external validation, the models were refit"
245,8,8,EXCLUDED:EQNUM,,,,"as $\Delta R^{2} = R_{random}^{2} - R_{cluster}^{2}$ ([8]) For external validation, the models were refit on 10"
247,100%,100,UNCLASSIFIED,,,3.5 Validation strategy,"(8) For external validation, the models were refit on [100%] of the training data with their frozen hyperparameters"
247,300,300,GENERATED,t_min,,3.5 Validation strategy,"TM [@na2022public]. After restricting to [300] -- 800 K, ESTM has"
247,800,800,GENERATED,t_max,,3.5 Validation strategy,"stricting to 300 -- [800] K, ESTM has 4,539"
247,"4,539",4539,GENERATED,estm_scope,,3.5 Validation strategy,"800 K, ESTM has [4,539] rows. ESTM and Starrydata2 are both digitised"
247,69,69,GENERATED,estm_dois,,3.5 Validation strategy,literature and share source papers: [69] ESTM source publications also appear in the t
247,"1,416",1416,GENERATED,estm_a_drop,,3.5 Validation strategy,"ays that are never pooled: (a) the [1,416] rows sharing a source DOI with the training d"
247,"3,123",3123,GENERATED,estm_a_n,,3.5 Validation strategy,"he training data are removed, leaving [3,123] , which tests measurement transfer; (b) the"
247,"3,091",3091,GENERATED,estm_b_drop,,3.5 Validation strategy,"ests measurement transfer; (b) the [3,091] rows whose chemistry cluster appears in the t"
247,"1,448",1448,GENERATED,estm_b_n,,3.5 Validation strategy,"he training data are removed, leaving [1,448] , which tests chemistry transfer. Because ESTM"
247,"2,709",2709,GENERATED,estm_a_insup_n,,3.5 Validation strategy,"of S, *σ*, *κ* and temperature ( [2,709] of 3,123 rows in (a"
247,"3,123",3123,GENERATED,estm_a_n,,3.5 Validation strategy,"2,709 of [3,123] rows in (a), 1,196"
247,"1,196",1196,GENERATED,estm_b_insup_n,,3.5 Validation strategy,"3,123 rows in (a), [1,196] of 1,448 in (b)). B"
247,"1,448",1448,GENERATED,estm_b_n,,3.5 Validation strategy,"1,196 of [1,448] in (b)). Back-transformation of the log-space"
247,"4,539",4539,GENERATED,estm_scope,,3.5 Validation strategy,"label is used for calibration. The [4,539] rows cover 853"
247,853,853,GENERATED,na9_formulas,,3.5 Validation strategy,"4,539 rows cover [853] distinct formulas, of which"
247,343,343,GENERATED,na9_seen,,3.5 Validation strategy,"distinct formulas, of which [343] also occur in the training data ("
247,300,300,GENERATED,na9_clusters_seen,,3.5 Validation strategy,occur in the training data ( [300] of the 528 chem
247,528,528,GENERATED,na9_clusters,,3.5 Validation strategy,300 of the [528] chemistry clusters occur in it). As a cross-d
247,"23,218",23218,GENERATED,jv_both,,3.5 Validation strategy,"dft_3d dataset [@choudhary2020joint]: [23,218] of its 93,902 entri"
247,"93,902",93902,GENERATED,jv_total,,3.5 Validation strategy,"23,218 of its [93,902] entries carry a Seebeck coefficient for both"
247,600,600,CITED,jarvis_temp,,3.5 Validation strategy,"d p-type doping, each tabulated at [600] K and a doping of 10^20"
247,10^20^,10^20,CITED,jarvis_doping,,3.5 Validation strategy,"600 K and a doping of [10^20^] cm^−3^, calculated from the DFT band structur"
247,−3,3,EXCLUDED:NOTATION,,,,"d a doping of 10^20^ cm^[−3]^, calculated from the DFT band structure with BoltzTra"
247,"13,123",13123,GENERATED,jv_same,,3.5 Validation strategy,"ng), a JARVIS sign exists only for the [13,123] entries whose n-type and p-type values have t"
247,20,20,DESIGN,jarvis_min_ref,,3.5 Validation strategy,"and p-type values, is at least [20] *µ*V K^−1^ ( 3,885 e"
247,−1,1,EXCLUDED:NOTATION,,,,"is at least 20 *µ*V K^[−1]^ ( 3,885 entries), and the ra"
247,"3,885",3885,GENERATED,jv_ref_n,,3.5 Validation strategy,"20 *µ*V K^−1^ ( [3,885] entries), and the rank correlation (Spearman)"
247,0.05,0.05,DESIGN,jarvis_gap_metal,,3.5 Validation strategy,s with an optb88vdw gap below [0.05] eV are treated as metals or semimetals and th
249,3.6,3.6,EXCLUDED:SECTION,,,,y divided by an unknown relaxation time and no zT. ## [3.6] Virtual screening The Materials Project API [@jain201
251,0.05,0.05,DESIGN,scr_ehull,,3.6 Virtual screening,ergy above the convex hull E~hull~ ≤ [0.05] eV atom^−1^ (lower values indicate greater th
251,−1,1,EXCLUDED:NOTATION,,,,hull E~hull~ ≤ 0.05 eV atom^[−1]^ (lower values indicate greater thermodynamic stabilit
251,0.1,0.1,DESIGN,scr_gap_lo,,3.6 Virtual screening,"ility) and a PBE band-gap window of [0.1] to 3 eV, then fil"
251,3,3,DESIGN,scr_gap_hi,,3.6 Virtual screening,"0.1 to [3] eV, then filtered for lead and for radioactiv"
251,3,3,EXCLUDED:NOTATION,,,,"active, unstable and toxic elements and reduced to ABX~[3]~ candidates. Perovskite-type structure is decided by a"
251,6,6,EXCLUDED:NOTATION,,,,"est (six-fold B--X coordination with corner-sharing BX~[6]~ octahedra), not by space group alone, because the sam"
251,3,3,EXCLUDED:NOTATION,,,,group is shared by perovskites and non-perovskite ABX~[3]~ structures (for example the needle-like chain structu
251,3,3,EXCLUDED:NOTATION,,,,r example the needle-like chain structure of *α*-SrZrS~[3]~ and the GdFeO~3~-type perovskite *β*-SrZrS~3~ are bot
251,3,3,EXCLUDED:NOTATION,,,,dle-like chain structure of *α*-SrZrS~3~ and the GdFeO~[3]~-type perovskite *β*-SrZrS~3~ are both *Pnma* [@sopiha
251,3,3,EXCLUDED:NOTATION,,,,α*-SrZrS~3~ and the GdFeO~3~-type perovskite *β*-SrZrS~[3]~ are both *Pnma* [@sopiha2021chalcogenide]). Materials
251,1.5,1.5,DESIGN,scr_factor,,3.6 Virtual screening,criteria are widened by a factor of [1.5] and the stability limit is raised to
251,0.1,0.1,DESIGN,scr_ehull_sens,,3.6 Virtual screening,he stability limit is raised to [0.1] eV atom^−1^ are reported alongside the counts
251,−1,1,EXCLUDED:NOTATION,,,,raised to 0.1 eV atom^[−1]^ are reported alongside the counts. The filters are ap
251,3,3,EXCLUDED:NOTATION,,,,"ow, exclusion of lead and of radioactive elements, ABX~[3]~ stoichiometry (anti-perovskites, with the anion on th"
251,0.6,0.6,DESIGN,scr_gap_cap,,3.6 Virtual screening,"vity test, a final band-gap cap of [0.6] eV, and exclusion of Tl, Hg, Cd, As and Be; t"
251,4.5,4.5,EXCLUDED:XREF,,,,"Be; the counts after each filter are given in Section [4.5]. The stability limit, the gap window and the cap are c"
253,300,300,UNCLASSIFIED,,,3.6 Virtual screening,"ed and the four models predict S, *σ*, *κ* and zT from [300] to 800 K in 100 K steps; the carrier-type classifier a"
253,800,800,UNCLASSIFIED,,,3.6 Virtual screening,"the four models predict S, *σ*, *κ* and zT from 300 to [800] K in 100 K steps; the carrier-type classifier assigns"
253,100,100,UNCLASSIFIED,,,3.6 Virtual screening,"models predict S, *σ*, *κ* and zT from 300 to 800 K in [100] K steps; the carrier-type classifier assigns the sign"
253,3.4,3.4,EXCLUDED:XREF,,,,carrier-type classifier assigns the sign of S (Section [3.4]). Each candidate is flagged by whether its chemistry c
253,4.1,4.1,EXCLUDED:XREF,,,,ss reliable outside the training chemistries (Sections [4.1] and 4.2). The screening is framed as hypothesis genera
253,4.2,4.2,EXCLUDED:XREF,,,,ble outside the training chemistries (Sections 4.1 and [4.2]). The screening is framed as hypothesis generation: th
253,2,2,EXCLUDED:NOTATION,,,,"accurate under chemistry-cluster CV than the derived S^[2]^*σ*T/*κ* route (Section 4.4), but the ordering is a wa"
253,4.4,4.4,EXCLUDED:XREF,,,,"luster CV than the derived S^2^*σ*T/*κ* route (Section [4.4]), but the ordering is a way of listing hypotheses, and"
253,4,4,GENERATED,sl_n,,3.6 Virtual screening,"hemistry cluster is in the training data ( [4] candidates), ordered by their maximum predict"
255,3.7,3.7,EXCLUDED:SECTION,,,,s of their target with the frozen hyperparameters. ## [3.7] Model explainability SHAP TreeExplainer [@lundberg201
257,"20,000",20000,GENERATED,shap_rows,,3.7 Model explainability,"model on a fixed random subsample of [20,000] rows of each of the 25"
257,25,25,GENERATED,shap_folds,,3.7 Model explainability,"20,000 rows of each of the [25] chemistry-cluster test folds (five repeats of"
257,15,15,DESIGN,shap_top_n,,3.7 Model explainability,er feature) are created for the top [15] features per target; the beeswarm plots use a
257,"1,000",1000,GENERATED,bs_per_fold,,3.7 Model explainability,"folds and frozen hyperparameters): [1,000] seeded test rows per fold, 5,"
257,"5,000",5000,GENERATED,bs_rows,,3.7 Model explainability,"00 seeded test rows per fold, [5,000] per model, and show the"
257,10,10,DESIGN,beeswarm_top_n,,3.7 Model explainability,"per model, and show the [10] features with the largest mean \|SHAP\| among"
259,4,4,EXCLUDED:SECTION,,,,ul relationships rather than spurious correlations. # [4] Results and discussion ## 4.1 Model performance ###
261,4.1,4.1,EXCLUDED:SECTION,,,,spurious correlations. # 4 Results and discussion ## [4.1] Model performance ### 4.1.1 Chemistry-cluster cross-v
263,4.1,4.1,EXCLUDED:SECTION,,,,Results and discussion ## 4.1 Model performance ### [4.1].1 Chemistry-cluster cross-validation Table 5 presents
265,5,5,EXCLUDED:XREF,,,,e ### 4.1.1 Chemistry-cluster cross-validation Table [5] presents the chemistry-cluster results. R^2^ was highe
265,2,2,EXCLUDED:NOTATION,,,,ion Table 5 presents the chemistry-cluster results. R^[2]^ was highest for *κ* ( 0.809
265,0.809,0.809,GENERATED,chem_kappa,,4.1.1 Chemistry-cluster cross-validation,"results. R^2^ was highest for *κ* ( [0.809] ), followed by S ( 0.753"
265,0.753,0.753,GENERATED,chem_S,,4.1.1 Chemistry-cluster cross-validation,"0.809 ), followed by S ( [0.753] ), zT ( 0.746 ) and *σ*"
265,0.746,0.746,GENERATED,chem_zT,,4.1.1 Chemistry-cluster cross-validation,"S ( 0.753 ), zT ( [0.746] ) and *σ* ( 0.702 )."
265,0.702,0.702,GENERATED,chem_sigma,,4.1.1 Chemistry-cluster cross-validation,0.746 ) and *σ* ( [0.702] ). This ordering is consistent with the intrin
265,7,7,EXCLUDED:XREF,,,,is conditions rather than by the nominal formula. Fig. [7] shows predicted versus measured values (first repeat):
265,0.74,0.74,GENERATED,na8_slope_S,,4.1.1 Chemistry-cluster cross-validation,"e mean, with calibration slopes of [0.74] (S), 0.68 (*"
265,0.68,0.68,GENERATED,na8_slope_sigma,,4.1.1 Chemistry-cluster cross-validation,"0.74 (S), [0.68] (*σ*), 0.80"
265,0.80,0.8,GENERATED,na8_slope_kappa,,4.1.1 Chemistry-cluster cross-validation,"0.68 (*σ*), [0.80] (*κ*) and 0.73"
265,0.73,0.73,GENERATED,na8_slope_zT,,4.1.1 Chemistry-cluster cross-validation,"0.80 (*κ*) and [0.73] (zT), and the top 5% of zT rows (mean measure"
265,5%,5,UNCLASSIFIED,,,4.1.1 Chemistry-cluster cross-validation,"d 0.73 (zT), and the top [5%] of zT rows (mean measured zT 1"
265,1.48,1.48,GENERATED,na8_zt_top_true,,4.1.1 Chemistry-cluster cross-validation,% of zT rows (mean measured zT [1.48] ) are predicted at 1.1
265,1.15,1.15,GENERATED,na8_zt_top_pred,,4.1.1 Chemistry-cluster cross-validation,".48 ) are predicted at [1.15] on average, consistent with high-performance"
268,5,5,EXCLUDED:XREF,,,,in the training data. **Table [5]:** Chemistry-cluster grouped cross-validation results
268,5,5,GENERATED,table 5: repeats,,4.1.1 Chemistry-cluster cross-validation,** Chemistry-cluster grouped cross-validation results ([5] repeats of 5-fold CV; R^2^ is the mean ± standard devi
268,5,5,GENERATED,table 5: outer_folds,,4.1.1 Chemistry-cluster cross-validation,cluster grouped cross-validation results (5 repeats of [5]-fold CV; R^2^ is the mean ± standard deviation across
268,2,2,EXCLUDED:NOTATION,,,,ed cross-validation results (5 repeats of 5-fold CV; R^[2]^ is the mean ± standard deviation across repeats of th
268,−1,1,EXCLUDED:NOTATION,,,,evel SD is over all folds). MAE and RMSE are in *µ*V K^[−1]^ for S and in log~10~ units for *σ* and *κ*. | **Targ
268,10,10,EXCLUDED:NOTATION,,,,olds). MAE and RMSE are in *µ*V K^−1^ for S and in log~[10]~ units for *σ* and *κ*. | **Target** | **R^2^** | **F
270,2,2,EXCLUDED:NOTATION,,,,in log~10~ units for *σ* and *κ*. | **Target** | **R^[2]^** | **Fold-level SD** | **MAE** | **RMSE** | **Rows**
272,0.753,0.753,GENERATED,table 5: chem_S,,4.1.1 Chemistry-cluster cross-validation,"---------|-------|-------|----------|----------| | S | [0.753] ± 0.005 | 0.032 | 51.5 | 87.9 | 185,064 | 397 | | log~"
272,0.005,0.005,GENERATED,table 5: chem_sd_S,,4.1.1 Chemistry-cluster cross-validation,"-|-------|-------|----------|----------| | S | 0.753 ± [0.005] | 0.032 | 51.5 | 87.9 | 185,064 | 397 | | log~10~*σ* |"
272,0.032,0.032,GENERATED,table 5: foldsd_S,,4.1.1 Chemistry-cluster cross-validation,"-|-------|----------|----------| | S | 0.753 ± 0.005 | [0.032] | 51.5 | 87.9 | 185,064 | 397 | | log~10~*σ* | 0.702 ±"
272,51.5,51.5,GENERATED,table 5: mae_S,,4.1.1 Chemistry-cluster cross-validation,"-|----------|----------| | S | 0.753 ± 0.005 | 0.032 | [51.5] | 87.9 | 185,064 | 397 | | log~10~*σ* | 0.702 ± 0.002"
272,87.9,87.9,GENERATED,table 5: rmse_S,,4.1.1 Chemistry-cluster cross-validation,"-----|----------| | S | 0.753 ± 0.005 | 0.032 | 51.5 | [87.9] | 185,064 | 397 | | log~10~*σ* | 0.702 ± 0.002 | 0.029"
272,"185,064",185064,GENERATED,table 5: n_S,,4.1.1 Chemistry-cluster cross-validation,"---------| | S | 0.753 ± 0.005 | 0.032 | 51.5 | 87.9 | [185,064] | 397 | | log~10~*σ* | 0.702 ± 0.002 | 0.029 | 0.230 |"
272,397,397,GENERATED,table 5: n_feat,,4.1.1 Chemistry-cluster cross-validation,"| S | 0.753 ± 0.005 | 0.032 | 51.5 | 87.9 | 185,064 | [397] | | log~10~*σ* | 0.702 ± 0.002 | 0.029 | 0.230 | 0.334"
273,10,10,EXCLUDED:NOTATION,,,,"± 0.005 | 0.032 | 51.5 | 87.9 | 185,064 | 397 | | log~[10]~*σ* | 0.702 ± 0.002 | 0.029 | 0.230 | 0.334 | 182,755"
273,0.702,0.702,GENERATED,table 5: chem_sigma,,4.1.1 Chemistry-cluster cross-validation,"| 0.032 | 51.5 | 87.9 | 185,064 | 397 | | log~10~*σ* | [0.702] ± 0.002 | 0.029 | 0.230 | 0.334 | 182,755 | 397 | | lo"
273,0.002,0.002,GENERATED,table 5: chem_sd_sigma,,4.1.1 Chemistry-cluster cross-validation,"| 51.5 | 87.9 | 185,064 | 397 | | log~10~*σ* | 0.702 ± [0.002] | 0.029 | 0.230 | 0.334 | 182,755 | 397 | | log~10~*κ*"
273,0.029,0.029,GENERATED,table 5: foldsd_sigma,,4.1.1 Chemistry-cluster cross-validation,"87.9 | 185,064 | 397 | | log~10~*σ* | 0.702 ± 0.002 | [0.029] | 0.230 | 0.334 | 182,755 | 397 | | log~10~*κ* | 0.809"
273,0.230,0.23,GENERATED,table 5: mae_sigma,,4.1.1 Chemistry-cluster cross-validation,"185,064 | 397 | | log~10~*σ* | 0.702 ± 0.002 | 0.029 | [0.230] | 0.334 | 182,755 | 397 | | log~10~*κ* | 0.809 ± 0.002"
273,0.334,0.334,GENERATED,table 5: rmse_sigma,,4.1.1 Chemistry-cluster cross-validation,"| 397 | | log~10~*σ* | 0.702 ± 0.002 | 0.029 | 0.230 | [0.334] | 182,755 | 397 | | log~10~*κ* | 0.809 ± 0.002 | 0.017"
273,"182,755",182755,GENERATED,table 5: n_sigma,,4.1.1 Chemistry-cluster cross-validation,"| log~10~*σ* | 0.702 ± 0.002 | 0.029 | 0.230 | 0.334 | [182,755] | 397 | | log~10~*κ* | 0.809 ± 0.002 | 0.017 | 0.097 |"
273,397,397,GENERATED,table 5: n_feat,,4.1.1 Chemistry-cluster cross-validation,"σ* | 0.702 ± 0.002 | 0.029 | 0.230 | 0.334 | 182,755 | [397] | | log~10~*κ* | 0.809 ± 0.002 | 0.017 | 0.097 | 0.140"
274,10,10,EXCLUDED:NOTATION,,,,"0.002 | 0.029 | 0.230 | 0.334 | 182,755 | 397 | | log~[10]~*κ* | 0.809 ± 0.002 | 0.017 | 0.097 | 0.140 | 121,110"
274,0.809,0.809,GENERATED,table 5: chem_kappa,,4.1.1 Chemistry-cluster cross-validation,"0.029 | 0.230 | 0.334 | 182,755 | 397 | | log~10~*κ* | [0.809] ± 0.002 | 0.017 | 0.097 | 0.140 | 121,110 | 397 | | zT"
274,0.002,0.002,GENERATED,table 5: chem_sd_kappa,,4.1.1 Chemistry-cluster cross-validation,"0.230 | 0.334 | 182,755 | 397 | | log~10~*κ* | 0.809 ± [0.002] | 0.017 | 0.097 | 0.140 | 121,110 | 397 | | zT | 0.746"
274,0.017,0.017,GENERATED,table 5: foldsd_kappa,,4.1.1 Chemistry-cluster cross-validation,"0.334 | 182,755 | 397 | | log~10~*κ* | 0.809 ± 0.002 | [0.017] | 0.097 | 0.140 | 121,110 | 397 | | zT | 0.746 ± 0.005"
274,0.097,0.097,GENERATED,table 5: mae_kappa,,4.1.1 Chemistry-cluster cross-validation,"182,755 | 397 | | log~10~*κ* | 0.809 ± 0.002 | 0.017 | [0.097] | 0.140 | 121,110 | 397 | | zT | 0.746 ± 0.005 | 0.042"
274,0.140,0.14,GENERATED,table 5: rmse_kappa,,4.1.1 Chemistry-cluster cross-validation,"| 397 | | log~10~*κ* | 0.809 ± 0.002 | 0.017 | 0.097 | [0.140] | 121,110 | 397 | | zT | 0.746 ± 0.005 | 0.042 | 0.126"
274,"121,110",121110,GENERATED,table 5: n_kappa,,4.1.1 Chemistry-cluster cross-validation,"| log~10~*κ* | 0.809 ± 0.002 | 0.017 | 0.097 | 0.140 | [121,110] | 397 | | zT | 0.746 ± 0.005 | 0.042 | 0.126 | 0.196 |"
274,397,397,GENERATED,table 5: n_feat,,4.1.1 Chemistry-cluster cross-validation,"κ* | 0.809 ± 0.002 | 0.017 | 0.097 | 0.140 | 121,110 | [397] | | zT | 0.746 ± 0.005 | 0.042 | 0.126 | 0.196 | 129,4"
275,0.746,0.746,GENERATED,table 5: chem_zT,,4.1.1 Chemistry-cluster cross-validation,"0.002 | 0.017 | 0.097 | 0.140 | 121,110 | 397 | | zT | [0.746] ± 0.005 | 0.042 | 0.126 | 0.196 | 129,419 | 397 |"
275,0.005,0.005,GENERATED,table 5: chem_sd_zT,,4.1.1 Chemistry-cluster cross-validation,"0.017 | 0.097 | 0.140 | 121,110 | 397 | | zT | 0.746 ± [0.005] | 0.042 | 0.126 | 0.196 | 129,419 | 397 |"
275,0.042,0.042,GENERATED,table 5: foldsd_zT,,4.1.1 Chemistry-cluster cross-validation,"0.097 | 0.140 | 121,110 | 397 | | zT | 0.746 ± 0.005 | [0.042] | 0.126 | 0.196 | 129,419 | 397 |"
275,0.126,0.126,GENERATED,table 5: mae_zT,,4.1.1 Chemistry-cluster cross-validation,"0.140 | 121,110 | 397 | | zT | 0.746 ± 0.005 | 0.042 | [0.126] | 0.196 | 129,419 | 397 | ![Figu"
275,0.196,0.196,GENERATED,table 5: rmse_zT,,4.1.1 Chemistry-cluster cross-validation,"121,110 | 397 | | zT | 0.746 ± 0.005 | 0.042 | 0.126 | [0.196] | 129,419 | 397 | ![Figure 7](.."
275,"129,419",129419,GENERATED,table 5: n_zT,,4.1.1 Chemistry-cluster cross-validation,"| 397 | | zT | 0.746 ± 0.005 | 0.042 | 0.126 | 0.196 | [129,419] | 397 | ![Figure 7](../figures/f"
275,397,397,GENERATED,table 5: n_feat,,4.1.1 Chemistry-cluster cross-validation,"zT | 0.746 ± 0.005 | 0.042 | 0.126 | 0.196 | 129,419 | [397] | ![Figure 7](../figures/fig7_pr"
278,7,7,EXCLUDED:XREF,,,,"0.196 | 129,419 | 397 | ![Figure [7]](../figures/fig7_predicted_vs_measured.png){width=100%"
278,100%,100,EXCLUDED:LINK,,,,re 7](../figures/fig7_predicted_vs_measured.png){width=[100%]} **Figure 7:** Predicted versus measured values under
280,7,7,EXCLUDED:XREF,,,,/fig7_predicted_vs_measured.png){width=100%} **Figure [7]:** Predicted versus measured values under chemistry-cl
282,4.1,4.1,EXCLUDED:SECTION,,,,ll. The dashed line indicates perfect prediction. ### [4.1].2 Validation method comparison Table 6 and Fig. 8 com
284,6,6,EXCLUDED:XREF,,,,iction. ### 4.1.2 Validation method comparison Table [6] and Fig. 8 compare the five validation methods. Random
284,8,8,EXCLUDED:XREF,,,,"# 4.1.2 Validation method comparison Table 6 and Fig. [8] compare the five validation methods. Random split, 5-f"
284,5,5,UNCLASSIFIED,,,4.1.2 Validation method comparison,". 8 compare the five validation methods. Random split, [5]-fold and 10-fold CV give practically identical R^2^ (m"
284,10,10,UNCLASSIFIED,,,4.1.2 Validation method comparison,"the five validation methods. Random split, 5-fold and [10]-fold CV give practically identical R^2^ (maximum diffe"
284,2,2,EXCLUDED:NOTATION,,,,"it, 5-fold and 10-fold CV give practically identical R^[2]^ (maximum difference 0.002"
284,0.002,0.002,GENERATED,spread_max,,4.1.2 Validation method comparison,"identical R^2^ (maximum difference [0.002] per target), showing that all three leak the"
284,2,2,EXCLUDED:NOTATION,,,,"position-level CV gives intermediate values (e.g. zT R^[2]^ = 0.818 ), and chemistry-clus"
284,0.818,0.818,GENERATED,comp_zT,,4.1.2 Validation method comparison,"es intermediate values (e.g. zT R^2^ = [0.818] ), and chemistry-cluster CV gives the lowest a"
284,0.918,0.918,GENERATED,rand_zT,,4.1.2 Validation method comparison,clear hierarchy for zT: random/K-fold ( [0.918] ) \> composition CV ( 0.818
284,0.818,0.818,GENERATED,comp_zT,,4.1.2 Validation method comparison,0.918 ) \> composition CV ( [0.818] ) \> chemistry-cluster CV ( 0.7
284,0.746,0.746,GENERATED,chem_zT,,4.1.2 Validation method comparison,818 ) \> chemistry-cluster CV ( [0.746] ). The inflation ∆R^2^ (Eq. (8)) ranges from +
284,2,2,EXCLUDED:NOTATION,,,,CV ( 0.746 ). The inflation ∆R^[2]^ (Eq. (8)) ranges from + 0.134
284,8,8,EXCLUDED:XREF,,,,0.746 ). The inflation ∆R^2^ (Eq. ([8])) ranges from + 0.134 for *κ* t
284,0.134,0.134,GENERATED,gap_lo,,4.1.2 Validation method comparison,inflation ∆R^2^ (Eq. (8)) ranges from + [0.134] for *κ* to + 0.213 for
284,0.213,0.213,GENERATED,gap_hi,,4.1.2 Validation method comparison,0.134 for *κ* to + [0.213] for *σ*; we attribute the differences between
287,6,6,EXCLUDED:XREF,,,,within a known family. **Table [6]:** R^2^ obtained with five validation methods (same mo
287,2,2,EXCLUDED:NOTATION,,,,"a known family. **Table 6:** R^[2]^ obtained with five validation methods (same model, fr"
287,397,397,GENERATED,table 6: n_feat,,4.1.2 Validation method comparison,"dation methods (same model, frozen hyperparameters and [397] features). Random 80/20 pools 20 independent draws; 5-"
287,80,80,UNCLASSIFIED,,table 6: caption or label typed in the generator,4.1.2 Validation method comparison,"odel, frozen hyperparameters and 397 features). Random [80]/20 pools 20 independent draws; 5-fold and 10-fold are"
287,20,20,UNCLASSIFIED,,table 6: caption or label typed in the generator,4.1.2 Validation method comparison,"l, frozen hyperparameters and 397 features). Random 80/[20] pools 20 independent draws; 5-fold and 10-fold are sin"
287,20,20,GENERATED,table 6: rand_draws,,4.1.2 Validation method comparison,hyperparameters and 397 features). Random 80/20 pools [20] independent draws; 5-fold and 10-fold are single parti
287,5,5,UNCLASSIFIED,,table 6: caption or label typed in the generator,4.1.2 Validation method comparison,97 features). Random 80/20 pools 20 independent draws; [5]-fold and 10-fold are single partitions; composition an
287,10,10,UNCLASSIFIED,,table 6: caption or label typed in the generator,4.1.2 Validation method comparison,). Random 80/20 pools 20 independent draws; 5-fold and [10]-fold are single partitions; composition and chemistry
287,5,5,GENERATED,table 6: repeats,,4.1.2 Validation method comparison,osition and chemistry cluster are the mean ± SD across [5] repeats. ∆R^2^ is random 80/20 minus chemistry cluster
287,2,2,EXCLUDED:NOTATION,,,,emistry cluster are the mean ± SD across 5 repeats. ∆R^[2]^ is random 80/20 minus chemistry cluster. | **Target*
287,80,80,UNCLASSIFIED,,table 6: caption or label typed in the generator,4.1.2 Validation method comparison,er are the mean ± SD across 5 repeats. ∆R^2^ is random [80]/20 minus chemistry cluster. | **Target** | **Random 8
287,20,20,UNCLASSIFIED,,table 6: caption or label typed in the generator,4.1.2 Validation method comparison,are the mean ± SD across 5 repeats. ∆R^2^ is random 80/[20] minus chemistry cluster. | **Target** | **Random 80/2
289,80,80,UNCLASSIFIED,,table 6: caption or label typed in the generator,4.1.2 Validation method comparison,0/20 minus chemistry cluster. | **Target** | **Random [80]/20** | **5-fold** | **10-fold** | **Composition** | **
289,20,20,UNCLASSIFIED,,table 6: caption or label typed in the generator,4.1.2 Validation method comparison,0 minus chemistry cluster. | **Target** | **Random 80/[20]** | **5-fold** | **10-fold** | **Composition** | **Che
289,5,5,UNCLASSIFIED,,table 6: caption or label typed in the generator,4.1.2 Validation method comparison,hemistry cluster. | **Target** | **Random 80/20** | **[5]-fold** | **10-fold** | **Composition** | **Chemistry c
289,10,10,UNCLASSIFIED,,table 6: caption or label typed in the generator,4.1.2 Validation method comparison,ter. | **Target** | **Random 80/20** | **5-fold** | **[10]-fold** | **Composition** | **Chemistry cluster** | **∆
289,2,2,EXCLUDED:NOTATION,,,,old** | **Composition** | **Chemistry cluster** | **∆R^[2]^** | |---------|----------|----------|----------|-----
291,0.958,0.958,GENERATED,table 6: rand_S,,4.1.2 Validation method comparison,--------|-------------|-------------|----------| | S | [0.958] | 0.958 | 0.960 | 0.832 ± 0.004 | 0.753 ± 0.005 | +0.2
291,0.958,0.958,GENERATED,table 6: k5_S,,4.1.2 Validation method comparison,|-------------|-------------|----------| | S | 0.958 | [0.958] | 0.960 | 0.832 ± 0.004 | 0.753 ± 0.005 | +0.205 | | *
291,0.960,0.96,GENERATED,table 6: k10_S,,4.1.2 Validation method comparison,------|-------------|----------| | S | 0.958 | 0.958 | [0.960] | 0.832 ± 0.004 | 0.753 ± 0.005 | +0.205 | | *σ* | 0.9
291,0.832,0.832,GENERATED,table 6: comp_S,,4.1.2 Validation method comparison,------------|----------| | S | 0.958 | 0.958 | 0.960 | [0.832] ± 0.004 | 0.753 ± 0.005 | +0.205 | | *σ* | 0.915 | 0.9
291,0.004,0.004,GENERATED,table 6: comp_sd_S,,4.1.2 Validation method comparison,----|----------| | S | 0.958 | 0.958 | 0.960 | 0.832 ± [0.004] | 0.753 ± 0.005 | +0.205 | | *σ* | 0.915 | 0.915 | 0.9
291,0.753,0.753,GENERATED,table 6: chem_S,,4.1.2 Validation method comparison,-------| | S | 0.958 | 0.958 | 0.960 | 0.832 ± 0.004 | [0.753] ± 0.005 | +0.205 | | *σ* | 0.915 | 0.915 | 0.917 | 0.7
291,0.005,0.005,GENERATED,table 6: chem_sd_S,,4.1.2 Validation method comparison,| S | 0.958 | 0.958 | 0.960 | 0.832 ± 0.004 | 0.753 ± [0.005] | +0.205 | | *σ* | 0.915 | 0.915 | 0.917 | 0.776 ± 0.0
291,0.205,0.205,GENERATED,table 6: gap_S,,4.1.2 Validation method comparison,958 | 0.958 | 0.960 | 0.832 ± 0.004 | 0.753 ± 0.005 | +[0.205] | | *σ* | 0.915 | 0.915 | 0.917 | 0.776 ± 0.002 | 0.70
292,0.915,0.915,GENERATED,table 6: rand_sigma,,4.1.2 Validation method comparison,960 | 0.832 ± 0.004 | 0.753 ± 0.005 | +0.205 | | *σ* | [0.915] | 0.915 | 0.917 | 0.776 ± 0.002 | 0.702 ± 0.002 | +0.2
292,0.915,0.915,GENERATED,table 6: k5_sigma,,4.1.2 Validation method comparison,832 ± 0.004 | 0.753 ± 0.005 | +0.205 | | *σ* | 0.915 | [0.915] | 0.917 | 0.776 ± 0.002 | 0.702 ± 0.002 | +0.213 | | *
292,0.917,0.917,GENERATED,table 6: k10_sigma,,4.1.2 Validation method comparison,004 | 0.753 ± 0.005 | +0.205 | | *σ* | 0.915 | 0.915 | [0.917] | 0.776 ± 0.002 | 0.702 ± 0.002 | +0.213 | | *κ* | 0.9
292,0.776,0.776,GENERATED,table 6: comp_sigma,,4.1.2 Validation method comparison,753 ± 0.005 | +0.205 | | *σ* | 0.915 | 0.915 | 0.917 | [0.776] ± 0.002 | 0.702 ± 0.002 | +0.213 | | *κ* | 0.943 | 0.9
292,0.002,0.002,GENERATED,table 6: comp_sd_sigma,,4.1.2 Validation method comparison,005 | +0.205 | | *σ* | 0.915 | 0.915 | 0.917 | 0.776 ± [0.002] | 0.702 ± 0.002 | +0.213 | | *κ* | 0.943 | 0.944 | 0.9
292,0.702,0.702,GENERATED,table 6: chem_sigma,,4.1.2 Validation method comparison,.205 | | *σ* | 0.915 | 0.915 | 0.917 | 0.776 ± 0.002 | [0.702] ± 0.002 | +0.213 | | *κ* | 0.943 | 0.944 | 0.946 | 0.8
292,0.002,0.002,GENERATED,table 6: chem_sd_sigma,,4.1.2 Validation method comparison,*σ* | 0.915 | 0.915 | 0.917 | 0.776 ± 0.002 | 0.702 ± [0.002] | +0.213 | | *κ* | 0.943 | 0.944 | 0.946 | 0.857 ± 0.0
292,0.213,0.213,GENERATED,table 6: gap_sigma,,4.1.2 Validation method comparison,915 | 0.915 | 0.917 | 0.776 ± 0.002 | 0.702 ± 0.002 | +[0.213] | | *κ* | 0.943 | 0.944 | 0.946 | 0.857 ± 0.001 | 0.80
293,0.943,0.943,GENERATED,table 6: rand_kappa,,4.1.2 Validation method comparison,917 | 0.776 ± 0.002 | 0.702 ± 0.002 | +0.213 | | *κ* | [0.943] | 0.944 | 0.946 | 0.857 ± 0.001 | 0.809 ± 0.002 | +0.1
293,0.944,0.944,GENERATED,table 6: k5_kappa,,4.1.2 Validation method comparison,776 ± 0.002 | 0.702 ± 0.002 | +0.213 | | *κ* | 0.943 | [0.944] | 0.946 | 0.857 ± 0.001 | 0.809 ± 0.002 | +0.134 | | z
293,0.946,0.946,GENERATED,table 6: k10_kappa,,4.1.2 Validation method comparison,002 | 0.702 ± 0.002 | +0.213 | | *κ* | 0.943 | 0.944 | [0.946] | 0.857 ± 0.001 | 0.809 ± 0.002 | +0.134 | | zT | 0.91
293,0.857,0.857,GENERATED,table 6: comp_kappa,,4.1.2 Validation method comparison,702 ± 0.002 | +0.213 | | *κ* | 0.943 | 0.944 | 0.946 | [0.857] ± 0.001 | 0.809 ± 0.002 | +0.134 | | zT | 0.918 | 0.91
293,0.001,0.001,GENERATED,table 6: comp_sd_kappa,,4.1.2 Validation method comparison,002 | +0.213 | | *κ* | 0.943 | 0.944 | 0.946 | 0.857 ± [0.001] | 0.809 ± 0.002 | +0.134 | | zT | 0.918 | 0.918 | 0.91
293,0.809,0.809,GENERATED,table 6: chem_kappa,,4.1.2 Validation method comparison,.213 | | *κ* | 0.943 | 0.944 | 0.946 | 0.857 ± 0.001 | [0.809] ± 0.002 | +0.134 | | zT | 0.918 | 0.918 | 0.919 | 0.81
293,0.002,0.002,GENERATED,table 6: chem_sd_kappa,,4.1.2 Validation method comparison,*κ* | 0.943 | 0.944 | 0.946 | 0.857 ± 0.001 | 0.809 ± [0.002] | +0.134 | | zT | 0.918 | 0.918 | 0.919 | 0.818 ± 0.00
293,0.134,0.134,GENERATED,table 6: gap_kappa,,4.1.2 Validation method comparison,943 | 0.944 | 0.946 | 0.857 ± 0.001 | 0.809 ± 0.002 | +[0.134] | | zT | 0.918 | 0.918 | 0.919 | 0.818 ± 0.001 | 0.746
294,0.918,0.918,GENERATED,table 6: rand_zT,,4.1.2 Validation method comparison,.946 | 0.857 ± 0.001 | 0.809 ± 0.002 | +0.134 | | zT | [0.918] | 0.918 | 0.919 | 0.818 ± 0.001 | 0.746 ± 0.005 | +0.1
294,0.918,0.918,GENERATED,table 6: k5_zT,,4.1.2 Validation method comparison,.857 ± 0.001 | 0.809 ± 0.002 | +0.134 | | zT | 0.918 | [0.918] | 0.919 | 0.818 ± 0.001 | 0.746 ± 0.005 | +0.172 |
294,0.919,0.919,GENERATED,table 6: k10_zT,,4.1.2 Validation method comparison,.001 | 0.809 ± 0.002 | +0.134 | | zT | 0.918 | 0.918 | [0.919] | 0.818 ± 0.001 | 0.746 ± 0.005 | +0.172 |
294,0.818,0.818,GENERATED,table 6: comp_zT,,4.1.2 Validation method comparison,.809 ± 0.002 | +0.134 | | zT | 0.918 | 0.918 | 0.919 | [0.818] ± 0.001 | 0.746 ± 0.005 | +0.172 |
294,0.001,0.001,GENERATED,table 6: comp_sd_zT,,4.1.2 Validation method comparison,.002 | +0.134 | | zT | 0.918 | 0.918 | 0.919 | 0.818 ± [0.001] | 0.746 ± 0.005 | +0.172 | ![Fig
294,0.746,0.746,GENERATED,table 6: chem_zT,,4.1.2 Validation method comparison,0.134 | | zT | 0.918 | 0.918 | 0.919 | 0.818 ± 0.001 | [0.746] ± 0.005 | +0.172 | ![Figure 8](.
294,0.005,0.005,GENERATED,table 6: chem_sd_zT,,4.1.2 Validation method comparison,| zT | 0.918 | 0.918 | 0.919 | 0.818 ± 0.001 | 0.746 ± [0.005] | +0.172 | ![Figure 8](../figure
294,0.172,0.172,GENERATED,table 6: gap_zT,,4.1.2 Validation method comparison,918 | 0.918 | 0.919 | 0.818 ± 0.001 | 0.746 ± 0.005 | +[0.172] | ![Figure 8](../figures/paper_a
297,8,8,EXCLUDED:XREF,,,,.746 ± 0.005 | +0.172 | ![Figure [8]](../figures/paper_a/fig2_validation_ladder.png){width=
297,100%,100,EXCLUDED:LINK,,,,](../figures/paper_a/fig2_validation_ladder.png){width=[100%]} **Figure 8:** Pooled R^2^ across the five validation
299,8,8,EXCLUDED:XREF,,,,er_a/fig2_validation_ladder.png){width=100%} **Figure [8]:** Pooled R^2^ across the five validation methods. Che
299,2,2,EXCLUDED:NOTATION,,,,dation_ladder.png){width=100%} **Figure 8:** Pooled R^[2]^ across the five validation methods. Chemistry-cluster
299,80,80,UNCLASSIFIED,,,4.1.2 Validation method comparison,cluster CV is the lowest for every target; ∆ is random [80]/20 minus chemistry cluster. Error bars are the standar
299,20,20,UNCLASSIFIED,,,4.1.2 Validation method comparison,ster CV is the lowest for every target; ∆ is random 80/[20] minus chemistry cluster. Error bars are the standard d
299,6,6,EXCLUDED:XREF,,,,"rror bars are the standard deviations defined in Table [6]. ### 4.1.3 Algorithm comparison LightGBM, random for"
301,4.1,4.1,EXCLUDED:SECTION,,,,"s are the standard deviations defined in Table 6. ### [4.1].3 Algorithm comparison LightGBM, random forest and a"
303,7,7,EXCLUDED:XREF,,,,"ompared with XGBoost under chemistry-cluster CV (Table [7]). XGBoost has the highest R^2^ on every target, but th"
303,2,2,EXCLUDED:NOTATION,,,,"mistry-cluster CV (Table 7). XGBoost has the highest R^[2]^ on every target, but the differences are small: Light"
303,0.002,0.002,GENERATED,a2_lgbm_dmin,,4.1.3 Algorithm comparison,s are small: LightGBM is lower by [0.002] to 0.007 and th
303,0.007,0.007,GENERATED,a2_lgbm_dmax,,4.1.3 Algorithm comparison,"0.002 to [0.007] and the random forest, run with one fixed set"
303,0.003,0.003,GENERATED,a2_rf_dmin,,4.1.3 Algorithm comparison,"one fixed setting and not tuned, by [0.003] to 0.005 (for *σ*"
303,0.005,0.005,GENERATED,a2_rf_dmax,,4.1.3 Algorithm comparison,"0.003 to [0.005] (for *σ*, *κ* and zT; S is pending); the chem"
303,4,4,GENERATED,a2_n_excl,,4.1.3 Algorithm comparison,of the difference excludes zero for [4] of the 7 availabl
303,7,7,GENERATED,a2_n_diffs,,4.1.3 Algorithm comparison,4 of the [7] available comparisons. The random forest was
303,3.3,3.3,EXCLUDED:XREF,,,,"of the learner, is the descriptor ablation of Section [3.3]: moving from MAGPIE alone to the full set raises R^2^"
303,2,2,EXCLUDED:NOTATION,,,,"3.3: moving from MAGPIE alone to the full set raises R^[2]^ by only 0.006 (S),"
303,0.006,0.006,GENERATED,abl_delta_S,,4.1.3 Algorithm comparison,"o the full set raises R^2^ by only [0.006] (S), 0.010 ("
303,0.010,0.01,GENERATED,abl_delta_sigma,,4.1.3 Algorithm comparison,"0.006 (S), [0.010] (*σ*), 0.006"
303,0.006,0.006,GENERATED,abl_delta_kappa,,4.1.3 Algorithm comparison,"0.010 (*σ*), [0.006] (*κ*) and 0.005"
303,0.005,0.005,GENERATED,abl_delta_zT,,4.1.3 Algorithm comparison,0.006 (*κ*) and [0.005] (zT). **Table 7:** Ch
306,7,7,EXCLUDED:XREF,,,,0.005 (zT). **Table [7]:** Chemistry-cluster CV R^2^ (mean ± SD over 5 repeats
306,2,2,EXCLUDED:NOTATION,,,,**Table 7:** Chemistry-cluster CV R^[2]^ (mean ± SD over 5 repeats of 5 grouped folds) of XGBo
306,5,5,GENERATED,table 7: n_repeats,,4.1.3 Algorithm comparison,"**Table 7:** Chemistry-cluster CV R^2^ (mean ± SD over [5] repeats of 5 grouped folds) of XGBoost, LightGBM and a"
306,5,5,GENERATED,table 7: n_folds,,4.1.3 Algorithm comparison,"Chemistry-cluster CV R^2^ (mean ± SD over 5 repeats of [5] grouped folds) of XGBoost, LightGBM and a random fores"
306,20,20,GENERATED,table 7: optuna_trials,,4.1.3 Algorithm comparison,"brackets. XGBoost and LightGBM are tuned with the same [20]-trial search; the random forest uses one fixed, litera"
306,3.4,3.4,EXCLUDED:XREF,,,,"ed, literature-based setting and is not tuned (Section [3.4]), which favours XGBoost. Stacking is pending. | **Mod"
310,0.753,0.753,GENERATED,table 7: a2_xgb_S,,4.1.3 Algorithm comparison,"-------|------------| | XGBoost (tuned once, frozen) | [0.753] ± 0.005 | 0.702 ± 0.002 | 0.809 ± 0.002 | 0.746 ± 0.00"
310,0.005,0.005,GENERATED,table 7: a2_xgb_S_sd,,4.1.3 Algorithm comparison,"------------| | XGBoost (tuned once, frozen) | 0.753 ± [0.005] | 0.702 ± 0.002 | 0.809 ± 0.002 | 0.746 ± 0.005 | | Li"
310,0.702,0.702,GENERATED,table 7: a2_xgb_sigma,,4.1.3 Algorithm comparison,"----| | XGBoost (tuned once, frozen) | 0.753 ± 0.005 | [0.702] ± 0.002 | 0.809 ± 0.002 | 0.746 ± 0.005 | | LightGBM ("
310,0.002,0.002,GENERATED,table 7: a2_xgb_sigma_sd,,4.1.3 Algorithm comparison,"XGBoost (tuned once, frozen) | 0.753 ± 0.005 | 0.702 ± [0.002] | 0.809 ± 0.002 | 0.746 ± 0.005 | | LightGBM (tuned, s"
310,0.809,0.809,GENERATED,table 7: a2_xgb_kappa,,4.1.3 Algorithm comparison,"(tuned once, frozen) | 0.753 ± 0.005 | 0.702 ± 0.002 | [0.809] ± 0.002 | 0.746 ± 0.005 | | LightGBM (tuned, same prot"
310,0.002,0.002,GENERATED,table 7: a2_xgb_kappa_sd,,4.1.3 Algorithm comparison,"nce, frozen) | 0.753 ± 0.005 | 0.702 ± 0.002 | 0.809 ± [0.002] | 0.746 ± 0.005 | | LightGBM (tuned, same protocol) |"
310,0.746,0.746,GENERATED,table 7: a2_xgb_zT,,4.1.3 Algorithm comparison,"zen) | 0.753 ± 0.005 | 0.702 ± 0.002 | 0.809 ± 0.002 | [0.746] ± 0.005 | | LightGBM (tuned, same protocol) | 0.746 ±"
310,0.005,0.005,GENERATED,table 7: a2_xgb_zT_sd,,4.1.3 Algorithm comparison,".753 ± 0.005 | 0.702 ± 0.002 | 0.809 ± 0.002 | 0.746 ± [0.005] | | LightGBM (tuned, same protocol) | 0.746 ± 0.006 (−"
311,0.746,0.746,GENERATED,table 7: a2_lgbm_S,,4.1.3 Algorithm comparison,"| 0.746 ± 0.005 | | LightGBM (tuned, same protocol) | [0.746] ± 0.006 (−0.007 [−0.011, −0.002]) | 0.696 ± 0.004 (−0."
311,0.006,0.006,GENERATED,table 7: a2_lgbm_S_sd,,4.1.3 Algorithm comparison,"± 0.005 | | LightGBM (tuned, same protocol) | 0.746 ± [0.006] (−0.007 [−0.011, −0.002]) | 0.696 ± 0.004 (−0.006 [−0."
311,−0.007,0.007,GENERATED,table 7: a2_lgbm_S_d,,4.1.3 Algorithm comparison,"5 | | LightGBM (tuned, same protocol) | 0.746 ± 0.006 ([−0.007] [−0.011, −0.002]) | 0.696 ± 0.004 (−0.006 [−0.008, −0."
311,−0.011,0.011,GENERATED,table 7: a2_lgbm_S_lo,,4.1.3 Algorithm comparison,"ghtGBM (tuned, same protocol) | 0.746 ± 0.006 (−0.007 [[−0.011], −0.002]) | 0.696 ± 0.004 (−0.006 [−0.008, −0.003]) |"
311,−0.002,0.002,GENERATED,table 7: a2_lgbm_S_hi,,4.1.3 Algorithm comparison,"tuned, same protocol) | 0.746 ± 0.006 (−0.007 [−0.011, [−0.002]]) | 0.696 ± 0.004 (−0.006 [−0.008, −0.003]) | 0.803 ±"
311,0.696,0.696,GENERATED,table 7: a2_lgbm_sigma,,4.1.3 Algorithm comparison,"protocol) | 0.746 ± 0.006 (−0.007 [−0.011, −0.002]) | [0.696] ± 0.004 (−0.006 [−0.008, −0.003]) | 0.803 ± 0.002 (−0."
311,0.004,0.004,GENERATED,table 7: a2_lgbm_sigma_sd,,4.1.3 Algorithm comparison,"l) | 0.746 ± 0.006 (−0.007 [−0.011, −0.002]) | 0.696 ± [0.004] (−0.006 [−0.008, −0.003]) | 0.803 ± 0.002 (−0.006 [−0."
311,−0.006,0.006,GENERATED,table 7: a2_lgbm_sigma_d,,4.1.3 Algorithm comparison,"746 ± 0.006 (−0.007 [−0.011, −0.002]) | 0.696 ± 0.004 ([−0.006] [−0.008, −0.003]) | 0.803 ± 0.002 (−0.006 [−0.009, −0."
311,−0.008,0.008,GENERATED,table 7: a2_lgbm_sigma_lo,,4.1.3 Algorithm comparison,"006 (−0.007 [−0.011, −0.002]) | 0.696 ± 0.004 (−0.006 [[−0.008], −0.003]) | 0.803 ± 0.002 (−0.006 [−0.009, −0.004]) |"
311,−0.003,0.003,GENERATED,table 7: a2_lgbm_sigma_hi,,4.1.3 Algorithm comparison,"007 [−0.011, −0.002]) | 0.696 ± 0.004 (−0.006 [−0.008, [−0.003]]) | 0.803 ± 0.002 (−0.006 [−0.009, −0.004]) | 0.743 ±"
311,0.803,0.803,GENERATED,table 7: a2_lgbm_kappa,,4.1.3 Algorithm comparison,", −0.002]) | 0.696 ± 0.004 (−0.006 [−0.008, −0.003]) | [0.803] ± 0.002 (−0.006 [−0.009, −0.004]) | 0.743 ± 0.004 (−0."
311,0.002,0.002,GENERATED,table 7: a2_lgbm_kappa_sd,,4.1.3 Algorithm comparison,"]) | 0.696 ± 0.004 (−0.006 [−0.008, −0.003]) | 0.803 ± [0.002] (−0.006 [−0.009, −0.004]) | 0.743 ± 0.004 (−0.002 [−0."
311,−0.006,0.006,GENERATED,table 7: a2_lgbm_kappa_d,,4.1.3 Algorithm comparison,"696 ± 0.004 (−0.006 [−0.008, −0.003]) | 0.803 ± 0.002 ([−0.006] [−0.009, −0.004]) | 0.743 ± 0.004 (−0.002 [−0.008, +0."
311,−0.009,0.009,GENERATED,table 7: a2_lgbm_kappa_lo,,4.1.3 Algorithm comparison,"004 (−0.006 [−0.008, −0.003]) | 0.803 ± 0.002 (−0.006 [[−0.009], −0.004]) | 0.743 ± 0.004 (−0.002 [−0.008, +0.003]) |"
311,−0.004,0.004,GENERATED,table 7: a2_lgbm_kappa_hi,,4.1.3 Algorithm comparison,"006 [−0.008, −0.003]) | 0.803 ± 0.002 (−0.006 [−0.009, [−0.004]]) | 0.743 ± 0.004 (−0.002 [−0.008, +0.003]) | | Random"
311,0.743,0.743,GENERATED,table 7: a2_lgbm_zT,,4.1.3 Algorithm comparison,", −0.003]) | 0.803 ± 0.002 (−0.006 [−0.009, −0.004]) | [0.743] ± 0.004 (−0.002 [−0.008, +0.003]) | | Random forest (o"
311,0.004,0.004,GENERATED,table 7: a2_lgbm_zT_sd,,4.1.3 Algorithm comparison,"]) | 0.803 ± 0.002 (−0.006 [−0.009, −0.004]) | 0.743 ± [0.004] (−0.002 [−0.008, +0.003]) | | Random forest (one fixed"
311,−0.002,0.002,GENERATED,table 7: a2_lgbm_zT_d,,4.1.3 Algorithm comparison,"803 ± 0.002 (−0.006 [−0.009, −0.004]) | 0.743 ± 0.004 ([−0.002] [−0.008, +0.003]) | | Random forest (one fixed setting"
311,−0.008,0.008,GENERATED,table 7: a2_lgbm_zT_lo,,4.1.3 Algorithm comparison,"002 (−0.006 [−0.009, −0.004]) | 0.743 ± 0.004 (−0.002 [[−0.008], +0.003]) | | Random forest (one fixed setting, not tu"
311,0.003,0.003,GENERATED,table 7: a2_lgbm_zT_hi,,4.1.3 Algorithm comparison,"06 [−0.009, −0.004]) | 0.743 ± 0.004 (−0.002 [−0.008, +[0.003]]) | | Random forest (one fixed setting, not tuned) | ["
312,0.697,0.697,GENERATED,table 7: a2_rf_sigma,,4.1.3 Algorithm comparison,", not tuned) | [[PENDING: NA2: random forest for S]] | [0.697] ± 0.003 (−0.005 [−0.009, −0.001]) | 0.805 ± 0.002 (−0."
312,0.003,0.003,GENERATED,table 7: a2_rf_sigma_sd,,4.1.3 Algorithm comparison,"ned) | [[PENDING: NA2: random forest for S]] | 0.697 ± [0.003] (−0.005 [−0.009, −0.001]) | 0.805 ± 0.002 (−0.004 [−0."
312,−0.005,0.005,GENERATED,table 7: a2_rf_sigma_d,,4.1.3 Algorithm comparison,"[[PENDING: NA2: random forest for S]] | 0.697 ± 0.003 ([−0.005] [−0.009, −0.001]) | 0.805 ± 0.002 (−0.004 [−0.008, +0."
312,−0.009,0.009,GENERATED,table 7: a2_rf_sigma_lo,,4.1.3 Algorithm comparison,"G: NA2: random forest for S]] | 0.697 ± 0.003 (−0.005 [[−0.009], −0.001]) | 0.805 ± 0.002 (−0.004 [−0.008, +0.001]) |"
312,−0.001,0.001,GENERATED,table 7: a2_rf_sigma_hi,,4.1.3 Algorithm comparison,"random forest for S]] | 0.697 ± 0.003 (−0.005 [−0.009, [−0.001]]) | 0.805 ± 0.002 (−0.004 [−0.008, +0.001]) | 0.742 ±"
312,0.805,0.805,GENERATED,table 7: a2_rf_kappa,,4.1.3 Algorithm comparison,"st for S]] | 0.697 ± 0.003 (−0.005 [−0.009, −0.001]) | [0.805] ± 0.002 (−0.004 [−0.008, +0.001]) | 0.742 ± 0.003 (−0."
312,0.002,0.002,GENERATED,table 7: a2_rf_kappa_sd,,4.1.3 Algorithm comparison,"]] | 0.697 ± 0.003 (−0.005 [−0.009, −0.001]) | 0.805 ± [0.002] (−0.004 [−0.008, +0.001]) | 0.742 ± 0.003 (−0.003 [−0."
312,−0.004,0.004,GENERATED,table 7: a2_rf_kappa_d,,4.1.3 Algorithm comparison,"697 ± 0.003 (−0.005 [−0.009, −0.001]) | 0.805 ± 0.002 ([−0.004] [−0.008, +0.001]) | 0.742 ± 0.003 (−0.003 [−0.009, +0."
312,−0.008,0.008,GENERATED,table 7: a2_rf_kappa_lo,,4.1.3 Algorithm comparison,"003 (−0.005 [−0.009, −0.001]) | 0.805 ± 0.002 (−0.004 [[−0.008], +0.001]) | 0.742 ± 0.003 (−0.003 [−0.009, +0.002]) |"
312,0.001,0.001,GENERATED,table 7: a2_rf_kappa_hi,,4.1.3 Algorithm comparison,"05 [−0.009, −0.001]) | 0.805 ± 0.002 (−0.004 [−0.008, +[0.001]]) | 0.742 ± 0.003 (−0.003 [−0.009, +0.002]) | | Stacki"
312,0.742,0.742,GENERATED,table 7: a2_rf_zT,,4.1.3 Algorithm comparison,", −0.001]) | 0.805 ± 0.002 (−0.004 [−0.008, +0.001]) | [0.742] ± 0.003 (−0.003 [−0.009, +0.002]) | | Stacking (XGBoos"
312,0.003,0.003,GENERATED,table 7: a2_rf_zT_sd,,4.1.3 Algorithm comparison,"]) | 0.805 ± 0.002 (−0.004 [−0.008, +0.001]) | 0.742 ± [0.003] (−0.003 [−0.009, +0.002]) | | Stacking (XGBoost + Ligh"
312,−0.003,0.003,GENERATED,table 7: a2_rf_zT_d,,4.1.3 Algorithm comparison,"805 ± 0.002 (−0.004 [−0.008, +0.001]) | 0.742 ± 0.003 ([−0.003] [−0.009, +0.002]) | | Stacking (XGBoost + LightGBM + r"
312,−0.009,0.009,GENERATED,table 7: a2_rf_zT_lo,,4.1.3 Algorithm comparison,"002 (−0.004 [−0.008, +0.001]) | 0.742 ± 0.003 (−0.003 [[−0.009], +0.002]) | | Stacking (XGBoost + LightGBM + random fo"
312,0.002,0.002,GENERATED,table 7: a2_rf_zT_hi,,4.1.3 Algorithm comparison,"04 [−0.008, +0.001]) | 0.742 ± 0.003 (−0.003 [−0.009, +[0.002]]) | | Stacking (XGBoost + LightGBM + random forest, ri"
316,4.1,4.1,EXCLUDED:SECTION,,,,[[PENDING: NA2: stacking]] | ### [4.1].4 Carrier-type classification Under chemistry-cluster
318,"185,056",185056,GENERATED,cl_n,,4.1.4 Carrier-type classification,"y-cluster CV the carrier-type classifier ( [185,056] rows, 7,810 clus"
318,"7,810",7810,GENERATED,cl_clusters,,4.1.4 Carrier-type classification,"185,056 rows, [7,810] clusters) reaches an accuracy of"
318,0.948,0.948,GENERATED,cl_acc,,4.1.4 Carrier-type classification,clusters) reaches an accuracy of [0.948] (cluster-bootstrap interval
318,0.939,0.939,GENERATED,cl_acc_lo,,4.1.4 Carrier-type classification,(cluster-bootstrap interval [0.939] -- 0.956 ) and a bala
318,0.956,0.956,GENERATED,cl_acc_hi,,4.1.4 Carrier-type classification,al 0.939 -- [0.956] ) and a balanced accuracy of 0
318,0.948,0.948,GENERATED,cl_bacc,,4.1.4 Carrier-type classification,6 ) and a balanced accuracy of [0.948] ; for the p class precision is
318,0.955,0.955,GENERATED,cl_prec_p,,4.1.4 Carrier-type classification,; for the p class precision is [0.955] ( 0.940 --
318,0.940,0.94,GENERATED,cl_prec_p_lo,,4.1.4 Carrier-type classification,0.955 ( [0.940] -- 0.966 ) and rec
318,0.966,0.966,GENERATED,cl_prec_p_hi,,4.1.4 Carrier-type classification,0.940 -- [0.966] ) and recall 0.951 (
318,0.951,0.951,GENERATED,cl_rec_p,,4.1.4 Carrier-type classification,0.966 ) and recall [0.951] ( 0.938 --
318,0.938,0.938,GENERATED,cl_rec_p_lo,,4.1.4 Carrier-type classification,"l 0.951 ( [0.938] -- 0.962 ), for the"
318,0.962,0.962,GENERATED,cl_rec_p_hi,,4.1.4 Carrier-type classification,"0.938 -- [0.962] ), for the n class 0.940"
318,0.940,0.94,GENERATED,cl_prec_n,,4.1.4 Carrier-type classification,"0.962 ), for the n class [0.940] ( 0.930 --"
318,0.930,0.93,GENERATED,cl_prec_n_lo,,4.1.4 Carrier-type classification,0.940 ( [0.930] -- 0.948 ) and
318,0.948,0.948,GENERATED,cl_prec_n_hi,,4.1.4 Carrier-type classification,0.930 -- [0.948] ) and 0.944 (
318,0.944,0.944,GENERATED,cl_rec_n,,4.1.4 Carrier-type classification,0.948 ) and [0.944] ( 0.934 --
318,0.934,0.934,GENERATED,cl_rec_n_lo,,4.1.4 Carrier-type classification,"d 0.944 ( [0.934] -- 0.954 ), and the"
318,0.954,0.954,GENERATED,cl_rec_n_hi,,4.1.4 Carrier-type classification,"0.934 -- [0.954] ), and the area under the ROC curve is"
318,0.987,0.987,GENERATED,cl_auc,,4.1.4 Carrier-type classification,"), and the area under the ROC curve is [0.987] ( 0.985 --"
318,0.985,0.985,GENERATED,cl_auc_lo,,4.1.4 Carrier-type classification,"ve is 0.987 ( [0.985] -- 0.990 , first repe"
318,0.990,0.99,GENERATED,cl_auc_hi,,4.1.4 Carrier-type classification,"( 0.985 -- [0.990] , first repeat only). Summed over the five rep"
318,"388,028",388028,GENERATED,cl_tn,,4.1.4 Carrier-type classification,"the five repeats the confusion matrix is [388,028] n-type rows correct and 22,832"
318,"22,832",22832,GENERATED,cl_fp,,4.1.4 Carrier-type classification,"388,028 n-type rows correct and [22,832] predicted p; 24,978 p-"
318,"24,978",24978,GENERATED,cl_fn,,4.1.4 Carrier-type classification,"22,832 predicted p; [24,978] p-type rows predicted n and 489"
318,"489,442",489442,GENERATED,cl_tp,,4.1.4 Carrier-type classification,"978 p-type rows predicted n and [489,442] correct. Accuracy is lower for the"
318,59,59,GENERATED,cl_single_n,,4.1.4 Carrier-type classification,correct. Accuracy is lower for the [59] rows of single-row clusters (
318,0.78,0.78,GENERATED,cl_single_acc,,4.1.4 Carrier-type classification,rows of single-row clusters ( [0.78] ) and for clusters of two to nine rows (
318,0.92,0.92,GENERATED,cl_small_acc,,4.1.4 Carrier-type classification,"for clusters of two to nine rows ( [0.92] ) than for larger ones. In the screening, the"
318,579,579,GENERATED,ov_all_k,,4.1.4 Carrier-type classification,"nged the sign of the regressor's S in [579] of the 2,454 candid"
318,"2,454",2454,GENERATED,ov_all_n,,4.1.4 Carrier-type classification,"579 of the [2,454] candidate-temperature predictions ("
318,24,24,GENERATED,ov_all_share,,4.1.4 Carrier-type classification,andidate-temperature predictions ( [24] %; 142 of the
318,142,142,GENERATED,ov_all_entries,,4.1.4 Carrier-type classification,24 %; [142] of the 409 cand
318,409,409,GENERATED,ov_all_cands,,4.1.4 Carrier-type classification,142 of the [409] candidates at one temperature or more) and in
318,16,16,GENERATED,ov_main_k,,4.1.4 Carrier-type classification,s at one temperature or more) and in [16] of the 180 (
318,180,180,GENERATED,ov_main_n,,4.1.4 Carrier-type classification,16 of the [180] ( 9 %;
318,9,9,GENERATED,ov_main_share,,4.1.4 Carrier-type classification,180 ( [9] %; 3 candidat
318,3,3,GENERATED,ov_main_entries,,4.1.4 Carrier-type classification,"9 %; [3] candidates) of the main list, none of the sho"
320,4.2,4.2,EXCLUDED:SECTION,,,,"ndidates) of the main list, none of the shortlist. ## [4.2] External validation The most stringent test is evalua"
322,"4,539",4539,GENERATED,estm_scope,,4.2 External validation,"ely independent dataset. ESTM data ( [4,539] rows within 300 --"
322,300,300,GENERATED,t_min,,4.2 External validation,"4,539 rows within [300] -- 800 K) were not used"
322,800,800,GENERATED,t_max,,4.2 External validation,rows within 300 -- [800] K) were not used in model development. Result
322,8,8,EXCLUDED:XREF,,,,in model development. Results are summarized in Table [8] and Fig. 9. External scores are lower than the interna
322,9,9,EXCLUDED:XREF,,,,evelopment. Results are summarized in Table 8 and Fig. [9]. External scores are lower than the internal chemistry
322,2,2,EXCLUDED:NOTATION,,,,stratum a). Thermal conductivity transfers best: its R^[2]^ is 0.618 in stratum (b)
322,0.618,0.618,GENERATED,estm_b_kappa,,4.2 External validation,ivity transfers best: its R^2^ is [0.618] in stratum (b) ( −0.
322,−0.191,0.191,GENERATED,estm_b_drop_kappa,,4.2 External validation,618 in stratum (b) ( [−0.191] from the internal value) and
322,0.689,0.689,GENERATED,estm_a_kappa,,4.2 External validation,from the internal value) and [0.689] in stratum (a) ( −0.
322,−0.120,0.12,GENERATED,estm_a_drop_kappa,,4.2 External validation,689 in stratum (a) ( [−0.120] ). For zT the R^2^ is 0.498
322,2,2,EXCLUDED:NOTATION,,,,−0.120 ). For zT the R^[2]^ is 0.498 in stratum (b) (
322,0.498,0.498,GENERATED,estm_b_zT,,4.2 External validation,−0.120 ). For zT the R^2^ is [0.498] in stratum (b) ( −0.247
322,−0.247,0.247,GENERATED,estm_b_drop_zT,,4.2 External validation,0.498 in stratum (b) ( [−0.247] ) and 0.662 in stra
322,0.662,0.662,GENERATED,estm_a_zT,,4.2 External validation,−0.247 ) and [0.662] in stratum (a) ( −0.084
322,−0.084,0.084,GENERATED,estm_a_drop_zT,,4.2 External validation,"0.662 in stratum (a) ( [−0.084] ), so zT retains genuine predictive power for"
322,−0.427,0.427,GENERATED,estm_b_drop_sigma,,4.2 External validation,largest decrease is for *σ* ( [−0.427] in stratum b; R^2^ = 0.2
322,2,2,EXCLUDED:NOTATION,,,,−0.427 in stratum b; R^[2]^ = 0.275 ): ESTM extends
322,0.275,0.275,GENERATED,estm_b_sigma,,4.2 External validation,427 in stratum b; R^2^ = [0.275] ): ESTM extends beyond the conductivity range
322,"1,196",1196,GENERATED,estm_b_insup_n,,4.2 External validation,"of S, *σ*, *κ* and temperature ( [1,196] of 1,448 rows;"
322,"1,448",1448,GENERATED,estm_b_n,,4.2 External validation,"1,196 of [1,448] rows; 17 % lie out"
322,17,17,GENERATED,estm_b_ood,,4.2 External validation,"1,448 rows; [17] % lie outside it) raises it to"
322,0.408,0.408,GENERATED,estm_b_insup_sigma,,4.2 External validation,"ie outside it) raises it to [0.408] , reinforcing the limitation of composition-on"
325,8,8,EXCLUDED:XREF,,,,"-dependent properties. **Table [8]:** ESTM external validation (R^2^). The 4,539 ESTM row"
325,2,2,EXCLUDED:NOTATION,,,,"**Table 8:** ESTM external validation (R^[2]^). The 4,539 ESTM rows within 300--800 K are scored in"
325,"4,539",4539,GENERATED,table 8: estm_scope,,4.2 External validation,"**Table 8:** ESTM external validation (R^2^). The [4,539] ESTM rows within 300--800 K are scored in two strata t"
325,300,300,UNCLASSIFIED,,table 8: caption or label typed in the generator,4.2 External validation,"external validation (R^2^). The 4,539 ESTM rows within [300]--800 K are scored in two strata that are never pooled:"
325,800,800,UNCLASSIFIED,,table 8: caption or label typed in the generator,4.2 External validation,"nal validation (R^2^). The 4,539 ESTM rows within 300--[800] K are scored in two strata that are never pooled: rows"
325,"3,123",3123,GENERATED,table 8: estm_a_n,,4.2 External validation,"s sharing no source DOI with the training data (a, n = [3,123]) and rows whose chemistry cluster is absent from train"
325,"1,448",1448,GENERATED,table 8: estm_b_n,,4.2 External validation,"hose chemistry cluster is absent from training (b, n = [1,448]). The in-support column restricts (b) to rows inside t"
325,"1,196",1196,GENERATED,table 8: estm_b_insup_n,,4.2 External validation,"the training range of S, *σ*, *κ* and temperature (n = [1,196]). The drop is stratum (b) minus the internal chemistry"
329,0.753,0.753,GENERATED,table 8: chem_S,,4.2 External validation,-----------|-------------|-----------|---------| | S | [0.753] | 0.566 | 0.354 | 0.512 | −0.399 | | *σ* | 0.702 | 0.3
329,0.566,0.566,GENERATED,table 8: estm_a_S,,4.2 External validation,---|-------------|-----------|---------| | S | 0.753 | [0.566] | 0.354 | 0.512 | −0.399 | | *σ* | 0.702 | 0.399 | 0.2
329,0.354,0.354,GENERATED,table 8: estm_b_S,,4.2 External validation,---------|-----------|---------| | S | 0.753 | 0.566 | [0.354] | 0.512 | −0.399 | | *σ* | 0.702 | 0.399 | 0.275 | 0.4
329,0.512,0.512,GENERATED,table 8: estm_b_insup_S,,4.2 External validation,-|-----------|---------| | S | 0.753 | 0.566 | 0.354 | [0.512] | −0.399 | | *σ* | 0.702 | 0.399 | 0.275 | 0.408 | −0.
329,−0.399,0.399,GENERATED,table 8: estm_b_drop_S,,4.2 External validation,-----|---------| | S | 0.753 | 0.566 | 0.354 | 0.512 | [−0.399] | | *σ* | 0.702 | 0.399 | 0.275 | 0.408 | −0.427 | | *
330,0.702,0.702,GENERATED,table 8: chem_sigma,,4.2 External validation,| S | 0.753 | 0.566 | 0.354 | 0.512 | −0.399 | | *σ* | [0.702] | 0.399 | 0.275 | 0.408 | −0.427 | | *κ* | 0.809 | 0.6
330,0.399,0.399,GENERATED,table 8: estm_a_sigma,,4.2 External validation,753 | 0.566 | 0.354 | 0.512 | −0.399 | | *σ* | 0.702 | [0.399] | 0.275 | 0.408 | −0.427 | | *κ* | 0.809 | 0.689 | 0.6
330,0.275,0.275,GENERATED,table 8: estm_b_sigma,,4.2 External validation,566 | 0.354 | 0.512 | −0.399 | | *σ* | 0.702 | 0.399 | [0.275] | 0.408 | −0.427 | | *κ* | 0.809 | 0.689 | 0.618 | 0.6
330,0.408,0.408,GENERATED,table 8: estm_b_insup_sigma,,4.2 External validation,354 | 0.512 | −0.399 | | *σ* | 0.702 | 0.399 | 0.275 | [0.408] | −0.427 | | *κ* | 0.809 | 0.689 | 0.618 | 0.657 | −0.
330,−0.427,0.427,GENERATED,table 8: estm_b_drop_sigma,,4.2 External validation,512 | −0.399 | | *σ* | 0.702 | 0.399 | 0.275 | 0.408 | [−0.427] | | *κ* | 0.809 | 0.689 | 0.618 | 0.657 | −0.191 | | z
331,0.809,0.809,GENERATED,table 8: chem_kappa,,4.2 External validation,*σ* | 0.702 | 0.399 | 0.275 | 0.408 | −0.427 | | *κ* | [0.809] | 0.689 | 0.618 | 0.657 | −0.191 | | zT (direct) | 0.7
331,0.689,0.689,GENERATED,table 8: estm_a_kappa,,4.2 External validation,702 | 0.399 | 0.275 | 0.408 | −0.427 | | *κ* | 0.809 | [0.689] | 0.618 | 0.657 | −0.191 | | zT (direct) | 0.746 | 0.6
331,0.618,0.618,GENERATED,table 8: estm_b_kappa,,4.2 External validation,399 | 0.275 | 0.408 | −0.427 | | *κ* | 0.809 | 0.689 | [0.618] | 0.657 | −0.191 | | zT (direct) | 0.746 | 0.662 | 0.4
331,0.657,0.657,GENERATED,table 8: estm_b_insup_kappa,,4.2 External validation,275 | 0.408 | −0.427 | | *κ* | 0.809 | 0.689 | 0.618 | [0.657] | −0.191 | | zT (direct) | 0.746 | 0.662 | 0.498 | 0.5
331,−0.191,0.191,GENERATED,table 8: estm_b_drop_kappa,,4.2 External validation,408 | −0.427 | | *κ* | 0.809 | 0.689 | 0.618 | 0.657 | [−0.191] | | zT (direct) | 0.746 | 0.662 | 0.498 | 0.534 | −0.2
332,0.746,0.746,GENERATED,table 8: chem_zT,,4.2 External validation,809 | 0.689 | 0.618 | 0.657 | −0.191 | | zT (direct) | [0.746] | 0.662 | 0.498 | 0.534 | −0.247 |
332,0.662,0.662,GENERATED,table 8: estm_a_zT,,4.2 External validation,689 | 0.618 | 0.657 | −0.191 | | zT (direct) | 0.746 | [0.662] | 0.498 | 0.534 | −0.247 | ![Fig
332,0.498,0.498,GENERATED,table 8: estm_b_zT,,4.2 External validation,618 | 0.657 | −0.191 | | zT (direct) | 0.746 | 0.662 | [0.498] | 0.534 | −0.247 | ![Figure 9](.
332,0.534,0.534,GENERATED,table 8: estm_b_insup_zT,,4.2 External validation,657 | −0.191 | | zT (direct) | 0.746 | 0.662 | 0.498 | [0.534] | −0.247 | ![Figure 9](../figure
332,−0.247,0.247,GENERATED,table 8: estm_b_drop_zT,,4.2 External validation,.191 | | zT (direct) | 0.746 | 0.662 | 0.498 | 0.534 | [−0.247] | ![Figure 9](../figures/fig9_es
335,9,9,EXCLUDED:XREF,,,,.498 | 0.534 | −0.247 | ![Figure [9]](../figures/fig9_estm_external.png){width=100%} **Fig
335,100%,100,EXCLUDED:LINK,,,,![Figure 9](../figures/fig9_estm_external.png){width=[100%]} **Figure 9:** ESTM external validation: R^2^ for the
337,9,9,EXCLUDED:XREF,,,,/figures/fig9_estm_external.png){width=100%} **Figure [9]:** ESTM external validation: R^2^ for the internal che
337,2,2,EXCLUDED:NOTATION,,,,"width=100%} **Figure 9:** ESTM external validation: R^[2]^ for the internal chemistry-cluster CV (blue), the ext"
339,"13,123",13123,GENERATED,jv_same,,4.2 External validation,"sign test covers mostly metals: of the [13,123] entries with a JARVIS sign,"
339,"12,733",12733,GENERATED,jv_same_metal,,4.2 External validation,"entries with a JARVIS sign, [12,733] are metals or semimetals and"
339,390,390,GENERATED,jv_same_semi,,4.2 External validation,"are metals or semimetals and [390] are semiconductors, and of the"
339,"3,885",3885,GENERATED,jv_ref_n,,4.2 External validation,"are semiconductors, and of the [3,885] entries that remain after the magnitude crite"
339,"3,534",3534,GENERATED,jv_ref_metal,,4.2 External validation,"ain after the magnitude criterion [3,534] ( 91 %) are"
339,91,91,GENERATED,jv_metal_share_ref,,4.2 External validation,"3,534 ( [91] %) are metals or semimetals. Of the"
339,"9,762",9762,GENERATED,jv_semi,,4.2 External validation,"%) are metals or semimetals. Of the [9,762] semiconductors, 9,372"
339,"9,372",9372,GENERATED,jv_opp_semi,,4.2 External validation,"9,762 semiconductors, [9,372] have opposite n-type and p-type signs and the"
339,0.50,0.5,GENERATED,jv_sign_all,,4.2 External validation,"gn agreement is at chance overall ( [0.50] , interval 0.49"
339,0.49,0.49,GENERATED,jv_sign_all_lo,,4.2 External validation,"0.50 , interval [0.49] -- 0.52 ,"
339,0.52,0.52,GENERATED,jv_sign_all_hi,,4.2 External validation,"0.49 -- [0.52] , 3,885 entries"
339,"3,885",3885,GENERATED,jv_sign_all_n,,4.2 External validation,"0.52 , [3,885] entries), for metals and semimetals ("
339,0.50,0.5,GENERATED,jv_sign_metal,,4.2 External validation,"ies), for metals and semimetals ( [0.50] , 0.48 --"
339,0.48,0.48,GENERATED,jv_sign_metal_lo,,4.2 External validation,"0.50 , [0.48] -- 0.52 ) and"
339,0.52,0.52,GENERATED,jv_sign_metal_hi,,4.2 External validation,0.48 -- [0.52] ) and for semiconductors (
339,0.52,0.52,GENERATED,jv_sign_semi,,4.2 External validation,") and for semiconductors ( [0.52] , 0.47 --"
339,0.47,0.47,GENERATED,jv_sign_semi_lo,,4.2 External validation,"0.52 , [0.47] -- 0.58 , only"
339,0.58,0.58,GENERATED,jv_sign_semi_hi,,4.2 External validation,"0.47 -- [0.58] , only 351 ent"
339,351,351,GENERATED,jv_sign_semi_n,,4.2 External validation,"0.58 , only [351] entries). The model predicts p-type for"
339,63,63,GENERATED,jv_pred_pos,,4.2 External validation,es). The model predicts p-type for [63] % of these entries and JARVIS has
339,53,53,GENERATED,jv_jarvis_pos,,4.2 External validation,of these entries and JARVIS has [53] % positive. With the carrier-type classifier's
339,0.52,0.52,GENERATED,jvc_all,,4.2 External validation,"h the screening uses, the agreement is [0.52] ( 0.50 --"
339,0.50,0.5,GENERATED,jvc_all_lo,,4.2 External validation,t is 0.52 ( [0.50] -- 0.54 ) overall an
339,0.54,0.54,GENERATED,jvc_all_hi,,4.2 External validation,( 0.50 -- [0.54] ) overall and 0.57 (
339,0.57,0.57,GENERATED,jvc_semi,,4.2 External validation,0.54 ) overall and [0.57] ( 0.51 --
339,0.51,0.51,GENERATED,jvc_semi_lo,,4.2 External validation,nd 0.57 ( [0.51] -- 0.62 ) for the s
339,0.62,0.62,GENERATED,jvc_semi_hi,,4.2 External validation,0.51 -- [0.62] ) for the semiconductors: marginally above cha
339,0.67,0.67,GENERATED,jvc_mseen,,4.2 External validation,"metals in clusters seen in training ( [0.67] , 0.59 --"
339,0.59,0.59,GENERATED,jvc_mseen_lo,,4.2 External validation,"( 0.67 , [0.59] -- 0.74 ), against"
339,0.74,0.74,GENERATED,jvc_mseen_hi,,4.2 External validation,"0.59 -- [0.74] ), against 0.51 f"
339,0.51,0.51,GENERATED,jvc_munseen,,4.2 External validation,"0.74 ), against [0.51] for unseen clusters. The rank correlation of"
339,0.23,0.23,GENERATED,jv_rho_all,,4.2 External validation,cted S with the JARVIS magnitude is [0.23] ( 0.21 --
339,0.21,0.21,GENERATED,jv_rho_all_lo,,4.2 External validation,0.23 ( [0.21] -- 0.24 ) over al
339,0.24,0.24,GENERATED,jv_rho_all_hi,,4.2 External validation,"0.21 -- [0.24] ) over all entries, 0.11"
339,0.11,0.11,GENERATED,jv_rho_metal,,4.2 External validation,"0.24 ) over all entries, [0.11] ( 0.09 --"
339,0.09,0.09,GENERATED,jv_rho_metal_lo,,4.2 External validation,0.11 ( [0.09] -- 0.13 ) for m
339,0.13,0.13,GENERATED,jv_rho_metal_hi,,4.2 External validation,0.09 -- [0.13] ) for metals and semimetals and negative for s
339,-0.08,0.08,GENERATED,jv_rho_semi,,4.2 External validation,"s and negative for semiconductors ( [-0.08] , -0.11 --"
339,-0.11,0.11,GENERATED,jv_rho_semi_lo,,4.2 External validation,"-0.08 , [-0.11] -- -0.05 ); the"
339,-0.05,0.05,GENERATED,jv_rho_semi_hi,,4.2 External validation,-0.11 -- [-0.05] ); the overall value is carried by the metals
339,0.38,0.38,GENERATED,jv_rho_seen,,4.2 External validation,occurs in the training data it is [0.38] ( 0.25 --
339,0.25,0.25,GENERATED,jv_rho_seen_lo,,4.2 External validation,"0.38 ( [0.25] -- 0.48 ,"
339,0.48,0.48,GENERATED,jv_rho_seen_hi,,4.2 External validation,"0.25 -- [0.48] , 1,150 entries"
339,"1,150",1150,GENERATED,jv_rho_seen_n,,4.2 External validation,"0.48 , [1,150] entries) against 0.22"
339,0.22,0.22,GENERATED,jv_rho_unseen,,4.2 External validation,"1,150 entries) against [0.22] ( 0.20 --"
339,0.20,0.2,GENERATED,jv_rho_unseen_lo,,4.2 External validation,0.22 ( [0.20] -- 0.24 ) for
339,0.24,0.24,GENERATED,jv_rho_unseen_hi,,4.2 External validation,0.20 -- [0.24] ) for the others; among metals it is
339,0.31,0.31,GENERATED,jv_rho_mseen,,4.2 External validation,or the others; among metals it is [0.31] for seen clusters ( 627
339,627,627,GENERATED,jv_rho_mseen_n,,4.2 External validation,.31 for seen clusters ( [627] entries) and 0.10
339,0.10,0.1,GENERATED,jv_rho_munseen,,4.2 External validation,"627 entries) and [0.10] for unseen ones, and the sign agreement of me"
339,0.62,0.62,GENERATED,jv_sign_mseen,,4.2 External validation,of metals with seen clusters is [0.62] ( 0.53 --
339,0.53,0.53,GENERATED,jv_sign_mseen_lo,,4.2 External validation,"0.62 ( [0.53] -- 0.69 ,"
339,0.69,0.69,GENERATED,jv_sign_mseen_hi,,4.2 External validation,"0.53 -- [0.69] , 172 entries"
339,172,172,GENERATED,jv_sign_mseen_n,,4.2 External validation,"0.69 , [172] entries) against 0.50"
339,0.50,0.5,GENERATED,jv_sign_munseen,,4.2 External validation,172 entries) against [0.50] for unseen ones. The models therefore carry e
341,4.3,4.3,EXCLUDED:SECTION,,,,"al ways, not a measure of accuracy on perovskites. ## [4.3] Feature importance and explainability Table 9 lists t"
343,9,9,EXCLUDED:XREF,,,,. ## 4.3 Feature importance and explainability Table [9] lists the five features with the largest mean \|SHAP\|
343,2.5,2.5,DESIGN,iv_lo,,4.3 Feature importance and explainability,"AP\| per target, each with the interval ( [2.5] th to 97.5 th percentile"
343,97.5,97.5,DESIGN,iv_hi,,4.3 Feature importance and explainability,nterval ( 2.5 th to [97.5] th percentile) of its per-fold mean across the
343,25,25,GENERATED,shap_folds,,4.3 Feature importance and explainability,le) of its per-fold mean across the [25] chemistry-cluster folds and the number of fol
343,25,25,GENERATED,rb_zT_n,,4.3 Feature importance and explainability,portant feature of the zT model in all [25] folds (mean \|SHAP\| 0.1
343,0.128,0.128,GENERATED,rb_zT_1_mean,,4.3 Feature importance and explainability,"25 folds (mean \|SHAP\| [0.128] , interval 0.120 t"
343,0.120,0.12,GENERATED,rb_zT_1_lo,,4.3 Feature importance and explainability,"0.128 , interval [0.120] to 0.136 ), consis"
343,0.136,0.136,GENERATED,rb_zT_1_hi,,4.3 Feature importance and explainability,"0.120 to [0.136] ), consistent with the explicit T dependence i"
343,1,1,EXCLUDED:XREF,,,,"), consistent with the explicit T dependence in Eq. ([1]); the next two features by the mean,"
343,16,16,GENERATED,rb_zT_2_top3,,4.3 Feature importance and explainability,", are among the top three in [16] and 15 folds an"
343,15,15,GENERATED,rb_zT_3_top3,,4.3 Feature importance and explainability,"16 and [15] folds and their intervals overlap, so their o"
343,24,24,GENERATED,rb_S_1_top3,,4.3 Feature importance and explainability,is among the top three in [24] of 25 folds and first
343,25,25,GENERATED,rb_S_n,,4.3 Feature importance and explainability,e in 24 of [25] folds and first in 17
343,17,17,GENERATED,rb_S_1_top1,,4.3 Feature importance and explainability,"25 folds and first in [17] ; for *σ*, Elemental M"
343,24,24,GENERATED,rb_sigma_1_top3,,4.3 Feature importance and explainability,is among the top three in [24] folds (first in 14
343,14,14,GENERATED,rb_sigma_1_top1,,4.3 Feature importance and explainability,24 folds (first in [14] ) and temperature in 2
343,22,22,GENERATED,rb_sigma_t_top3,,4.3 Feature importance and explainability,"4 ) and temperature in [22] ; for *κ*, temperature is among the top three"
343,20,20,GENERATED,rb_kappa_t_top3,,4.3 Feature importance and explainability,ture is among the top three in [20] folds and among the top five in all
343,25,25,GENERATED,rb_kappa_n,,4.3 Feature importance and explainability,"folds and among the top five in all [25] , whereas the feature that leads on average,"
343,14,14,GENERATED,rb_kappa_1_top3,,4.3 Feature importance and explainability,is among the top three in only [14] folds and its interval reaches almost zero (
343,0.001,0.001,GENERATED,rb_kappa_1_lo,,4.3 Feature importance and explainability,ts interval reaches almost zero ( [0.001] to 0.056 ). In
343,0.056,0.056,GENERATED,rb_kappa_1_hi,,4.3 Feature importance and explainability,0.001 to [0.056] ). In every model the intervals of the feature
343,15,15,GENERATED,rb_S_t_top5,,4.3 Feature importance and explainability,is among the top five features in [15] of 25 folds for S and
343,25,25,GENERATED,rb_S_n,,4.3 Feature importance and explainability,"s in 15 of [25] folds for S and in all of them for *σ*, *κ* a"
343,11,11,EXCLUDED:XREF,,,,"them for *σ*, *κ* and zT. In the beeswarm plots (Fig. [11]) the SHAP value of the temperature feature rises with"
343,0.95,0.95,GENERATED,bs_rho_zT,,4.3 Feature importance and explainability,he feature value with its SHAP value [0.95] ) and falls with temperature for *κ* (
343,−0.90,0.9,GENERATED,bs_rho_kappa,,4.3 Feature importance and explainability,d falls with temperature for *κ* ( [−0.90] ) and *σ* ( −0.79
343,−0.79,0.79,GENERATED,bs_rho_sigma,,4.3 Feature importance and explainability,"−0.90 ) and *σ* ( [−0.79] ), and depends only weakly on it for S ("
343,0.19,0.19,GENERATED,bs_rho_S,,4.3 Feature importance and explainability,and depends only weakly on it for S ( [0.19] ). These are attributions of the fitted models
343,10,10,EXCLUDED:XREF,,,,left to the reader: no mechanism is claimed here. Fig. [10] shows the bar plots with the SD across folds.
346,9,9,EXCLUDED:XREF,,,,h the SD across folds. **Table [9]:** The five features with the largest mean \|SHAP\| pe
346,25,25,GENERATED,table 9: shap_folds,,4.3 Feature importance and explainability,"s with the largest mean \|SHAP\| per target (mean over [25] chemistry-cluster test folds, each on 20,000 random te"
346,"20,000",20000,GENERATED,table 9: shap_rows,,4.3 Feature importance and explainability,"et (mean over 25 chemistry-cluster test folds, each on [20,000] random test rows), each with the 2.5th to 97.5th perce"
346,25,25,GENERATED,table 9: shap_folds,,4.3 Feature importance and explainability,h to 97.5th percentile of the per-fold mean across the [25] folds and the number of folds in which it is among the
346,−1,1,EXCLUDED:NOTATION,,,,its of the SHAP values are those of the target (*µ*V K^[−1]^ for S; log~10~ units for *σ* and *κ*). Every feature
346,10,10,EXCLUDED:NOTATION,,,,values are those of the target (*µ*V K^−1^ for S; log~[10]~ units for *σ* and *κ*). Every feature is a statistic
350,1,1,GENERATED,table 9: t9_rank_1,,4.3 Feature importance and explainability,"---------|-------------|-------------|-------------| | [1] | Elemental thermal conductivity, mean abs. deviation"
350,12.9,12.9,GENERATED,table 9: t9_S_1,,4.3 Feature importance and explainability,"ntal thermal conductivity, mean abs. deviation (CBFV) ([12.9]; 7.9--17.6; top 3 in 24 of 25 folds) | Elemental MB el"
350,7.9,7.9,GENERATED,table 9: t9_S_1,,4.3 Feature importance and explainability,"hermal conductivity, mean abs. deviation (CBFV) (12.9; [7.9]--17.6; top 3 in 24 of 25 folds) | Elemental MB electro"
350,17.6,17.6,GENERATED,table 9: t9_S_1,,4.3 Feature importance and explainability,"l conductivity, mean abs. deviation (CBFV) (12.9; 7.9--[17.6]; top 3 in 24 of 25 folds) | Elemental MB electronegati"
350,3,3,GENERATED,table 9: t9_S_1,,4.3 Feature importance and explainability,"vity, mean abs. deviation (CBFV) (12.9; 7.9--17.6; top [3] in 24 of 25 folds) | Elemental MB electronegativity, m"
350,24,24,GENERATED,table 9: t9_S_1,,4.3 Feature importance and explainability,"mean abs. deviation (CBFV) (12.9; 7.9--17.6; top 3 in [24] of 25 folds) | Elemental MB electronegativity, mean ab"
350,25,25,GENERATED,table 9: t9_S_1,,4.3 Feature importance and explainability,"abs. deviation (CBFV) (12.9; 7.9--17.6; top 3 in 24 of [25] folds) | Elemental MB electronegativity, mean abs. dev"
350,0.069,0.069,GENERATED,table 9: t9_sigma_1,,4.3 Feature importance and explainability,"ntal MB electronegativity, mean abs. deviation (CBFV) ([0.069]; 0.032--0.098; top 3 in 24 of 25 folds) | Elemental he"
350,0.032,0.032,GENERATED,table 9: t9_sigma_1,,4.3 Feature importance and explainability,"electronegativity, mean abs. deviation (CBFV) (0.069; [0.032]--0.098; top 3 in 24 of 25 folds) | Elemental heat of v"
350,0.098,0.098,GENERATED,table 9: t9_sigma_1,,4.3 Feature importance and explainability,"onegativity, mean abs. deviation (CBFV) (0.069; 0.032--[0.098]; top 3 in 24 of 25 folds) | Elemental heat of vaporiza"
350,3,3,GENERATED,table 9: t9_sigma_1,,4.3 Feature importance and explainability,", mean abs. deviation (CBFV) (0.069; 0.032--0.098; top [3] in 24 of 25 folds) | Elemental heat of vaporization, m"
350,24,24,GENERATED,table 9: t9_sigma_1,,4.3 Feature importance and explainability,"n abs. deviation (CBFV) (0.069; 0.032--0.098; top 3 in [24] of 25 folds) | Elemental heat of vaporization, maximum"
350,25,25,GENERATED,table 9: t9_sigma_1,,4.3 Feature importance and explainability,"deviation (CBFV) (0.069; 0.032--0.098; top 3 in 24 of [25] folds) | Elemental heat of vaporization, maximum (CBFV"
350,0.032,0.032,GENERATED,table 9: t9_kappa_1,,4.3 Feature importance and explainability,"lds) | Elemental heat of vaporization, maximum (CBFV) ([0.032]; 0.001--0.056; top 3 in 14 of 25 folds) | Temperature"
350,0.001,0.001,GENERATED,table 9: t9_kappa_1,,4.3 Feature importance and explainability,"Elemental heat of vaporization, maximum (CBFV) (0.032; [0.001]--0.056; top 3 in 14 of 25 folds) | Temperature (0.128;"
350,0.056,0.056,GENERATED,table 9: t9_kappa_1,,4.3 Feature importance and explainability,"al heat of vaporization, maximum (CBFV) (0.032; 0.001--[0.056]; top 3 in 14 of 25 folds) | Temperature (0.128; 0.120-"
350,3,3,GENERATED,table 9: t9_kappa_1,,4.3 Feature importance and explainability,"vaporization, maximum (CBFV) (0.032; 0.001--0.056; top [3] in 14 of 25 folds) | Temperature (0.128; 0.120--0.136;"
350,14,14,GENERATED,table 9: t9_kappa_1,,4.3 Feature importance and explainability,"ization, maximum (CBFV) (0.032; 0.001--0.056; top 3 in [14] of 25 folds) | Temperature (0.128; 0.120--0.136; top 3"
350,25,25,GENERATED,table 9: t9_kappa_1,,4.3 Feature importance and explainability,"n, maximum (CBFV) (0.032; 0.001--0.056; top 3 in 14 of [25] folds) | Temperature (0.128; 0.120--0.136; top 3 in 25"
350,0.128,0.128,GENERATED,table 9: t9_zT_1,,4.3 Feature importance and explainability,0.001--0.056; top 3 in 14 of 25 folds) | Temperature ([0.128]; 0.120--0.136; top 3 in 25 of 25 folds) | | 2 | Elemen
350,0.120,0.12,GENERATED,table 9: t9_zT_1,,4.3 Feature importance and explainability,-0.056; top 3 in 14 of 25 folds) | Temperature (0.128; [0.120]--0.136; top 3 in 25 of 25 folds) | | 2 | Elemental den
350,0.136,0.136,GENERATED,table 9: t9_zT_1,,4.3 Feature importance and explainability,"top 3 in 14 of 25 folds) | Temperature (0.128; 0.120--[0.136]; top 3 in 25 of 25 folds) | | 2 | Elemental density, m"
350,3,3,GENERATED,table 9: t9_zT_1,,4.3 Feature importance and explainability,"4 of 25 folds) | Temperature (0.128; 0.120--0.136; top [3] in 25 of 25 folds) | | 2 | Elemental density, mean abs"
350,25,25,GENERATED,table 9: t9_zT_1,,4.3 Feature importance and explainability,"25 folds) | Temperature (0.128; 0.120--0.136; top 3 in [25] of 25 folds) | | 2 | Elemental density, mean abs. devi"
350,25,25,GENERATED,table 9: t9_zT_1,,4.3 Feature importance and explainability,"ds) | Temperature (0.128; 0.120--0.136; top 3 in 25 of [25] folds) | | 2 | Elemental density, mean abs. deviation"
351,2,2,GENERATED,table 9: t9_rank_2,,4.3 Feature importance and explainability,"ure (0.128; 0.120--0.136; top 3 in 25 of 25 folds) | | [2] | Elemental density, mean abs. deviation (CBFV) (7.4;"
351,7.4,7.4,GENERATED,table 9: t9_S_2,,4.3 Feature importance and explainability,"| | 2 | Elemental density, mean abs. deviation (CBFV) ([7.4]; 3.5--11.2; top 3 in 15 of 25 folds) | Elemental Pauli"
351,3.5,3.5,GENERATED,table 9: t9_S_2,,4.3 Feature importance and explainability,"| Elemental density, mean abs. deviation (CBFV) (7.4; [3.5]--11.2; top 3 in 15 of 25 folds) | Elemental Pauling el"
351,11.2,11.2,GENERATED,table 9: t9_S_2,,4.3 Feature importance and explainability,"emental density, mean abs. deviation (CBFV) (7.4; 3.5--[11.2]; top 3 in 15 of 25 folds) | Elemental Pauling electron"
351,3,3,GENERATED,table 9: t9_S_2,,4.3 Feature importance and explainability,"nsity, mean abs. deviation (CBFV) (7.4; 3.5--11.2; top [3] in 15 of 25 folds) | Elemental Pauling electronegativi"
351,15,15,GENERATED,table 9: t9_S_2,,4.3 Feature importance and explainability,", mean abs. deviation (CBFV) (7.4; 3.5--11.2; top 3 in [15] of 25 folds) | Elemental Pauling electronegativity, me"
351,25,25,GENERATED,table 9: t9_S_2,,4.3 Feature importance and explainability,"abs. deviation (CBFV) (7.4; 3.5--11.2; top 3 in 15 of [25] folds) | Elemental Pauling electronegativity, mean (CB"
351,0.039,0.039,GENERATED,table 9: t9_sigma_2,,4.3 Feature importance and explainability,"s) | Elemental Pauling electronegativity, mean (CBFV) ([0.039]; 0.002--0.086; top 3 in 14 of 25 folds) | Temperature"
351,0.002,0.002,GENERATED,table 9: t9_sigma_2,,4.3 Feature importance and explainability,"emental Pauling electronegativity, mean (CBFV) (0.039; [0.002]--0.086; top 3 in 14 of 25 folds) | Temperature (0.028;"
351,0.086,0.086,GENERATED,table 9: t9_sigma_2,,4.3 Feature importance and explainability,"Pauling electronegativity, mean (CBFV) (0.039; 0.002--[0.086]; top 3 in 14 of 25 folds) | Temperature (0.028; 0.025-"
351,3,3,GENERATED,table 9: t9_sigma_2,,4.3 Feature importance and explainability,"ectronegativity, mean (CBFV) (0.039; 0.002--0.086; top [3] in 14 of 25 folds) | Temperature (0.028; 0.025--0.031;"
351,14,14,GENERATED,table 9: t9_sigma_2,,4.3 Feature importance and explainability,"negativity, mean (CBFV) (0.039; 0.002--0.086; top 3 in [14] of 25 folds) | Temperature (0.028; 0.025--0.031; top 3"
351,25,25,GENERATED,table 9: t9_sigma_2,,4.3 Feature importance and explainability,"vity, mean (CBFV) (0.039; 0.002--0.086; top 3 in 14 of [25] folds) | Temperature (0.028; 0.025--0.031; top 3 in 20"
351,0.028,0.028,GENERATED,table 9: t9_kappa_2,,4.3 Feature importance and explainability,0.002--0.086; top 3 in 14 of 25 folds) | Temperature ([0.028]; 0.025--0.031; top 3 in 20 of 25 folds) | Elemental Zu
351,0.025,0.025,GENERATED,table 9: t9_kappa_2,,4.3 Feature importance and explainability,-0.086; top 3 in 14 of 25 folds) | Temperature (0.028; [0.025]--0.031; top 3 in 20 of 25 folds) | Elemental Zunger ra
351,0.031,0.031,GENERATED,table 9: t9_kappa_2,,4.3 Feature importance and explainability,top 3 in 14 of 25 folds) | Temperature (0.028; 0.025--[0.031]; top 3 in 20 of 25 folds) | Elemental Zunger radii sum
351,3,3,GENERATED,table 9: t9_kappa_2,,4.3 Feature importance and explainability,"4 of 25 folds) | Temperature (0.028; 0.025--0.031; top [3] in 20 of 25 folds) | Elemental Zunger radii sum, mean"
351,20,20,GENERATED,table 9: t9_kappa_2,,4.3 Feature importance and explainability,"25 folds) | Temperature (0.028; 0.025--0.031; top 3 in [20] of 25 folds) | Elemental Zunger radii sum, mean abs. d"
351,25,25,GENERATED,table 9: t9_kappa_2,,4.3 Feature importance and explainability,"ds) | Temperature (0.028; 0.025--0.031; top 3 in 20 of [25] folds) | Elemental Zunger radii sum, mean abs. deviati"
351,0.032,0.032,GENERATED,table 9: t9_zT_2,,4.3 Feature importance and explainability,"lemental Zunger radii sum, mean abs. deviation (CBFV) ([0.032]; 0.004--0.062; top 3 in 16 of 25 folds) | | 3 | Elemen"
351,0.004,0.004,GENERATED,table 9: t9_zT_2,,4.3 Feature importance and explainability,"l Zunger radii sum, mean abs. deviation (CBFV) (0.032; [0.004]--0.062; top 3 in 16 of 25 folds) | | 3 | Elemental Gil"
351,0.062,0.062,GENERATED,table 9: t9_zT_2,,4.3 Feature importance and explainability,"r radii sum, mean abs. deviation (CBFV) (0.032; 0.004--[0.062]; top 3 in 16 of 25 folds) | | 3 | Elemental Gilmor num"
351,3,3,GENERATED,table 9: t9_zT_2,,4.3 Feature importance and explainability,", mean abs. deviation (CBFV) (0.032; 0.004--0.062; top [3] in 16 of 25 folds) | | 3 | Elemental Gilmor number of"
351,16,16,GENERATED,table 9: t9_zT_2,,4.3 Feature importance and explainability,n abs. deviation (CBFV) (0.032; 0.004--0.062; top 3 in [16] of 25 folds) | | 3 | Elemental Gilmor number of valenc
351,25,25,GENERATED,table 9: t9_zT_2,,4.3 Feature importance and explainability,deviation (CBFV) (0.032; 0.004--0.062; top 3 in 16 of [25] folds) | | 3 | Elemental Gilmor number of valence elec
352,3,3,GENERATED,table 9: t9_rank_3,,4.3 Feature importance and explainability,"FV) (0.032; 0.004--0.062; top 3 in 16 of 25 folds) | | [3] | Elemental Gilmor number of valence electrons, mean a"
352,6.4,6.4,GENERATED,table 9: t9_S_3,,4.3 Feature importance and explainability,"mber of valence electrons, mean abs. deviation (CBFV) ([6.4]; 2.0--13.8; top 3 in 10 of 25 folds) | Elemental melti"
352,2.0,2,GENERATED,table 9: t9_S_3,,4.3 Feature importance and explainability,"of valence electrons, mean abs. deviation (CBFV) (6.4; [2.0]--13.8; top 3 in 10 of 25 folds) | Elemental melting te"
352,13.8,13.8,GENERATED,table 9: t9_S_3,,4.3 Feature importance and explainability,"lence electrons, mean abs. deviation (CBFV) (6.4; 2.0--[13.8]; top 3 in 10 of 25 folds) | Elemental melting temperat"
352,3,3,GENERATED,table 9: t9_S_3,,4.3 Feature importance and explainability,"trons, mean abs. deviation (CBFV) (6.4; 2.0--13.8; top [3] in 10 of 25 folds) | Elemental melting temperature, mo"
352,10,10,GENERATED,table 9: t9_S_3,,4.3 Feature importance and explainability,", mean abs. deviation (CBFV) (6.4; 2.0--13.8; top 3 in [10] of 25 folds) | Elemental melting temperature, mode (MA"
352,25,25,GENERATED,table 9: t9_S_3,,4.3 Feature importance and explainability,"abs. deviation (CBFV) (6.4; 2.0--13.8; top 3 in 10 of [25] folds) | Elemental melting temperature, mode (MAGPIE)"
352,0.037,0.037,GENERATED,table 9: t9_sigma_3,,4.3 Feature importance and explainability,"folds) | Elemental melting temperature, mode (MAGPIE) ([0.037]; 0.011--0.096; top 3 in 9 of 25 folds) | Elemental mel"
352,0.011,0.011,GENERATED,table 9: t9_sigma_3,,4.3 Feature importance and explainability,"| Elemental melting temperature, mode (MAGPIE) (0.037; [0.011]--0.096; top 3 in 9 of 25 folds) | Elemental melting po"
352,0.096,0.096,GENERATED,table 9: t9_sigma_3,,4.3 Feature importance and explainability,"ntal melting temperature, mode (MAGPIE) (0.037; 0.011--[0.096]; top 3 in 9 of 25 folds) | Elemental melting point, me"
352,3,3,GENERATED,table 9: t9_sigma_3,,4.3 Feature importance and explainability,"g temperature, mode (MAGPIE) (0.037; 0.011--0.096; top [3] in 9 of 25 folds) | Elemental melting point, mean (CBF"
352,9,9,GENERATED,table 9: t9_sigma_3,,4.3 Feature importance and explainability,"perature, mode (MAGPIE) (0.037; 0.011--0.096; top 3 in [9] of 25 folds) | Elemental melting point, mean (CBFV) (0"
352,25,25,GENERATED,table 9: t9_sigma_3,,4.3 Feature importance and explainability,"ure, mode (MAGPIE) (0.037; 0.011--0.096; top 3 in 9 of [25] folds) | Elemental melting point, mean (CBFV) (0.021;"
352,0.021,0.021,GENERATED,table 9: t9_kappa_3,,4.3 Feature importance and explainability,"9 of 25 folds) | Elemental melting point, mean (CBFV) ([0.021]; 0.001--0.060; top 3 in 8 of 25 folds) | Elemental d v"
352,0.001,0.001,GENERATED,table 9: t9_kappa_3,,4.3 Feature importance and explainability,"folds) | Elemental melting point, mean (CBFV) (0.021; [0.001]--0.060; top 3 in 8 of 25 folds) | Elemental d valence"
352,0.060,0.06,GENERATED,table 9: t9_kappa_3,,4.3 Feature importance and explainability,"| Elemental melting point, mean (CBFV) (0.021; 0.001--[0.060]; top 3 in 8 of 25 folds) | Elemental d valence electro"
352,3,3,GENERATED,table 9: t9_kappa_3,,4.3 Feature importance and explainability,"l melting point, mean (CBFV) (0.021; 0.001--0.060; top [3] in 8 of 25 folds) | Elemental d valence electrons, mea"
352,8,8,GENERATED,table 9: t9_kappa_3,,4.3 Feature importance and explainability,"ting point, mean (CBFV) (0.021; 0.001--0.060; top 3 in [8] of 25 folds) | Elemental d valence electrons, mean (MA"
352,25,25,GENERATED,table 9: t9_kappa_3,,4.3 Feature importance and explainability,"point, mean (CBFV) (0.021; 0.001--0.060; top 3 in 8 of [25] folds) | Elemental d valence electrons, mean (MAGPIE)"
352,0.027,0.027,GENERATED,table 9: t9_zT_3,,4.3 Feature importance and explainability,"folds) | Elemental d valence electrons, mean (MAGPIE) ([0.027]; 0.011--0.057; top 3 in 15 of 25 folds) | | 4 | Elemen"
352,0.011,0.011,GENERATED,table 9: t9_zT_3,,4.3 Feature importance and explainability,"| Elemental d valence electrons, mean (MAGPIE) (0.027; [0.011]--0.057; top 3 in 15 of 25 folds) | | 4 | Elemental pol"
352,0.057,0.057,GENERATED,table 9: t9_zT_3,,4.3 Feature importance and explainability,"ntal d valence electrons, mean (MAGPIE) (0.027; 0.011--[0.057]; top 3 in 15 of 25 folds) | | 4 | Elemental polarizabi"
352,3,3,GENERATED,table 9: t9_zT_3,,4.3 Feature importance and explainability,"nce electrons, mean (MAGPIE) (0.027; 0.011--0.057; top [3] in 15 of 25 folds) | | 4 | Elemental polarizability, m"
352,15,15,GENERATED,table 9: t9_zT_3,,4.3 Feature importance and explainability,"lectrons, mean (MAGPIE) (0.027; 0.011--0.057; top 3 in [15] of 25 folds) | | 4 | Elemental polarizability, mean (C"
352,25,25,GENERATED,table 9: t9_zT_3,,4.3 Feature importance and explainability,"ns, mean (MAGPIE) (0.027; 0.011--0.057; top 3 in 15 of [25] folds) | | 4 | Elemental polarizability, mean (CBFV) ("
353,4,4,GENERATED,table 9: t9_rank_4,,4.3 Feature importance and explainability,"IE) (0.027; 0.011--0.057; top 3 in 15 of 25 folds) | | [4] | Elemental polarizability, mean (CBFV) (5.4; 0.7--16."
353,5.4,5.4,GENERATED,table 9: t9_S_4,,4.3 Feature importance and explainability,"folds) | | 4 | Elemental polarizability, mean (CBFV) ([5.4]; 0.7--16.6; top 3 in 8 of 25 folds) | Temperature (0.0"
353,0.7,0.7,GENERATED,table 9: t9_S_4,,4.3 Feature importance and explainability,"s) | | 4 | Elemental polarizability, mean (CBFV) (5.4; [0.7]--16.6; top 3 in 8 of 25 folds) | Temperature (0.035; 0"
353,16.6,16.6,GENERATED,table 9: t9_S_4,,4.3 Feature importance and explainability,"| 4 | Elemental polarizability, mean (CBFV) (5.4; 0.7--[16.6]; top 3 in 8 of 25 folds) | Temperature (0.035; 0.031--"
353,3,3,GENERATED,table 9: t9_S_4,,4.3 Feature importance and explainability,"ental polarizability, mean (CBFV) (5.4; 0.7--16.6; top [3] in 8 of 25 folds) | Temperature (0.035; 0.031--0.040;"
353,8,8,GENERATED,table 9: t9_S_4,,4.3 Feature importance and explainability,"polarizability, mean (CBFV) (5.4; 0.7--16.6; top 3 in [8] of 25 folds) | Temperature (0.035; 0.031--0.040; top 3"
353,25,25,GENERATED,table 9: t9_S_4,,4.3 Feature importance and explainability,"rizability, mean (CBFV) (5.4; 0.7--16.6; top 3 in 8 of [25] folds) | Temperature (0.035; 0.031--0.040; top 3 in 22"
353,0.035,0.035,GENERATED,table 9: t9_sigma_4,,4.3 Feature importance and explainability,5.4; 0.7--16.6; top 3 in 8 of 25 folds) | Temperature ([0.035]; 0.031--0.040; top 3 in 22 of 25 folds) | Elemental he
353,0.031,0.031,GENERATED,table 9: t9_sigma_4,,4.3 Feature importance and explainability,7--16.6; top 3 in 8 of 25 folds) | Temperature (0.035; [0.031]--0.040; top 3 in 22 of 25 folds) | Elemental heat of a
353,0.040,0.04,GENERATED,table 9: t9_sigma_4,,4.3 Feature importance and explainability,; top 3 in 8 of 25 folds) | Temperature (0.035; 0.031--[0.040]; top 3 in 22 of 25 folds) | Elemental heat of atomizat
353,3,3,GENERATED,table 9: t9_sigma_4,,4.3 Feature importance and explainability,"8 of 25 folds) | Temperature (0.035; 0.031--0.040; top [3] in 22 of 25 folds) | Elemental heat of atomization, me"
353,22,22,GENERATED,table 9: t9_sigma_4,,4.3 Feature importance and explainability,"25 folds) | Temperature (0.035; 0.031--0.040; top 3 in [22] of 25 folds) | Elemental heat of atomization, mean abs"
353,25,25,GENERATED,table 9: t9_sigma_4,,4.3 Feature importance and explainability,"ds) | Temperature (0.035; 0.031--0.040; top 3 in 22 of [25] folds) | Elemental heat of atomization, mean abs. devi"
353,0.020,0.02,GENERATED,table 9: t9_kappa_4,,4.3 Feature importance and explainability,"ental heat of atomization, mean abs. deviation (CBFV) ([0.020]; 0.003--0.046; top 3 in 12 of 25 folds) | Elemental Me"
353,0.003,0.003,GENERATED,table 9: t9_kappa_4,,4.3 Feature importance and explainability,"eat of atomization, mean abs. deviation (CBFV) (0.020; [0.003]--0.046; top 3 in 12 of 25 folds) | Elemental Mendeleev"
353,0.046,0.046,GENERATED,table 9: t9_kappa_4,,4.3 Feature importance and explainability,"atomization, mean abs. deviation (CBFV) (0.020; 0.003--[0.046]; top 3 in 12 of 25 folds) | Elemental Mendeleev number"
353,3,3,GENERATED,table 9: t9_kappa_4,,4.3 Feature importance and explainability,", mean abs. deviation (CBFV) (0.020; 0.003--0.046; top [3] in 12 of 25 folds) | Elemental Mendeleev number, maxim"
353,12,12,GENERATED,table 9: t9_kappa_4,,4.3 Feature importance and explainability,"n abs. deviation (CBFV) (0.020; 0.003--0.046; top 3 in [12] of 25 folds) | Elemental Mendeleev number, maximum (MA"
353,25,25,GENERATED,table 9: t9_kappa_4,,4.3 Feature importance and explainability,"deviation (CBFV) (0.020; 0.003--0.046; top 3 in 12 of [25] folds) | Elemental Mendeleev number, maximum (MAGPIE)"
353,0.012,0.012,GENERATED,table 9: t9_zT_4,,4.3 Feature importance and explainability,"folds) | Elemental Mendeleev number, maximum (MAGPIE) ([0.012]; 0.002--0.048; top 3 in 5 of 25 folds) | | 5 | Element"
353,0.002,0.002,GENERATED,table 9: t9_zT_4,,4.3 Feature importance and explainability,"| Elemental Mendeleev number, maximum (MAGPIE) (0.012; [0.002]--0.048; top 3 in 5 of 25 folds) | | 5 | Elemental meta"
353,0.048,0.048,GENERATED,table 9: t9_zT_4,,4.3 Feature importance and explainability,"ntal Mendeleev number, maximum (MAGPIE) (0.012; 0.002--[0.048]; top 3 in 5 of 25 folds) | | 5 | Elemental metal flag,"
353,3,3,GENERATED,table 9: t9_zT_4,,4.3 Feature importance and explainability,"eev number, maximum (MAGPIE) (0.012; 0.002--0.048; top [3] in 5 of 25 folds) | | 5 | Elemental metal flag, mean ("
353,5,5,GENERATED,table 9: t9_zT_4,,4.3 Feature importance and explainability,"umber, maximum (MAGPIE) (0.012; 0.002--0.048; top 3 in [5] of 25 folds) | | 5 | Elemental metal flag, mean (CBFV)"
353,25,25,GENERATED,table 9: t9_zT_4,,4.3 Feature importance and explainability,", maximum (MAGPIE) (0.012; 0.002--0.048; top 3 in 5 of [25] folds) | | 5 | Elemental metal flag, mean (CBFV) (5.4;"
354,5,5,GENERATED,table 9: t9_rank_5,,4.3 Feature importance and explainability,"PIE) (0.012; 0.002--0.048; top 3 in 5 of 25 folds) | | [5] | Elemental metal flag, mean (CBFV) (5.4; 2.0--9.9; to"
354,5.4,5.4,GENERATED,table 9: t9_S_5,,4.3 Feature importance and explainability,"f 25 folds) | | 5 | Elemental metal flag, mean (CBFV) ([5.4]; 2.0--9.9; top 3 in 6 of 25 folds) | Elemental Gilmor"
354,2.0,2,GENERATED,table 9: t9_S_5,,4.3 Feature importance and explainability,"folds) | | 5 | Elemental metal flag, mean (CBFV) (5.4; [2.0]--9.9; top 3 in 6 of 25 folds) | Elemental Gilmor numbe"
354,9.9,9.9,GENERATED,table 9: t9_S_5,,4.3 Feature importance and explainability,") | | 5 | Elemental metal flag, mean (CBFV) (5.4; 2.0--[9.9]; top 3 in 6 of 25 folds) | Elemental Gilmor number of"
354,3,3,GENERATED,table 9: t9_S_5,,4.3 Feature importance and explainability,"Elemental metal flag, mean (CBFV) (5.4; 2.0--9.9; top [3] in 6 of 25 folds) | Elemental Gilmor number of valence"
354,6,6,GENERATED,table 9: t9_S_5,,4.3 Feature importance and explainability,"ental metal flag, mean (CBFV) (5.4; 2.0--9.9; top 3 in [6] of 25 folds) | Elemental Gilmor number of valence elec"
354,25,25,GENERATED,table 9: t9_S_5,,4.3 Feature importance and explainability,"metal flag, mean (CBFV) (5.4; 2.0--9.9; top 3 in 6 of [25] folds) | Elemental Gilmor number of valence electrons,"
354,0.023,0.023,GENERATED,table 9: t9_sigma_5,,4.3 Feature importance and explainability,"mber of valence electrons, mean abs. deviation (CBFV) ([0.023]; 0.016--0.032; top 3 in 0 of 25 folds) | Elemental Men"
354,0.016,0.016,GENERATED,table 9: t9_sigma_5,,4.3 Feature importance and explainability,"valence electrons, mean abs. deviation (CBFV) (0.023; [0.016]--0.032; top 3 in 0 of 25 folds) | Elemental Mendeleev"
354,0.032,0.032,GENERATED,table 9: t9_sigma_5,,4.3 Feature importance and explainability,"e electrons, mean abs. deviation (CBFV) (0.023; 0.016--[0.032]; top 3 in 0 of 25 folds) | Elemental Mendeleev number,"
354,3,3,GENERATED,table 9: t9_sigma_5,,4.3 Feature importance and explainability,", mean abs. deviation (CBFV) (0.023; 0.016--0.032; top [3] in 0 of 25 folds) | Elemental Mendeleev number, maximu"
354,0,0,GENERATED,table 9: t9_sigma_5,,4.3 Feature importance and explainability,"n abs. deviation (CBFV) (0.023; 0.016--0.032; top 3 in [0] of 25 folds) | Elemental Mendeleev number, maximum (MA"
354,25,25,GENERATED,table 9: t9_sigma_5,,4.3 Feature importance and explainability,". deviation (CBFV) (0.023; 0.016--0.032; top 3 in 0 of [25] folds) | Elemental Mendeleev number, maximum (MAGPIE)"
354,0.018,0.018,GENERATED,table 9: t9_kappa_5,,4.3 Feature importance and explainability,"folds) | Elemental Mendeleev number, maximum (MAGPIE) ([0.018]; 0.008--0.041; top 3 in 3 of 25 folds) | Elemental Men"
354,0.008,0.008,GENERATED,table 9: t9_kappa_5,,4.3 Feature importance and explainability,"| Elemental Mendeleev number, maximum (MAGPIE) (0.018; [0.008]--0.041; top 3 in 3 of 25 folds) | Elemental Mendeleev"
354,0.041,0.041,GENERATED,table 9: t9_kappa_5,,4.3 Feature importance and explainability,"ntal Mendeleev number, maximum (MAGPIE) (0.018; 0.008--[0.041]; top 3 in 3 of 25 folds) | Elemental Mendeleev number,"
354,3,3,GENERATED,table 9: t9_kappa_5,,4.3 Feature importance and explainability,"eev number, maximum (MAGPIE) (0.018; 0.008--0.041; top [3] in 3 of 25 folds) | Elemental Mendeleev number, mean ("
354,3,3,GENERATED,table 9: t9_kappa_5,,4.3 Feature importance and explainability,"umber, maximum (MAGPIE) (0.018; 0.008--0.041; top 3 in [3] of 25 folds) | Elemental Mendeleev number, mean (MAGPI"
354,25,25,GENERATED,table 9: t9_kappa_5,,4.3 Feature importance and explainability,", maximum (MAGPIE) (0.018; 0.008--0.041; top 3 in 3 of [25] folds) | Elemental Mendeleev number, mean (MAGPIE) (0."
354,0.011,0.011,GENERATED,table 9: t9_zT_5,,4.3 Feature importance and explainability,"25 folds) | Elemental Mendeleev number, mean (MAGPIE) ([0.011]; 0.008--0.017; top 3 in 0 of 25 folds) |"
354,0.008,0.008,GENERATED,table 9: t9_zT_5,,4.3 Feature importance and explainability,"s) | Elemental Mendeleev number, mean (MAGPIE) (0.011; [0.008]--0.017; top 3 in 0 of 25 folds) |"
354,0.017,0.017,GENERATED,table 9: t9_zT_5,,4.3 Feature importance and explainability,"emental Mendeleev number, mean (MAGPIE) (0.011; 0.008--[0.017]; top 3 in 0 of 25 folds) | SHAP"
354,3,3,GENERATED,table 9: t9_zT_5,,4.3 Feature importance and explainability,"deleev number, mean (MAGPIE) (0.011; 0.008--0.017; top [3] in 0 of 25 folds) | SHAP values"
354,0,0,GENERATED,table 9: t9_zT_5,,4.3 Feature importance and explainability,"v number, mean (MAGPIE) (0.011; 0.008--0.017; top 3 in [0] of 25 folds) | SHAP values are i"
354,25,25,GENERATED,table 9: t9_zT_5,,4.3 Feature importance and explainability,"ber, mean (MAGPIE) (0.011; 0.008--0.017; top 3 in 0 of [25] folds) | SHAP values are in the"
357,−1,1,EXCLUDED:NOTATION,,,,SHAP values are in the units of each target (*µ*V K^[−1]^ for S; log~10~ units for *σ* and *κ*). Feature labels
357,10,10,EXCLUDED:NOTATION,,,,"are in the units of each target (*µ*V K^−1^ for S; log~[10]~ units for *σ* and *κ*). Feature labels read ""Elementa"
359,10,10,EXCLUDED:XREF,,,,not the thermal conductivity of the sample. ![Figure [10]](../figures/fig10_shap_global.png){width=100%} **Figu
359,100%,100,EXCLUDED:LINK,,,,![Figure 10](../figures/fig10_shap_global.png){width=[100%]} **Figure 10:** SHAP global feature importance (top
361,10,10,EXCLUDED:XREF,,,,./figures/fig10_shap_global.png){width=100%} **Figure [10]:** SHAP global feature importance (top
361,15,15,DESIGN,shap_top_n,,4.3 Feature importance and explainability,"SHAP global feature importance (top [15] features, bars: mean over the"
361,25,25,GENERATED,shap_folds,,4.3 Feature importance and explainability,"features, bars: mean over the [25] folds; error bars: 2.5"
361,2.5,2.5,DESIGN,iv_lo,,4.3 Feature importance and explainability,25 folds; error bars: [2.5] th to 97.5 th percentile
361,97.5,97.5,DESIGN,iv_hi,,4.3 Feature importance and explainability,or bars: 2.5 th to [97.5] th percentile of the per-fold mean across the
361,25,25,GENERATED,shap_folds,,4.3 Feature importance and explainability,"ile of the per-fold mean across the [25] folds, which are five repeats of five grouped"
361,−1,1,EXCLUDED:NOTATION,,,,"t supported where intervals overlap) for (a) S (*µ*V K^[−1]^), (b) *σ* (log~10~ units), (c) *κ* (log~10~ units) an"
361,10,10,EXCLUDED:NOTATION,,,,"ntervals overlap) for (a) S (*µ*V K^−1^), (b) *σ* (log~[10]~ units), (c) *κ* (log~10~ units) and (d) zT. Every fea"
361,10,10,EXCLUDED:NOTATION,,,,"S (*µ*V K^−1^), (b) *σ* (log~10~ units), (c) *κ* (log~[10]~ units) and (d) zT. Every feature other than temperatu"
363,11,11,EXCLUDED:XREF,,,,"ties, not the sample's thermal conductivity. ![Figure [11]](../figures/fig11_shap_beeswarm.png){width=100%} **Fi"
363,100%,100,EXCLUDED:LINK,,,,"![Figure 11](../figures/fig11_shap_beeswarm.png){width=[100%]} **Figure 11:** SHAP beeswarm plots for (a) S, (b) *σ"
365,11,11,EXCLUDED:XREF,,,,"figures/fig11_shap_beeswarm.png){width=100%} **Figure [11]:** SHAP beeswarm plots for (a) S, (b) *σ*, (c) *κ* and"
365,"5,000",5000,GENERATED,bs_rows,,4.3 Feature importance and explainability,"κ* and (d) zT: one point per test row ( [5,000] per model, first repeat of the chemistry-clus"
365,10,10,EXCLUDED:XREF,,,,"among these rows, so their order can differ from Fig. [10], which averages all folds of all repeats. Every featur"
367,12,12,EXCLUDED:XREF,,,,"on schemes contribute differently to the targets (Fig. [12]). In the zT model, temperature accounts for"
367,20,20,GENERATED,shap_share_temperature,,4.3 Feature importance and explainability,"emperature accounts for [20] % of the mean \|SHAP\|, CBFV features for"
367,53,53,GENERATED,shap_share_cbfv,,4.3 Feature importance and explainability,"an \|SHAP\|, CBFV features for [53] % and MAGPIE features for"
367,28,28,GENERATED,shap_share_magpie,,4.3 Feature importance and explainability,% and MAGPIE features for [28] % (shares over all 397
367,397,397,GENERATED,n_feat,,4.3 Feature importance and explainability,"28 % (shares over all [397] features, chemistry-cluster folds). In the ot"
367,2,2,GENERATED,shap_share_S_temperature,,4.3 Feature importance and explainability,"perature accounts for [2] % (S), 4"
367,4,4,GENERATED,shap_share_sigma_temperature,,4.3 Feature importance and explainability,"2 % (S), [4] % (*σ*) and"
367,5,5,GENERATED,shap_share_kappa_temperature,,4.3 Feature importance and explainability,"% (*σ*) and [5] % (*κ*), CBFV features for"
367,69,69,GENERATED,shap_share_S_cbfv,,4.3 Feature importance and explainability,"% (*κ*), CBFV features for [69] %, 68 %"
367,68,68,GENERATED,shap_share_sigma_cbfv,,4.3 Feature importance and explainability,"69 %, [68] % and 60"
367,60,60,GENERATED,shap_share_kappa_cbfv,,4.3 Feature importance and explainability,"68 % and [60] %, and MAGPIE features for"
367,29,29,GENERATED,shap_share_S_magpie,,4.3 Feature importance and explainability,"%, and MAGPIE features for [29] %, 28"
367,28,28,GENERATED,shap_share_sigma_magpie,,4.3 Feature importance and explainability,"29 %, [28] % and 35"
367,35,35,GENERATED,shap_share_kappa_magpie,,4.3 Feature importance and explainability,28 % and [35] %. CBFV features carry the largest share of ev
367,53,53,GENERATED,shap_cbfv_min,,4.3 Feature importance and explainability,"he largest share of every model ( [53] to 69 %), but t"
367,69,69,GENERATED,shap_cbfv_max,,4.3 Feature importance and explainability,"53 to [69] %), but they are also the more numerous ("
367,264,264,GENERATED,shap_n_cbfv,,4.3 Feature importance and explainability,t they are also the more numerous ( [264] against 132 MA
367,132,132,GENERATED,shap_n_magpie,,4.3 Feature importance and explainability,"264 against [132] MAGPIE features): per feature, the mean share"
367,0.85,0.85,GENERATED,shap_ratio_min,,4.3 Feature importance and explainability,mean share of a CBFV feature is [0.85] to 1.22 times
367,1.22,1.22,GENERATED,shap_ratio_max,,4.3 Feature importance and explainability,"0.85 to [1.22] times that of a MAGPIE feature, so neither sc"
369,12,12,EXCLUDED:XREF,,,,es not show whether either could be dropped. ![Figure [12]](../figures/fig12_shap_shares.png){width=100%} **Figu
369,100%,100,EXCLUDED:LINK,,,,"![Figure 12](../figures/fig12_shap_shares.png){width=[100%]} **Figure 12:** Relative contribution of MAGPIE, CBFV"
371,12,12,EXCLUDED:XREF,,,,"./figures/fig12_shap_shares.png){width=100%} **Figure [12]:** Relative contribution of MAGPIE, CBFV and temperatu"
373,4.4,4.4,EXCLUDED:SECTION,,,,of mean \|SHAP\| over all features) to each model. ## [4.4] Direct versus component-wise zT prediction Direct zT
375,2,2,EXCLUDED:NOTATION,,,,tion was compared with the component-wise derivation S^[2]^*σ*T/*κ* under chemistry-cluster CV (Table 10). Direct
375,10,10,EXCLUDED:XREF,,,,ivation S^2^*σ*T/*κ* under chemistry-cluster CV (Table [10]). Direct prediction is more accurate (R^2^ =
375,2,2,EXCLUDED:NOTATION,,,,r CV (Table 10). Direct prediction is more accurate (R^[2]^ = 0.727 vs
375,0.727,0.727,GENERATED,dvd_direct,,4.4 Direct versus component-wise zT prediction,"prediction is more accurate (R^2^ = [0.727] vs 0.540 ), with"
375,0.540,0.54,GENERATED,dvd_derived,,4.4 Direct versus component-wise zT prediction,"0.727 vs [0.540] ), with each model using its own target's froz"
377,2,2,EXCLUDED:MATH,,,,ived zT is $\frac{\delta zT}{zT} \approx \sqrt{\left( [2]\frac{\delta S}{S} \right)^{2} + \left( \frac{\delta\si
377,2,2,EXCLUDED:MATH,,,,{zT} \approx \sqrt{\left( 2\frac{\delta S}{S} \right)^{[2]} + \left( \frac{\delta\sigma}{\sigma} \right)^{2} + \l
377,2,2,EXCLUDED:MATH,,,,ght)^{2} + \left( \frac{\delta\sigma}{\sigma} \right)^{[2]} + \left( \frac{\delta\kappa}{\kappa} \right)^{2}}$ (9
377,2,2,EXCLUDED:MATH,,,,ght)^{2} + \left( \frac{\delta\kappa}{\kappa} \right)^{[2]}}$ (9) so the quadratic dependence on S doubles its r
377,9,9,EXCLUDED:EQNUM,,,,2} + \left( \frac{\delta\kappa}{\kappa} \right)^{2}}$ ([9]) so the quadratic dependence on S doubles its relativ
379,2,2,EXCLUDED:NOTATION,,,,"elative error, and the weakest component model (*σ*, R^[2]^ = 0.692 , against"
379,0.692,0.692,GENERATED,dvd_sigma,,4.4 Direct versus component-wise zT prediction,"weakest component model (*σ*, R^2^ = [0.692] , against 0.820 for S a"
379,0.820,0.82,GENERATED,dvd_S,,4.4 Direct versus component-wise zT prediction,"0.692 , against [0.820] for S and 0.821 fo"
379,0.821,0.821,GENERATED,dvd_kappa,,4.4 Direct versus component-wise zT prediction,0.820 for S and [0.821] for *κ*) adds a large further term. Back-tran
379,2,2,EXCLUDED:NOTATION,,,,"d *κ* with a smearing correction changes the derived R^[2]^ by −0.005 , too little to al"
379,−0.005,0.005,GENERATED,dvd_duan,,4.4 Direct versus component-wise zT prediction,"orrection changes the derived R^2^ by [−0.005] , too little to alter the comparison. The indi"
379,5,5,UNCLASSIFIED,,,4.4 Direct versus component-wise zT prediction,"s repeated under random row-level validation (shuffled [5]-fold, five repeats, the same 56,088"
379,"56,088",56088,GENERATED,dvd_rows,,4.4 Direct versus component-wise zT prediction,"uffled 5-fold, five repeats, the same [56,088] rows and the same frozen hyperparameters; Tab"
379,10,10,EXCLUDED:XREF,,,,rows and the same frozen hyperparameters; Table [10]). Direct prediction is again more accurate (R^2^ =
379,2,2,EXCLUDED:NOTATION,,,,Table 10). Direct prediction is again more accurate (R^[2]^ = 0.917 vs
379,0.917,0.917,GENERATED,na7_direct,,4.4 Direct versus component-wise zT prediction,"tion is again more accurate (R^2^ = [0.917] vs 0.880 ), so th"
379,0.880,0.88,GENERATED,na7_derived,,4.4 Direct versus component-wise zT prediction,"0.917 vs [0.880] ), so the ordering does not depend on grouped"
379,0.036,0.036,GENERATED,na7_gap,,4.4 Direct versus component-wise zT prediction,s: the gap between the two pathways is [0.036] under random validation and
379,0.186,0.186,GENERATED,na7_grouped_gap,,4.4 Direct versus component-wise zT prediction,under random validation and [0.186] under chemistry-cluster validation (differenc
379,2,2,EXCLUDED:NOTATION,,,,"emistry-cluster validation (differences of unrounded R^[2]^), a factor of 5.1 . Random"
379,5.1,5.1,GENERATED,na7_ratio,,4.4 Direct versus component-wise zT prediction,"nces of unrounded R^2^), a factor of [5.1] . Random validation therefore understates how"
382,10,10,EXCLUDED:XREF,,,,to unseen chemistry. **Table [10]:** Direct versus component-wise zT prediction on the 5
382,"56,088",56088,GENERATED,table 10: dvd_rows,,4.4 Direct versus component-wise zT prediction,"0:** Direct versus component-wise zT prediction on the [56,088] rows with all four properties present (4,139 chemistry"
382,"4,139",4139,GENERATED,table 10: dvd_clusters,,4.4 Direct versus component-wise zT prediction,"n on the 56,088 rows with all four properties present ([4,139] chemistry clusters); each model uses its own target's"
382,5,5,UNCLASSIFIED,,table 10: caption or label typed in the generator,4.4 Direct versus component-wise zT prediction,rget's frozen hyperparameters. Chemistry-cluster CV is [5] repeats x 5 folds of grouped folds; random CV is 5 rep
382,5,5,UNCLASSIFIED,,table 10: caption or label typed in the generator,4.4 Direct versus component-wise zT prediction,n hyperparameters. Chemistry-cluster CV is 5 repeats x [5] folds of grouped folds; random CV is 5 repeats x 5 fol
382,5,5,UNCLASSIFIED,,table 10: caption or label typed in the generator,4.4 Direct versus component-wise zT prediction,is 5 repeats x 5 folds of grouped folds; random CV is [5] repeats x 5 folds of shuffled row-level folds; both po
382,5,5,UNCLASSIFIED,,table 10: caption or label typed in the generator,4.4 Direct versus component-wise zT prediction,s x 5 folds of grouped folds; random CV is 5 repeats x [5] folds of shuffled row-level folds; both pool the out-o
382,"280,440",280440,GENERATED,table 10: na7_n,,4.4 Direct versus component-wise zT prediction,"evel folds; both pool the out-of-fold predictions (n = [280,440]). | **Pathway** | **R^2^ (chemistry-cluster)** | **MA"
384,2,2,EXCLUDED:NOTATION,,,,"f-fold predictions (n = 280,440). | **Pathway** | **R^[2]^ (chemistry-cluster)** | **MAE (chemistry-cluster)** |"
384,2,2,EXCLUDED:NOTATION,,,,emistry-cluster)** | **MAE (chemistry-cluster)** | **R^[2]^ (random)** | **MAE (random)** | |--------------------
386,0.727,0.727,GENERATED,table 10: dvd_direct,,4.4 Direct versus component-wise zT prediction,-----|----------|---------| | Direct (features → zT) | [0.727] | 0.132 | 0.917 | 0.072 | | Derived (S^2^*σ*T/*κ*) | 0
386,0.132,0.132,GENERATED,table 10: mae_dvd_direct,,4.4 Direct versus component-wise zT prediction,--------|---------| | Direct (features → zT) | 0.727 | [0.132] | 0.917 | 0.072 | | Derived (S^2^*σ*T/*κ*) | 0.540 | 0
386,0.917,0.917,GENERATED,table 10: na7_direct,,4.4 Direct versus component-wise zT prediction,|---------| | Direct (features → zT) | 0.727 | 0.132 | [0.917] | 0.072 | | Derived (S^2^*σ*T/*κ*) | 0.540 | 0.166 | 0
386,0.072,0.072,GENERATED,table 10: na7_mae_direct,,4.4 Direct versus component-wise zT prediction,--| | Direct (features → zT) | 0.727 | 0.132 | 0.917 | [0.072] | | Derived (S^2^*σ*T/*κ*) | 0.540 | 0.166 | 0.880 | 0
387,2,2,EXCLUDED:NOTATION,,,,s → zT) | 0.727 | 0.132 | 0.917 | 0.072 | | Derived (S^[2]^*σ*T/*κ*) | 0.540 | 0.166 | 0.880 | 0.083 |
387,0.540,0.54,GENERATED,table 10: dvd_derived,,4.4 Direct versus component-wise zT prediction,7 | 0.132 | 0.917 | 0.072 | | Derived (S^2^*σ*T/*κ*) | [0.540] | 0.166 | 0.880 | 0.083 | ## 4
387,0.166,0.166,GENERATED,table 10: mae_dvd_derived,,4.4 Direct versus component-wise zT prediction,2 | 0.917 | 0.072 | | Derived (S^2^*σ*T/*κ*) | 0.540 | [0.166] | 0.880 | 0.083 | ## 4.5 Virtu
387,0.880,0.88,GENERATED,table 10: na7_derived,,4.4 Direct versus component-wise zT prediction,7 | 0.072 | | Derived (S^2^*σ*T/*κ*) | 0.540 | 0.166 | [0.880] | 0.083 | ## 4.5 Virtual scree
387,0.083,0.083,GENERATED,table 10: na7_mae_derived,,4.4 Direct versus component-wise zT prediction,2 | | Derived (S^2^*σ*T/*κ*) | 0.540 | 0.166 | 0.880 | [0.083] | ## 4.5 Virtual screening Th
391,4.5,4.5,EXCLUDED:SECTION,,,,0 | 0.166 | 0.880 | 0.083 | ## [4.5] Virtual screening The screening starts from
393,"75,508",75508,GENERATED,mp_f0,,4.5 Virtual screening,"ual screening The screening starts from [75,508] Materials Project compounds with E~hull~ ≤"
393,0.05,0.05,DESIGN,scr_ehull,,4.5 Virtual screening,"als Project compounds with E~hull~ ≤ [0.05] eV atom^−1^. 26,355 ha"
393,−1,1,EXCLUDED:NOTATION,,,,"with E~hull~ ≤ 0.05 eV atom^[−1]^. 26,355 have a PBE gap in the"
393,"26,355",26355,GENERATED,mp_f1,,4.5 Virtual screening,"0.05 eV atom^−1^. [26,355] have a PBE gap in the window, 2"
393,"24,723",24723,GENERATED,mp_f2,,4.5 Virtual screening,"5 have a PBE gap in the window, [24,723] remain after the exclusion of lead and radioa"
393,806,806,GENERATED,mp_f3,,4.5 Virtual screening,"on of lead and radioactive elements, and [806] have ABX~3~ stoichiometry, of which"
393,3,3,EXCLUDED:NOTATION,,,,"tive elements, and 806 have ABX~[3]~ stoichiometry, of which 30 a"
393,30,30,GENERATED,mp_anti,,4.5 Virtual screening,"have ABX~3~ stoichiometry, of which [30] are anti-perovskites and are set aside. The c"
393,315,315,GENERATED,mp_f4,,4.5 Virtual screening,e set aside. The connectivity test keeps [315] compounds as perovskite-type; a space-group r
393,281,281,GENERATED,mp_sg_rule,,4.5 Virtual screening,"ce-group rule alone would have kept [281] , 62 of which"
393,62,62,GENERATED,mp_sg_not_conn,,4.5 Virtual screening,"281 , [62] of which fail the connectivity test, while"
393,118,118,GENERATED,mp_conn_not_sg,,4.5 Virtual screening,"il the connectivity test, while [118] perovskite-type compounds lie outside the spa"
393,32,32,GENERATED,mp_f5,,4.5 Virtual screening,ie outside the space groups of the rule. [32] have a gap of at most 0.6
393,0.6,0.6,DESIGN,scr_gap_cap,,4.5 Virtual screening,"32 have a gap of at most [0.6] eV, and 30 remain afte"
393,30,30,GENERATED,mp_f6,,4.5 Virtual screening,"0.6 eV, and [30] remain after the exclusion of Tl, Hg, Cd, As"
393,30,30,GENERATED,mp_f6,,4.5 Virtual screening,"usion of Tl, Hg, Cd, As and Be. Of these [30] candidates, 9 ("
393,9,9,GENERATED,nv_main_seen,,4.5 Virtual screening,"30 candidates, [9] (BaSnO~3~, CaMnO~3~, CsSnI~3~ in two entries,"
393,3,3,EXCLUDED:NOTATION,,,,"candidates, 9 (BaSnO~[3]~, CaMnO~3~, CsSnI~3~ in two entries, LaCoO~3~, LaNiO~3"
393,3,3,EXCLUDED:NOTATION,,,,"ates, 9 (BaSnO~3~, CaMnO~[3]~, CsSnI~3~ in two entries, LaCoO~3~, LaNiO~3~, LaRhO~3"
393,3,3,EXCLUDED:NOTATION,,,,"9 (BaSnO~3~, CaMnO~3~, CsSnI~[3]~ in two entries, LaCoO~3~, LaNiO~3~, LaRhO~3~ and YCoO"
393,3,3,EXCLUDED:NOTATION,,,,"(BaSnO~3~, CaMnO~3~, CsSnI~3~ in two entries, LaCoO~[3]~, LaNiO~3~, LaRhO~3~ and YCoO~3~ in two entries) lie i"
393,3,3,EXCLUDED:NOTATION,,,,"3~, CaMnO~3~, CsSnI~3~ in two entries, LaCoO~3~, LaNiO~[3]~, LaRhO~3~ and YCoO~3~ in two entries) lie in chemistr"
393,3,3,EXCLUDED:NOTATION,,,,"3~, CsSnI~3~ in two entries, LaCoO~3~, LaNiO~3~, LaRhO~[3]~ and YCoO~3~ in two entries) lie in chemistry clusters"
393,3,3,EXCLUDED:NOTATION,,,,"in two entries, LaCoO~3~, LaNiO~3~, LaRhO~3~ and YCoO~[3]~ in two entries) lie in chemistry clusters that occur"
393,21,21,GENERATED,nv_main_unseen,,4.5 Virtual screening,occur in the training data and [21] do not; the two groups are reported separatel
393,30,30,GENERATED,mp_f6,,4.5 Virtual screening,"ining data contain the chemistry. Of the [30] candidates, 12 remai"
393,12,12,GENERATED,mp_surv,,4.5 Virtual screening,"30 candidates, [12] remain at every tighter stability limit and a"
393,0.1,0.1,DESIGN,scr_ehull_sens,,4.5 Virtual screening,Raising the stability limit to [0.1] eV atom^−1^ keeps all of them and adds
393,−1,1,EXCLUDED:NOTATION,,,,y limit to 0.1 eV atom^[−1]^ keeps all of them and adds 14
393,14,14,GENERATED,nv_e10_added,,4.5 Virtual screening,"om^−1^ keeps all of them and adds [14] ( 44 in total, all o"
393,44,44,GENERATED,mp_s3_f6,,4.5 Virtual screening,"dds 14 ( [44] in total, all of the added ones in unseen clu"
393,0.9,0.9,DESIGN,scr_gap_cap_sens,,4.5 Virtual screening,"lusters), widening the cap to [0.9] eV adds 19 ("
393,19,19,GENERATED,nv_cap_added,,4.5 Virtual screening,0.9 eV adds [19] ( 4 in seen
393,4,4,GENERATED,nv_cap_added_seen,,4.5 Virtual screening,"19 ( [4] in seen clusters), both together give"
393,73,73,GENERATED,mp_s4_f6,,4.5 Virtual screening,"in seen clusters), both together give [73] , and allowing Tl, As and Be adds"
393,2,2,GENERATED,mp_tl,,4.5 Virtual screening,", and allowing Tl, As and Be adds [2] . The list is therefore sensitive to the crite"
396,11,11,EXCLUDED:XREF,,,,"ones depends on them. **Table [11]:** Ranked list of the 30 lead-free, narrow-gap, perovs"
396,30,30,GENERATED,table 11: mp_f6,,4.5 Virtual screening,"**Table 11:** Ranked list of the [30] lead-free, narrow-gap, perovskite-type candidates of t"
396,300,300,GENERATED,table 11: t_min,,4.5 Virtual screening,"absent) the candidates are ordered by the maximum over [300]--800 K of the predicted zT, reached at the temperature"
396,800,800,GENERATED,table 11: t_max,,4.5 Virtual screening,"t) the candidates are ordered by the maximum over 300--[800] K of the predicted zT, reached at the temperature T; t"
396,−1,1,EXCLUDED:NOTATION,,,,"gn of the carrier-type classifier). E~hull~ in eV atom^[−1]^ (on hull: no energy above the convex hull), E~g~ the"
396,−1,1,EXCLUDED:NOTATION,,,,"e the convex hull), E~g~ the PBE gap in eV, *σ* in S m^[−1]^, *κ* in W m^−1^ K^−1^. † the shortlist of the pre-reg"
396,−1,1,EXCLUDED:NOTATION,,,,"l), E~g~ the PBE gap in eV, *σ* in S m^−1^, *κ* in W m^[−1]^ K^−1^. † the shortlist of the pre-registered rule (do"
396,−1,1,EXCLUDED:NOTATION,,,,"g~ the PBE gap in eV, *σ* in S m^−1^, *κ* in W m^−1^ K^[−1]^. † the shortlist of the pre-registered rule (docs/dec"
398,−1,1,EXCLUDED:NOTATION,,,,* | **Stability** | **E~g~** | **T (K)** | **S (*µ*V K^[−1]^)** | ***σ*** | ***κ*** | **zT** | **Studied before**
400,1,1,GENERATED,table 11: t11_1_rank,,4.5 Virtual screening,|-----|------|--------|-----|-----|---------| | seen | [1] | CsSnI~3~ † ‡ (mp-614013) | 0.000 | on hull | 0.45 |
400,3,3,EXCLUDED:NOTATION,,,,---|--------|-----|-----|---------| | seen | 1 | CsSnI~[3]~ † ‡ (mp-614013) | 0.000 | on hull | 0.45 | 800 | 144
400,0.000,0,GENERATED,table 11: t11_1_ehull,,4.5 Virtual screening,---|---------| | seen | 1 | CsSnI~3~ † ‡ (mp-614013) | [0.000] | on hull | 0.45 | 800 | 144 | 9.2 × 10^3^ | 0.62 | 0.
400,0.45,0.45,GENERATED,table 11: t11_1_gap,,4.5 Virtual screening,een | 1 | CsSnI~3~ † ‡ (mp-614013) | 0.000 | on hull | [0.45] | 800 | 144 | 9.2 × 10^3^ | 0.62 | 0.58 | yes | | seen
400,800,800,GENERATED,table 11: t11_1_T,,4.5 Virtual screening,| CsSnI~3~ † ‡ (mp-614013) | 0.000 | on hull | 0.45 | [800] | 144 | 9.2 × 10^3^ | 0.62 | 0.58 | yes | | seen | 2 |
400,144,144,GENERATED,table 11: t11_1_S,,4.5 Virtual screening,nI~3~ † ‡ (mp-614013) | 0.000 | on hull | 0.45 | 800 | [144] | 9.2 × 10^3^ | 0.62 | 0.58 | yes | | seen | 2 | CsSnI
400,9.2,9.2,GENERATED,table 11: t11_1_sigma,,4.5 Virtual screening,† ‡ (mp-614013) | 0.000 | on hull | 0.45 | 800 | 144 | [9.2] × 10^3^ | 0.62 | 0.58 | yes | | seen | 2 | CsSnI~3~ ‡
400,10^3^,10^3,GENERATED,table 11: t11_1_sigma,,4.5 Virtual screening,p-614013) | 0.000 | on hull | 0.45 | 800 | 144 | 9.2 × [10^3^] | 0.62 | 0.58 | yes | | seen | 2 | CsSnI~3~ ‡ (mp-6163
400,0.62,0.62,GENERATED,table 11: t11_1_kappa,,4.5 Virtual screening,) | 0.000 | on hull | 0.45 | 800 | 144 | 9.2 × 10^3^ | [0.62] | 0.58 | yes | | seen | 2 | CsSnI~3~ ‡ (mp-616378) | 0
400,0.58,0.58,GENERATED,table 11: t11_1_zT,,4.5 Virtual screening,00 | on hull | 0.45 | 800 | 144 | 9.2 × 10^3^ | 0.62 | [0.58] | yes | | seen | 2 | CsSnI~3~ ‡ (mp-616378) | 0.012 |
401,2,2,GENERATED,table 11: t11_2_rank,,4.5 Virtual screening,800 | 144 | 9.2 × 10^3^ | 0.62 | 0.58 | yes | | seen | [2] | CsSnI~3~ ‡ (mp-616378) | 0.012 | metastable | 0.54 |
401,3,3,EXCLUDED:NOTATION,,,,| 9.2 × 10^3^ | 0.62 | 0.58 | yes | | seen | 2 | CsSnI~[3]~ ‡ (mp-616378) | 0.012 | metastable | 0.54 | 800 | 144
401,0.012,0.012,GENERATED,table 11: t11_2_ehull,,4.5 Virtual screening,2 | 0.58 | yes | | seen | 2 | CsSnI~3~ ‡ (mp-616378) | [0.012] | metastable | 0.54 | 800 | 144 | 9.2 × 10^3^ | 0.62 |
401,0.54,0.54,GENERATED,table 11: t11_2_gap,,4.5 Virtual screening,en | 2 | CsSnI~3~ ‡ (mp-616378) | 0.012 | metastable | [0.54] | 800 | 144 | 9.2 × 10^3^ | 0.62 | 0.58 | yes | | seen
401,800,800,GENERATED,table 11: t11_2_T,,4.5 Virtual screening,| CsSnI~3~ ‡ (mp-616378) | 0.012 | metastable | 0.54 | [800] | 144 | 9.2 × 10^3^ | 0.62 | 0.58 | yes | | seen | 3 |
401,144,144,GENERATED,table 11: t11_2_S,,4.5 Virtual screening,I~3~ ‡ (mp-616378) | 0.012 | metastable | 0.54 | 800 | [144] | 9.2 × 10^3^ | 0.62 | 0.58 | yes | | seen | 3 | BaSnO
401,9.2,9.2,GENERATED,table 11: t11_2_sigma,,4.5 Virtual screening,(mp-616378) | 0.012 | metastable | 0.54 | 800 | 144 | [9.2] × 10^3^ | 0.62 | 0.58 | yes | | seen | 3 | BaSnO~3~ †
401,10^3^,10^3,GENERATED,table 11: t11_2_sigma,,4.5 Virtual screening,16378) | 0.012 | metastable | 0.54 | 800 | 144 | 9.2 × [10^3^] | 0.62 | 0.58 | yes | | seen | 3 | BaSnO~3~ † (mp-3163
401,0.62,0.62,GENERATED,table 11: t11_2_kappa,,4.5 Virtual screening,0.012 | metastable | 0.54 | 800 | 144 | 9.2 × 10^3^ | [0.62] | 0.58 | yes | | seen | 3 | BaSnO~3~ † (mp-3163) | 0.0
401,0.58,0.58,GENERATED,table 11: t11_2_zT,,4.5 Virtual screening,| metastable | 0.54 | 800 | 144 | 9.2 × 10^3^ | 0.62 | [0.58] | yes | | seen | 3 | BaSnO~3~ † (mp-3163) | 0.000 | on
402,3,3,GENERATED,table 11: t11_3_rank,,4.5 Virtual screening,800 | 144 | 9.2 × 10^3^ | 0.62 | 0.58 | yes | | seen | [3] | BaSnO~3~ † (mp-3163) | 0.000 | on hull | 0.37 | 800
402,3,3,EXCLUDED:NOTATION,,,,| 9.2 × 10^3^ | 0.62 | 0.58 | yes | | seen | 3 | BaSnO~[3]~ † (mp-3163) | 0.000 | on hull | 0.37 | 800 | −74 | 3.
402,0.000,0,GENERATED,table 11: t11_3_ehull,,4.5 Virtual screening,.62 | 0.58 | yes | | seen | 3 | BaSnO~3~ † (mp-3163) | [0.000] | on hull | 0.37 | 800 | −74 | 3.0 × 10^4^ | 6.70 | 0.
402,0.37,0.37,GENERATED,table 11: t11_3_gap,,4.5 Virtual screening,| seen | 3 | BaSnO~3~ † (mp-3163) | 0.000 | on hull | [0.37] | 800 | −74 | 3.0 × 10^4^ | 6.70 | 0.10 | yes | | seen
402,800,800,GENERATED,table 11: t11_3_T,,4.5 Virtual screening,| 3 | BaSnO~3~ † (mp-3163) | 0.000 | on hull | 0.37 | [800] | −74 | 3.0 × 10^4^ | 6.70 | 0.10 | yes | | seen | 4 |
402,−74,74,GENERATED,table 11: t11_3_S,,4.5 Virtual screening,BaSnO~3~ † (mp-3163) | 0.000 | on hull | 0.37 | 800 | [−74] | 3.0 × 10^4^ | 6.70 | 0.10 | yes | | seen | 4 | CaMnO
402,3.0,3,GENERATED,table 11: t11_3_sigma,,4.5 Virtual screening,~3~ † (mp-3163) | 0.000 | on hull | 0.37 | 800 | −74 | [3.0] × 10^4^ | 6.70 | 0.10 | yes | | seen | 4 | CaMnO~3~ (m
402,10^4^,10^4,GENERATED,table 11: t11_3_sigma,,4.5 Virtual screening,(mp-3163) | 0.000 | on hull | 0.37 | 800 | −74 | 3.0 × [10^4^] | 6.70 | 0.10 | yes | | seen | 4 | CaMnO~3~ (mp-19201)
402,6.70,6.7,GENERATED,table 11: t11_3_kappa,,4.5 Virtual screening,) | 0.000 | on hull | 0.37 | 800 | −74 | 3.0 × 10^4^ | [6.70] | 0.10 | yes | | seen | 4 | CaMnO~3~ (mp-19201) | 0.03
402,0.10,0.1,GENERATED,table 11: t11_3_zT,,4.5 Virtual screening,00 | on hull | 0.37 | 800 | −74 | 3.0 × 10^4^ | 6.70 | [0.10] | yes | | seen | 4 | CaMnO~3~ (mp-19201) | 0.035 | met
403,4,4,GENERATED,table 11: t11_4_rank,,4.5 Virtual screening,800 | −74 | 3.0 × 10^4^ | 6.70 | 0.10 | yes | | seen | [4] | CaMnO~3~ (mp-19201) | 0.035 | metastable | 0.47 | 80
403,3,3,EXCLUDED:NOTATION,,,,| 3.0 × 10^4^ | 6.70 | 0.10 | yes | | seen | 4 | CaMnO~[3]~ (mp-19201) | 0.035 | metastable | 0.47 | 800 | −289 |
403,0.035,0.035,GENERATED,table 11: t11_4_ehull,,4.5 Virtual screening,6.70 | 0.10 | yes | | seen | 4 | CaMnO~3~ (mp-19201) | [0.035] | metastable | 0.47 | 800 | −289 | 2.8 × 10^3^ | 3.77
403,0.47,0.47,GENERATED,table 11: t11_4_gap,,4.5 Virtual screening,seen | 4 | CaMnO~3~ (mp-19201) | 0.035 | metastable | [0.47] | 800 | −289 | 2.8 × 10^3^ | 3.77 | 0.08 | yes | | see
403,800,800,GENERATED,table 11: t11_4_T,,4.5 Virtual screening,4 | CaMnO~3~ (mp-19201) | 0.035 | metastable | 0.47 | [800] | −289 | 2.8 × 10^3^ | 3.77 | 0.08 | yes | | seen | 5
403,−289,289,GENERATED,table 11: t11_4_S,,4.5 Virtual screening,aMnO~3~ (mp-19201) | 0.035 | metastable | 0.47 | 800 | [−289] | 2.8 × 10^3^ | 3.77 | 0.08 | yes | | seen | 5 | YCoO~
403,2.8,2.8,GENERATED,table 11: t11_4_sigma,,4.5 Virtual screening,(mp-19201) | 0.035 | metastable | 0.47 | 800 | −289 | [2.8] × 10^3^ | 3.77 | 0.08 | yes | | seen | 5 | YCoO~3~ (mp
403,10^3^,10^3,GENERATED,table 11: t11_4_sigma,,4.5 Virtual screening,9201) | 0.035 | metastable | 0.47 | 800 | −289 | 2.8 × [10^3^] | 3.77 | 0.08 | yes | | seen | 5 | YCoO~3~ (mp-1273178
403,3.77,3.77,GENERATED,table 11: t11_4_kappa,,4.5 Virtual screening,0.035 | metastable | 0.47 | 800 | −289 | 2.8 × 10^3^ | [3.77] | 0.08 | yes | | seen | 5 | YCoO~3~ (mp-1273178) | 0.0
403,0.08,0.08,GENERATED,table 11: t11_4_zT,,4.5 Virtual screening,metastable | 0.47 | 800 | −289 | 2.8 × 10^3^ | 3.77 | [0.08] | yes | | seen | 5 | YCoO~3~ (mp-1273178) | 0.012 | me
404,5,5,GENERATED,table 11: t11_5_rank,,4.5 Virtual screening,00 | −289 | 2.8 × 10^3^ | 3.77 | 0.08 | yes | | seen | [5] | YCoO~3~ (mp-1273178) | 0.012 | metastable | 0.31 | 8
404,3,3,EXCLUDED:NOTATION,,,,| 2.8 × 10^3^ | 3.77 | 0.08 | yes | | seen | 5 | YCoO~[3]~ (mp-1273178) | 0.012 | metastable | 0.31 | 800 | 208
404,0.012,0.012,GENERATED,table 11: t11_5_ehull,,4.5 Virtual screening,.77 | 0.08 | yes | | seen | 5 | YCoO~3~ (mp-1273178) | [0.012] | metastable | 0.31 | 800 | 208 | 1.1 × 10^4^ | 2.99 |
404,0.31,0.31,GENERATED,table 11: t11_5_gap,,4.5 Virtual screening,seen | 5 | YCoO~3~ (mp-1273178) | 0.012 | metastable | [0.31] | 800 | 208 | 1.1 × 10^4^ | 2.99 | 0.05 | yes | | seen
404,800,800,GENERATED,table 11: t11_5_T,,4.5 Virtual screening,5 | YCoO~3~ (mp-1273178) | 0.012 | metastable | 0.31 | [800] | 208 | 1.1 × 10^4^ | 2.99 | 0.05 | yes | | seen | 6 |
404,208,208,GENERATED,table 11: t11_5_S,,4.5 Virtual screening,oO~3~ (mp-1273178) | 0.012 | metastable | 0.31 | 800 | [208] | 1.1 × 10^4^ | 2.99 | 0.05 | yes | | seen | 6 | YCoO~
404,1.1,1.1,GENERATED,table 11: t11_5_sigma,,4.5 Virtual screening,(mp-1273178) | 0.012 | metastable | 0.31 | 800 | 208 | [1.1] × 10^4^ | 2.99 | 0.05 | yes | | seen | 6 | YCoO~3~ (mp
404,10^4^,10^4,GENERATED,table 11: t11_5_sigma,,4.5 Virtual screening,73178) | 0.012 | metastable | 0.31 | 800 | 208 | 1.1 × [10^4^] | 2.99 | 0.05 | yes | | seen | 6 | YCoO~3~ (mp-1288734
404,2.99,2.99,GENERATED,table 11: t11_5_kappa,,4.5 Virtual screening,0.012 | metastable | 0.31 | 800 | 208 | 1.1 × 10^4^ | [2.99] | 0.05 | yes | | seen | 6 | YCoO~3~ (mp-1288734) | 0.0
404,0.05,0.05,GENERATED,table 11: t11_5_zT,,4.5 Virtual screening,| metastable | 0.31 | 800 | 208 | 1.1 × 10^4^ | 2.99 | [0.05] | yes | | seen | 6 | YCoO~3~ (mp-1288734) | 0.015 | me
405,6,6,GENERATED,table 11: t11_6_rank,,4.5 Virtual screening,800 | 208 | 1.1 × 10^4^ | 2.99 | 0.05 | yes | | seen | [6] | YCoO~3~ (mp-1288734) | 0.015 | metastable | 0.11 | 8
405,3,3,EXCLUDED:NOTATION,,,,| 1.1 × 10^4^ | 2.99 | 0.05 | yes | | seen | 6 | YCoO~[3]~ (mp-1288734) | 0.015 | metastable | 0.11 | 800 | 208
405,0.015,0.015,GENERATED,table 11: t11_6_ehull,,4.5 Virtual screening,.99 | 0.05 | yes | | seen | 6 | YCoO~3~ (mp-1288734) | [0.015] | metastable | 0.11 | 800 | 208 | 1.1 × 10^4^ | 2.99 |
405,0.11,0.11,GENERATED,table 11: t11_6_gap,,4.5 Virtual screening,seen | 6 | YCoO~3~ (mp-1288734) | 0.015 | metastable | [0.11] | 800 | 208 | 1.1 × 10^4^ | 2.99 | 0.05 | yes | | seen
405,800,800,GENERATED,table 11: t11_6_T,,4.5 Virtual screening,6 | YCoO~3~ (mp-1288734) | 0.015 | metastable | 0.11 | [800] | 208 | 1.1 × 10^4^ | 2.99 | 0.05 | yes | | seen | 7 |
405,208,208,GENERATED,table 11: t11_6_S,,4.5 Virtual screening,oO~3~ (mp-1288734) | 0.015 | metastable | 0.11 | 800 | [208] | 1.1 × 10^4^ | 2.99 | 0.05 | yes | | seen | 7 | LaRhO
405,1.1,1.1,GENERATED,table 11: t11_6_sigma,,4.5 Virtual screening,(mp-1288734) | 0.015 | metastable | 0.11 | 800 | 208 | [1.1] × 10^4^ | 2.99 | 0.05 | yes | | seen | 7 | LaRhO~3~ †
405,10^4^,10^4,GENERATED,table 11: t11_6_sigma,,4.5 Virtual screening,88734) | 0.015 | metastable | 0.11 | 800 | 208 | 1.1 × [10^4^] | 2.99 | 0.05 | yes | | seen | 7 | LaRhO~3~ † (mp-5163
405,2.99,2.99,GENERATED,table 11: t11_6_kappa,,4.5 Virtual screening,0.015 | metastable | 0.11 | 800 | 208 | 1.1 × 10^4^ | [2.99] | 0.05 | yes | | seen | 7 | LaRhO~3~ † (mp-5163) | 0.0
405,0.05,0.05,GENERATED,table 11: t11_6_zT,,4.5 Virtual screening,| metastable | 0.11 | 800 | 208 | 1.1 × 10^4^ | 2.99 | [0.05] | yes | | seen | 7 | LaRhO~3~ † (mp-5163) | 0.000 | on
406,7,7,GENERATED,table 11: t11_7_rank,,4.5 Virtual screening,800 | 208 | 1.1 × 10^4^ | 2.99 | 0.05 | yes | | seen | [7] | LaRhO~3~ † (mp-5163) | 0.000 | on hull | 0.60 | 800
406,3,3,EXCLUDED:NOTATION,,,,| 1.1 × 10^4^ | 2.99 | 0.05 | yes | | seen | 7 | LaRhO~[3]~ † (mp-5163) | 0.000 | on hull | 0.60 | 800 | 421 | 3.
406,0.000,0,GENERATED,table 11: t11_7_ehull,,4.5 Virtual screening,.99 | 0.05 | yes | | seen | 7 | LaRhO~3~ † (mp-5163) | [0.000] | on hull | 0.60 | 800 | 421 | 3.5 × 10^3^ | 1.81 | 0.
406,0.60,0.6,GENERATED,table 11: t11_7_gap,,4.5 Virtual screening,| seen | 7 | LaRhO~3~ † (mp-5163) | 0.000 | on hull | [0.60] | 800 | 421 | 3.5 × 10^3^ | 1.81 | 0.05 | yes | | seen
406,800,800,GENERATED,table 11: t11_7_T,,4.5 Virtual screening,| 7 | LaRhO~3~ † (mp-5163) | 0.000 | on hull | 0.60 | [800] | 421 | 3.5 × 10^3^ | 1.81 | 0.05 | yes | | seen | 8 |
406,421,421,GENERATED,table 11: t11_7_S,,4.5 Virtual screening,LaRhO~3~ † (mp-5163) | 0.000 | on hull | 0.60 | 800 | [421] | 3.5 × 10^3^ | 1.81 | 0.05 | yes | | seen | 8 | LaNiO
406,3.5,3.5,GENERATED,table 11: t11_7_sigma,,4.5 Virtual screening,~3~ † (mp-5163) | 0.000 | on hull | 0.60 | 800 | 421 | [3.5] × 10^3^ | 1.81 | 0.05 | yes | | seen | 8 | LaNiO~3~ (m
406,10^3^,10^3,GENERATED,table 11: t11_7_sigma,,4.5 Virtual screening,(mp-5163) | 0.000 | on hull | 0.60 | 800 | 421 | 3.5 × [10^3^] | 1.81 | 0.05 | yes | | seen | 8 | LaNiO~3~ (mp-128495
406,1.81,1.81,GENERATED,table 11: t11_7_kappa,,4.5 Virtual screening,) | 0.000 | on hull | 0.60 | 800 | 421 | 3.5 × 10^3^ | [1.81] | 0.05 | yes | | seen | 8 | LaNiO~3~ (mp-1284950) | 0.
406,0.05,0.05,GENERATED,table 11: t11_7_zT,,4.5 Virtual screening,00 | on hull | 0.60 | 800 | 421 | 3.5 × 10^3^ | 1.81 | [0.05] | yes | | seen | 8 | LaNiO~3~ (mp-1284950) | 0.021 | m
407,8,8,GENERATED,table 11: t11_8_rank,,4.5 Virtual screening,800 | 421 | 3.5 × 10^3^ | 1.81 | 0.05 | yes | | seen | [8] | LaNiO~3~ (mp-1284950) | 0.021 | metastable | 0.36 |
407,3,3,EXCLUDED:NOTATION,,,,| 3.5 × 10^3^ | 1.81 | 0.05 | yes | | seen | 8 | LaNiO~[3]~ (mp-1284950) | 0.021 | metastable | 0.36 | 800 | −12
407,0.021,0.021,GENERATED,table 11: t11_8_ehull,,4.5 Virtual screening,81 | 0.05 | yes | | seen | 8 | LaNiO~3~ (mp-1284950) | [0.021] | metastable | 0.36 | 800 | −12 | 2.7 × 10^4^ | 2.86 |
407,0.36,0.36,GENERATED,table 11: t11_8_gap,,4.5 Virtual screening,een | 8 | LaNiO~3~ (mp-1284950) | 0.021 | metastable | [0.36] | 800 | −12 | 2.7 × 10^4^ | 2.86 | 0.04 | yes | | seen
407,800,800,GENERATED,table 11: t11_8_T,,4.5 Virtual screening,| LaNiO~3~ (mp-1284950) | 0.021 | metastable | 0.36 | [800] | −12 | 2.7 × 10^4^ | 2.86 | 0.04 | yes | | seen | 9 |
407,−12,12,GENERATED,table 11: t11_8_S,,4.5 Virtual screening,iO~3~ (mp-1284950) | 0.021 | metastable | 0.36 | 800 | [−12] | 2.7 × 10^4^ | 2.86 | 0.04 | yes | | seen | 9 | LaCoO
407,2.7,2.7,GENERATED,table 11: t11_8_sigma,,4.5 Virtual screening,(mp-1284950) | 0.021 | metastable | 0.36 | 800 | −12 | [2.7] × 10^4^ | 2.86 | 0.04 | yes | | seen | 9 | LaCoO~3~ †
407,10^4^,10^4,GENERATED,table 11: t11_8_sigma,,4.5 Virtual screening,84950) | 0.021 | metastable | 0.36 | 800 | −12 | 2.7 × [10^4^] | 2.86 | 0.04 | yes | | seen | 9 | LaCoO~3~ † (mp-1288
407,2.86,2.86,GENERATED,table 11: t11_8_kappa,,4.5 Virtual screening,0.021 | metastable | 0.36 | 800 | −12 | 2.7 × 10^4^ | [2.86] | 0.04 | yes | | seen | 9 | LaCoO~3~ † (mp-1288145) |
407,0.04,0.04,GENERATED,table 11: t11_8_zT,,4.5 Virtual screening,| metastable | 0.36 | 800 | −12 | 2.7 × 10^4^ | 2.86 | [0.04] | yes | | seen | 9 | LaCoO~3~ † (mp-1288145) | 0.000 |
408,9,9,GENERATED,table 11: t11_9_rank,,4.5 Virtual screening,800 | −12 | 2.7 × 10^4^ | 2.86 | 0.04 | yes | | seen | [9] | LaCoO~3~ † (mp-1288145) | 0.000 | on hull | 0.28 | 8
408,3,3,EXCLUDED:NOTATION,,,,| 2.7 × 10^4^ | 2.86 | 0.04 | yes | | seen | 9 | LaCoO~[3]~ † (mp-1288145) | 0.000 | on hull | 0.28 | 800 | 35 |
408,0.000,0,GENERATED,table 11: t11_9_ehull,,4.5 Virtual screening,| 0.04 | yes | | seen | 9 | LaCoO~3~ † (mp-1288145) | [0.000] | on hull | 0.28 | 800 | 35 | 3.8 × 10^4^ | 2.58 | 0.0
408,0.28,0.28,GENERATED,table 11: t11_9_gap,,4.5 Virtual screening,seen | 9 | LaCoO~3~ † (mp-1288145) | 0.000 | on hull | [0.28] | 800 | 35 | 3.8 × 10^4^ | 2.58 | 0.04 | yes | | unsee
408,800,800,GENERATED,table 11: t11_9_T,,4.5 Virtual screening,9 | LaCoO~3~ † (mp-1288145) | 0.000 | on hull | 0.28 | [800] | 35 | 3.8 × 10^4^ | 2.58 | 0.04 | yes | | unseen | 1
408,35,35,GENERATED,table 11: t11_9_S,,4.5 Virtual screening,CoO~3~ † (mp-1288145) | 0.000 | on hull | 0.28 | 800 | [35] | 3.8 × 10^4^ | 2.58 | 0.04 | yes | | unseen | 1 | RbG
408,3.8,3.8,GENERATED,table 11: t11_9_sigma,,4.5 Virtual screening,~ † (mp-1288145) | 0.000 | on hull | 0.28 | 800 | 35 | [3.8] × 10^4^ | 2.58 | 0.04 | yes | | unseen | 1 | RbGeI~3~
408,10^4^,10^4,GENERATED,table 11: t11_9_sigma,,4.5 Virtual screening,p-1288145) | 0.000 | on hull | 0.28 | 800 | 35 | 3.8 × [10^4^] | 2.58 | 0.04 | yes | | unseen | 1 | RbGeI~3~ (mp-5714
408,2.58,2.58,GENERATED,table 11: t11_9_kappa,,4.5 Virtual screening,5) | 0.000 | on hull | 0.28 | 800 | 35 | 3.8 × 10^4^ | [2.58] | 0.04 | yes | | unseen | 1 | RbGeI~3~ (mp-571458) | 0
408,0.04,0.04,GENERATED,table 11: t11_9_zT,,4.5 Virtual screening,000 | on hull | 0.28 | 800 | 35 | 3.8 × 10^4^ | 2.58 | [0.04] | yes | | unseen | 1 | RbGeI~3~ (mp-571458) | 0.013 |
409,1,1,GENERATED,table 11: t11_10_rank,,4.5 Virtual screening,00 | 35 | 3.8 × 10^4^ | 2.58 | 0.04 | yes | | unseen | [1] | RbGeI~3~ (mp-571458) | 0.013 | metastable | 0.52 | 8
409,3,3,EXCLUDED:NOTATION,,,,3.8 × 10^4^ | 2.58 | 0.04 | yes | | unseen | 1 | RbGeI~[3]~ (mp-571458) | 0.013 | metastable | 0.52 | 800 | 100 |
409,0.013,0.013,GENERATED,table 11: t11_10_ehull,,4.5 Virtual screening,8 | 0.04 | yes | | unseen | 1 | RbGeI~3~ (mp-571458) | [0.013] | metastable | 0.52 | 800 | 100 | 1.8 × 10^4^ | 0.69 |
409,0.52,0.52,GENERATED,table 11: t11_10_gap,,4.5 Virtual screening,seen | 1 | RbGeI~3~ (mp-571458) | 0.013 | metastable | [0.52] | 800 | 100 | 1.8 × 10^4^ | 0.69 | 0.61 | yes | | unse
409,800,800,GENERATED,table 11: t11_10_T,,4.5 Virtual screening,1 | RbGeI~3~ (mp-571458) | 0.013 | metastable | 0.52 | [800] | 100 | 1.8 × 10^4^ | 0.69 | 0.61 | yes | | unseen | 2
409,100,100,GENERATED,table 11: t11_10_S,,4.5 Virtual screening,GeI~3~ (mp-571458) | 0.013 | metastable | 0.52 | 800 | [100] | 1.8 × 10^4^ | 0.69 | 0.61 | yes | | unseen | 2 | CsS
409,1.8,1.8,GENERATED,table 11: t11_10_sigma,,4.5 Virtual screening,(mp-571458) | 0.013 | metastable | 0.52 | 800 | 100 | [1.8] × 10^4^ | 0.69 | 0.61 | yes | | unseen | 2 | CsSnBr~3~
409,10^4^,10^4,GENERATED,table 11: t11_10_sigma,,4.5 Virtual screening,71458) | 0.013 | metastable | 0.52 | 800 | 100 | 1.8 × [10^4^] | 0.69 | 0.61 | yes | | unseen | 2 | CsSnBr~3~ (mp-272
409,0.69,0.69,GENERATED,table 11: t11_10_kappa,,4.5 Virtual screening,0.013 | metastable | 0.52 | 800 | 100 | 1.8 × 10^4^ | [0.69] | 0.61 | yes | | unseen | 2 | CsSnBr~3~ (mp-27214) | 0
409,0.61,0.61,GENERATED,table 11: t11_10_zT,,4.5 Virtual screening,| metastable | 0.52 | 800 | 100 | 1.8 × 10^4^ | 0.69 | [0.61] | yes | | unseen | 2 | CsSnBr~3~ (mp-27214) | 0.011 |
410,2,2,GENERATED,table 11: t11_11_rank,,4.5 Virtual screening,0 | 100 | 1.8 × 10^4^ | 0.69 | 0.61 | yes | | unseen | [2] | CsSnBr~3~ (mp-27214) | 0.011 | metastable | 0.60 | 8
410,3,3,EXCLUDED:NOTATION,,,,.8 × 10^4^ | 0.69 | 0.61 | yes | | unseen | 2 | CsSnBr~[3]~ (mp-27214) | 0.011 | metastable | 0.60 | 800 | 38 | 1
410,0.011,0.011,GENERATED,table 11: t11_11_ehull,,4.5 Virtual screening,9 | 0.61 | yes | | unseen | 2 | CsSnBr~3~ (mp-27214) | [0.011] | metastable | 0.60 | 800 | 38 | 1.4 × 10^4^ | 0.67 |
410,0.60,0.6,GENERATED,table 11: t11_11_gap,,4.5 Virtual screening,seen | 2 | CsSnBr~3~ (mp-27214) | 0.011 | metastable | [0.60] | 800 | 38 | 1.4 × 10^4^ | 0.67 | 0.57 | yes | | unsee
410,800,800,GENERATED,table 11: t11_11_T,,4.5 Virtual screening,2 | CsSnBr~3~ (mp-27214) | 0.011 | metastable | 0.60 | [800] | 38 | 1.4 × 10^4^ | 0.67 | 0.57 | yes | | unseen | 3
410,38,38,GENERATED,table 11: t11_11_S,,4.5 Virtual screening,SnBr~3~ (mp-27214) | 0.011 | metastable | 0.60 | 800 | [38] | 1.4 × 10^4^ | 0.67 | 0.57 | yes | | unseen | 3 | AlS
410,1.4,1.4,GENERATED,table 11: t11_11_sigma,,4.5 Virtual screening,3~ (mp-27214) | 0.011 | metastable | 0.60 | 800 | 38 | [1.4] × 10^4^ | 0.67 | 0.57 | yes | | unseen | 3 | AlSiP~3~
410,10^4^,10^4,GENERATED,table 11: t11_11_sigma,,4.5 Virtual screening,-27214) | 0.011 | metastable | 0.60 | 800 | 38 | 1.4 × [10^4^] | 0.67 | 0.57 | yes | | unseen | 3 | AlSiP~3~ (mp-5168
410,0.67,0.67,GENERATED,table 11: t11_11_kappa,,4.5 Virtual screening,| 0.011 | metastable | 0.60 | 800 | 38 | 1.4 × 10^4^ | [0.67] | 0.57 | yes | | unseen | 3 | AlSiP~3~ (mp-5168) | 0.0
410,0.57,0.57,GENERATED,table 11: t11_11_zT,,4.5 Virtual screening,| metastable | 0.60 | 800 | 38 | 1.4 × 10^4^ | 0.67 | [0.57] | yes | | unseen | 3 | AlSiP~3~ (mp-5168) | 0.007 | me
411,3,3,GENERATED,table 11: t11_12_rank,,4.5 Virtual screening,00 | 38 | 1.4 × 10^4^ | 0.67 | 0.57 | yes | | unseen | [3] | AlSiP~3~ (mp-5168) | 0.007 | metastable | 0.29 | 800
411,3,3,EXCLUDED:NOTATION,,,,1.4 × 10^4^ | 0.67 | 0.57 | yes | | unseen | 3 | AlSiP~[3]~ (mp-5168) | 0.007 | metastable | 0.29 | 800 | 165 | 1
411,0.007,0.007,GENERATED,table 11: t11_12_ehull,,4.5 Virtual screening,.67 | 0.57 | yes | | unseen | 3 | AlSiP~3~ (mp-5168) | [0.007] | metastable | 0.29 | 800 | 165 | 1.3 × 10^4^ | 4.64 |
411,0.29,0.29,GENERATED,table 11: t11_12_gap,,4.5 Virtual screening,unseen | 3 | AlSiP~3~ (mp-5168) | 0.007 | metastable | [0.29] | 800 | 165 | 1.3 × 10^4^ | 4.64 | 0.37 | no evidence
411,800,800,GENERATED,table 11: t11_12_T,,4.5 Virtual screening,| 3 | AlSiP~3~ (mp-5168) | 0.007 | metastable | 0.29 | [800] | 165 | 1.3 × 10^4^ | 4.64 | 0.37 | no evidence | | un
411,165,165,GENERATED,table 11: t11_12_S,,4.5 Virtual screening,AlSiP~3~ (mp-5168) | 0.007 | metastable | 0.29 | 800 | [165] | 1.3 × 10^4^ | 4.64 | 0.37 | no evidence | | unseen |
411,1.3,1.3,GENERATED,table 11: t11_12_sigma,,4.5 Virtual screening,3~ (mp-5168) | 0.007 | metastable | 0.29 | 800 | 165 | [1.3] × 10^4^ | 4.64 | 0.37 | no evidence | | unseen | 4 | R
411,10^4^,10^4,GENERATED,table 11: t11_12_sigma,,4.5 Virtual screening,-5168) | 0.007 | metastable | 0.29 | 800 | 165 | 1.3 × [10^4^] | 4.64 | 0.37 | no evidence | | unseen | 4 | RbEuCl~3~
411,4.64,4.64,GENERATED,table 11: t11_12_kappa,,4.5 Virtual screening,0.007 | metastable | 0.29 | 800 | 165 | 1.3 × 10^4^ | [4.64] | 0.37 | no evidence | | unseen | 4 | RbEuCl~3~ (mp-12
411,0.37,0.37,GENERATED,table 11: t11_12_zT,,4.5 Virtual screening,| metastable | 0.29 | 800 | 165 | 1.3 × 10^4^ | 4.64 | [0.37] | no evidence | | unseen | 4 | RbEuCl~3~ (mp-1206801)
412,4,4,GENERATED,table 11: t11_13_rank,,4.5 Virtual screening,| 1.3 × 10^4^ | 4.64 | 0.37 | no evidence | | unseen | [4] | RbEuCl~3~ (mp-1206801) | 0.038 | metastable | 0.45 |
412,3,3,EXCLUDED:NOTATION,,,,4^ | 4.64 | 0.37 | no evidence | | unseen | 4 | RbEuCl~[3]~ (mp-1206801) | 0.038 | metastable | 0.45 | 800 | 17 |
412,0.038,0.038,GENERATED,table 11: t11_13_ehull,,4.5 Virtual screening,no evidence | | unseen | 4 | RbEuCl~3~ (mp-1206801) | [0.038] | metastable | 0.45 | 800 | 17 | 3.6 × 10^4^ | 1.33 |
412,0.45,0.45,GENERATED,table 11: t11_13_gap,,4.5 Virtual screening,en | 4 | RbEuCl~3~ (mp-1206801) | 0.038 | metastable | [0.45] | 800 | 17 | 3.6 × 10^4^ | 1.33 | 0.35 | no evidence |
412,800,800,GENERATED,table 11: t11_13_T,,4.5 Virtual screening,| RbEuCl~3~ (mp-1206801) | 0.038 | metastable | 0.45 | [800] | 17 | 3.6 × 10^4^ | 1.33 | 0.35 | no evidence | | uns
412,17,17,GENERATED,table 11: t11_13_S,,4.5 Virtual screening,Cl~3~ (mp-1206801) | 0.038 | metastable | 0.45 | 800 | [17] | 3.6 × 10^4^ | 1.33 | 0.35 | no evidence | | unseen |
412,3.6,3.6,GENERATED,table 11: t11_13_sigma,,4.5 Virtual screening,(mp-1206801) | 0.038 | metastable | 0.45 | 800 | 17 | [3.6] × 10^4^ | 1.33 | 0.35 | no evidence | | unseen | 5 | S
412,10^4^,10^4,GENERATED,table 11: t11_13_sigma,,4.5 Virtual screening,206801) | 0.038 | metastable | 0.45 | 800 | 17 | 3.6 × [10^4^] | 1.33 | 0.35 | no evidence | | unseen | 5 | SrBiO~3~
412,1.33,1.33,GENERATED,table 11: t11_13_kappa,,4.5 Virtual screening,| 0.038 | metastable | 0.45 | 800 | 17 | 3.6 × 10^4^ | [1.33] | 0.35 | no evidence | | unseen | 5 | SrBiO~3~ (mp-291
412,0.35,0.35,GENERATED,table 11: t11_13_zT,,4.5 Virtual screening,| metastable | 0.45 | 800 | 17 | 3.6 × 10^4^ | 1.33 | [0.35] | no evidence | | unseen | 5 | SrBiO~3~ (mp-29164) | 0
413,5,5,GENERATED,table 11: t11_14_rank,,4.5 Virtual screening,| 3.6 × 10^4^ | 1.33 | 0.35 | no evidence | | unseen | [5] | SrBiO~3~ (mp-29164) | 0.000 | on hull | 0.31 | 800 |
413,3,3,EXCLUDED:NOTATION,,,,^4^ | 1.33 | 0.35 | no evidence | | unseen | 5 | SrBiO~[3]~ (mp-29164) | 0.000 | on hull | 0.31 | 800 | −134 | 6.
413,0.000,0,GENERATED,table 11: t11_14_ehull,,4.5 Virtual screening,5 | no evidence | | unseen | 5 | SrBiO~3~ (mp-29164) | [0.000] | on hull | 0.31 | 800 | −134 | 6.0 × 10^3^ | 2.19 | 0
413,0.31,0.31,GENERATED,table 11: t11_14_gap,,4.5 Virtual screening,| unseen | 5 | SrBiO~3~ (mp-29164) | 0.000 | on hull | [0.31] | 800 | −134 | 6.0 × 10^3^ | 2.19 | 0.21 | no evidence
413,800,800,GENERATED,table 11: t11_14_T,,4.5 Virtual screening,n | 5 | SrBiO~3~ (mp-29164) | 0.000 | on hull | 0.31 | [800] | −134 | 6.0 × 10^3^ | 2.19 | 0.21 | no evidence | | u
413,−134,134,GENERATED,table 11: t11_14_S,,4.5 Virtual screening,| SrBiO~3~ (mp-29164) | 0.000 | on hull | 0.31 | 800 | [−134] | 6.0 × 10^3^ | 2.19 | 0.21 | no evidence | | unseen |
413,6.0,6,GENERATED,table 11: t11_14_sigma,,4.5 Virtual screening,~3~ (mp-29164) | 0.000 | on hull | 0.31 | 800 | −134 | [6.0] × 10^3^ | 2.19 | 0.21 | no evidence | | unseen | 6 | K
413,10^3^,10^3,GENERATED,table 11: t11_14_sigma,,4.5 Virtual screening,p-29164) | 0.000 | on hull | 0.31 | 800 | −134 | 6.0 × [10^3^] | 2.19 | 0.21 | no evidence | | unseen | 6 | KCrF~3~ (
413,2.19,2.19,GENERATED,table 11: t11_14_kappa,,4.5 Virtual screening,| 0.000 | on hull | 0.31 | 800 | −134 | 6.0 × 10^3^ | [2.19] | 0.21 | no evidence | | unseen | 6 | KCrF~3~ (mp-1180
413,0.21,0.21,GENERATED,table 11: t11_14_zT,,4.5 Virtual screening,0 | on hull | 0.31 | 800 | −134 | 6.0 × 10^3^ | 2.19 | [0.21] | no evidence | | unseen | 6 | KCrF~3~ (mp-1180782) |
414,6,6,GENERATED,table 11: t11_15_rank,,4.5 Virtual screening,| 6.0 × 10^3^ | 2.19 | 0.21 | no evidence | | unseen | [6] | KCrF~3~ (mp-1180782) | 0.002 | metastable | 0.16 | 8
414,3,3,EXCLUDED:NOTATION,,,,0^3^ | 2.19 | 0.21 | no evidence | | unseen | 6 | KCrF~[3]~ (mp-1180782) | 0.002 | metastable | 0.16 | 800 | 29 |
414,0.002,0.002,GENERATED,table 11: t11_15_ehull,,4.5 Virtual screening,| no evidence | | unseen | 6 | KCrF~3~ (mp-1180782) | [0.002] | metastable | 0.16 | 800 | 29 | 2.4 × 10^4^ | 2.19 |
414,0.16,0.16,GENERATED,table 11: t11_15_gap,,4.5 Virtual screening,seen | 6 | KCrF~3~ (mp-1180782) | 0.002 | metastable | [0.16] | 800 | 29 | 2.4 × 10^4^ | 2.19 | 0.21 | no evidence |
414,800,800,GENERATED,table 11: t11_15_T,,4.5 Virtual screening,6 | KCrF~3~ (mp-1180782) | 0.002 | metastable | 0.16 | [800] | 29 | 2.4 × 10^4^ | 2.19 | 0.21 | no evidence | | uns
414,29,29,GENERATED,table 11: t11_15_S,,4.5 Virtual screening,rF~3~ (mp-1180782) | 0.002 | metastable | 0.16 | 800 | [29] | 2.4 × 10^4^ | 2.19 | 0.21 | no evidence | | unseen |
414,2.4,2.4,GENERATED,table 11: t11_15_sigma,,4.5 Virtual screening,(mp-1180782) | 0.002 | metastable | 0.16 | 800 | 29 | [2.4] × 10^4^ | 2.19 | 0.21 | no evidence | | unseen | 7 | E
414,10^4^,10^4,GENERATED,table 11: t11_15_sigma,,4.5 Virtual screening,180782) | 0.002 | metastable | 0.16 | 800 | 29 | 2.4 × [10^4^] | 2.19 | 0.21 | no evidence | | unseen | 7 | EuHfS~3~
414,2.19,2.19,GENERATED,table 11: t11_15_kappa,,4.5 Virtual screening,| 0.002 | metastable | 0.16 | 800 | 29 | 2.4 × 10^4^ | [2.19] | 0.21 | no evidence | | unseen | 7 | EuHfS~3~ (mp-119
414,0.21,0.21,GENERATED,table 11: t11_15_zT,,4.5 Virtual screening,| metastable | 0.16 | 800 | 29 | 2.4 × 10^4^ | 2.19 | [0.21] | no evidence | | unseen | 7 | EuHfS~3~ (mp-1190059) |
415,7,7,GENERATED,table 11: t11_16_rank,,4.5 Virtual screening,| 2.4 × 10^4^ | 2.19 | 0.21 | no evidence | | unseen | [7] | EuHfS~3~ (mp-1190059) | 0.000 | on hull | 0.13 | 800
415,3,3,EXCLUDED:NOTATION,,,,^4^ | 2.19 | 0.21 | no evidence | | unseen | 7 | EuHfS~[3]~ (mp-1190059) | 0.000 | on hull | 0.13 | 800 | −68 | 3
415,0.000,0,GENERATED,table 11: t11_16_ehull,,4.5 Virtual screening,| no evidence | | unseen | 7 | EuHfS~3~ (mp-1190059) | [0.000] | on hull | 0.13 | 800 | −68 | 3.1 × 10^4^ | 1.52 | 0.
415,0.13,0.13,GENERATED,table 11: t11_16_gap,,4.5 Virtual screening,unseen | 7 | EuHfS~3~ (mp-1190059) | 0.000 | on hull | [0.13] | 800 | −68 | 3.1 × 10^4^ | 1.52 | 0.20 | no evidence
415,800,800,GENERATED,table 11: t11_16_T,,4.5 Virtual screening,| 7 | EuHfS~3~ (mp-1190059) | 0.000 | on hull | 0.13 | [800] | −68 | 3.1 × 10^4^ | 1.52 | 0.20 | no evidence | | un
415,−68,68,GENERATED,table 11: t11_16_S,,4.5 Virtual screening,EuHfS~3~ (mp-1190059) | 0.000 | on hull | 0.13 | 800 | [−68] | 3.1 × 10^4^ | 1.52 | 0.20 | no evidence | | unseen |
415,3.1,3.1,GENERATED,table 11: t11_16_sigma,,4.5 Virtual screening,3~ (mp-1190059) | 0.000 | on hull | 0.13 | 800 | −68 | [3.1] × 10^4^ | 1.52 | 0.20 | no evidence | | unseen | 8 | K
415,10^4^,10^4,GENERATED,table 11: t11_16_sigma,,4.5 Virtual screening,-1190059) | 0.000 | on hull | 0.13 | 800 | −68 | 3.1 × [10^4^] | 1.52 | 0.20 | no evidence | | unseen | 8 | KBiO~3~ (
415,1.52,1.52,GENERATED,table 11: t11_16_kappa,,4.5 Virtual screening,) | 0.000 | on hull | 0.13 | 800 | −68 | 3.1 × 10^4^ | [1.52] | 0.20 | no evidence | | unseen | 8 | KBiO~3~ (mp-2979
415,0.20,0.2,GENERATED,table 11: t11_16_zT,,4.5 Virtual screening,00 | on hull | 0.13 | 800 | −68 | 3.1 × 10^4^ | 1.52 | [0.20] | no evidence | | unseen | 8 | KBiO~3~ (mp-29799) | 0.
416,8,8,GENERATED,table 11: t11_17_rank,,4.5 Virtual screening,| 3.1 × 10^4^ | 1.52 | 0.20 | no evidence | | unseen | [8] | KBiO~3~ (mp-29799) | 0.000 | on hull | 0.49 | 800 |
416,3,3,EXCLUDED:NOTATION,,,,0^4^ | 1.52 | 0.20 | no evidence | | unseen | 8 | KBiO~[3]~ (mp-29799) | 0.000 | on hull | 0.49 | 800 | −83 | 1.3
416,0.000,0,GENERATED,table 11: t11_17_ehull,,4.5 Virtual screening,20 | no evidence | | unseen | 8 | KBiO~3~ (mp-29799) | [0.000] | on hull | 0.49 | 800 | −83 | 1.3 × 10^4^ | 2.02 | 0.
416,0.49,0.49,GENERATED,table 11: t11_17_gap,,4.5 Virtual screening,| unseen | 8 | KBiO~3~ (mp-29799) | 0.000 | on hull | [0.49] | 800 | −83 | 1.3 × 10^4^ | 2.02 | 0.17 | no evidence
416,800,800,GENERATED,table 11: t11_17_T,,4.5 Virtual screening,en | 8 | KBiO~3~ (mp-29799) | 0.000 | on hull | 0.49 | [800] | −83 | 1.3 × 10^4^ | 2.02 | 0.17 | no evidence | | un
416,−83,83,GENERATED,table 11: t11_17_S,,4.5 Virtual screening,| KBiO~3~ (mp-29799) | 0.000 | on hull | 0.49 | 800 | [−83] | 1.3 × 10^4^ | 2.02 | 0.17 | no evidence | | unseen |
416,1.3,1.3,GENERATED,table 11: t11_17_sigma,,4.5 Virtual screening,O~3~ (mp-29799) | 0.000 | on hull | 0.49 | 800 | −83 | [1.3] × 10^4^ | 2.02 | 0.17 | no evidence | | unseen | 9 | E
416,10^4^,10^4,GENERATED,table 11: t11_17_sigma,,4.5 Virtual screening,mp-29799) | 0.000 | on hull | 0.49 | 800 | −83 | 1.3 × [10^4^] | 2.02 | 0.17 | no evidence | | unseen | 9 | EuZrS~3~
416,2.02,2.02,GENERATED,table 11: t11_17_kappa,,4.5 Virtual screening,) | 0.000 | on hull | 0.49 | 800 | −83 | 1.3 × 10^4^ | [2.02] | 0.17 | no evidence | | unseen | 9 | EuZrS~3~ (mp-118
416,0.17,0.17,GENERATED,table 11: t11_17_zT,,4.5 Virtual screening,00 | on hull | 0.49 | 800 | −83 | 1.3 × 10^4^ | 2.02 | [0.17] | no evidence | | unseen | 9 | EuZrS~3~ (mp-1189927) |
417,9,9,GENERATED,table 11: t11_18_rank,,4.5 Virtual screening,| 1.3 × 10^4^ | 2.02 | 0.17 | no evidence | | unseen | [9] | EuZrS~3~ (mp-1189927) | 0.000 | on hull | 0.15 | 800
417,3,3,EXCLUDED:NOTATION,,,,^4^ | 2.02 | 0.17 | no evidence | | unseen | 9 | EuZrS~[3]~ (mp-1189927) | 0.000 | on hull | 0.15 | 800 | −136 |
417,0.000,0,GENERATED,table 11: t11_18_ehull,,4.5 Virtual screening,| no evidence | | unseen | 9 | EuZrS~3~ (mp-1189927) | [0.000] | on hull | 0.15 | 800 | −136 | 2.4 × 10^4^ | 1.25 | 0
417,0.15,0.15,GENERATED,table 11: t11_18_gap,,4.5 Virtual screening,unseen | 9 | EuZrS~3~ (mp-1189927) | 0.000 | on hull | [0.15] | 800 | −136 | 2.4 × 10^4^ | 1.25 | 0.16 | no evidence
417,800,800,GENERATED,table 11: t11_18_T,,4.5 Virtual screening,| 9 | EuZrS~3~ (mp-1189927) | 0.000 | on hull | 0.15 | [800] | −136 | 2.4 × 10^4^ | 1.25 | 0.16 | no evidence | | u
417,−136,136,GENERATED,table 11: t11_18_S,,4.5 Virtual screening,EuZrS~3~ (mp-1189927) | 0.000 | on hull | 0.15 | 800 | [−136] | 2.4 × 10^4^ | 1.25 | 0.16 | no evidence | | unseen |
417,2.4,2.4,GENERATED,table 11: t11_18_sigma,,4.5 Virtual screening,~ (mp-1189927) | 0.000 | on hull | 0.15 | 800 | −136 | [2.4] × 10^4^ | 1.25 | 0.16 | no evidence | | unseen | 10 |
417,10^4^,10^4,GENERATED,table 11: t11_18_sigma,,4.5 Virtual screening,1189927) | 0.000 | on hull | 0.15 | 800 | −136 | 2.4 × [10^4^] | 1.25 | 0.16 | no evidence | | unseen | 10 | MnBO~3~
417,1.25,1.25,GENERATED,table 11: t11_18_kappa,,4.5 Virtual screening,| 0.000 | on hull | 0.15 | 800 | −136 | 2.4 × 10^4^ | [1.25] | 0.16 | no evidence | | unseen | 10 | MnBO~3~ (mp-127
417,0.16,0.16,GENERATED,table 11: t11_18_zT,,4.5 Virtual screening,0 | on hull | 0.15 | 800 | −136 | 2.4 × 10^4^ | 1.25 | [0.16] | no evidence | | unseen | 10 | MnBO~3~ (mp-1278986) |
418,10,10,GENERATED,table 11: t11_19_rank,,4.5 Virtual screening,| 2.4 × 10^4^ | 1.25 | 0.16 | no evidence | | unseen | [10] | MnBO~3~ (mp-1278986) | 0.032 | metastable | 0.60 | 8
418,3,3,EXCLUDED:NOTATION,,,,^4^ | 1.25 | 0.16 | no evidence | | unseen | 10 | MnBO~[3]~ (mp-1278986) | 0.032 | metastable | 0.60 | 800 | −55
418,0.032,0.032,GENERATED,table 11: t11_19_ehull,,4.5 Virtual screening,| no evidence | | unseen | 10 | MnBO~3~ (mp-1278986) | [0.032] | metastable | 0.60 | 800 | −55 | 9.5 × 10^3^ | 2.31 |
418,0.60,0.6,GENERATED,table 11: t11_19_gap,,4.5 Virtual screening,een | 10 | MnBO~3~ (mp-1278986) | 0.032 | metastable | [0.60] | 800 | −55 | 9.5 × 10^3^ | 2.31 | 0.14 | no evidence
418,800,800,GENERATED,table 11: t11_19_T,,4.5 Virtual screening,0 | MnBO~3~ (mp-1278986) | 0.032 | metastable | 0.60 | [800] | −55 | 9.5 × 10^3^ | 2.31 | 0.14 | no evidence | | un
418,−55,55,GENERATED,table 11: t11_19_S,,4.5 Virtual screening,BO~3~ (mp-1278986) | 0.032 | metastable | 0.60 | 800 | [−55] | 9.5 × 10^3^ | 2.31 | 0.14 | no evidence | | unseen |
418,9.5,9.5,GENERATED,table 11: t11_19_sigma,,4.5 Virtual screening,(mp-1278986) | 0.032 | metastable | 0.60 | 800 | −55 | [9.5] × 10^3^ | 2.31 | 0.14 | no evidence | | unseen | 11 |
418,10^3^,10^3,GENERATED,table 11: t11_19_sigma,,4.5 Virtual screening,78986) | 0.032 | metastable | 0.60 | 800 | −55 | 9.5 × [10^3^] | 2.31 | 0.14 | no evidence | | unseen | 11 | MnBO~3~
418,2.31,2.31,GENERATED,table 11: t11_19_kappa,,4.5 Virtual screening,0.032 | metastable | 0.60 | 800 | −55 | 9.5 × 10^3^ | [2.31] | 0.14 | no evidence | | unseen | 11 | MnBO~3~ (mp-128
418,0.14,0.14,GENERATED,table 11: t11_19_zT,,4.5 Virtual screening,| metastable | 0.60 | 800 | −55 | 9.5 × 10^3^ | 2.31 | [0.14] | no evidence | | unseen | 11 | MnBO~3~ (mp-1289597) |
419,11,11,GENERATED,table 11: t11_20_rank,,4.5 Virtual screening,| 9.5 × 10^3^ | 2.31 | 0.14 | no evidence | | unseen | [11] | MnBO~3~ (mp-1289597) | 0.020 | metastable | 0.15 | 8
419,3,3,EXCLUDED:NOTATION,,,,^3^ | 2.31 | 0.14 | no evidence | | unseen | 11 | MnBO~[3]~ (mp-1289597) | 0.020 | metastable | 0.15 | 800 | −55
419,0.020,0.02,GENERATED,table 11: t11_20_ehull,,4.5 Virtual screening,| no evidence | | unseen | 11 | MnBO~3~ (mp-1289597) | [0.020] | metastable | 0.15 | 800 | −55 | 9.5 × 10^3^ | 2.31 |
419,0.15,0.15,GENERATED,table 11: t11_20_gap,,4.5 Virtual screening,een | 11 | MnBO~3~ (mp-1289597) | 0.020 | metastable | [0.15] | 800 | −55 | 9.5 × 10^3^ | 2.31 | 0.14 | no evidence
419,800,800,GENERATED,table 11: t11_20_T,,4.5 Virtual screening,1 | MnBO~3~ (mp-1289597) | 0.020 | metastable | 0.15 | [800] | −55 | 9.5 × 10^3^ | 2.31 | 0.14 | no evidence | | un
419,−55,55,GENERATED,table 11: t11_20_S,,4.5 Virtual screening,BO~3~ (mp-1289597) | 0.020 | metastable | 0.15 | 800 | [−55] | 9.5 × 10^3^ | 2.31 | 0.14 | no evidence | | unseen |
419,9.5,9.5,GENERATED,table 11: t11_20_sigma,,4.5 Virtual screening,(mp-1289597) | 0.020 | metastable | 0.15 | 800 | −55 | [9.5] × 10^3^ | 2.31 | 0.14 | no evidence | | unseen | 12 |
419,10^3^,10^3,GENERATED,table 11: t11_20_sigma,,4.5 Virtual screening,89597) | 0.020 | metastable | 0.15 | 800 | −55 | 9.5 × [10^3^] | 2.31 | 0.14 | no evidence | | unseen | 12 | EuHfO~3~
419,2.31,2.31,GENERATED,table 11: t11_20_kappa,,4.5 Virtual screening,0.020 | metastable | 0.15 | 800 | −55 | 9.5 × 10^3^ | [2.31] | 0.14 | no evidence | | unseen | 12 | EuHfO~3~ (mp-75
419,0.14,0.14,GENERATED,table 11: t11_20_zT,,4.5 Virtual screening,| metastable | 0.15 | 800 | −55 | 9.5 × 10^3^ | 2.31 | [0.14] | no evidence | | unseen | 12 | EuHfO~3~ (mp-753781) |
420,12,12,GENERATED,table 11: t11_21_rank,,4.5 Virtual screening,| 9.5 × 10^3^ | 2.31 | 0.14 | no evidence | | unseen | [12] | EuHfO~3~ (mp-753781) | 0.000 | on hull | 0.60 | 800
420,3,3,EXCLUDED:NOTATION,,,,3^ | 2.31 | 0.14 | no evidence | | unseen | 12 | EuHfO~[3]~ (mp-753781) | 0.000 | on hull | 0.60 | 800 | −131 | 5
420,0.000,0,GENERATED,table 11: t11_21_ehull,,4.5 Virtual screening,| no evidence | | unseen | 12 | EuHfO~3~ (mp-753781) | [0.000] | on hull | 0.60 | 800 | −131 | 5.1 × 10^4^ | 1.23 | 0
420,0.60,0.6,GENERATED,table 11: t11_21_gap,,4.5 Virtual screening,unseen | 12 | EuHfO~3~ (mp-753781) | 0.000 | on hull | [0.60] | 800 | −131 | 5.1 × 10^4^ | 1.23 | 0.12 | no evidence
420,800,800,GENERATED,table 11: t11_21_T,,4.5 Virtual screening,| 12 | EuHfO~3~ (mp-753781) | 0.000 | on hull | 0.60 | [800] | −131 | 5.1 × 10^4^ | 1.23 | 0.12 | no evidence | | u
420,−131,131,GENERATED,table 11: t11_21_S,,4.5 Virtual screening,EuHfO~3~ (mp-753781) | 0.000 | on hull | 0.60 | 800 | [−131] | 5.1 × 10^4^ | 1.23 | 0.12 | no evidence | | unseen |
420,5.1,5.1,GENERATED,table 11: t11_21_sigma,,4.5 Virtual screening,3~ (mp-753781) | 0.000 | on hull | 0.60 | 800 | −131 | [5.1] × 10^4^ | 1.23 | 0.12 | no evidence | | unseen | 13 |
420,10^4^,10^4,GENERATED,table 11: t11_21_sigma,,4.5 Virtual screening,-753781) | 0.000 | on hull | 0.60 | 800 | −131 | 5.1 × [10^4^] | 1.23 | 0.12 | no evidence | | unseen | 13 | CaVO~3~
420,1.23,1.23,GENERATED,table 11: t11_21_kappa,,4.5 Virtual screening,| 0.000 | on hull | 0.60 | 800 | −131 | 5.1 × 10^4^ | [1.23] | 0.12 | no evidence | | unseen | 13 | CaVO~3~ (mp-226
420,0.12,0.12,GENERATED,table 11: t11_21_zT,,4.5 Virtual screening,0 | on hull | 0.60 | 800 | −131 | 5.1 × 10^4^ | 1.23 | [0.12] | no evidence | | unseen | 13 | CaVO~3~ (mp-22608) | 0
421,13,13,GENERATED,table 11: t11_22_rank,,4.5 Virtual screening,| 5.1 × 10^4^ | 1.23 | 0.12 | no evidence | | unseen | [13] | CaVO~3~ (mp-22608) | 0.001 | metastable | 0.43 | 800
421,3,3,EXCLUDED:NOTATION,,,,^4^ | 1.23 | 0.12 | no evidence | | unseen | 13 | CaVO~[3]~ (mp-22608) | 0.001 | metastable | 0.43 | 800 | −82 |
421,0.001,0.001,GENERATED,table 11: t11_22_ehull,,4.5 Virtual screening,2 | no evidence | | unseen | 13 | CaVO~3~ (mp-22608) | [0.001] | metastable | 0.43 | 800 | −82 | 8.1 × 10^4^ | 3.11 |
421,0.43,0.43,GENERATED,table 11: t11_22_gap,,4.5 Virtual screening,nseen | 13 | CaVO~3~ (mp-22608) | 0.001 | metastable | [0.43] | 800 | −82 | 8.1 × 10^4^ | 3.11 | 0.11 | no evidence
421,800,800,GENERATED,table 11: t11_22_T,,4.5 Virtual screening,13 | CaVO~3~ (mp-22608) | 0.001 | metastable | 0.43 | [800] | −82 | 8.1 × 10^4^ | 3.11 | 0.11 | no evidence | | un
421,−82,82,GENERATED,table 11: t11_22_S,,4.5 Virtual screening,CaVO~3~ (mp-22608) | 0.001 | metastable | 0.43 | 800 | [−82] | 8.1 × 10^4^ | 3.11 | 0.11 | no evidence | | unseen |
421,8.1,8.1,GENERATED,table 11: t11_22_sigma,,4.5 Virtual screening,~ (mp-22608) | 0.001 | metastable | 0.43 | 800 | −82 | [8.1] × 10^4^ | 3.11 | 0.11 | no evidence | | unseen | 14 |
421,10^4^,10^4,GENERATED,table 11: t11_22_sigma,,4.5 Virtual screening,22608) | 0.001 | metastable | 0.43 | 800 | −82 | 8.1 × [10^4^] | 3.11 | 0.11 | no evidence | | unseen | 14 | CaVO~3~
421,3.11,3.11,GENERATED,table 11: t11_22_kappa,,4.5 Virtual screening,0.001 | metastable | 0.43 | 800 | −82 | 8.1 × 10^4^ | [3.11] | 0.11 | no evidence | | unseen | 14 | CaVO~3~ (mp-143
421,0.11,0.11,GENERATED,table 11: t11_22_zT,,4.5 Virtual screening,| metastable | 0.43 | 800 | −82 | 8.1 × 10^4^ | 3.11 | [0.11] | no evidence | | unseen | 14 | CaVO~3~ (mp-1435359) |
422,14,14,GENERATED,table 11: t11_23_rank,,4.5 Virtual screening,| 8.1 × 10^4^ | 3.11 | 0.11 | no evidence | | unseen | [14] | CaVO~3~ (mp-1435359) | 0.009 | metastable | 0.26 | 8
422,3,3,EXCLUDED:NOTATION,,,,^4^ | 3.11 | 0.11 | no evidence | | unseen | 14 | CaVO~[3]~ (mp-1435359) | 0.009 | metastable | 0.26 | 800 | −82
422,0.009,0.009,GENERATED,table 11: t11_23_ehull,,4.5 Virtual screening,| no evidence | | unseen | 14 | CaVO~3~ (mp-1435359) | [0.009] | metastable | 0.26 | 800 | −82 | 8.1 × 10^4^ | 3.11 |
422,0.26,0.26,GENERATED,table 11: t11_23_gap,,4.5 Virtual screening,een | 14 | CaVO~3~ (mp-1435359) | 0.009 | metastable | [0.26] | 800 | −82 | 8.1 × 10^4^ | 3.11 | 0.11 | no evidence
422,800,800,GENERATED,table 11: t11_23_T,,4.5 Virtual screening,4 | CaVO~3~ (mp-1435359) | 0.009 | metastable | 0.26 | [800] | −82 | 8.1 × 10^4^ | 3.11 | 0.11 | no evidence | | un
422,−82,82,GENERATED,table 11: t11_23_S,,4.5 Virtual screening,VO~3~ (mp-1435359) | 0.009 | metastable | 0.26 | 800 | [−82] | 8.1 × 10^4^ | 3.11 | 0.11 | no evidence | | unseen |
422,8.1,8.1,GENERATED,table 11: t11_23_sigma,,4.5 Virtual screening,(mp-1435359) | 0.009 | metastable | 0.26 | 800 | −82 | [8.1] × 10^4^ | 3.11 | 0.11 | no evidence | | unseen | 15 |
422,10^4^,10^4,GENERATED,table 11: t11_23_sigma,,4.5 Virtual screening,35359) | 0.009 | metastable | 0.26 | 800 | −82 | 8.1 × [10^4^] | 3.11 | 0.11 | no evidence | | unseen | 15 | LuVO~3~
422,3.11,3.11,GENERATED,table 11: t11_23_kappa,,4.5 Virtual screening,0.009 | metastable | 0.26 | 800 | −82 | 8.1 × 10^4^ | [3.11] | 0.11 | no evidence | | unseen | 15 | LuVO~3~ (mp-276
422,0.11,0.11,GENERATED,table 11: t11_23_zT,,4.5 Virtual screening,| metastable | 0.26 | 800 | −82 | 8.1 × 10^4^ | 3.11 | [0.11] | no evidence | | unseen | 15 | LuVO~3~ (mp-2767717) |
423,15,15,GENERATED,table 11: t11_24_rank,,4.5 Virtual screening,| 8.1 × 10^4^ | 3.11 | 0.11 | no evidence | | unseen | [15] | LuVO~3~ (mp-2767717) | 0.000 | on hull | 0.26 | 800
423,3,3,EXCLUDED:NOTATION,,,,^4^ | 3.11 | 0.11 | no evidence | | unseen | 15 | LuVO~[3]~ (mp-2767717) | 0.000 | on hull | 0.26 | 800 | 27 | 2.
423,0.000,0,GENERATED,table 11: t11_24_ehull,,4.5 Virtual screening,| no evidence | | unseen | 15 | LuVO~3~ (mp-2767717) | [0.000] | on hull | 0.26 | 800 | 27 | 2.2 × 10^4^ | 1.23 | 0.0
423,0.26,0.26,GENERATED,table 11: t11_24_gap,,4.5 Virtual screening,unseen | 15 | LuVO~3~ (mp-2767717) | 0.000 | on hull | [0.26] | 800 | 27 | 2.2 × 10^4^ | 1.23 | 0.08 | no evidence |
423,800,800,GENERATED,table 11: t11_24_T,,4.5 Virtual screening,| 15 | LuVO~3~ (mp-2767717) | 0.000 | on hull | 0.26 | [800] | 27 | 2.2 × 10^4^ | 1.23 | 0.08 | no evidence | | uns
423,27,27,GENERATED,table 11: t11_24_S,,4.5 Virtual screening,LuVO~3~ (mp-2767717) | 0.000 | on hull | 0.26 | 800 | [27] | 2.2 × 10^4^ | 1.23 | 0.08 | no evidence | | unseen |
423,2.2,2.2,GENERATED,table 11: t11_24_sigma,,4.5 Virtual screening,~3~ (mp-2767717) | 0.000 | on hull | 0.26 | 800 | 27 | [2.2] × 10^4^ | 1.23 | 0.08 | no evidence | | unseen | 16 |
423,10^4^,10^4,GENERATED,table 11: t11_24_sigma,,4.5 Virtual screening,p-2767717) | 0.000 | on hull | 0.26 | 800 | 27 | 2.2 × [10^4^] | 1.23 | 0.08 | no evidence | | unseen | 16 | EuZrO~3~
423,1.23,1.23,GENERATED,table 11: t11_24_kappa,,4.5 Virtual screening,7) | 0.000 | on hull | 0.26 | 800 | 27 | 2.2 × 10^4^ | [1.23] | 0.08 | no evidence | | unseen | 16 | EuZrO~3~ (mp-11
423,0.08,0.08,GENERATED,table 11: t11_24_zT,,4.5 Virtual screening,000 | on hull | 0.26 | 800 | 27 | 2.2 × 10^4^ | 1.23 | [0.08] | no evidence | | unseen | 16 | EuZrO~3~ (mp-1106293)
424,16,16,GENERATED,table 11: t11_25_rank,,4.5 Virtual screening,| 2.2 × 10^4^ | 1.23 | 0.08 | no evidence | | unseen | [16] | EuZrO~3~ (mp-1106293) | 0.000 | on hull | 0.51 | 800
424,3,3,EXCLUDED:NOTATION,,,,4^ | 1.23 | 0.08 | no evidence | | unseen | 16 | EuZrO~[3]~ (mp-1106293) | 0.000 | on hull | 0.51 | 800 | −169 |
424,0.000,0,GENERATED,table 11: t11_25_ehull,,4.5 Virtual screening,no evidence | | unseen | 16 | EuZrO~3~ (mp-1106293) | [0.000] | on hull | 0.51 | 800 | −169 | 4.6 × 10^4^ | 0.90 | 0
424,0.51,0.51,GENERATED,table 11: t11_25_gap,,4.5 Virtual screening,nseen | 16 | EuZrO~3~ (mp-1106293) | 0.000 | on hull | [0.51] | 800 | −169 | 4.6 × 10^4^ | 0.90 | 0.07 | no evidence
424,800,800,GENERATED,table 11: t11_25_T,,4.5 Virtual screening,16 | EuZrO~3~ (mp-1106293) | 0.000 | on hull | 0.51 | [800] | −169 | 4.6 × 10^4^ | 0.90 | 0.07 | no evidence | | u
424,−169,169,GENERATED,table 11: t11_25_S,,4.5 Virtual screening,EuZrO~3~ (mp-1106293) | 0.000 | on hull | 0.51 | 800 | [−169] | 4.6 × 10^4^ | 0.90 | 0.07 | no evidence | | unseen |
424,4.6,4.6,GENERATED,table 11: t11_25_sigma,,4.5 Virtual screening,~ (mp-1106293) | 0.000 | on hull | 0.51 | 800 | −169 | [4.6] × 10^4^ | 0.90 | 0.07 | no evidence | | unseen | 17 |
424,10^4^,10^4,GENERATED,table 11: t11_25_sigma,,4.5 Virtual screening,1106293) | 0.000 | on hull | 0.51 | 800 | −169 | 4.6 × [10^4^] | 0.90 | 0.07 | no evidence | | unseen | 17 | ErNiO~3~
424,0.90,0.9,GENERATED,table 11: t11_25_kappa,,4.5 Virtual screening,| 0.000 | on hull | 0.51 | 800 | −169 | 4.6 × 10^4^ | [0.90] | 0.07 | no evidence | | unseen | 17 | ErNiO~3~ (mp-11
424,0.07,0.07,GENERATED,table 11: t11_25_zT,,4.5 Virtual screening,0 | on hull | 0.51 | 800 | −169 | 4.6 × 10^4^ | 0.90 | [0.07] | no evidence | | unseen | 17 | ErNiO~3~ (mp-1189736)
425,17,17,GENERATED,table 11: t11_26_rank,,4.5 Virtual screening,| 4.6 × 10^4^ | 0.90 | 0.07 | no evidence | | unseen | [17] | ErNiO~3~ (mp-1189736) | 0.002 | metastable | 0.37 |
425,3,3,EXCLUDED:NOTATION,,,,4^ | 0.90 | 0.07 | no evidence | | unseen | 17 | ErNiO~[3]~ (mp-1189736) | 0.002 | metastable | 0.37 | 800 | −15
425,0.002,0.002,GENERATED,table 11: t11_26_ehull,,4.5 Virtual screening,no evidence | | unseen | 17 | ErNiO~3~ (mp-1189736) | [0.002] | metastable | 0.37 | 800 | −15 | 1.4 × 10^4^ | 1.12 |
425,0.37,0.37,GENERATED,table 11: t11_26_gap,,4.5 Virtual screening,en | 17 | ErNiO~3~ (mp-1189736) | 0.002 | metastable | [0.37] | 800 | −15 | 1.4 × 10^4^ | 1.12 | 0.07 | no evidence
425,800,800,GENERATED,table 11: t11_26_T,,4.5 Virtual screening,| ErNiO~3~ (mp-1189736) | 0.002 | metastable | 0.37 | [800] | −15 | 1.4 × 10^4^ | 1.12 | 0.07 | no evidence | | un
425,−15,15,GENERATED,table 11: t11_26_S,,4.5 Virtual screening,iO~3~ (mp-1189736) | 0.002 | metastable | 0.37 | 800 | [−15] | 1.4 × 10^4^ | 1.12 | 0.07 | no evidence | | unseen |
425,1.4,1.4,GENERATED,table 11: t11_26_sigma,,4.5 Virtual screening,(mp-1189736) | 0.002 | metastable | 0.37 | 800 | −15 | [1.4] × 10^4^ | 1.12 | 0.07 | no evidence | | unseen | 18 |
425,10^4^,10^4,GENERATED,table 11: t11_26_sigma,,4.5 Virtual screening,89736) | 0.002 | metastable | 0.37 | 800 | −15 | 1.4 × [10^4^] | 1.12 | 0.07 | no evidence | | unseen | 18 | NiBiO~3~
425,1.12,1.12,GENERATED,table 11: t11_26_kappa,,4.5 Virtual screening,0.002 | metastable | 0.37 | 800 | −15 | 1.4 × 10^4^ | [1.12] | 0.07 | no evidence | | unseen | 18 | NiBiO~3~ (mp-25
425,0.07,0.07,GENERATED,table 11: t11_26_zT,,4.5 Virtual screening,| metastable | 0.37 | 800 | −15 | 1.4 × 10^4^ | 1.12 | [0.07] | no evidence | | unseen | 18 | NiBiO~3~ (mp-25096) |
426,18,18,GENERATED,table 11: t11_27_rank,,4.5 Virtual screening,| 1.4 × 10^4^ | 1.12 | 0.07 | no evidence | | unseen | [18] | NiBiO~3~ (mp-25096) | 0.032 | metastable | 0.35 | 80
426,3,3,EXCLUDED:NOTATION,,,,4^ | 1.12 | 0.07 | no evidence | | unseen | 18 | NiBiO~[3]~ (mp-25096) | 0.032 | metastable | 0.35 | 800 | 7 | 1.
426,0.032,0.032,GENERATED,table 11: t11_27_ehull,,4.5 Virtual screening,| no evidence | | unseen | 18 | NiBiO~3~ (mp-25096) | [0.032] | metastable | 0.35 | 800 | 7 | 1.2 × 10^4^ | 1.95 | 0
426,0.35,0.35,GENERATED,table 11: t11_27_gap,,4.5 Virtual screening,seen | 18 | NiBiO~3~ (mp-25096) | 0.032 | metastable | [0.35] | 800 | 7 | 1.2 × 10^4^ | 1.95 | 0.06 | no evidence |
426,800,800,GENERATED,table 11: t11_27_T,,4.5 Virtual screening,18 | NiBiO~3~ (mp-25096) | 0.032 | metastable | 0.35 | [800] | 7 | 1.2 × 10^4^ | 1.95 | 0.06 | no evidence | | unse
426,7,7,GENERATED,table 11: t11_27_S,,4.5 Virtual screening,iBiO~3~ (mp-25096) | 0.032 | metastable | 0.35 | 800 | [7] | 1.2 × 10^4^ | 1.95 | 0.06 | no evidence | | unseen |
426,1.2,1.2,GENERATED,table 11: t11_27_sigma,,4.5 Virtual screening,~3~ (mp-25096) | 0.032 | metastable | 0.35 | 800 | 7 | [1.2] × 10^4^ | 1.95 | 0.06 | no evidence | | unseen | 19 |
426,10^4^,10^4,GENERATED,table 11: t11_27_sigma,,4.5 Virtual screening,p-25096) | 0.032 | metastable | 0.35 | 800 | 7 | 1.2 × [10^4^] | 1.95 | 0.06 | no evidence | | unseen | 19 | MnVO~3~
426,1.95,1.95,GENERATED,table 11: t11_27_kappa,,4.5 Virtual screening,| 0.032 | metastable | 0.35 | 800 | 7 | 1.2 × 10^4^ | [1.95] | 0.06 | no evidence | | unseen | 19 | MnVO~3~ (mp-110
426,0.06,0.06,GENERATED,table 11: t11_27_zT,,4.5 Virtual screening,2 | metastable | 0.35 | 800 | 7 | 1.2 × 10^4^ | 1.95 | [0.06] | no evidence | | unseen | 19 | MnVO~3~ (mp-1106224) |
427,19,19,GENERATED,table 11: t11_28_rank,,4.5 Virtual screening,| 1.2 × 10^4^ | 1.95 | 0.06 | no evidence | | unseen | [19] | MnVO~3~ (mp-1106224) | 0.042 | metastable | 0.32 | 8
427,3,3,EXCLUDED:NOTATION,,,,^4^ | 1.95 | 0.06 | no evidence | | unseen | 19 | MnVO~[3]~ (mp-1106224) | 0.042 | metastable | 0.32 | 800 | −60
427,0.042,0.042,GENERATED,table 11: t11_28_ehull,,4.5 Virtual screening,| no evidence | | unseen | 19 | MnVO~3~ (mp-1106224) | [0.042] | metastable | 0.32 | 800 | −60 | 6.9 × 10^3^ | 3.63 |
427,0.32,0.32,GENERATED,table 11: t11_28_gap,,4.5 Virtual screening,een | 19 | MnVO~3~ (mp-1106224) | 0.042 | metastable | [0.32] | 800 | −60 | 6.9 × 10^3^ | 3.63 | 0.06 | no evidence
427,800,800,GENERATED,table 11: t11_28_T,,4.5 Virtual screening,9 | MnVO~3~ (mp-1106224) | 0.042 | metastable | 0.32 | [800] | −60 | 6.9 × 10^3^ | 3.63 | 0.06 | no evidence | | un
427,−60,60,GENERATED,table 11: t11_28_S,,4.5 Virtual screening,VO~3~ (mp-1106224) | 0.042 | metastable | 0.32 | 800 | [−60] | 6.9 × 10^3^ | 3.63 | 0.06 | no evidence | | unseen |
427,6.9,6.9,GENERATED,table 11: t11_28_sigma,,4.5 Virtual screening,(mp-1106224) | 0.042 | metastable | 0.32 | 800 | −60 | [6.9] × 10^3^ | 3.63 | 0.06 | no evidence | | unseen | 20 |
427,10^3^,10^3,GENERATED,table 11: t11_28_sigma,,4.5 Virtual screening,06224) | 0.042 | metastable | 0.32 | 800 | −60 | 6.9 × [10^3^] | 3.63 | 0.06 | no evidence | | unseen | 20 | ErCrO~3~
427,3.63,3.63,GENERATED,table 11: t11_28_kappa,,4.5 Virtual screening,0.042 | metastable | 0.32 | 800 | −60 | 6.9 × 10^3^ | [3.63] | 0.06 | no evidence | | unseen | 20 | ErCrO~3~ (mp-19
427,0.06,0.06,GENERATED,table 11: t11_28_zT,,4.5 Virtual screening,| metastable | 0.32 | 800 | −60 | 6.9 × 10^3^ | 3.63 | [0.06] | no evidence | | unseen | 20 | ErCrO~3~ (mp-19063) |
428,20,20,GENERATED,table 11: t11_29_rank,,4.5 Virtual screening,| 6.9 × 10^3^ | 3.63 | 0.06 | no evidence | | unseen | [20] | ErCrO~3~ (mp-19063) | 0.000 | on hull | 0.25 | 800 |
428,3,3,EXCLUDED:NOTATION,,,,3^ | 3.63 | 0.06 | no evidence | | unseen | 20 | ErCrO~[3]~ (mp-19063) | 0.000 | on hull | 0.25 | 800 | 88 | 1.1
428,0.000,0,GENERATED,table 11: t11_29_ehull,,4.5 Virtual screening,| no evidence | | unseen | 20 | ErCrO~3~ (mp-19063) | [0.000] | on hull | 0.25 | 800 | 88 | 1.1 × 10^4^ | 2.10 | 0.0
428,0.25,0.25,GENERATED,table 11: t11_29_gap,,4.5 Virtual screening,unseen | 20 | ErCrO~3~ (mp-19063) | 0.000 | on hull | [0.25] | 800 | 88 | 1.1 × 10^4^ | 2.10 | 0.06 | no evidence |
428,800,800,GENERATED,table 11: t11_29_T,,4.5 Virtual screening,| 20 | ErCrO~3~ (mp-19063) | 0.000 | on hull | 0.25 | [800] | 88 | 1.1 × 10^4^ | 2.10 | 0.06 | no evidence | | uns
428,88,88,GENERATED,table 11: t11_29_S,,4.5 Virtual screening,| ErCrO~3~ (mp-19063) | 0.000 | on hull | 0.25 | 800 | [88] | 1.1 × 10^4^ | 2.10 | 0.06 | no evidence | | unseen |
428,1.1,1.1,GENERATED,table 11: t11_29_sigma,,4.5 Virtual screening,rO~3~ (mp-19063) | 0.000 | on hull | 0.25 | 800 | 88 | [1.1] × 10^4^ | 2.10 | 0.06 | no evidence | | unseen | 21 |
428,10^4^,10^4,GENERATED,table 11: t11_29_sigma,,4.5 Virtual screening,(mp-19063) | 0.000 | on hull | 0.25 | 800 | 88 | 1.1 × [10^4^] | 2.10 | 0.06 | no evidence | | unseen | 21 | MnSnO~3~
428,2.10,2.1,GENERATED,table 11: t11_29_kappa,,4.5 Virtual screening,3) | 0.000 | on hull | 0.25 | 800 | 88 | 1.1 × 10^4^ | [2.10] | 0.06 | no evidence | | unseen | 21 | MnSnO~3~ (mp-69
428,0.06,0.06,GENERATED,table 11: t11_29_zT,,4.5 Virtual screening,000 | on hull | 0.25 | 800 | 88 | 1.1 × 10^4^ | 2.10 | [0.06] | no evidence | | unseen | 21 | MnSnO~3~ (mp-691106) |
429,21,21,GENERATED,table 11: t11_30_rank,,4.5 Virtual screening,| 1.1 × 10^4^ | 2.10 | 0.06 | no evidence | | unseen | [21] | MnSnO~3~ (mp-691106) | 0.022 | metastable | 0.23 | 8
429,3,3,EXCLUDED:NOTATION,,,,4^ | 2.10 | 0.06 | no evidence | | unseen | 21 | MnSnO~[3]~ (mp-691106) | 0.022 | metastable | 0.23 | 800 | −67 |
429,0.022,0.022,GENERATED,table 11: t11_30_ehull,,4.5 Virtual screening,| no evidence | | unseen | 21 | MnSnO~3~ (mp-691106) | [0.022] | metastable | 0.23 | 800 | −67 | 1.0 × 10^4^ | 3.19 |
429,0.23,0.23,GENERATED,table 11: t11_30_gap,,4.5 Virtual screening,een | 21 | MnSnO~3~ (mp-691106) | 0.022 | metastable | [0.23] | 800 | −67 | 1.0 × 10^4^ | 3.19 | 0.04 | no evidence
429,800,800,GENERATED,table 11: t11_30_T,,4.5 Virtual screening,1 | MnSnO~3~ (mp-691106) | 0.022 | metastable | 0.23 | [800] | −67 | 1.0 × 10^4^ | 3.19 | 0.04 | no evidence |
429,−67,67,GENERATED,table 11: t11_30_S,,4.5 Virtual screening,SnO~3~ (mp-691106) | 0.022 | metastable | 0.23 | 800 | [−67] | 1.0 × 10^4^ | 3.19 | 0.04 | no evidence |
429,1.0,1,GENERATED,table 11: t11_30_sigma,,4.5 Virtual screening,(mp-691106) | 0.022 | metastable | 0.23 | 800 | −67 | [1.0] × 10^4^ | 3.19 | 0.04 | no evidence |
429,10^4^,10^4,GENERATED,table 11: t11_30_sigma,,4.5 Virtual screening,91106) | 0.022 | metastable | 0.23 | 800 | −67 | 1.0 × [10^4^] | 3.19 | 0.04 | no evidence |
429,3.19,3.19,GENERATED,table 11: t11_30_kappa,,4.5 Virtual screening,0.022 | metastable | 0.23 | 800 | −67 | 1.0 × 10^4^ | [3.19] | 0.04 | no evidence |
429,0.04,0.04,GENERATED,table 11: t11_30_zT,,4.5 Virtual screening,| metastable | 0.23 | 800 | −67 | 1.0 × 10^4^ | 3.19 | [0.04] | no evidence |
433,4,4,GENERATED,table 11b: sl_n,,4.5 Virtual screening,**Table 11b:** The [4] shortlist compounds with their thermal limits (sources
433,600,600,GENERATED,table 11b: lim_secondary_T,,4.5 Virtual screening,"rature T), and the secondary view, the predicted zT at [600] K with the rank at 600 K next to the primary rank (max"
433,600,600,GENERATED,table 11b: lim_secondary_T,,4.5 Virtual screening,"ndary view, the predicted zT at 600 K with the rank at [600] K next to the primary rank (maximum over the whole gri"
435,600,600,GENERATED,table 11b: lim_secondary_T,,4.5 Virtual screening,"**Maximum zT within the limit** | **T (K)** | **zT at [600] K** | **Rank, primary** | **Rank, 600 K** | |---------"
435,600,600,GENERATED,table 11b: lim_secondary_T,,4.5 Virtual screening,"(K)** | **zT at 600 K** | **Rank, primary** | **Rank, [600] K** | |-------------|--------------------|----------|-"
437,3,3,EXCLUDED:NOTATION,,,,---------|---------|-----|-------|-----|-----| | CsSnI~[3]~ | melts at 724 K | 700 | 0.53 | 700 | 0.42 | 1 | 1 |
437,724,724,GENERATED,table 11b: lim_1_text,,4.5 Virtual screening,-----|-----|-------|-----|-----| | CsSnI~3~ | melts at [724] K | 700 | 0.53 | 700 | 0.42 | 1 | 1 | | BaSnO~3~ | non
437,700,700,GENERATED,table 11b: lim_1_range,,4.5 Virtual screening,---|-------|-----|-----| | CsSnI~3~ | melts at 724 K | [700] | 0.53 | 700 | 0.42 | 1 | 1 | | BaSnO~3~ | none found
437,0.53,0.53,GENERATED,table 11b: lim_1_zt,,4.5 Virtual screening,-----|-----|-----| | CsSnI~3~ | melts at 724 K | 700 | [0.53] | 700 | 0.42 | 1 | 1 | | BaSnO~3~ | none found at or b
437,700,700,GENERATED,table 11b: lim_1_zt_T,,4.5 Virtual screening,----|-----| | CsSnI~3~ | melts at 724 K | 700 | 0.53 | [700] | 0.42 | 1 | 1 | | BaSnO~3~ | none found at or below 8
437,0.42,0.42,GENERATED,table 11b: lim_1_zt600,,4.5 Virtual screening,----| | CsSnI~3~ | melts at 724 K | 700 | 0.53 | 700 | [0.42] | 1 | 1 | | BaSnO~3~ | none found at or below 800 K |
437,1,1,GENERATED,table 11b: lim_1_rank1,,4.5 Virtual screening,CsSnI~3~ | melts at 724 K | 700 | 0.53 | 700 | 0.42 | [1] | 1 | | BaSnO~3~ | none found at or below 800 K | 800
437,1,1,GENERATED,table 11b: lim_1_rank2,,4.5 Virtual screening,nI~3~ | melts at 724 K | 700 | 0.53 | 700 | 0.42 | 1 | [1] | | BaSnO~3~ | none found at or below 800 K | 800 | 0.
438,3,3,EXCLUDED:NOTATION,,,,s at 724 K | 700 | 0.53 | 700 | 0.42 | 1 | 1 | | BaSnO~[3]~ | none found at or below 800 K | 800 | 0.10 | 800 | 0
438,800,800,GENERATED,table 11b: lim_2_text,,4.5 Virtual screening,0 | 0.42 | 1 | 1 | | BaSnO~3~ | none found at or below [800] K | 800 | 0.10 | 800 | 0.07 | 2 | 2 | | LaRhO~3~ | dec
438,800,800,GENERATED,table 11b: lim_2_range,,4.5 Virtual screening,| 1 | 1 | | BaSnO~3~ | none found at or below 800 K | [800] | 0.10 | 800 | 0.07 | 2 | 2 | | LaRhO~3~ | decomposes
438,0.10,0.1,GENERATED,table 11b: lim_2_zt,,4.5 Virtual screening,1 | | BaSnO~3~ | none found at or below 800 K | 800 | [0.10] | 800 | 0.07 | 2 | 2 | | LaRhO~3~ | decomposes at 1728
438,800,800,GENERATED,table 11b: lim_2_zt_T,,4.5 Virtual screening,BaSnO~3~ | none found at or below 800 K | 800 | 0.10 | [800] | 0.07 | 2 | 2 | | LaRhO~3~ | decomposes at 1728 K in
438,0.07,0.07,GENERATED,table 11b: lim_2_zt600,,4.5 Virtual screening,3~ | none found at or below 800 K | 800 | 0.10 | 800 | [0.07] | 2 | 2 | | LaRhO~3~ | decomposes at 1728 K in air (no
438,2,2,GENERATED,table 11b: lim_2_rank1,,4.5 Virtual screening,ne found at or below 800 K | 800 | 0.10 | 800 | 0.07 | [2] | 2 | | LaRhO~3~ | decomposes at 1728 K in air (none a
438,2,2,GENERATED,table 11b: lim_2_rank2,,4.5 Virtual screening,ound at or below 800 K | 800 | 0.10 | 800 | 0.07 | 2 | [2] | | LaRhO~3~ | decomposes at 1728 K in air (none at or
439,3,3,EXCLUDED:NOTATION,,,,elow 800 K | 800 | 0.10 | 800 | 0.07 | 2 | 2 | | LaRhO~[3]~ | decomposes at 1728 K in air (none at or below 800 K
439,1728,1728,GENERATED,table 11b: lim_3_text,,4.5 Virtual screening,0.10 | 800 | 0.07 | 2 | 2 | | LaRhO~3~ | decomposes at [1728] K in air (none at or below 800 K) | 800 | 0.05 | 800 |
439,800,800,GENERATED,table 11b: lim_3_text,,4.5 Virtual screening,RhO~3~ | decomposes at 1728 K in air (none at or below [800] K) | 800 | 0.05 | 800 | 0.03 | 3 | 3 | | LaCoO~3~ | no
439,800,800,GENERATED,table 11b: lim_3_range,,4.5 Virtual screening,decomposes at 1728 K in air (none at or below 800 K) | [800] | 0.05 | 800 | 0.03 | 3 | 3 | | LaCoO~3~ | none in air
439,0.05,0.05,GENERATED,table 11b: lim_3_zt,,4.5 Virtual screening,oses at 1728 K in air (none at or below 800 K) | 800 | [0.05] | 800 | 0.03 | 3 | 3 | | LaCoO~3~ | none in air; reduc
439,800,800,GENERATED,table 11b: lim_3_zt_T,,4.5 Virtual screening,1728 K in air (none at or below 800 K) | 800 | 0.05 | [800] | 0.03 | 3 | 3 | | LaCoO~3~ | none in air; reduced abo
439,0.03,0.03,GENERATED,table 11b: lim_3_zt600,,4.5 Virtual screening,K in air (none at or below 800 K) | 800 | 0.05 | 800 | [0.03] | 3 | 3 | | LaCoO~3~ | none in air; reduced above 773
439,3,3,GENERATED,table 11b: lim_3_rank1,,4.5 Virtual screening,r (none at or below 800 K) | 800 | 0.05 | 800 | 0.03 | [3] | 3 | | LaCoO~3~ | none in air; reduced above 773 K in
439,3,3,GENERATED,table 11b: lim_3_rank2,,4.5 Virtual screening,one at or below 800 K) | 800 | 0.05 | 800 | 0.03 | 3 | [3] | | LaCoO~3~ | none in air; reduced above 773 K in a r
440,3,3,EXCLUDED:NOTATION,,,,low 800 K) | 800 | 0.05 | 800 | 0.03 | 3 | 3 | | LaCoO~[3]~ | none in air; reduced above 773 K in a reducing atmo
440,773,773,GENERATED,table 11b: lim_4_text,,4.5 Virtual screening,0.03 | 3 | 3 | | LaCoO~3~ | none in air; reduced above [773] K in a reducing atmosphere | 800 | 0.04 | 800 | 0.03 |
440,800,800,GENERATED,table 11b: lim_4_range,,4.5 Virtual screening,in air; reduced above 773 K in a reducing atmosphere | [800] | 0.04 | 800 | 0.03 | 4 | 4 |
440,0.04,0.04,GENERATED,table 11b: lim_4_zt,,4.5 Virtual screening,; reduced above 773 K in a reducing atmosphere | 800 | [0.04] | 800 | 0.03 | 4 | 4 | Physics
440,800,800,GENERATED,table 11b: lim_4_zt_T,,4.5 Virtual screening,ed above 773 K in a reducing atmosphere | 800 | 0.04 | [800] | 0.03 | 4 | 4 | Physics check
440,0.03,0.03,GENERATED,table 11b: lim_4_zt600,,4.5 Virtual screening,ve 773 K in a reducing atmosphere | 800 | 0.04 | 800 | [0.03] | 4 | 4 | Physics check of the
440,4,4,GENERATED,table 11b: lim_4_rank1,,4.5 Virtual screening,K in a reducing atmosphere | 800 | 0.04 | 800 | 0.03 | [4] | 4 | Physics check of the sho
440,4,4,GENERATED,table 11b: lim_4_rank2,,4.5 Virtual screening,a reducing atmosphere | 800 | 0.04 | 800 | 0.03 | 4 | [4] | Physics check of the shortli
443,3,3,EXCLUDED:NOTATION,,,,only at temperatures where the compound exists. CsSnI~[3]~ melts at 451 °C (
443,451,451,CITED,cssni3_melt_c,,4.5 Virtual screening,mpound exists. CsSnI~3~ melts at [451] °C ( 724 K) [@gao2
443,724,724,GENERATED,cs_limit_K,,4.5 Virtual screening,"451 °C ( [724] K) [@gao2022defect; @lin2021inorganic], so it"
443,700,700,GENERATED,cs_grid_max,,4.5 Virtual screening,"redictions are reported only up to [700] K, where the maximum is 0"
443,0.53,0.53,GENERATED,cs_zt_limit,,4.5 Virtual screening,"0 K, where the maximum is [0.53] and not the 0.58"
443,0.58,0.58,GENERATED,cs_zt_primary,,4.5 Virtual screening,"0.53 and not the [0.58] at 800 K, which"
443,800,800,GENERATED,cs_primary_T,,4.5 Virtual screening,"0.58 at [800] K, which lies above the melting point (Tables"
443,11,11,EXCLUDED:XREF,,,,"K, which lies above the melting point (Tables [11] and 11b). The cubic structure of its Materials Project"
443,362,362,CITED,cssni3_t1,,4.5 Virtual screening,"he black phase is orthorhombic below [362] K, tetragonal up to 440"
443,440,440,CITED,cssni3_t2,,4.5 Virtual screening,"362 K, tetragonal up to [440] K and cubic above [@monacelli2023first]. For"
443,800,800,GENERATED,t_max,,4.5 Virtual screening,or decomposition temperature at or below [800] K was found: doped BaSnO~3~ films changed the
443,3,3,EXCLUDED:NOTATION,,,,ow 800 K was found: doped BaSnO~[3]~ films changed their conductivity by less than
443,2,2,CITED,bso_air_pct,,4.5 Virtual screening,ed their conductivity by less than [2] % in air at 530 °C
443,530,530,CITED,bso_air_c,,4.5 Virtual screening,2 % in air at [530] °C [@lee2017transparent]; LaRhO~3~ decomposes
443,3,3,EXCLUDED:NOTATION,,,,530 °C [@lee2017transparent]; LaRhO~[3]~ decomposes at a calculated 1728
443,1728,1728,CITED,lro_air_k,,4.5 Virtual screening,LaRhO~3~ decomposes at a calculated [1728] K in air [@jacob1995phase]; LaCoO~3~ is stabl
443,3,3,EXCLUDED:NOTATION,,,,1728 K in air [@jacob1995phase]; LaCoO~[3]~ is stable in air but is reduced in a reducing atmosph
443,500,500,CITED,lco_red_c,,4.5 Virtual screening,"in a reducing atmosphere from about [500] °C [@radovic2008thermal], so its predictions"
443,773,773,GENERATED,lco_cond_K,,4.5 Virtual screening,"8thermal], so its predictions above [773] K apply to an oxidising atmosphere only. As a"
443,800,800,GENERATED,mp_tmax_main,,4.5 Virtual screening,use the primary maxima lie at the [800] K edge of the grid ( 4
443,406,406,GENERATED,mp_tmax_all_800,,4.5 Virtual screening,0 K edge of the grid ( [406] of the 409 compo
443,409,409,GENERATED,mp_tmax_all,,4.5 Virtual screening,"406 of the [409] compounds), the shortlist ranked by the predi"
443,600,600,DESIGN,secondary_t,,4.5 Virtual screening,"list ranked by the predicted zT at [600] K is CsSnI~3~, BaSnO~3~, La"
443,3,3,EXCLUDED:NOTATION,,,,"600 K is CsSnI~[3]~, BaSnO~3~, LaRhO~3~, LaCoO~3~ , the same orde"
443,3,3,EXCLUDED:NOTATION,,,,"600 K is CsSnI~3~, BaSnO~[3]~, LaRhO~3~, LaCoO~3~ , the same order as the p"
443,3,3,EXCLUDED:NOTATION,,,,"K is CsSnI~3~, BaSnO~3~, LaRhO~[3]~, LaCoO~3~ , the same order as the primary one"
443,3,3,EXCLUDED:NOTATION,,,,"CsSnI~3~, BaSnO~3~, LaRhO~3~, LaCoO~[3]~ , the same order as the primary one (Table 11"
443,21,21,GENERATED,nv_main_unseen,,4.5 Virtual screening,"far it can be read. First, the [21] candidates in chemistry clusters absent from"
443,4.1,4.1,EXCLUDED:XREF,,,,"ich the chemistry-cluster and ESTM results of Sections [4.1] and 4.2 apply, and those results show a substantial lo"
443,4.2,4.2,EXCLUDED:XREF,,,,"chemistry-cluster and ESTM results of Sections 4.1 and [4.2] apply, and those results show a substantial loss of ac"
443,9,9,GENERATED,nv_main_seen,,4.5 Virtual screening,substantial loss of accuracy; the [9] in seen clusters are closer to the training d
443,4.2,4.2,EXCLUDED:XREF,,,,"es available here, the comparison with JARVIS (Section [4.2]), shows at most marginal sign transfer and a negative"
443,-0.08,0.08,GENERATED,jv_rho_semi,,4.5 Virtual screening,"the magnitude for semiconductors ( [-0.08] , interval -0.11"
443,-0.11,0.11,GENERATED,jv_rho_semi_lo,,4.5 Virtual screening,"-0.08 , interval [-0.11] -- -0.05 ), and"
443,-0.05,0.05,GENERATED,jv_rho_semi_hi,,4.5 Virtual screening,"-0.11 -- [-0.05] ), and the candidates are semiconductors by co"
443,0.1,0.1,DESIGN,scr_gap_lo,,4.5 Virtual screening,are semiconductors by construction ( [0.1] eV or more in PBE). The ranking should theref
445,2.3,2.3,GENERATED,na4_pt_share,,4.5 Virtual screening,"composition-only family rules are [2.3] % of the S rows, manganites"
445,2.1,2.1,GENERATED,na4_mn_share,,4.5 Virtual screening,"% of the S rows, manganites [2.1] % and cobaltites 4.6"
445,4.6,4.6,GENERATED,na4_co_share,,4.5 Virtual screening,2.1 % and cobaltites [4.6] %. The chemistry-cluster MAE of zT is
445,0.126,0.126,GENERATED,mae_zT,,4.5 Virtual screening,"%. The chemistry-cluster MAE of zT is [0.126] , so predicted zT should be read with an uncer"
447,4.5,4.5,EXCLUDED:SECTION,,,,should be read with an uncertainty of that order. ### [4.5].1 Literature validation [[PENDING: NA12: comparison o
449,800,800,UNCLASSIFIED,,,4.5.1 Literature validation,blished measurements for perovskite oxides at or below [800] K]] **Table 12:** Literature validation of predicted
451,12,12,EXCLUDED:XREF,,,,nts for perovskite oxides at or below 800 K]] **Table [12]:** Literature validation of predicted zT and S against
453,12,12,EXCLUDED:XREF,,,,and S against measured values. [[PENDING: NA12: Table [12]]] ## 4.6 Metrics and validation protocols reported in
455,4.6,4.6,EXCLUDED:SECTION,,,,inst measured values. [[PENDING: NA12: Table 12]] ## [4.6] Metrics and validation protocols reported in the liter
457,1,1,EXCLUDED:XREF,,,,validation protocols reported in the literature Table [1] lists the metric and the validation protocol that each
457,2,2,EXCLUDED:NOTATION,,,,"lues are not comparable with one another or with the R^[2]^ values of this work, and no ranking is made. What Tab"
457,1,1,EXCLUDED:XREF,,,,"alues of this work, and no ranking is made. What Table [1] shows is the protocol: row-level splits and k-fold CV"
457,2,2,EXCLUDED:NOTATION,,,,"same model, features and frozen hyperparameters give R^[2]^ values that differ by 0.134 t"
457,0.134,0.134,GENERATED,gap_lo,,4.6 Metrics and validation protocols reported in the literature,ameters give R^2^ values that differ by [0.134] to 0.213 between rand
457,0.213,0.213,GENERATED,gap_hi,,4.6 Metrics and validation protocols reported in the literature,fer by 0.134 to [0.213] between random and chemistry-cluster validati
457,6,6,EXCLUDED:XREF,,,,"between random and chemistry-cluster validation (Table [6]), and chemistry-cluster values are higher than the ext"
457,8,8,EXCLUDED:XREF,,,,ster values are higher than the external values (Table [8]); a metric reported without its protocol therefore can
458,4.7,4.7,EXCLUDED:SECTION,,,,efore cannot be read as a measure of model quality. ## [4.7] Limitations Prediction of electrical conductivity is
460,2,2,EXCLUDED:NOTATION,,,,uctivity is intrinsically limited (chemistry-cluster R^[2]^ = 0.702 ; ESTM stratum (b)
460,0.702,0.702,GENERATED,chem_sigma,,4.7 Limitations,y limited (chemistry-cluster R^2^ = [0.702] ; ESTM stratum (b) R^2^ =
460,2,2,EXCLUDED:NOTATION,,,,0.702 ; ESTM stratum (b) R^[2]^ = 0.275 ) because carrie
460,0.275,0.275,GENERATED,estm_b_sigma,,4.7 Limitations,; ESTM stratum (b) R^2^ = [0.275] ) because carrier concentration depends on dop
460,0.948,0.948,GENERATED,cl_acc,,4.7 Limitations,he carrier-type classifier is right for [0.948] of the held-out rows under chemistry-cluster
460,775,775,GENERATED,na4_sparse_bin,,4.7 Limitations,"t temperature bin is the one at [775] K ( 3,173 zT row"
460,"3,173",3173,GENERATED,na4_sparse_n,,4.7 Limitations,"775 K ( [3,173] zT rows) and the densest the one at"
460,450,450,GENERATED,na4_dense_bin,,4.7 Limitations,"rows) and the densest the one at [450] K ( 9,115 zT rows"
460,"9,115",9115,GENERATED,na4_dense_n,,4.7 Limitations,"450 K ( [9,115] zT rows), so predictions near the top of the"
460,30,30,GENERATED,mp_f6,,4.7 Limitations,"he window are the least constrained. All [30] candidates of the main list, and"
460,406,406,GENERATED,mp_tmax_all_800,,4.7 Limitations,"ndidates of the main list, and [406] of the 409 featu"
460,409,409,GENERATED,mp_tmax_all,,4.7 Limitations,"406 of the [409] featurised compounds, reach their maximum pre"
460,800,800,GENERATED,mp_tmax_main,,4.7 Limitations,"ach their maximum predicted zT at [800] K, the end of the grid and of the training wi"
462,5,5,EXCLUDED:SECTION,,,,rial] would make the screening more decision-ready. # [5] Conclusions A composition-only machine learning frame
464,"280,664",280664,GENERATED,n_clean,,5 Conclusions,"to screen lead-free perovskites, using [280,664] cleaned rows from Starrydata2 and"
464,397,397,GENERATED,n_feat,,5 Conclusions,"cleaned rows from Starrydata2 and [397] MAGPIE, CBFV and temperature descriptors. The"
466,5,5,UNCLASSIFIED,,,5 Conclusions,"ation methodology dominates reported accuracy. Random, [5]-fold and 10-fold CV give nearly identical, inflated R^"
466,10,10,UNCLASSIFIED,,,5 Conclusions,"dology dominates reported accuracy. Random, 5-fold and [10]-fold CV give nearly identical, inflated R^2^ values; c"
466,2,2,EXCLUDED:NOTATION,,,,"-fold and 10-fold CV give nearly identical, inflated R^[2]^ values; chemistry-cluster CV reduces R^2^ by"
466,2,2,EXCLUDED:NOTATION,,,,", inflated R^2^ values; chemistry-cluster CV reduces R^[2]^ by 0.134 (*κ*) to"
466,0.134,0.134,GENERATED,gap_lo,,5 Conclusions,s; chemistry-cluster CV reduces R^2^ by [0.134] (*κ*) to 0.213 (*σ*).
466,0.213,0.213,GENERATED,gap_hi,,5 Conclusions,"0.134 (*κ*) to [0.213] (*σ*). (RQ2) - Under chemistry-cluster CV, t"
468,2,2,EXCLUDED:NOTATION,,,,"mistry-cluster CV, the composition-only ceilings are R^[2]^ = 0.753 (S),"
468,0.753,0.753,GENERATED,chem_S,,5 Conclusions,"he composition-only ceilings are R^2^ = [0.753] (S), 0.702 (*σ*),"
468,0.702,0.702,GENERATED,chem_sigma,,5 Conclusions,"0.753 (S), [0.702] (*σ*), 0.809 (*κ*"
468,0.809,0.809,GENERATED,chem_kappa,,5 Conclusions,"0.702 (*σ*), [0.809] (*κ*) and 0.746 (zT)"
468,0.746,0.746,GENERATED,chem_zT,,5 Conclusions,0.809 (*κ*) and [0.746] (zT). Tripling the descriptor set adds at mos
468,0.010,0.01,GENERATED,abl_delta_max,,5 Conclusions,"the descriptor set adds at most [0.010] to R^2^. XGBoost, LightGBM and a random fores"
468,2,2,EXCLUDED:NOTATION,,,,"adds at most 0.010 to R^[2]^. XGBoost, LightGBM and a random forest agree within"
468,0.007,0.007,GENERATED,a2_maxgap,,5 Conclusions,"GBM and a random forest agree within [0.007] in R^2^ on every target, so among these tree"
468,2,2,EXCLUDED:NOTATION,,,,"est agree within 0.007 in R^[2]^ on every target, so among these tree ensembles on the"
470,2,2,EXCLUDED:NOTATION,,,,"acking]] (RQ1) - External validation on ESTM lowers R^[2]^ further, most for chemistries absent from training (z"
470,2,2,EXCLUDED:NOTATION,,,,"rther, most for chemistries absent from training (zT R^[2]^ = 0.498 , against"
470,0.498,0.498,GENERATED,estm_b_zT,,5 Conclusions,"ries absent from training (zT R^2^ = [0.498] , against 0.746 inter"
470,0.746,0.746,GENERATED,chem_zT,,5 Conclusions,"0.498 , against [0.746] internally and 0.662"
470,0.662,0.662,GENERATED,estm_a_zT,,5 Conclusions,0.746 internally and [0.662] for rows sharing no source publication with t
470,2,2,EXCLUDED:NOTATION,,,,"ith training), while *σ* remains poorly predictable (R^[2]^ = 0.275 in stratum b)."
470,0.275,0.275,GENERATED,estm_b_sigma,,5 Conclusions,emains poorly predictable (R^2^ = [0.275] in stratum b). Against DFT-computed Seebeck c
470,0.50,0.5,GENERATED,jv_sign_all,,5 Conclusions,"th the regressor's sign (agreement [0.50] , chance, on entries that are mostly metals) a"
470,0.23,0.23,GENERATED,jv_rho_all,,5 Conclusions,nk correlation of the magnitudes of [0.23] that is largely confined to chemistries seen
472,2,2,EXCLUDED:NOTATION,,,,emistries seen in training. - Direct zT regression (R^[2]^ = 0.727 ) outperforms the
472,0.727,0.727,GENERATED,dvd_direct,,5 Conclusions,ng. - Direct zT regression (R^2^ = [0.727] ) outperforms the component-wise route S^2^*σ*
472,2,2,EXCLUDED:NOTATION,,,,0.727 ) outperforms the component-wise route S^[2]^*σ*T/*κ* (R^2^ = 0.540 ) b
472,2,2,EXCLUDED:NOTATION,,,,) outperforms the component-wise route S^2^*σ*T/*κ* (R^[2]^ = 0.540 ) because compone
472,0.540,0.54,GENERATED,dvd_derived,,5 Conclusions,nt-wise route S^2^*σ*T/*κ* (R^2^ = [0.540] ) because component errors compound; component
474,9,9,EXCLUDED:XREF,,,,"s to a statistic of an elemental property (CBFV; Table [9]), not to a measured property of the material, and temp"
476,315,315,GENERATED,mp_f4,,5 Conclusions,screening of the Materials Project gives [315] perovskite-type compounds and 3
476,30,30,GENERATED,mp_f6,,5 Conclusions,"5 perovskite-type compounds and [30] lead-free narrow-gap candidates,"
476,9,9,GENERATED,nv_main_seen,,5 Conclusions,"lead-free narrow-gap candidates, [9] in chemistry clusters seen in training and"
476,21,21,GENERATED,nv_main_unseen,,5 Conclusions,"y clusters seen in training and [21] unseen; it is hypothesis generation, and agai"
476,3,3,EXCLUDED:NOTATION,,,,"The pre-registered shortlist ( CsSnI~[3]~ , BaSnO~3~ ,"
476,3,3,EXCLUDED:NOTATION,,,,"CsSnI~3~ , BaSnO~[3]~ , LaRhO~3~ ,"
476,3,3,EXCLUDED:NOTATION,,,,"BaSnO~3~ , LaRhO~[3]~ , LaCoO~3~ ) consis"
476,3,3,EXCLUDED:NOTATION,,,,"LaRhO~3~ , LaCoO~[3]~ ) consists of compounds with an existing ther"
476,11,11,EXCLUDED:XREF,,,,recovers known materials; the full ranked list (Table [11]) is offered as hypotheses. Future work should (i) add
478,0.5,0.5,EXCLUDED:NOTATION,,,,"g doped compositions to parent-compound structures (Bi~[0.5]~Sb~1.5~Te~3~ → Bi~2~Te~3~), or by using crystal graph"
478,1.5,1.5,EXCLUDED:NOTATION,,,,"compositions to parent-compound structures (Bi~0.5~Sb~[1.5]~Te~3~ → Bi~2~Te~3~), or by using crystal graph network"
478,3,3,EXCLUDED:NOTATION,,,,"itions to parent-compound structures (Bi~0.5~Sb~1.5~Te~[3]~ → Bi~2~Te~3~), or by using crystal graph networks suc"
478,2,2,EXCLUDED:NOTATION,,,,"o parent-compound structures (Bi~0.5~Sb~1.5~Te~3~ → Bi~[2]~Te~3~), or by using crystal graph networks such as CGC"
478,3,3,EXCLUDED:NOTATION,,,,"ent-compound structures (Bi~0.5~Sb~1.5~Te~3~ → Bi~2~Te~[3]~), or by using crystal graph networks such as CGCNN [@"
478,19,19,GENERATED,lit_main_no,,5 Conclusions,e literature check found no study ( [19] of the 30 main-list ca
478,30,30,GENERATED,mp_f6,,5 Conclusions,( 19 of the [30] main-list candidates) to calibrate the framew
490,22,22,GENERATED,snapshot_date,,Data availability,uses one pinned snapshot (pulled [22] August 2026 ) archived with its SHA-256 hash;
490,2026,2026,GENERATED,snapshot_date,,Data availability,inned snapshot (pulled 22 August [2026] ) archived with its SHA-256 hash; the Material
522,8,8,EXCLUDED:XREF,,,,ross-validation (also coefficient of variation in Step [8]) | | MAGPIE | Materials-Agnostic Platform for Informat
540,2,2,EXCLUDED:NOTATION,,,,lattice thermal conductivity | | PF | Power factor (S^[2]^*σ*) | | L | Lorenz number | | R^2^ | Coefficient of d
542,2,2,EXCLUDED:NOTATION,,,,F | Power factor (S^2^*σ*) | | L | Lorenz number | | R^[2]^ | Coefficient of determination | | T | Absolute tempe
546,3,3,EXCLUDED:NOTATION,,,,ergy above the convex hull | | E~g~ | Band gap | | ABX~[3]~ | General perovskite stoichiometry | # References
