material_id,formula,ehull,gap,spg_number,spg_symbol,is_stable,T_K,S_reg,sigma_log10,kappa_log10,zT_direct,sign_overridden,S,sigma,kappa,zT_derived
mp-776165,AgAuO3,0.0594244018333327,0.2423000000000001,227,Fd-3m,False,300,96.07810974121094,4.2049970626831055,0.4348679184913635,0.05073198676109314,False,96.07810974121094,22151.452867546894,2.9165923245796743,0.02103277821337854
mp-775761,AgClO3,0.0315841524999971,2.925,198,P2_13,False,300,6.4294891357421875,4.1011762619018555,0.3236410617828369,0.08138769865036011,True,-6.4294891357421875,17441.40292744257,2.2576097491211917,9.580909362552829e-05
mp-849271,AgIO3,0.0274698735000002,1.9765,62,Pnma,False,300,52.298133850097656,4.005334854125977,0.3446420431137085,0.051423490047454834,False,52.298133850097656,13987.497032669953,2.3694625730682697,0.004843773127209605
mp-552185,AgNO3,0.0,1.8635,161,R3c,True,300,-82.11151123046875,4.097815036773682,0.42828479409217834,0.04411044716835022,True,82.11151123046875,17306.93609429001,2.8727154105703816,0.012185880952783296
mp-551918,AlBiO3,0.0533350642499836,2.8716,161,R3c,False,300,36.422637939453125,4.19053316116333,0.38945746421813965,0.05709725618362427,True,-36.422637939453125,21425.86254596687,2.627031463457469,0.0032459145924659213
mp-776154,AlFeO3,0.0803160834999996,2.1089,62,Pnma,False,300,-112.66244506835938,3.808758497238159,0.6615254878997803,0.0007285475730895996,False,-112.66244506835938,8895.362490855,4.915110635909442,0.00689143956488931
mp-5168,AlSiP3,0.0072239124999988,0.2885999999999997,62,Pnma,False,300,118.30216217041016,4.081424713134766,0.7521272897720337,0.09131312370300293,False,118.30216217041016,16665.942012722204,6.055292127975668,0.011555836422953296
mp-768539,AlTlO3,0.0753195514999998,0.7376999999999994,62,Pnma,False,300,56.05421447753906,4.382813453674316,0.6445518732070923,0.049561113119125366,True,-56.05421447753906,33359.42889003509,4.726717897363546,0.006652681321021585
mp-756082,AlVO3,0.0864430801249973,2.1442,62,Pnma,False,300,-39.287017822265625,4.2491135597229,0.5865590572357178,0.0068573057651519775,False,-39.287017822265625,24519.90103564839,4.1358698845907895,0.0027451825409738795
mp-3187,BaCeO3,0.0,2.4469,62,Pnma,True,300,-94.73748779296875,4.450705051422119,0.15265358984470367,0.06934407353401184,False,-94.73748779296875,39004.09492342893,1.5228649807299135,0.0689626255692357
mp-3316,BaCeO3,0.0006426110000017,2.4637,74,Imma,False,300,-94.73748779296875,4.450705051422119,0.15265358984470367,0.06934407353401184,False,-94.73748779296875,39004.09492342893,1.5228649807299135,0.0689626255692357
mp-4900,BaCeO3,0.0025211640000009,2.4505,167,R-3c,False,300,-94.73748779296875,4.450705051422119,0.15265358984470367,0.06934407353401184,False,-94.73748779296875,39004.09492342893,1.5228649807299135,0.0689626255692357
mp-5663,BaCeO3,0.0403338960000017,2.2990000000000004,221,Pm-3m,False,300,-94.73748779296875,4.450705051422119,0.15265358984470367,0.06934407353401184,False,-94.73748779296875,39004.09492342893,1.5228649807299135,0.0689626255692357
mp-998352,BaHfS3,0.0283550604999991,0.8438999999999997,160,R3m,False,300,-84.27670288085938,4.340600490570068,0.1284315288066864,0.02966994047164917,False,-84.27670288085938,30269.527644336093,1.4402548251218559,0.04478191206516409
mp-1105549,BaHfS3,0.0,1.2523999999999995,62,Pnma,True,300,-84.27670288085938,4.340600490570068,0.1284315288066864,0.02966994047164917,False,-84.27670288085938,30269.527644336093,1.4402548251218559,0.04478191206516409
mp-1383356,BaHfS3,0.0282627044999985,0.7077999999999998,221,Pm-3m,False,300,-84.27670288085938,4.340600490570068,0.1284315288066864,0.02966994047164917,False,-84.27670288085938,30269.527644336093,1.4402548251218559,0.04478191206516409
mp-23818,BaLiH3,0.0,2.2146,221,Pm-3m,True,300,11.922401428222656,4.33030366897583,0.48103564977645874,0.039017438888549805,True,-11.922401428222656,29560.29897660407,3.243720756309299,0.00038861011281871125
mp-3163,BaSnO3,0.0,0.3730000000000002,221,Pm-3m,True,300,-62.08070373535156,4.46016263961792,0.9591337442398071,-0.002766817808151245,False,-62.08070373535156,39862.79928532655,9.753074784396027,0.0047256413285907285
mp-1178513,BaSnO3,0.0006460229999962,0.6650999999999998,74,Imma,False,300,-62.08070373535156,4.46016263961792,0.9591337442398071,-0.002766817808151245,False,-62.08070373535156,39862.79928532655,9.753074784396027,0.0047256413285907285
mp-2998,BaTiO3,0.014779579999999,1.6675,221,Pm-3m,False,300,-241.42636108398438,4.131744384765625,0.5836920738220215,0.004154890775680542,False,-241.42636108398438,18713.263721623072,4.108656971584297,0.07964165674790044
mp-5020,BaTiO3,4.098999999868624e-05,2.5527,160,R3m,False,300,-241.42636108398438,4.131744384765625,0.5836920738220215,0.004154890775680542,False,-241.42636108398438,18713.263721623072,4.108656971584297,0.07964165674790044
mp-5777,BaTiO3,0.0,2.2934,38,Amm2,True,300,-241.42636108398438,4.131744384765625,0.5836920738220215,0.004154890775680542,False,-241.42636108398438,18713.263721623072,4.108656971584297,0.07964165674790044
mp-5986,BaTiO3,0.0019565740000011,1.7236999999999996,99,P4mm,False,300,-241.42636108398438,4.131744384765625,0.5836920738220215,0.004154890775680542,False,-241.42636108398438,18713.263721623072,4.108656971584297,0.07964165674790044
mp-540771,BaZrS3,0.0,0.9900000000000002,62,Pnma,True,300,-95.75371551513672,4.339644908905029,0.25401970744132996,0.037864238023757935,False,-95.75371551513672,30202.998576630245,1.9232135825399381,0.043197147468367766
mp-998350,BaZrSe3,0.0775039104999999,0.2023999999999999,1,P1,False,300,-22.460214614868164,4.47630500793457,0.2363176941871643,0.06124955415725708,False,-22.460214614868164,41372.34725260993,1.8463987788577552,0.0033910462666564794
mp-573119,BiRhO3,0.0619841773750007,0.3772999999999999,62,Pnma,False,300,13.240577697753906,4.343882083892822,0.26624974608421326,0.025421053171157837,False,13.240577697753906,30499.11497660999,1.9781424196789128,0.0008108953388976417
mp-755893,CaBiO3,0.0,0.6655289785034206,14,P2_1/c,True,300,-61.47956848144531,3.9478936195373535,0.32887640595436096,0.10261282324790955,False,-61.47956848144531,12254.589636301655,2.2849895382960184,0.006081314062916075
mp-756365,CaCeO3,0.0590747670000126,2.3372999999999995,62,Pnma,False,300,-75.05653381347656,4.40357780456543,0.3304618299007416,0.14673569798469543,False,-75.05653381347656,34993.143509441565,2.293346304869973,0.025787638967540806
mp-20772,CaCrO3,0.0651140580000015,0.3943000000000003,62,Pnma,False,300,-14.446218490600586,3.9168310165405273,0.3405221104621887,0.007395625114440918,True,14.446218490600586,11408.70025283013,2.3470909588971822,0.0003043237606654097
mp-1190098,CaHfS3,0.037140437999998,1.5238,62,Pnma,False,300,-100.0467529296875,4.61819314956665,0.2107085883617401,0.027868956327438354,False,-100.0467529296875,57358.568335471035,1.7406698156054918,0.09894848634815727
mp-19201,CaMnO3,0.0350749438333366,0.4685999999999999,62,Pnma,False,300,-270.18798828125,3.344331979751587,0.6548229455947876,0.01027059555053711,False,-270.18798828125,3053.0726097000374,4.839837226131672,0.013815280514964588
mp-607467,CaMoO3,0.0,1.1050000000000004,14,P2_1/c,True,300,-4.916372299194336,5.064326286315918,0.4922176003456116,0.0032543540000915527,True,4.916372299194336,160225.42771722618,3.328322572805474,0.00034907344329470377
mp-1045305,CaMoO3,0.0096948095000026,1.0948000000000002,2,P-1,False,300,-4.916372299194336,5.064326286315918,0.4922176003456116,0.0032543540000915527,True,4.916372299194336,160225.42771722618,3.328322572805474,0.00034907344329470377
mp-4438,CaSnO3,0.0,2.3327,62,Pnma,True,300,-43.798072814941406,4.105119705200195,0.5826348662376404,0.01669633388519287,False,-43.798072814941406,17600.494039681536,4.098667388895459,0.0024712315472649607
mp-3442,CaTiO3,0.017396585500002,2.2417,140,I4/mcm,False,300,-169.56283569335938,4.364670753479004,0.6984062194824219,0.0352347195148468,False,-169.56283569335938,31994.542670991563,5.350742230489147,0.05157562193950167
mp-4019,CaTiO3,0.0,2.3053,62,Pnma,True,300,-169.56283569335938,4.364670753479004,0.6984062194824219,0.0352347195148468,False,-169.56283569335938,31994.542670991563,5.350742230489147,0.05157562193950167
mp-5827,CaTiO3,0.0644675975000002,1.8272,221,Pm-3m,False,300,-169.56283569335938,4.364670753479004,0.6984062194824219,0.0352347195148468,False,-169.56283569335938,31994.542670991563,5.350742230489147,0.05157562193950167
mp-556003,CaTiO3,0.0114118105000002,2.1586,74,Imma,False,300,-169.56283569335938,4.364670753479004,0.6984062194824219,0.0352347195148468,False,-169.56283569335938,31994.542670991563,5.350742230489147,0.05157562193950167
mp-1205364,CaTiO3,0.0114495924999999,2.1378,63,Cmcm,False,300,-169.56283569335938,4.364670753479004,0.6984062194824219,0.0352347195148468,False,-169.56283569335938,31994.542670991563,5.350742230489147,0.05157562193950167
mp-22608,CaVO3,0.0011566264107081,0.4338999999999999,62,Pnma,False,300,-54.094970703125,5.0081048011779785,0.5905633568763733,0.021903395652770996,False,-54.094970703125,140769.9493848826,4.174179942841927,0.02960559693075642
mp-1435359,CaVO3,0.0088146909107074,0.2606000000000001,14,P2_1/c,False,300,-54.094970703125,5.0081048011779785,0.5905633568763733,0.021903395652770996,False,-54.094970703125,140769.9493848826,4.174179942841927,0.02960559693075642
mp-1342410,CaWO3,0.0536462823333376,1.9784000000000008,62,Pnma,False,300,-89.59920501708984,4.557422637939453,0.14838677644729614,0.003575831651687622,False,-89.59920501708984,49868.6706317054,1.507976544721288,0.07964578041628086
mp-7781,CaZrS3,0.0365724824999942,1.1878000000000002,62,Pnma,False,300,-74.97032928466797,4.534177303314209,0.3115694224834442,0.025916308164596558,False,-74.97032928466797,47269.65761208469,2.195721389453057,0.0362998905427845
mp-4385,CdCO3,0.0,2.6293,167,R-3c,True,300,-29.258939743041992,4.227311134338379,0.3613949716091156,0.1028134822845459,True,29.258939743041992,23319.341774993987,2.46265050365408,0.002431934813335002
mp-849371,CdSnO3,0.0303832525000018,0.6937000000000002,62,Pnma,False,300,-42.48126983642578,4.3044114112854,0.44022929668426514,-0.00010284781455993652,False,-42.48126983642578,27849.44627237779,2.952820904221564,0.0051061749728464655
mp-756062,CeFeO3,0.0797908600000028,0.6735999999999995,62,Pnma,False,300,23.687076568603516,3.425076961517334,0.2192905843257904,0.007652908563613892,False,23.687076568603516,3676.90250771325,1.7754089071542616,0.0003486004175359034
mp-1213810,CeLuO3,0.0570241827499984,0.1122000000000005,62,Pnma,False,300,-76.2313461303711,4.3525238037109375,0.1084534078836441,0.016367018222808838,False,-76.2313461303711,31112.07356159872,1.3755019738662775,0.03943266882928965
mp-776207,CeNiO3,0.0952567235000039,0.9323000000000006,62,Pnma,False,300,-22.210859298706055,4.406193733215332,0.2364765703678131,0.005763351917266846,False,-22.210859298706055,35204.55722635978,1.8470743629648636,0.002820762248859088
mp-1188346,CoBiO3,0.0822287949999989,0.3878000000000003,62,Pnma,False,300,71.14324188232422,3.7648558616638184,0.3050374388694763,0.00896105170249939,False,71.14324188232422,8040.091938600982,2.162943868058847,0.005644225071332193
mp-22616,CoSeO3,0.029257131125,1.852,62,Pnma,False,300,39.96443557739258,3.707941770553589,0.34578144550323486,-0.010486632585525513,False,39.96443557739258,7052.562179410038,2.3756871880479173,0.001422414891976467
mp-752613,CoSnO3,0.0762659565000021,0.9832,62,Pnma,False,300,14.481257438659668,3.6397767066955566,0.3522489666938782,-0.016444027423858643,False,14.481257438659668,6028.119595720251,2.4113307073723886,0.00015727470758084762
mp-23456,CrBiO3,0.0226827880000008,1.3450000000000006,15,C2/c,False,300,-60.62339782714844,3.83941650390625,0.37312471866607666,0.014027029275894165,True,60.62339782714844,9546.004992966446,2.530069951444682,0.0041599770182497555
mp-546027,CrBiO3,0.0147050410000026,1.9845999999999997,161,R3c,False,300,-60.62339782714844,3.83941650390625,0.37312471866607666,0.014027029275894165,True,60.62339782714844,9546.004992966446,2.530069951444682,0.0041599770182497555
mp-559851,CrBiO3,0.0112026899999992,1.7904999999999998,62,Pnma,False,300,-60.62339782714844,3.83941650390625,0.37312471866607666,0.014027029275894165,True,60.62339782714844,9546.004992966446,2.530069951444682,0.0041599770182497555
mp-756147,CrInO3,0.0512829044999998,1.4521000000000006,62,Pnma,False,300,-32.61247253417969,3.56272029876709,0.5012223720550537,0.002980649471282959,False,-32.61247253417969,5048.070971067855,3.3980532642061267,0.00047400615095993305
mp-570231,CsCdBr3,0.0326752270000021,0.6965999999999999,221,Pm-3m,False,300,102.98554229736328,4.245645999908447,0.00318029522895813,0.1927437037229538,False,102.98554229736328,24324.905020387363,1.079414145958458,0.0717029168654933
mp-568544,CsCdCl3,0.0026339560000003,1.7417,221,Pm-3m,False,300,30.110637664794922,4.165676593780518,0.11864462494850159,0.10284310579299927,False,30.110637664794922,20234.000065275748,1.4081613986533499,0.003908323216104337
mp-638685,CsEuBr3,0.0,1.0355000000000003,62,Pnma,True,300,57.39801788330078,4.347615718841553,0.15662477910518646,0.16870644688606262,False,57.39801788330078,30762.446549910008,1.536853919897148,0.0197835091483688
mp-1068377,CsEuCl3,0.0105377620000037,0.8369,221,Pm-3m,False,300,61.18560028076172,4.4373674392700195,0.1960507035255432,0.049098819494247437,False,61.18560028076172,37824.447458795934,1.6829007872498443,0.025242582482746478
mp-570223,CsGeBr3,0.0168454720000017,0.7484000000000002,221,Pm-3m,False,300,49.82649230957031,4.173717021942139,-0.05345359444618225,0.05193507671356201,False,49.82649230957031,20612.09688837659,0.9474454524870675,0.01620353769586696
mp-1068340,CsGeBr3,0.0,1.1965,160,R3m,True,300,49.82649230957031,4.173717021942139,-0.05345359444618225,0.05193507671356201,False,49.82649230957031,20612.09688837659,0.9474454524870675,0.01620353769586696
mp-1546519,CsHgCl3,0.0071816991111135,1.0764,64,Cmce,False,300,38.93424987792969,4.257228851318359,0.14577138423919678,0.15299955010414124,False,38.93424987792969,24982.391193767828,1.498922553670311,0.007579484840505636
mp-561947,CsHgF3,0.0,0.7167,221,Pm-3m,True,300,8.38366985321045,4.316429615020752,0.20028641819953918,0.13648170232772827,True,-8.38366985321045,28630.884718784426,1.699394577919313,0.0003552467634589346
mp-1112338,CsInBr3,0.0,1.3782043565395825,225,Fm-3m,True,300,50.93180847167969,4.174463748931885,0.01603284478187561,0.056365251541137695,False,50.93180847167969,20647.56786366145,1.111835802734784,0.0144519914708502
mp-1112961,CsInCl3,0.0,1.7757115012201825,225,Fm-3m,True,300,-23.941614151000977,4.205589771270752,0.05336429178714752,0.09247136116027832,True,23.941614151000977,22181.70496650525,1.2116358138717807,0.003148117489274111
mp-1112643,CsInI3,0.02183132625,0.7619999999999998,225,Fm-3m,False,300,86.8284912109375,4.023953914642334,-0.07096043229103088,0.08554479479789734,False,86.8284912109375,14600.208839494897,0.9100125417127651,0.036287533842535316
mp-27214,CsSnBr3,0.0111951395000025,0.5984,221,Pm-3m,False,300,54.03472137451172,4.138211727142334,-0.15380629897117615,0.05741795897483826,False,54.03472137451172,18994.01953888769,0.7519717252820487,0.022124958097701777
mp-1247749,CsSnBr3,0.0,1.0107,62,Pnma,True,300,54.03472137451172,4.138211727142334,-0.15380629897117615,0.05741795897483826,False,54.03472137451172,18994.01953888769,0.7519717252820487,0.022124958097701777
mp-1070375,CsSnCl3,0.0226868215000015,0.9752999999999998,221,Pm-3m,False,300,5.217771530151367,4.158905029296875,-0.04722017049789429,0.038658201694488525,False,5.217771530151367,19920.95629086014,0.9611421861010648,0.00016928322155651353
mp-568570,CsSnI3,0.0110591610000034,0.6097000000000001,62,Pnma,False,300,139.1248321533203,3.9151506423950195,-0.19715997576713562,0.04560059309005737,False,139.1248321533203,11364.642947276498,0.680530876261804,0.09697025169871414
mp-614013,CsSnI3,0.0,0.4499999999999997,221,Pm-3m,True,300,139.1248321533203,3.9151506423950195,-0.19715997576713562,0.04560059309005737,False,139.1248321533203,11364.642947276498,0.680530876261804,0.09697025169871414
mp-616378,CsSnI3,0.0118439939999976,0.5435000000000003,127,P4/mbm,False,300,139.1248321533203,3.9151506423950195,-0.19715997576713562,0.04560059309005737,False,139.1248321533203,11364.642947276498,0.680530876261804,0.09697025169871414
mp-1112177,CsTlBr3,0.0122417697499979,0.9985047740444736,225,Fm-3m,False,300,10.582465171813965,4.302694320678711,0.018635272979736328,0.07643353939056396,False,10.582465171813965,27739.553987514788,1.1185182718986209,0.0008332039905647439
mp-1112176,CsTlCl3,0.0003620809999995,1.2584148670507165,225,Fm-3m,False,300,-48.087188720703125,4.274932384490967,0.10969235002994537,0.09552076458930969,True,48.087188720703125,26021.812172362574,1.3794315666898995,0.013086316160214977
mp-1078203,CsTlF3,0.0,2.1858244764135537,225,Fm-3m,True,300,-98.81432342529297,4.326735019683838,0.17055833339691162,0.06795951724052429,True,98.81432342529297,29318.393735408597,1.5869605961406652,0.05411717118206336
mp-1112542,CsTlI3,0.0602546797499998,0.4982999999999999,225,Fm-3m,False,300,103.7030029296875,4.2518157958984375,-0.022951751947402954,0.11216369271278381,False,103.7030029296875,24672.94264502391,1.0163798772735586,0.07831930243146448
mp-2763763,CuAgF3,0.0,1.2735,14,P2_1/c,True,300,103.27630615234375,4.322656631469727,0.40461981296539307,0.04044079780578613,False,103.27630615234375,29044.35823591701,2.7203677837620117,0.03416306356276171
mp-22137,DyCoO3,0.0093079522142867,1.1903999999999997,62,Pnma,False,300,213.70895385742188,3.3145246505737305,0.022438466548919678,0.004436612129211426,False,213.70895385742188,2850.557487238517,1.128356348194927,0.034613874817688434
mp-19381,DyCrO3,0.0,2.5405999999999995,62,Pnma,True,300,169.88133239746094,3.641155242919922,0.4376157224178314,0.009182065725326538,False,169.88133239746094,6047.284435013766,2.9351042581601487,0.017838134555287467
mp-22283,DyFeO3,0.006325670999999,0.9134000000000002,62,Pnma,False,300,176.96800231933594,3.2592995166778564,0.43573760986328125,0.011305630207061768,False,176.96800231933594,2510.1788727331395,2.922438764579706,0.008069934348812154
mp-1178360,DyInO3,0.0640329069999996,2.623,62,Pnma,False,300,-22.571096420288086,4.3809123039245605,0.4764687418937683,0.001368016004562378,False,-22.571096420288086,33213.71518727982,3.209789499409302,0.001581493721022742
mp-22103,DyMnO3,0.022302571166664,0.9994999999999998,62,Pnma,False,300,262.39825439453125,3.6112091541290283,0.5909769535064697,-0.0032638907432556152,False,262.39825439453125,5644.354826445564,4.178157080854598,0.027904399546016177
mp-1212884,DyRhO3,0.0,0.8884318524889769,62,Pnma,True,300,139.61846923828125,4.1671037673950195,0.023008912801742554,0.0016023814678192139,False,139.61846923828125,20300.602181064285,1.1298394192240742,0.10507495115881162
mp-1184176,DyScS3,0.0,1.7736999999999994,62,Pnma,True,300,-96.50421905517578,4.511387348175049,0.11032630503177643,0.04051998257637024,False,-96.50421905517578,44853.10381985283,1.3814466420731133,0.09071356656190992
mp-22789,DyVO3,0.0,1.6567999999999996,62,Pnma,True,300,16.94031524658203,4.194630146026611,0.14257071912288666,0.012169331312179565,True,-16.94031524658203,21628.943158838967,1.487916394992236,0.0012514716065758578
mp-562779,ErCoO3,0.0,1.4471000000000005,62,Pnma,True,300,206.25547790527344,3.4390130043029785,0.01777505874633789,-0.0006642937660217285,False,206.25547790527344,3796.803817903975,1.1163049969934289,0.04340777516538713
mp-19063,ErCrO3,0.0,0.2483000000000004,62,Pnma,True,300,159.15155029296875,3.719658374786377,0.3064121901988983,0.010447412729263306,False,159.15155029296875,7245.419374308706,2.169801475852665,0.02537385941982508
mp-19935,ErFeO3,0.0179546204999994,1.5929000000000002,62,Pnma,False,300,180.2967071533203,3.359734535217285,0.3097740411758423,0.01240798830986023,False,180.2967071533203,3163.2949534482314,2.1866629739180774,0.014107650178286175
mp-754208,ErInO3,0.0797644929999998,2.5532,62,Pnma,False,300,21.319799423217773,4.3753814697265625,0.4352130591869354,0.003628343343734741,True,-21.319799423217773,32793.41333579067,2.9189111079071433,0.0015319805006085696
mp-19319,ErMnO3,0.0344051806666669,1.0455,62,Pnma,False,300,234.39013671875,3.6674630641937256,0.48906809091567993,-0.0011765360832214355,False,234.39013671875,6424.927294301584,3.3042728425812165,0.032047358297973366
mp-1189736,ErNiO3,0.0015767070000007,0.3726000000000002,14,P2_1/c,False,300,-9.678337097167969,3.901762008666992,0.08701565861701965,0.004194736480712891,False,-9.678337097167969,11019.633787008117,1.3092526713082018,0.0002365192194409039
mp-1213022,ErRhO3,0.0,0.9643714818411082,62,Pnma,True,300,124.19878387451172,4.073738098144531,-0.0038934051990509033,0.0030173659324645996,False,124.19878387451172,16373.565121042215,1.0619752732420862,0.07134849028333853
mp-1190244,ErScS3,0.0172591825833308,1.7554999999999996,33,Pna2_1,False,300,-90.10748291015625,4.396853923797607,0.1183643490076065,0.038597553968429565,False,-90.10748291015625,34455.541296990756,1.4072529219132577,0.05963893631326724
mp-2763526,ErScS3,0.0125358623333333,2.152,62,Pnma,False,300,-90.10748291015625,4.396853923797607,0.1183643490076065,0.038597553968429565,False,-90.10748291015625,34455.541296990756,1.4072529219132577,0.05963893631326724
mp-19205,ErVO3,0.0,1.5838,62,Pnma,True,300,13.009200096130371,4.156735897064209,0.1048905998468399,0.011997342109680176,True,-13.009200096130371,19821.70691497215,1.3642639708643822,0.0007376750291408958
mp-753781,EuHfO3,0.0,0.5973000000000006,221,Pm-3m,True,300,-103.29621124267578,4.716921329498291,0.11267711222171783,0.026519805192947388,False,-103.29621124267578,71999.00302642141,1.38894459566266,0.16593255492578862
mp-1190059,EuHfS3,0.0,0.1287000000000002,62,Pnma,True,300,-34.78106689453125,4.506075382232666,0.16007815301418304,0.02335822582244873,False,-34.78106689453125,44307.83558741609,1.549123217830375,0.010380102128381072
mp-771055,EuZrO3,0.0933191865000111,0.3877000000000006,221,Pm-3m,False,300,-131.007568359375,4.723698616027832,0.015112608671188354,0.008863210678100586,False,-131.007568359375,73131.38010160904,1.109482403662021,0.33938869880032296
mp-1106293,EuZrO3,0.0,0.5096999999999996,62,Pnma,True,300,-131.007568359375,4.723698616027832,0.015112608671188354,0.008863210678100586,False,-131.007568359375,73131.38010160904,1.109482403662021,0.33938869880032296
mp-1178354,EuZrO3,0.0843929492500112,0.4662999999999995,198,P2_13,False,300,-131.007568359375,4.723698616027832,0.015112608671188354,0.008863210678100586,False,-131.007568359375,73131.38010160904,1.109482403662021,0.33938869880032296
mp-1189927,EuZrS3,0.0,0.1452999999999997,62,Pnma,True,300,-86.18205261230469,4.522862434387207,0.0941687524318695,0.020505428314208984,False,-86.18205261230469,46054.02449998955,1.3309954244078182,0.07709850325070224
mp-19097,FeBO3,0.0,1.4815999999999998,167,R-3c,True,300,-18.419614791870117,3.793704032897949,0.36756065487861633,0.035928815603256226,True,18.419614791870117,8592.295136421464,2.4978621369679814,0.00035012495267235967
mp-22949,FeBiO3,0.0335794110000016,1.8064,160,R3m,False,300,306.2641906738281,3.6626338958740234,0.6472280025482178,0.014485478401184082,False,306.2641906738281,6353.880595631926,4.7559339288169715,0.037593861126894786
mp-23501,FeBiO3,0.0016325030000015,1.2984,161,R3c,False,300,306.2641906738281,3.6626338958740234,0.6472280025482178,0.014485478401184082,False,306.2641906738281,6353.880595631926,4.7559339288169715,0.037593861126894786
mp-645159,FeBiO3,0.0116057660000015,1.5419999999999998,62,Pnma,False,300,306.2641906738281,3.6626338958740234,0.6472280025482178,0.014485478401184082,False,306.2641906738281,6353.880595631926,4.7559339288169715,0.037593861126894786
mp-1193035,FeBiO3,0.0564112610000018,1.6586,12,C2/m,False,300,306.2641906738281,3.6626338958740234,0.6472280025482178,0.014485478401184082,False,306.2641906738281,6353.880595631926,4.7559339288169715,0.037593861126894786
mp-1178214,FeSnO3,0.0351845345000008,0.989703830709586,62,Pnma,False,300,40.97469711303711,3.498354434967041,0.5776171684265137,0.002528250217437744,False,40.97469711303711,4352.708547377581,4.051585222898873,0.0005411122531023184
mp-1178268,GdAlO3,0.0851176094000027,1.8885,221,Pm-3m,False,300,-84.16487884521484,4.016031265258789,0.4061058759689331,0.015437960624694824,False,-84.16487884521484,14336.27815101525,2.729692245632673,0.011161068984014401
mp-18331,GdCrO3,0.0,2.6309,62,Pnma,True,300,139.6599884033203,3.545464515686035,0.2647649049758911,0.005749404430389404,False,139.6599884033203,4851.428877586199,1.9713907526135364,0.014399990710608582
mp-1212778,GdInO3,0.052235792166666,2.5270116208736253,62,Pnma,False,300,-18.10919761657715,4.2536139488220215,0.35396814346313477,0.007427185773849487,False,-18.10919761657715,24775.31027486576,2.4208950003561616,0.001006845467346389
mp-510490,GdScS3,0.0,1.1773999999999996,62,Pnma,True,300,-89.53759765625,4.427258491516113,0.11931854486465454,0.03859260678291321,False,-89.53759765625,36954.18637426825,1.410348220572883,0.06301869714300402
mp-541177,GdVO3,0.0,1.4525999999999994,62,Pnma,True,300,57.789268493652344,4.132073402404785,0.06228059530258179,0.015330970287322998,False,57.789268493652344,18727.446095423118,1.2367684713977996,0.01517070625329171
mp-753534,HfCoO3,0.0948615120000031,2.4865,62,Pnma,False,300,57.255409240722656,3.934682846069336,0.17623230814933777,-0.0010870695114135742,False,57.255409240722656,11887.430732733555,1.6078299646200644,0.007271134567527118
mp-753790,HfFeO3,0.0961925840000041,2.1447000000000003,62,Pnma,False,300,71.47245025634766,3.904322385787964,0.20098131895065308,-0.0068769752979278564,True,-71.47245025634766,11084.791766091155,1.702115901561802,0.009980148579882145
mp-753856,HfFeO3,0.0626525855000021,2.9099000000000004,62,Pnma,False,300,71.47245025634766,3.904322385787964,0.20098131895065308,-0.0068769752979278564,True,-71.47245025634766,11084.791766091155,1.702115901561802,0.009980148579882145
mp-1178219,HfNiO3,0.0968432885000023,2.7983,14,P2_1/c,False,300,-5.487936019897461,4.038386344909668,0.17482389509677887,0.007540702819824219,False,-5.487936019897461,15093.553490063283,1.6026242323103355,8.509403683050857e-05
mp-770830,HoBiO3,0.0358601403750018,2.7472,62,Pnma,False,300,-31.209627151489258,4.173799991607666,0.16492977738380432,0.07444730401039124,False,-31.209627151489258,20616.035096727435,1.5665259281489305,0.0038456165032899024
mp-20570,HoCoO3,0.0,1.1622,62,Pnma,True,300,220.12591552734375,3.436466693878174,0.038128823041915894,0.0037042200565338135,False,220.12591552734375,3774.607922927771,1.1698673843443277,0.0469028053259994
mp-756834,HoCrO3,0.0,2.3515999999999995,62,Pnma,True,300,166.90606689453125,3.671370506286621,0.36787816882133484,0.008591830730438232,False,166.90606689453125,6482.994595625809,2.499688998879105,0.02167480414288161
mp-19785,HoFeO3,0.0122662793749999,1.5034,62,Pnma,False,300,189.38104248046875,3.2784018516540527,0.3778146207332611,0.009160518646240234,False,189.38104248046875,2623.0526323725026,2.557539976322376,0.011035165086267307
mp-776984,HoInO3,0.0717123543750002,2.5765,62,Pnma,False,300,0.5367603302001953,4.3554558753967285,0.4672488570213318,0.0015600025653839111,True,-0.5367603302001953,31322.832542748874,3.142365276166813,8.615618082394802e-07
mp-22081,HoMnO3,0.0288150980000008,1.9915000000000005,62,Pnma,False,300,261.5478210449219,3.707487106323242,0.5750137567520142,-0.0015593171119689941,False,261.5478210449219,7045.182693825858,4.027370335178928,0.035899976149406106
mp-1212108,HoRhO3,0.0,0.9606739563708188,62,Pnma,True,300,134.6470184326172,4.138600826263428,0.02792215347290039,0.001320958137512207,False,134.6470184326172,19011.044549175407,1.1426940434654385,0.09048795069981003
mp-1189393,HoScS3,0.0129002495833354,1.7663000000000002,33,Pna2_1,False,300,-106.58334350585938,4.51757287979126,0.12190702557563782,0.03996416926383972,False,-106.58334350585938,45496.504710562054,1.4187792743576488,0.10928564804779871
mp-2755772,HoScS3,0.0073478716666688,2.1681,62,Pnma,False,300,-106.58334350585938,4.51757287979126,0.12190702557563782,0.03996416926383972,False,-106.58334350585938,45496.504710562054,1.4187792743576488,0.10928564804779871
mp-7027,InBO3,0.0,2.6556,167,R-3c,True,300,-112.27287292480469,4.301892280578613,0.4161784052848816,0.0644475519657135,False,-112.27287292480469,27688.37280841479,2.7937414756579884,0.037478495176946375
mp-556892,InBiO3,0.0289430770000009,2.7352000000000007,33,Pna2_1,False,300,-42.440696716308594,4.135623455047607,0.46303290128707886,0.048485904932022095,False,-42.440696716308594,18881.15721045497,3.1120080472525746,0.0032784922488795602
mp-561102,InBiO3,0.0399234685000013,2.388399999999999,62,Pnma,False,300,-42.440696716308594,4.135623455047607,0.46303290128707886,0.048485904932022095,False,-42.440696716308594,18881.15721045497,3.1120080472525746,0.0032784922488795602
mp-1105819,InRhO3,0.0739175047499953,0.3223000000000002,62,Pnma,False,300,2.5914745330810547,3.9995381832122803,0.4252515435218811,0.0032154321670532227,False,2.5914745330810547,13802.041740943576,2.8527213576066663,9.747632072309712e-06
mp-1203220,InRhO3,0.0406221204999948,1.039908569021823,14,P2_1/c,False,300,2.5914745330810547,3.9995381832122803,0.4252515435218811,0.0032154321670532227,False,2.5914745330810547,13802.041740943576,2.8527213576066663,9.747632072309712e-06
mp-998398,InSnBr3,0.0303007139999991,1.0975,1,P1,False,300,-57.89955139160156,4.198600769042969,0.11223039031028748,0.17604762315750122,False,-57.89955139160156,21827.59677167964,1.3875166406542225,0.015821198312540183
mp-998555,InSnBr3,0.0200280839999988,1.7591923284557722,161,R3c,False,300,-57.89955139160156,4.198600769042969,0.11223039031028748,0.17604762315750122,False,-57.89955139160156,21827.59677167964,1.3875166406542225,0.015821198312540183
mp-2762335,InSnBr3,0.0586802459999979,1.7073,8,Cm,False,300,-57.89955139160156,4.198600769042969,0.11223039031028748,0.17604762315750122,False,-57.89955139160156,21827.59677167964,1.3875166406542225,0.015821198312540183
mp-998560,InSnCl3,0.0200971269999996,2.0788,8,Cm,False,300,-40.69017028808594,4.1922607421875,0.19777053594589233,0.10207897424697876,False,-40.69017028808594,21511.262277433638,1.6895783892994656,0.0063239411377055705
mp-29799,KBiO3,0.0,0.4914,201,Pn-3,True,300,-61.984519958496094,4.055039882659912,0.34618449211120605,0.027576446533203125,False,-61.984519958496094,15683.573947032624,2.377892965808233,0.007602220688131186
mp-556365,KCrF3,0.0,1.4898000000000002,12,C2/m,True,300,-13.751363754272461,4.233540058135986,0.3386682868003845,0.07588621973991394,True,13.751363754272461,23656.21242812926,2.3370935501621704,0.0005742247532903033
mp-560547,KCrF3,0.0036048639999997,1.968,87,I4/m,False,300,-13.751363754272461,4.233540058135986,0.3386682868003845,0.07588621973991394,True,13.751363754272461,23656.21242812926,2.3370935501621704,0.0005742247532903033
mp-566131,KCrF3,0.0268132479999998,1.1574000000000004,123,P4/mmm,False,300,-13.751363754272461,4.233540058135986,0.3386682868003845,0.07588621973991394,True,13.751363754272461,23656.21242812926,2.3370935501621704,0.0005742247532903033
mp-1180767,KCrF3,0.0021807369999997,1.5720000000000005,140,I4/mcm,False,300,-13.751363754272461,4.233540058135986,0.3386682868003845,0.07588621973991394,True,13.751363754272461,23656.21242812926,2.3370935501621704,0.0005742247532903033
mp-1180782,KCrF3,0.0020262390000009,0.1573999999999999,72,Ibam,False,300,-13.751363754272461,4.233540058135986,0.3386682868003845,0.07588621973991394,True,13.751363754272461,23656.21242812926,2.3370935501621704,0.0005742247532903033
mp-998412,KGeBr3,0.0252311680000052,0.9083,8,Cm,False,300,-5.435617446899414,4.138698101043701,-0.05873408913612366,0.053852349519729614,True,5.435617446899414,19015.303185606645,0.9359954141078667,0.000180072981782336
mp-998231,KGeCl3,0.0282228930000036,1.4859,8,Cm,False,300,5.238988876342773,4.193171977996826,0.23865841329097748,0.06045442819595337,False,5.238988876342773,21556.444548822317,1.8563771896214292,9.561523908323158e-05
mp-7483,KHgF3,0.0,0.6082000000000001,221,Pm-3m,True,300,5.227816581726074,4.242321968078613,0.42214852571487427,0.12403801083564758,True,-5.227816581726074,24139.436135922344,2.832411413650301,6.987675428150162e-05
mp-1110931,KInBr3,0.0977900804999989,0.8797156481034303,225,Fm-3m,False,300,11.963859558105469,4.090144634246826,0.023078888654708862,0.060409098863601685,False,11.963859558105469,17003.94875760993,1.1300214796695005,0.0006461404890831443
mp-1112170,KInCl3,0.0538268714666649,1.597115636649624,225,Fm-3m,False,300,-37.77312469482422,4.117992401123047,0.1018848866224289,0.06488317251205444,True,37.77312469482422,18129.989576312393,1.354854620266984,0.005727853968158398
mp-1112296,KInF3,0.0751867520079416,2.2085,225,Fm-3m,False,300,-79.11817169189453,4.227911949157715,0.27927908301353455,0.057798832654953,False,-79.11817169189453,23351.624713178888,2.0383881835472106,0.021513147240720225
mp-1112169,KInI3,0.0766823449999996,0.6694999999999998,225,Fm-3m,False,300,67.82550048828125,4.041365146636963,-0.08563831448554993,0.13495025038719177,False,67.82550048828125,15197.435187173549,0.8797707030293971,0.023840100030112537
mp-23737,KMgH3,0.0,2.458,221,Pm-3m,True,300,17.649850845336914,4.304178237915039,0.48222115635871887,0.07018262147903442,False,17.649850845336914,27834.497875424702,3.252587333643037,0.0007997564636240402
mp-555123,KMnF3,0.0017114100000004,2.6628000000000003,221,Pm-3m,False,300,-44.767967224121094,4.009889125823975,0.3272920250892639,0.08399024605751038,False,-44.767967224121094,14134.950081942183,2.2766686911552667,0.003732935176794553
mp-555359,KMnF3,0.0002445739999998,2.1006,140,I4/mcm,False,300,-44.767967224121094,4.009889125823975,0.3272920250892639,0.08399024605751038,False,-44.767967224121094,14134.950081942183,2.2766686911552667,0.003732935176794553
mp-560382,KMnF3,0.000924576,2.6774,127,P4/mbm,False,300,-44.767967224121094,4.009889125823975,0.3272920250892639,0.08399024605751038,False,-44.767967224121094,14134.950081942183,2.2766686911552667,0.003732935176794553
mp-644332,KMnF3,0.0020342784999982,2.6922,11,P2_1/m,False,300,-44.767967224121094,4.009889125823975,0.3272920250892639,0.08399024605751038,False,-44.767967224121094,14134.950081942183,2.2766686911552667,0.003732935176794553
mp-1180746,KMnF3,0.0016044339999989,1.7405,140,I4/mcm,False,300,-44.767967224121094,4.009889125823975,0.3272920250892639,0.08399024605751038,False,-44.767967224121094,14134.950081942183,2.2766686911552667,0.003732935176794553
mp-1205353,KMnF3,0.0,2.4058,74,Imma,True,300,-44.767967224121094,4.009889125823975,0.3272920250892639,0.08399024605751038,False,-44.767967224121094,14134.950081942183,2.2766686911552667,0.003732935176794553
mp-2759521,KMnF3,4.164199999934226e-05,2.1486,11,P2_1/m,False,300,-44.767967224121094,4.009889125823975,0.3272920250892639,0.08399024605751038,False,-44.767967224121094,14134.950081942183,2.2766686911552667,0.003732935176794553
mp-4342,KNbO3,0.0011901640000004,1.4744,99,P4mm,False,300,11.646246910095215,4.578539848327637,0.5104247331619263,0.02211955189704895,True,-11.646246910095215,52353.41328197731,3.4708236114411934,0.000613770060183801
mp-5246,KNbO3,0.0003534000000016,2.0587,38,Amm2,False,300,11.646246910095215,4.578539848327637,0.5104247331619263,0.02211955189704895,True,-11.646246910095215,52353.41328197731,3.4708236114411934,0.000613770060183801
mp-7375,KNbO3,0.0,2.3108,160,R3m,True,300,11.646246910095215,4.578539848327637,0.5104247331619263,0.02211955189704895,True,-11.646246910095215,52353.41328197731,3.4708236114411934,0.000613770060183801
mp-935811,KNbO3,0.0077302279999997,1.4215999999999998,221,Pm-3m,False,300,11.646246910095215,4.578539848327637,0.5104247331619263,0.02211955189704895,True,-11.646246910095215,52353.41328197731,3.4708236114411934,0.000613770060183801
mp-16293,KSbO3,0.0447229700000013,1.1212999999999995,227,Fd-3m,False,300,-10.269922256469727,3.97869873046875,0.3437405824661255,0.0411933958530426,True,10.269922256469727,13155.394731378243,2.3645494045287183,0.00017603987759765827
mp-3614,KTaO3,0.0,2.0976,221,Pm-3m,True,300,-26.802148818969727,4.540337562561035,0.1979093700647354,0.007403820753097534,False,-26.802148818969727,47944.93297508593,1.6901185956207685,0.0061134451350909344
mp-1111155,KTlBr3,0.0772356732500005,0.9246039538087512,225,Fm-3m,False,300,13.05667495727539,4.256704807281494,0.043569281697273254,0.11686784029006958,False,13.05667495727539,24952.26422195625,1.18461462967448,0.0010772569600577043
mp-1111296,KTlCl3,0.0590743205000001,1.097012712683471,225,Fm-3m,False,300,-44.58367156982422,4.231610298156738,0.12356574833393097,0.10683822631835938,True,44.58367156982422,23551.330739057194,1.4242084507635018,0.009860860372368515
mp-1111295,KTlF3,0.0542841867083332,1.9647115283785197,225,Fm-3m,False,300,-75.63846588134766,4.294682025909424,0.37288615107536316,0.08161047101020813,False,-75.63846588134766,27232.47911187858,2.5286805095688973,0.018484167542309932
mp-557257,KVF3,0.0,2.0758999999999994,221,Pm-3m,True,300,122.88286590576172,4.3697123527526855,0.2737461030483246,0.09724995493888855,False,122.88286590576172,32368.12227460384,2.0125835244179804,0.07285636690911736
mp-19051,LaCoO3,0.0033163850000006,1.0014000000000003,167,R-3c,False,300,37.226131439208984,3.4469144344329834,0.20017822086811066,0.006279319524765015,False,37.226131439208984,3866.514006115952,1.6989712544283435,0.000946129588269431
mp-573180,LaCoO3,0.0765487460000002,0.6210999999999993,221,Pm-3m,False,300,37.226131439208984,3.4469144344329834,0.20017822086811066,0.006279319524765015,False,37.226131439208984,3866.514006115952,1.6989712544283435,0.000946129588269431
mp-1185232,LaCoO3,0.0474867225000004,0.973,62,Pnma,False,300,37.226131439208984,3.4469144344329834,0.20017822086811066,0.006279319524765015,False,37.226131439208984,3866.514006115952,1.6989712544283435,0.000946129588269431
mp-1272753,LaCoO3,0.0304298195000001,0.6738999999999997,1,P1,False,300,37.226131439208984,3.4469144344329834,0.20017822086811066,0.006279319524765015,False,37.226131439208984,3866.514006115952,1.6989712544283435,0.000946129588269431
mp-1273989,LaCoO3,0.0179204554999996,0.8045999999999998,14,P2_1/c,False,300,37.226131439208984,3.4469144344329834,0.20017822086811066,0.006279319524765015,False,37.226131439208984,3866.514006115952,1.6989712544283435,0.000946129588269431
mp-1288145,LaCoO3,0.0,0.2793000000000001,148,R-3,True,300,37.226131439208984,3.4469144344329834,0.20017822086811066,0.006279319524765015,False,37.226131439208984,3866.514006115952,1.6989712544283435,0.000946129588269431
mp-1504268,LaCoO3,0.0551452460000003,0.9444999999999996,74,Imma,False,300,37.226131439208984,3.4469144344329834,0.20017822086811066,0.006279319524765015,False,37.226131439208984,3866.514006115952,1.6989712544283435,0.000946129588269431
mp-18841,LaCrO3,0.0914568244999998,2.1156999999999995,221,Pm-3m,False,300,194.80838012695312,3.067430257797241,0.29886385798454285,0.0040531158447265625,False,194.80838012695312,1613.7468631322229,2.132414701637032,0.00861589242695174
mp-19281,LaCrO3,0.0,2.3706000000000005,62,Pnma,True,300,194.80838012695312,3.067430257797241,0.29886385798454285,0.0040531158447265625,False,194.80838012695312,1613.7468631322229,2.132414701637032,0.00861589242695174
mp-22590,LaFeO3,0.0277720220000148,1.4333999999999998,62,Pnma,False,300,-88.28756713867188,3.235955238342285,0.3459274470806122,0.0014215409755706787,True,88.28756713867188,2378.8134842402005,2.3764859833370227,0.002340698561524216
mp-1078634,LaFeO3,0.0,1.9509,167,R-3c,True,300,-88.28756713867188,3.235955238342285,0.3459274470806122,0.0014215409755706787,True,88.28756713867188,2378.8134842402005,2.3764859833370227,0.002340698561524216
mp-11623,LaInO3,0.0067064522499986,2.7459,62,Pnma,False,300,-27.335451126098633,4.178314685821533,0.4463554620742798,0.023514211177825928,False,-27.335451126098633,20831.46623519167,2.9947686083588065,0.0015593022762615256
mp-1106374,LaLuS3,0.0,2.2322,62,Pnma,True,300,-48.353240966796875,4.378189563751221,0.06710626184940338,0.012620121240615845,False,-48.353240966796875,33006.13844761435,1.2505874667389416,0.018511988739492544
mp-989552,LaMoN3,0.0293490240000071,1.1509,161,R3c,False,300,41.377357482910156,4.296140193939209,0.25776025652885437,0.012345194816589355,True,-41.377357482910156,27324.067354941904,1.9398496311818518,0.007234758493774272
mp-1284950,LaNiO3,0.020568577999998,0.3559999999999998,2,P-1,False,300,-13.516183853149414,4.452769756317139,0.3319196105003357,0.006161898374557495,False,-13.516183853149414,39189.96806625868,2.3010572318250313,0.0009334196193154957
mp-5163,LaRhO3,0.0,0.5951000000000004,62,Pnma,True,300,460.0941162109375,3.267489194869995,0.11221753060817719,0.0034382641315460205,False,460.0941162109375,2557.9635293361393,1.387475556120003,0.11708024460224851
mp-1190131,LaScS3,0.0,1.6446000000000005,62,Pnma,True,300,-79.47434997558594,4.489055633544922,0.20108520984649658,0.0468616783618927,False,-79.47434997558594,42605.02130583141,1.7025231263962064,0.04741797360860937
mp-989524,LaWN3,0.0,1.1797000000000004,161,R3c,True,300,-0.405487060546875,4.306850433349609,0.28356778621673584,0.04106563329696655,False,-0.405487060546875,28006.290328187413,2.058617196395729,6.710505631463774e-07
mp-989601,LaWN3,0.0233291480000055,0.7063999999999995,160,R3m,False,300,-0.405487060546875,4.306850433349609,0.28356778621673584,0.04106563329696655,False,-0.405487060546875,28006.290328187413,2.058617196395729,6.710505631463774e-07
mp-756821,LiAgF3,0.0935238429999998,0.1235999999999999,14,P2_1/c,False,300,22.0108642578125,4.108509063720703,0.34716683626174927,0.12339955568313599,True,-22.0108642578125,17738.39072874516,2.383277683249504,0.0010817702069652075
mp-760151,LiAgF3,0.0769721754999999,0.1695999999999999,178,P6_122,False,300,22.0108642578125,4.108509063720703,0.34716683626174927,0.12339955568313599,True,-22.0108642578125,17738.39072874516,2.383277683249504,0.0010817702069652075
mp-1079935,LiCaH3,0.0214807280000002,2.5159,167,R-3c,False,300,66.09381103515625,4.534918308258057,0.5344576835632324,0.008297771215438843,True,-66.09381103515625,47350.379220338735,3.6683054717870984,0.016916122112237912
mp-28327,LiGaBr3,0.0,2.956,11,P2_1/m,True,300,19.8171443939209,4.262054443359375,0.12771697342395782,0.19088952243328094,False,19.8171443939209,25261.526857100318,1.4378870868507,0.0020698468628406346
mp-29345,LiGaI3,0.0,2.2473,11,P2_1/m,True,300,-2.8554515838623047,4.246763229370117,0.025823205709457397,0.2312011867761612,True,2.8554515838623047,24387.561783618636,1.1371847205090875,5.245757656746042e-05
mp-760095,LiMnF3,0.0939407181666664,2.4534,147,P-3,False,300,-81.20316314697266,3.833582878112793,0.3816620707511902,0.11900001764297485,False,-81.20316314697266,9418.636395900468,2.5802980894201264,0.00722079971466962
mp-764783,LiMnF3,0.0907112249999997,2.712,62,Pnma,False,300,-81.20316314697266,3.833582878112793,0.3816620707511902,0.11900001764297485,False,-81.20316314697266,9418.636395900468,2.5802980894201264,0.00722079971466962
mp-765457,LiMnF3,0.0397923609999999,2.9514,62,Pnma,False,300,-81.20316314697266,3.833582878112793,0.3816620707511902,0.11900001764297485,False,-81.20316314697266,9418.636395900468,2.5802980894201264,0.00722079971466962
mp-8180,LiNO3,0.0,2.9369,167,R-3c,True,300,23.350160598754883,4.139217376708984,0.34692710638046265,0.08022910356521606,False,23.350160598754883,19038.05293293702,2.3819624806883413,0.001307340189177587
mp-552588,LiNbO3,0.0330080320000032,2.281952667388917,167,R-3c,False,300,40.61328887939453,4.225331783294678,0.570610761642456,0.0481947660446167,True,-40.61328887939453,23213.30280486972,3.9867460416991025,0.002881216810953238
mp-674361,LiNbO3,0.010056417400003,2.9621,1,P1,False,300,40.61328887939453,4.225331783294678,0.570610761642456,0.0481947660446167,True,-40.61328887939453,23213.30280486972,3.9867460416991025,0.002881216810953238
mp-676694,LiNbO3,0.0080152856666693,2.9835000000000003,1,P1,False,300,40.61328887939453,4.225331783294678,0.570610761642456,0.0481947660446167,True,-40.61328887939453,23213.30280486972,3.9867460416991025,0.002881216810953238
mp-776108,LiNbO3,0.0298365945000043,2.7432,57,Pbcm,False,300,40.61328887939453,4.225331783294678,0.570610761642456,0.0481947660446167,True,-40.61328887939453,23213.30280486972,3.9867460416991025,0.002881216810953238
mp-752636,LiSbO3,0.088810487499999,1.1944999999999997,198,P2_13,False,300,-40.74095916748047,3.992786407470703,0.4268375635147095,0.048462361097335815,False,-40.74095916748047,13589.127103259943,2.8631583880729616,0.002363360326077485
mp-754345,LiTaO3,0.0886449690000059,2.3884,127,P4/mbm,False,300,71.17684173583984,4.265198707580566,0.23876246809959412,0.03493449091911316,True,-71.17684173583984,25445.082356137693,1.8568220216968305,0.020827266036485038
mp-752764,LiVF3,0.0185087989999983,2.5687999999999995,161,R3c,False,300,113.3773193359375,4.235733509063721,0.3600897789001465,0.1067948043346405,False,113.3773193359375,23775.99289731676,2.455260567666034,0.037343472262095424
mp-752911,LiVF3,0.0357912984999995,2.426,62,Pnma,False,300,113.3773193359375,4.235733509063721,0.3600897789001465,0.1067948043346405,False,113.3773193359375,23775.99289731676,2.455260567666034,0.037343472262095424
mp-777551,LiVF3,0.0371581029999985,2.6788,198,P2_13,False,300,113.3773193359375,4.235733509063721,0.3600897789001465,0.1067948043346405,False,113.3773193359375,23775.99289731676,2.455260567666034,0.037343472262095424
mp-778509,LiVF3,0.0711593504999994,2.6116,198,P2_13,False,300,113.3773193359375,4.235733509063721,0.3600897789001465,0.1067948043346405,False,113.3773193359375,23775.99289731676,2.455260567666034,0.037343472262095424
mp-755471,LuCrO3,0.0,2.7252,62,Pnma,True,300,126.6070785522461,3.6167049407958984,0.2669057846069336,0.0061435699462890625,False,126.6070785522461,5716.235254271505,1.9811328290664905,0.013875023562589
mp-22588,LuFeO3,0.0360391231249987,1.6083000000000005,62,Pnma,False,300,139.64480590820312,3.759941577911377,0.3170103132724762,0.0026985108852386475,False,139.64480590820312,7949.626621893518,2.2234026724631843,0.020917001910041033
mp-21125,LuMnO3,0.0503064981666696,0.4485081876543422,62,Pnma,False,300,143.35084533691406,3.647956371307373,0.36985164880752563,0.007613241672515869,False,143.35084533691406,6142.731386118771,2.5110736966954073,0.015080781132261856
mp-1205366,LuRhO3,0.0,1.0887000000000002,62,Pnma,True,300,134.7801055908203,3.841326951980591,-0.02689915895462036,0.004164636135101318,False,134.7801055908203,9588.090073078236,1.0071836129394336,0.051879561113961824
mp-754597,LuTlO3,0.0837613916249973,0.6919000000000004,62,Pnma,False,300,-56.242698669433594,4.3079915046691895,0.3331974446773529,0.0863175094127655,False,-56.242698669433594,28079.97119485334,2.307837653173795,0.011546356437233557
mp-755583,LuVO3,0.0057737502499968,1.5724999999999998,62,Pnma,False,300,78.1285400390625,4.078266620635986,0.08713018894195557,0.01484021544456482,False,78.1285400390625,16545.190574590033,1.3095979874792212,0.023135263345632946
mp-2767717,LuVO3,0.0,0.2610999999999999,14,P2_1/c,True,300,78.1285400390625,4.078266620635986,0.08713018894195557,0.01484021544456482,False,78.1285400390625,16545.190574590033,1.3095979874792212,0.023135263345632946
mp-998358,MgAgF3,0.0331789360000014,2.1127,221,Pm-3m,False,300,16.85979461669922,4.069096088409424,0.34613022208213806,0.08371272683143616,True,-16.85979461669922,16199.486254793763,2.377595839634494,0.0005810172465357602
mp-998418,MgAgF3,0.0181428880000016,2.6793,167,R-3c,False,300,16.85979461669922,4.069096088409424,0.34613022208213806,0.08371272683143616,True,-16.85979461669922,16199.486254793763,2.377595839634494,0.0005810172465357602
mp-770581,MgMnO3,0.0767369350000004,0.536,62,Pnma,False,300,-125.92002868652344,3.6277079582214355,0.5073451995849609,0.008837252855300903,False,-125.92002868652344,5862.9084340870095,3.446299441401366,0.008092281549373751
mp-769348,MgSnO3,0.0730104979999959,2.0089999999999995,62,Pnma,False,300,-97.65203094482422,4.194838047027588,0.5313346982002258,0.012232422828674316,False,-97.65203094482422,21639.299623390067,3.642021525312042,0.016997478750709803
mp-1345923,MgTiO3,0.0829077269999984,2.3299,62,Pnma,False,300,-84.00936889648438,4.230633735656738,0.6356362104415894,0.036749690771102905,False,-84.00936889648438,23498.432283336428,4.6306720041510845,0.010744137743351296
mp-1370061,MgVO3,0.0928165374999991,0.6976000000000004,62,Pnma,False,300,-102.0532455444336,4.336414813995361,0.5520403385162354,0.016277462244033813,False,-102.0532455444336,29979.195018016904,3.819866178965123,0.024521482068674275
mp-1326513,MgWO3,0.0817830849999978,2.4380000000000006,62,Pnma,False,300,-44.867774963378906,4.235122203826904,0.13083896040916443,0.014373987913131714,False,-44.867774963378906,23742.549772439244,1.4482607821858613,0.009900814126056952
mp-1278986,MnBO3,0.0323374645520715,0.5985999999999998,2,P-1,False,300,-63.35730743408203,3.8257596492767334,0.36279505491256714,0.03243115544319153,False,-63.35730743408203,9250.491375038771,2.470602434171026,0.004508962432126348
mp-1289597,MnBO3,0.0203677105520725,0.1516999999999999,15,C2/c,False,300,-63.35730743408203,3.8257596492767334,0.36279505491256714,0.03243115544319153,False,-63.35730743408203,9250.491375038771,2.470602434171026,0.004508962432126348
mp-23477,MnBiO3,0.0281614210999983,1.4751000000000003,15,C2/c,False,300,-102.6185073852539,3.7901227474212646,0.5168708562850952,0.011753290891647339,False,-102.6185073852539,8521.732564138896,3.5227243904527588,0.007642261179821197
mp-1194603,MnBiO3,0.0262128320999979,1.90163571702498,14,P2_1/c,False,300,-102.6185073852539,3.7901227474212646,0.5168708562850952,0.011753290891647339,False,-102.6185073852539,8521.732564138896,3.5227243904527588,0.007642261179821197
mp-998241,MnInF3,0.0323595836111119,2.4765,1,P1,False,300,-81.44881439208984,4.017462730407715,0.489234983921051,0.0100020170211792,False,-81.44881439208984,14383.609492692685,3.3055428702256497,0.00865995984394954
mp-1422819,MnInF3,0.0323525176111134,2.4617000000000004,221,Pm-3m,False,300,-81.44881439208984,4.017462730407715,0.489234983921051,0.0100020170211792,False,-81.44881439208984,14383.609492692685,3.3055428702256497,0.00865995984394954
mp-22224,MnSeO3,0.0202544244999876,2.8433,62,Pnma,False,300,-144.68568420410156,3.712961435317993,0.5567916631698608,-0.014031141996383667,False,-144.68568420410156,7134.550044219701,3.861886210292677,0.01160217721748161
mp-691106,MnSnO3,0.0223195970000018,0.2294,161,R3c,False,300,-80.4937744140625,3.527819871902466,0.5506922006607056,-0.005516618490219116,False,-80.4937744140625,4658.27394636354,3.8080269274600433,0.0023777755319248986
mp-30528,MnTlCl3,0.0243922364999997,1.2858,62,Pnma,False,300,-10.333065032958984,4.163090705871582,0.2881750762462616,0.06260088086128235,False,-10.333065032958984,20113.88020210056,2.0805726552780732,0.0003096653074136634
mp-570290,MnTlCl3,0.0293077779999997,1.1477,221,Pm-3m,False,300,-10.333065032958984,4.163090705871582,0.2881750762462616,0.06260088086128235,False,-10.333065032958984,20113.88020210056,2.0805726552780732,0.0003096653074136634
mp-998762,MnTlF3,0.0,2.6304,221,Pm-3m,True,300,-17.692583084106445,4.137295722961426,0.3685157299041748,0.08785614371299744,False,-17.692583084106445,18953.99999786782,2.503361333835777,0.0007110187908418003
mp-1106224,MnVO3,0.0417526665000043,0.3157000000000005,62,Pnma,False,300,-49.304664611816406,3.584296941757202,0.5777126550674438,-0.008238762617111206,False,-49.304664611816406,5305.204081041146,4.052476127141657,0.0009547263355122907
mp-772528,MnZnO3,0.098382452,0.1149,62,Pnma,False,300,-94.62246704101562,3.5061473846435547,0.5886590480804443,-0.005748063325881958,False,-94.62246704101562,4431.518206680117,4.15591693008123,0.0028641480845990512
mp-1120755,NaCO3,0.0,0.6623,167,R-3c,True,300,9.595584869384766,4.181907653808594,0.26477938890457153,0.06233873963356018,False,9.595584869384766,21004.52221000361,1.9714565005343445,0.00029429966298288683
mp-21404,NaCoF3,0.0,2.0659,62,Pnma,True,300,45.3543701171875,3.9610366821289062,0.32508790493011475,0.09597736597061157,False,45.3543701171875,12631.119252578463,2.2651434718888854,0.0034411662498334107
mp-505085,NaCuF3,0.0043112520000008,0.6678000000000001,14,P2_1/c,False,300,46.83795166015625,4.226673126220703,0.451866090297699,0.11290013790130615,False,46.83795166015625,23285.10922778118,3.033010406131682,0.005052675670726545
mp-505066,NaFeF3,0.0004148375000001,1.8013,62,Pnma,False,300,13.616783142089844,4.011884689331055,0.4417193531990051,0.09788528084754944,False,13.616783142089844,14200.0489871597,2.9629693790141034,0.00026658332235150023
mp-560242,NaMnF3,0.0,2.7474000000000003,62,Pnma,True,300,-169.17161560058594,3.8267877101898193,0.3850274384021759,0.10957849025726318,False,-169.17161560058594,9272.41505585849,2.60037060740759,0.0306149717808765
mp-4531,NaNO3,0.0,2.9451,167,R-3c,True,300,43.33225631713867,4.182409286499023,0.34045231342315674,0.04771938920021057,False,43.33225631713867,21028.797541384683,2.346713779718657,0.00504775395594891
mp-1220986,NaNO3,0.0110834510000001,2.8579,155,R32,False,300,43.33225631713867,4.182409286499023,0.34045231342315674,0.04771938920021057,False,43.33225631713867,21028.797541384683,2.346713779718657,0.00504775395594891
mp-3136,NaNbO3,0.0443390239999974,1.5312,221,Pm-3m,False,300,-22.068159103393555,4.511907577514648,0.4962696135044098,0.05027049779891968,True,22.068159103393555,44906.864304157585,3.359521490469639,0.0019529394336197025
mp-3671,NaNbO3,0.001741106999999,2.3565000000000005,57,Pbcm,False,300,-22.068159103393555,4.511907577514648,0.4962696135044098,0.05027049779891968,True,22.068159103393555,44906.864304157585,3.359521490469639,0.0019529394336197025
mp-4419,NaNbO3,0.030859024999998,1.5628,127,P4/mbm,False,300,-22.068159103393555,4.511907577514648,0.4962696135044098,0.05027049779891968,True,22.068159103393555,44906.864304157585,3.359521490469639,0.0019529394336197025
mp-4514,NaNbO3,0.0,2.7818,161,R3c,True,300,-22.068159103393555,4.511907577514648,0.4962696135044098,0.05027049779891968,True,22.068159103393555,44906.864304157585,3.359521490469639,0.0019529394336197025
mp-4681,NaNbO3,0.0024077749999982,2.3684000000000003,26,Pmc2_1,False,300,-22.068159103393555,4.511907577514648,0.4962696135044098,0.05027049779891968,True,22.068159103393555,44906.864304157585,3.359521490469639,0.0019529394336197025
mp-4748,NaNbO3,0.0267007389999989,1.6833000000000002,63,Cmcm,False,300,-22.068159103393555,4.511907577514648,0.4962696135044098,0.05027049779891968,True,22.068159103393555,44906.864304157585,3.359521490469639,0.0019529394336197025
mp-558920,NaNbO3,0.0018151994999993,2.4098,29,Pca2_1,False,300,-22.068159103393555,4.511907577514648,0.4962696135044098,0.05027049779891968,True,22.068159103393555,44906.864304157585,3.359521490469639,0.0019529394336197025
mp-559354,NaNbO3,0.0391677254999986,1.8833,63,Cmcm,False,300,-22.068159103393555,4.511907577514648,0.4962696135044098,0.05027049779891968,True,22.068159103393555,44906.864304157585,3.359521490469639,0.0019529394336197025
mp-1105765,NaNbO3,0.025218161999998,1.865,62,Pnma,False,300,-22.068159103393555,4.511907577514648,0.4962696135044098,0.05027049779891968,True,22.068159103393555,44906.864304157585,3.359521490469639,0.0019529394336197025
mp-1188528,NaNbO3,0.0028805844999979,2.853,33,Pna2_1,False,300,-22.068159103393555,4.511907577514648,0.4962696135044098,0.05027049779891968,True,22.068159103393555,44906.864304157585,3.359521490469639,0.0019529394336197025
mp-1189194,NaNbO3,0.029542810499997,1.6606999999999998,62,Pnma,False,300,-22.068159103393555,4.511907577514648,0.4962696135044098,0.05027049779891968,True,22.068159103393555,44906.864304157585,3.359521490469639,0.0019529394336197025
mp-1190015,NaNbO3,0.0036448904999986,2.2326,31,Pmn2_1,False,300,-22.068159103393555,4.511907577514648,0.4962696135044098,0.05027049779891968,True,22.068159103393555,44906.864304157585,3.359521490469639,0.0019529394336197025
mp-1194823,NaNbO3,0.0250339659999969,1.7153000000000005,62,Pnma,False,300,-22.068159103393555,4.511907577514648,0.4962696135044098,0.05027049779891968,True,22.068159103393555,44906.864304157585,3.359521490469639,0.0019529394336197025
mp-1195803,NaNbO3,0.0253544346666654,1.6547999999999998,62,Pnma,False,300,-22.068159103393555,4.511907577514648,0.4962696135044098,0.05027049779891968,True,22.068159103393555,44906.864304157585,3.359521490469639,0.0019529394336197025
mp-1198142,NaNbO3,0.0283619004999966,1.7341,59,Pmmn,False,300,-22.068159103393555,4.511907577514648,0.4962696135044098,0.05027049779891968,True,22.068159103393555,44906.864304157585,3.359521490469639,0.0019529394336197025
mp-1199037,NaNbO3,0.0424806867499985,1.7575,17,P222_1,False,300,-22.068159103393555,4.511907577514648,0.4962696135044098,0.05027049779891968,True,22.068159103393555,44906.864304157585,3.359521490469639,0.0019529394336197025
mp-1199593,NaNbO3,0.0327036768749984,1.6316000000000002,59,Pmmn,False,300,-22.068159103393555,4.511907577514648,0.4962696135044098,0.05027049779891968,True,22.068159103393555,44906.864304157585,3.359521490469639,0.0019529394336197025
mp-1203293,NaNbO3,0.0245707684999985,1.7941,62,Pnma,False,300,-22.068159103393555,4.511907577514648,0.4962696135044098,0.05027049779891968,True,22.068159103393555,44906.864304157585,3.359521490469639,0.0019529394336197025
mp-1977728,NaNbO3,0.0294082129999981,1.6644,74,Imma,False,300,-22.068159103393555,4.511907577514648,0.4962696135044098,0.05027049779891968,True,22.068159103393555,44906.864304157585,3.359521490469639,0.0019529394336197025
mp-20011,NaSbO3,0.0551372470000011,1.4696000000000002,227,Fd-3m,False,300,6.936358451843262,3.976714611053467,0.4240019917488098,0.06439176201820374,False,6.936358451843262,13095.43002695838,2.844525306245208,6.644989111078277e-05
mp-22212,NaSbO3,0.0918956150000003,1.2824000000000004,62,Pnma,False,300,6.936358451843262,3.976714611053467,0.4240019917488098,0.06439176201820374,False,6.936358451843262,13095.43002695838,2.844525306245208,6.644989111078277e-05
mp-3858,NaTaO3,0.0,2.5926,62,Pnma,True,300,6.770903587341309,4.470254898071289,0.20445910096168518,0.0392322838306427,True,-6.770903587341309,40799.98950252692,1.715800977948079,0.00032704510604480617
mp-4170,NaTaO3,0.0277541294999981,2.2596,221,Pm-3m,False,300,6.770903587341309,4.470254898071289,0.20445910096168518,0.0392322838306427,True,-6.770903587341309,40799.98950252692,1.715800977948079,0.00032704510604480617
mp-4675,NaTaO3,0.0093388935000007,2.2808,127,P4/mbm,False,300,6.770903587341309,4.470254898071289,0.20445910096168518,0.0392322838306427,True,-6.770903587341309,40799.98950252692,1.715800977948079,0.00032704510604480617
mp-4699,NaTaO3,0.0033295580000007,2.3891,63,Cmcm,False,300,6.770903587341309,4.470254898071289,0.20445910096168518,0.0392322838306427,True,-6.770903587341309,40799.98950252692,1.715800977948079,0.00032704510604480617
mp-754818,NaTaO3,0.0867578065000014,2.7139,227,Fd-3m,False,300,6.770903587341309,4.470254898071289,0.20445910096168518,0.0392322838306427,True,-6.770903587341309,40799.98950252692,1.715800977948079,0.00032704510604480617
mp-20572,NaVF3,0.0913499079999997,0.6978,221,Pm-3m,False,300,42.7178955078125,4.286259174346924,0.33134880661964417,0.10880354046821594,False,42.7178955078125,26709.412022543547,2.298034882522874,0.006362805734687316
mp-1120756,NaVF3,0.0,1.5126999999999995,62,Pnma,True,300,42.7178955078125,4.286259174346924,0.33134880661964417,0.10880354046821594,False,42.7178955078125,26709.412022543547,2.298034882522874,0.006362805734687316
mp-5537,NbAgO3,0.0594938496730765,1.7871,57,Pbcm,False,300,2.957296371459961,4.0010528564453125,0.5724780559539795,0.015361487865447998,False,2.957296371459961,13850.262665460752,4.0039243746610405,9.0757620144557e-06
mp-12725,NbAgO3,0.0919056189230769,1.3336,221,Pm-3m,False,300,2.957296371459961,4.0010528564453125,0.5724780559539795,0.015361487865447998,False,2.957296371459961,13850.262665460752,4.0039243746610405,9.0757620144557e-06
mp-1203481,NbAgO3,0.0605651891730776,1.7362135447607383,26,Pmc2_1,False,300,2.957296371459961,4.0010528564453125,0.5724780559539795,0.015361487865447998,False,2.957296371459961,13850.262665460752,4.0039243746610405,9.0757620144557e-06
mp-1205362,NbAgO3,0.0718574189230762,0.9892,63,Cmcm,False,300,2.957296371459961,4.0010528564453125,0.5724780559539795,0.015361487865447998,False,2.957296371459961,13850.262665460752,4.0039243746610405,9.0757620144557e-06
mp-1220387,NbAgO3,0.074483993923077,1.0242999999999998,127,P4/mbm,False,300,2.957296371459961,4.0010528564453125,0.5724780559539795,0.015361487865447998,False,2.957296371459961,13850.262665460752,4.0039243746610405,9.0757620144557e-06
mp-33932,NbHO3,0.0336375535357174,2.6276,1,P1,False,300,-76.06424713134766,4.246323585510254,0.39258188009262085,0.23703283071517944,False,-76.06424713134766,24362.886322338192,2.645999087949221,0.015981643749661392
mp-626528,NbHO3,0.0450807430357169,2.5171,1,P1,False,300,-76.06424713134766,4.246323585510254,0.39258188009262085,0.23703283071517944,False,-76.06424713134766,24362.886322338192,2.645999087949221,0.015981643749661392
mp-757636,NbTlO3,0.0,0.7458,1,P1,True,300,-34.310302734375,4.1684250831604,0.0988164097070694,0.02068871259689331,False,-34.310302734375,20362.459636595504,1.3453157287298525,0.0053453527629916345
mp-977408,NbTlO3,0.0906740972499937,0.1116000000000001,221,Pm-3m,False,300,-34.310302734375,4.1684250831604,0.0988164097070694,0.02068871259689331,False,-34.310302734375,20362.459636595504,1.3453157287298525,0.0053453527629916345
mp-1101462,NbTlO3,0.0013711412499954,0.946658554294193,9,Cc,False,300,-34.310302734375,4.1684250831604,0.0988164097070694,0.02068871259689331,False,-34.310302734375,20362.459636595504,1.3453157287298525,0.0053453527629916345
mp-14254,NdAlO3,0.0274909169999926,2.863600000000001,221,Pm-3m,False,300,-89.2242202758789,4.083711624145508,0.640196681022644,0.017652839422225952,False,-89.2242202758789,16753.933118983765,4.67955430035937,0.008550648696573144
mp-20031,NdCoO3,0.0781587439998885,0.791412993383716,221,Pm-3m,False,300,166.51968383789062,3.6719186305999756,0.2255803644657135,0.014196038246154785,False,166.51968383789062,6491.181967296681,1.8013088158810004,0.029976989745750846
mp-22599,NdCoO3,0.0,1.2315999999999994,62,Pnma,True,300,166.51968383789062,3.6719186305999756,0.2255803644657135,0.014196038246154785,False,166.51968383789062,6491.181967296681,1.8013088158810004,0.029976989745750846
mp-19269,NdCrO3,0.0,2.54,62,Pnma,True,300,262.0462646484375,3.37591552734375,0.24767634272575378,0.014189928770065308,False,262.0462646484375,3283.3764631203735,1.8953270146974701,0.035687303095178556
mp-20407,NdFeO3,0.0,1.7311,62,Pnma,True,300,127.5428466796875,3.2628464698791504,0.3287498354911804,0.013324230909347534,False,127.5428466796875,2530.763855164718,2.284323699662383,0.005406639889156662
mp-755138,NdInO3,0.0147230442500001,2.6533,62,Pnma,False,300,-34.094871520996094,4.167450904846191,0.498747855424881,0.004353374242782593,False,-34.094871520996094,20316.83521363453,3.3787469408035156,0.0020970064382339897
mp-20852,NdMnO3,0.0,1.898,62,Pnma,True,300,130.8053436279297,3.5198349952697754,0.433502197265625,0.004222065210342407,False,130.8053436279297,4573.410121222562,2.907434953889825,0.008074253269248636
mp-4582,NdRhO3,0.0,0.6487000000000007,62,Pnma,True,300,189.48097229003906,3.6751210689544678,0.21421492099761963,0.006567507982254028,False,189.48097229003906,6539.224119435959,1.7547802228092493,0.04013802092521181
mp-1105614,NdScS3,0.0,1.8593,62,Pnma,True,300,-111.71536254882812,4.422794818878174,0.09405049681663513,0.04989016056060791,False,-111.71536254882812,36576.31695597893,1.33063305218782,0.1029173792486195
mp-541129,NdVO3,0.0,1.5603999999999996,62,Pnma,True,300,24.085248947143555,4.065834999084473,0.24601978063583374,0.01927506923675537,False,24.085248947143555,16078.300910562226,1.8881112968624605,0.0014819586825091115
mp-25096,NiBiO3,0.0322425907500036,0.3548,11,P2_1/m,False,300,-1.8156318664550781,3.9012515544891357,0.31863313913345337,0.006532251834869385,True,1.8156318664550781,11006.689312897477,2.2317263912154175,4.877447532512257e-06
mp-1209810,NiTeO3,0.0463462223333346,2.5735,62,Pnma,False,300,-3.3997650146484375,3.7502830028533936,0.3228456974029541,-0.014080464839935303,True,3.3997650146484375,7774.780847222883,2.2534789595072238,1.1963374672577821e-05
mp-8218,PrAlO3,0.0180234129999909,2.8792,221,Pm-3m,False,300,-100.22091674804688,4.154814720153809,0.6371563673019409,0.02040630578994751,False,-100.22091674804688,19734.21581772808,4.646909102196752,0.012796573422522321
mp-20090,PrCoO3,0.0,1.1319000000000004,62,Pnma,True,300,137.52365112304688,3.5478053092956543,0.14284749329090118,0.011442571878433228,False,137.52365112304688,4877.648075590865,1.4888649404883623,0.018587937426492004
mp-1105822,PrCrO3,0.0,2.0419,62,Pnma,True,300,316.4534606933594,3.218740463256836,0.16341154277324677,0.011896580457687378,False,316.4534606933594,2286.3652804907656,1.561059127118347,0.04400147320567145
mp-22341,PrFeO3,0.0,1.0793000000000004,62,Pnma,True,300,154.4927978515625,3.07257080078125,0.22784581780433655,0.009700924158096313,False,154.4927978515625,1632.9615318653455,1.8107297117562662,0.00645743521091667
mp-22564,PrMnO3,0.0,1.402,62,Pnma,True,300,133.3499298095703,3.2921674251556396,0.29126349091529846,0.004394471645355225,False,133.3499298095703,2707.5256424409436,2.095421043159561,0.006892997405636324
mp-4789,PrRhO3,0.0,0.6036999999999999,62,Pnma,True,300,177.7005157470703,3.5755491256713867,0.1626042276620865,0.006052851676940918,False,177.7005157470703,5199.412560001191,1.5581599514703133,0.03161119199298349
mp-1189962,PrScS3,0.0,1.8377,62,Pnma,True,300,-73.51458740234375,4.474715709686279,0.12197232246398926,0.0424656867980957,False,-73.51458740234375,41221.22206679957,1.4189926061878044,0.047098712289589624
mp-1209329,PrVO3,0.0,1.3015999999999996,62,Pnma,True,300,65.77508544921875,4.061983108520508,0.19501060247421265,0.015277087688446045,False,65.77508544921875,15936.328074099118,1.678875194929612,0.012320091857283078
mp-1206325,RbCrF3,0.0103533537499957,0.9717000000000002,123,P4/mmm,False,300,12.595355033874512,4.270503520965576,0.3569987416267395,0.07621988654136658,False,12.595355033874512,25757.794514312736,2.437847595021683,0.0005028566580972921
mp-1206801,RbEuCl3,0.0383723899999992,0.4541999999999997,221,Pm-3m,False,300,47.203819274902344,4.412200927734375,0.18806740641593933,0.06171819567680359,False,47.203819274902344,35694.89271804469,1.652247930135917,0.01444130356290199
mp-571458,RbGeI3,0.013385509333331,0.5181,221,Pm-3m,False,300,93.15511322021484,4.203012943267822,-0.12247192859649658,0.14201074838638306,False,93.15511322021484,22050.482478531903,0.8082317025599076,0.07102591966804744
mp-7482,RbHgF3,0.0,0.6454,221,Pm-3m,True,300,11.734109878540039,4.2736287117004395,0.3927324712276459,0.11379608511924744,True,-11.734109878540039,25943.816563188448,2.646916744318344,0.0004048695730590953
mp-1110737,RbInBr3,0.0251928204999982,1.3264041792853,225,Fm-3m,False,300,23.535846710205078,4.130515098571777,0.03254431486129761,0.04255270957946777,False,23.535846710205078,18660.370047806315,1.154920592332252,0.002685029337365641
mp-1114001,RbInCl3,0.0,1.677311796494664,225,Fm-3m,True,300,-58.13134765625,4.144159317016602,0.05987173318862915,0.07303351163864136,True,58.13134765625,19255.928749283776,1.2299275884264258,0.015871828581034503
mp-1110662,RbInF3,0.0091613249603108,2.4848,225,Fm-3m,False,300,-74.93359375,4.250830173492432,0.313741534948349,0.06001782417297363,True,74.93359375,24617.011399900624,2.206730740956764,0.018791452885870186
mp-1114161,RbInI3,0.0563835451666636,0.7159,225,Fm-3m,False,300,29.61697769165039,3.9927597045898438,-0.06880062818527222,0.11885231733322144,False,29.61697769165039,13588.291592559819,0.914549426791001,0.003909852799809583
mp-558749,RbMnF3,0.0,2.9437,221,Pm-3m,True,300,-21.79303550720215,4.031332015991211,0.3658929467201233,0.09034615755081177,True,21.79303550720215,14850.366407759406,2.4882886396546002,0.000850341001171775
mp-752446,RbNO3,0.0210339020000001,2.9815,155,R32,False,300,110.72859191894531,4.13701057434082,0.3460645377635956,0.051323890686035156,False,110.72859191894531,18941.559284804905,2.377236270356794,0.029307865445582015
mp-1075911,RbNbO3,0.082736542000001,1.3578,221,Pm-3m,False,300,-19.452184677124023,4.476860523223877,0.45099788904190063,0.004975080490112305,False,-19.452184677124023,41425.30136021247,3.026953149550976,0.0015535241191155576
mp-998157,RbSnBr3,0.0446438260000023,0.6010000000000002,1,P1,False,300,49.68055725097656,4.144534111022949,-0.12678557634353638,0.0501580536365509,False,49.68055725097656,19272.553693876525,0.8002436445664536,0.017832457694544494
mp-998156,RbSnCl3,0.0227385199999998,0.9861,8,Cm,False,300,-4.275632858276367,4.114916801452637,0.04334639012813568,0.05916035175323486,True,4.275632858276367,18002.049632252016,1.184006809681685,8.338536251866541e-05
mp-998611,RbSnCl3,0.0,2.326613151723183,161,R3c,True,300,-4.275632858276367,4.114916801452637,0.04334639012813568,0.05916035175323486,True,4.275632858276367,18002.049632252016,1.184006809681685,8.338536251866541e-05
mp-755018,RbTaO3,0.0525669795000158,2.5106,160,R3m,False,300,-31.618410110473633,4.469648361206055,0.17819252610206604,0.0006119310855865479,False,-31.618410110473633,40743.047896879456,1.6151034177889316,0.007565793603930755
mp-1076534,RbTaO3,0.0566622735000148,2.0076,221,Pm-3m,False,300,-31.618410110473633,4.469648361206055,0.17819252610206604,0.0006119310855865479,False,-31.618410110473633,40743.047896879456,1.6151034177889316,0.007565793603930755
mp-1114101,RbTlBr3,0.0253148957499997,0.9634037051434756,225,Fm-3m,False,300,29.686370849609375,4.275858402252197,0.02975517511367798,0.09719499945640564,False,29.686370849609375,26077.35597821859,1.147527191281445,0.006008084636687862
mp-1113994,RbTlCl3,0.0306932017291674,1.1539100733397554,225,Fm-3m,False,300,-37.003196716308594,4.239505767822266,0.13112442195415497,0.10820892453193665,True,37.003196716308594,23983.409406694216,1.449213036194893,0.006797957307771026
mp-1113914,RbTlF3,0.0,2.0588124041671416,225,Fm-3m,True,300,-51.254486083984375,4.290977478027344,0.38956761360168457,0.0747118890285492,False,-51.254486083984375,27001.172992179505,2.6276978375587046,0.008098269566264044
mp-1114149,RbTlI3,0.0912211314999997,0.4939,225,Fm-3m,False,300,90.47348022460938,4.219343662261963,-0.014648139476776123,0.11669725179672241,False,90.47348022460938,22895.430585065245,1.035999797653528,0.05426914667145497
mp-556424,RbVF3,0.0,2.4507000000000003,221,Pm-3m,True,300,115.93065643310547,4.434174537658691,0.3088558316230774,0.0929129421710968,False,115.93065643310547,37547.38457862087,2.182044693251253,0.06937993584510789
mp-626182,SbHO3,0.0279537947499868,1.0685,141,I4_1/amd,False,300,19.382160186767578,4.089834213256836,0.38721850514411926,1.2455681562423706,False,19.382160186767578,16991.799175104075,2.613522932588054,0.00073272104117612
mp-626218,SbHO3,0.0157999897499871,1.1867,43,Fdd2,False,300,19.382160186767578,4.089834213256836,0.38721850514411926,1.2455681562423706,False,19.382160186767578,16991.799175104075,2.613522932588054,0.00073272104117612
mp-555313,ScBiO3,0.0337337538750013,2.6897,9,Cc,False,300,-54.97589874267578,4.201044082641602,0.319316029548645,0.07377922534942627,False,-54.97589874267578,21950.7435494556,2.235238347853026,0.008904126612847287
mp-555769,ScBiO3,0.0344824253750006,2.6784,15,C2/c,False,300,-54.97589874267578,4.201044082641602,0.319316029548645,0.07377922534942627,False,-54.97589874267578,21950.7435494556,2.235238347853026,0.008904126612847287
mp-756205,ScBiO3,0.0321571613750002,2.7215,62,Pnma,False,300,-54.97589874267578,4.201044082641602,0.319316029548645,0.07377922534942627,False,-54.97589874267578,21950.7435494556,2.235238347853026,0.008904126612847287
mp-1643785,ScCoO3,0.0691988195892872,0.8961999999999994,14,P2_1/c,False,300,108.42744445800781,3.4989092350006104,0.6535743474960327,0.023796051740646362,False,108.42744445800781,4358.272573818855,4.825942660831171,0.0031851649594461058
mp-18961,ScCrO3,0.0368469178749997,2.3991,62,Pnma,False,300,19.464061737060547,3.8266239166259766,0.49085715413093567,0.004939287900924683,False,19.464061737060547,9268.91863670691,3.317912771738151,0.0003175062709576036
mp-769734,ScFeO3,0.0839461803749976,1.5712000000000002,62,Pnma,False,300,60.639671325683594,3.39005184173584,0.5918359160423279,0.010066479444503784,False,60.639671325683594,3392.0089931021457,4.186428960874991,0.000893816157303465
mp-1105811,ScMnO3,0.0499739205624987,1.7893999999999997,14,P2_1/c,False,300,78.69833374023438,3.6675102710723877,0.502966582775116,0.025865226984024048,False,78.69833374023438,6425.625708074963,3.4117279456919967,0.0034993981729110127
mp-1188449,ScRhO3,0.0511400981249963,1.0496999999999996,62,Pnma,False,300,81.88229370117188,3.7560009956359863,0.4609670639038086,0.0034134984016418457,False,81.88229370117188,7877.821732409458,3.09724010372566,0.005116023480591159
mp-1196890,ScRhO3,0.0246142638749962,1.1204903046814725,14,P2_1/c,False,300,81.88229370117188,3.7560009956359863,0.4609670639038086,0.0034134984016418457,False,81.88229370117188,7877.821732409458,3.09724010372566,0.005116023480591159
mp-752429,ScTlO3,0.0787690023749974,0.9279999999999996,62,Pnma,False,300,-12.577638626098633,4.24291467666626,0.38128960132598877,0.047616392374038696,False,-12.577638626098633,24172.403211046014,2.5780860646959565,0.0004449814415216524
mp-756546,ScVO3,0.0493919894999983,1.5053,62,Pnma,False,300,114.69955444335938,4.494029521942139,0.47652918100357056,0.014744430780410767,False,114.69955444335938,43095.77302505871,3.2102362246789213,0.052983714345226855
mp-20016,SmCoO3,0.0,1.3174,62,Pnma,True,300,317.1341857910156,4.248183727264404,0.3279920220375061,0.007926702499389648,False,317.1341857910156,24467.459636428463,2.280341190406969,0.32374004493807246
mp-1105788,SmCrO3,0.0,2.4786,62,Pnma,True,300,185.5764617919922,3.6989192962646484,0.2082354575395584,0.00509151816368103,False,185.5764617919922,6907.556558068455,1.7307855775049068,0.041233311698884265
mp-20243,SmFeO3,0.0,1.545,62,Pnma,True,300,161.7578582763672,3.3309082984924316,0.33417677879333496,0.0021445751190185547,False,161.7578582763672,2960.1481808334697,2.313047699516609,0.010045715945832902
mp-752437,SmInO3,0.0303930866249988,2.6396999999999995,62,Pnma,False,300,-62.56147003173828,4.352799892425537,0.4869600534439087,0.010363578796386719,False,-62.56147003173828,31131.858347371624,3.2882729773790307,0.011116608902132976
mp-22203,SmMnO3,0.0,1.4644000000000004,62,Pnma,True,300,99.00945281982422,3.6296145915985107,0.4594663977622986,-0.0037966668605804443,True,-99.00945281982422,5888.704273049172,3.086556333734252,0.0056107395919985405
mp-3317,SmRhO3,0.0,0.7331000000000003,62,Pnma,True,300,120.51825714111328,3.8447890281677246,0.12811967730522156,0.00577777624130249,False,120.51825714111328,9664.82915564664,1.4392210003112413,0.02926130115663623
mp-1188840,SmScS3,0.0,1.8487000000000005,62,Pnma,True,300,-105.26664733886719,4.429081916809082,0.12780509889125824,0.10169172286987305,False,-105.26664733886719,37109.668095510926,1.4381788873082828,0.08577821376054504
mp-754787,SmTlO3,0.0731567521249978,0.8895,62,Pnma,False,300,-40.29084014892578,4.439698696136475,0.29921936988830566,0.059162020683288574,False,-40.29084014892578,38028.03188834229,2.13416100331702,0.008677818672099137
mp-1188225,SmVO3,0.0,1.5136000000000005,62,Pnma,True,300,12.851766586303711,4.21237325668335,0.15540961921215057,0.017762333154678345,False,12.851766586303711,22530.893252410668,1.5325597990086581,0.0007284636641747379
mp-29164,SrBiO3,0.0,0.3106,14,P2_1/c,True,300,-102.56361389160156,3.7386953830718994,0.3861043453216553,0.049998193979263306,False,-102.56361389160156,7570.081171987061,2.6068266690644206,0.009164236023262964
mp-22428,SrCeO3,0.0085144779999968,2.5055000000000005,62,Pnma,False,300,-62.40419006347656,4.4167633056640625,0.34015005826950073,0.07546451687812805,False,-62.40419006347656,36071.85353798177,2.3450811097365536,0.017970466331371407
mp-1208643,SrHfS3,0.0,1.4955999999999996,62,Pnma,True,300,-116.16378784179688,4.471316337585449,0.1565953940153122,0.031732261180877686,False,-116.16378784179688,40899.82886955308,1.5367499373123916,0.10774101718889763
mp-1542758,SrMoO3,0.0,1.3088000000000006,12,C2/m,True,300,-6.345481872558594,4.66160249710083,0.3471291661262512,-0.008162111043930054,True,6.345481872558594,63388.087738189286,2.383070969824672,0.0003213077082203321
mp-2879,SrSnO3,0.0,1.7406,62,Pnma,True,300,-54.99827575683594,3.9253852367401123,0.7004164457321167,-0.005379736423492432,False,-54.99827575683594,11635.643055818156,5.375566710417136,0.001964199234044957
mp-12866,SrSnO3,0.0036590239999982,1.6169000000000002,74,Imma,False,300,-54.99827575683594,3.9253852367401123,0.7004164457321167,-0.005379736423492432,False,-54.99827575683594,11635.643055818156,5.375566710417136,0.001964199234044957
mp-12867,SrSnO3,0.0067069569999995,1.5614,140,I4/mcm,False,300,-54.99827575683594,3.9253852367401123,0.7004164457321167,-0.005379736423492432,False,-54.99827575683594,11635.643055818156,5.375566710417136,0.001964199234044957
mp-546973,SrSnO3,0.0477347734999993,0.9749,221,Pm-3m,False,300,-54.99827575683594,3.9253852367401123,0.7004164457321167,-0.005379736423492432,False,-54.99827575683594,11635.643055818156,5.375566710417136,0.001964199234044957
mp-4651,SrTiO3,0.0,1.8559,140,I4/mcm,True,300,-232.80776977539062,4.127252101898193,0.8169536590576172,0.04348468780517578,False,-232.80776977539062,18520.69394957802,7.030099456306195,0.04283630298279031
mp-5229,SrTiO3,0.0004700539999991,1.7658999999999998,221,Pm-3m,False,300,-232.80776977539062,4.127252101898193,0.8169536590576172,0.04348468780517578,False,-232.80776977539062,18520.69394957802,7.030099456306195,0.04283630298279031
mp-551830,SrTiO3,8.474800000080052e-05,1.7869999999999997,140,I4/mcm,False,300,-232.80776977539062,4.127252101898193,0.8169536590576172,0.04348468780517578,False,-232.80776977539062,18520.69394957802,7.030099456306195,0.04283630298279031
mp-5193,SrZrS3,0.0064128314999978,1.1777000000000002,62,Pnma,False,300,-118.77322387695312,4.429049491882324,0.29746079444885254,0.043361932039260864,False,-118.77322387695312,37106.8975483311,2.125536682945532,0.07388297674694974
mp-9890,TaAgO3,0.0315954175000001,1.9158,167,R-3c,False,300,8.359335899353027,4.331967830657959,0.327762246131897,0.05386239290237427,True,-8.359335899353027,29673.78761238932,2.2791350298444613,0.0002729403447294433
mp-1187189,TaAgO3,0.0450003925000004,1.7306000000000004,221,Pm-3m,False,300,8.359335899353027,4.331967830657959,0.327762246131897,0.05386239290237427,True,-8.359335899353027,29673.78761238932,2.2791350298444613,0.0002729403447294433
mp-33753,TaHO3,0.0770895237500024,2.7443,141,I4_1/amd,False,300,-60.059471130371094,4.329104423522949,0.13056425750255585,0.20036731660366058,False,-60.059471130371094,29478.78480738166,1.4473450080583998,0.02204051667862677
mp-676262,TaTlO3,0.0,0.9695,15,C2/c,True,300,-102.06333923339844,4.3484954833984375,0.08944138884544373,0.07418739795684814,False,-102.06333923339844,30824.826206405123,1.3165858976069529,0.07316649296236716
mp-756933,TaTlO3,0.004274724750001,0.4457999999999997,227,Fd-3m,False,300,-102.06333923339844,4.3484954833984375,0.08944138884544373,0.07418739795684814,False,-102.06333923339844,30824.826206405123,1.3165858976069529,0.07316649296236716
mp-19802,TbCoO3,0.0,1.4160999999999997,62,Pnma,True,300,191.1338653564453,3.579660415649414,0.0765685886144638,0.006734877824783325,False,191.1338653564453,5248.867006310305,1.2781340320398737,0.045007585013318155
mp-756124,TbCrO3,0.0,2.5095,62,Pnma,True,300,189.35482788085938,3.6481783390045166,0.2919231951236725,0.00787961483001709,False,189.35482788085938,6145.871735570946,2.098606459019644,0.031501157128331334
mp-19853,TbFeO3,6.255587500092474e-05,1.6263,62,Pnma,False,300,159.48953247070312,3.4597361087799072,0.44118666648864746,0.008180677890777588,False,159.48953247070312,3982.3668310278426,2.9593373576216915,0.010269100641139534
mp-769263,TbInO3,0.0560910488750003,2.5935,62,Pnma,False,300,-33.02442932128906,4.297365188598633,0.5047012567520142,0.002821981906890869,False,-33.02442932128906,27401.247905554465,3.4253824384230174,0.0026172979971608515
mp-22055,TbMnO3,0.0,1.4940000000000009,62,Pnma,True,300,308.0809631347656,3.634070634841919,0.6541468501091003,0.005001246929168701,False,308.0809631347656,5949.435877811646,4.832308587071052,0.03505678695080778
mp-5692,TbRhO3,0.0,0.8749000000000002,62,Pnma,True,300,147.8070831298828,4.074550628662109,0.03349748253822327,0.00459638237953186,False,147.8070831298828,16404.22743669793,1.157458137557026,0.09288856147904434
mp-1188262,TbScS3,0.0,1.7696,62,Pnma,True,300,-97.6985092163086,4.440058708190918,0.11529596149921417,0.038103580474853516,False,-97.6985092163086,38059.56861393667,1.3973454063473634,0.07799328600000796
mp-554811,TbVO3,0.0,1.4395999999999995,62,Pnma,True,300,17.668596267700195,4.232088088989258,0.11189588904380798,0.013571321964263916,True,-17.668596267700195,23577.255088692335,1.3864483623321833,0.0015926299997221522
mp-5052,TiCdO3,0.0387445740000007,2.4156,33,Pna2_1,False,300,-67.49198150634766,4.060849666595459,0.5177328586578369,0.015252649784088135,False,-67.49198150634766,15894.790930725103,3.5297233565334527,0.006153748792373434
mp-14550,TiCdO3,0.0425426290000006,2.1213,62,Pnma,False,300,-67.49198150634766,4.060849666595459,0.5177328586578369,0.015252649784088135,False,-67.49198150634766,15894.790930725103,3.5297233565334527,0.006153748792373434
mp-20940,TiCdO3,0.0395681674999996,2.4636,26,Pmc2_1,False,300,-67.49198150634766,4.060849666595459,0.5177328586578369,0.015252649784088135,False,-67.49198150634766,15894.790930725103,3.5297233565334527,0.006153748792373434
mp-19270,TiFeO3,0.0317737499999992,2.5309,161,R3c,False,300,-12.920717239379883,3.5707342624664307,0.571147084236145,-0.0033996105194091797,False,-12.920717239379883,5142.086946253128,3.991672428888184,6.451772141038123e-05
mp-20073,TiFeO3,0.0718263530000005,1.4865000000000004,62,Pnma,False,300,-12.920717239379883,3.5707342624664307,0.571147084236145,-0.0033996105194091797,False,-12.920717239379883,5142.086946253128,3.991672428888184,6.451772141038123e-05
mp-19376,TiMnO3,0.0363191124999993,1.7771999999999997,161,R3c,False,300,7.657109260559082,3.4938292503356934,0.6022312641143799,0.0036723315715789795,True,-7.657109260559082,4307.590431768985,4.287844964321226,1.7670395599660813e-05
mp-556925,TiMnO3,0.0599898020000004,1.5349000000000004,62,Pnma,False,300,7.657109260559082,3.4938292503356934,0.6022312641143799,0.0036723315715789795,True,-7.657109260559082,4307.590431768985,4.287844964321226,1.7670395599660813e-05
mp-1078470,TiZnO3,0.055374115500002,2.828,161,R3c,False,300,-83.8862075805664,3.980457305908203,0.5869852304458618,-0.0006613731384277344,False,-83.8862075805664,13208.772468722002,4.1399304060115085,0.006735530312337862
mp-1105306,TlCrO3,0.039864296500002,0.4300999999999995,62,Pnma,False,300,-21.302541732788086,3.8254201412200928,0.355212926864624,0.02025631070137024,True,21.302541732788086,9243.262664525706,2.4278437709025584,0.0005183088947349007
mp-505819,TlFeO3,0.0472809699999992,0.7036999999999995,62,Pnma,False,300,105.57823181152344,3.809494972229004,0.5868890285491943,0.008543610572814941,False,105.57823181152344,8910.46001151007,4.139013458948924,0.007199018841820369
mp-756909,TlGaO3,0.0695921199999984,0.2334000000000005,62,Pnma,False,300,22.46999168395996,4.574975967407227,0.5859589576721191,0.05454257130622864,True,-22.46999168395996,51925.55183754314,4.130158967546819,0.0019043265881058785
mp-998153,TlGeBr3,0.0279997379999996,0.7555999999999998,8,Cm,False,300,14.345048904418945,4.410294532775879,0.08468416333198547,0.1683567464351654,True,-14.345048904418945,35538.548508262065,1.3022428253765348,0.001684740568159744
mp-998744,TlGeCl3,0.0327651060000011,1.3779,8,Cm,False,300,33.01786804199219,4.394174098968506,0.18269863724708557,0.05455461144447327,True,-33.01786804199219,34243.58713496672,1.631948491979756,0.0068626541804318285
mp-998710,TlHgF3,0.0145253994999992,1.805,1,P1,False,300,26.372833251953125,4.3509416580200195,0.3076673448085785,0.08870968222618103,True,-26.372833251953125,30998.937700748447,2.1760814902997474,0.002972394772640808
mp-998758,TlHgF3,0.0,2.1963,55,Pbam,True,300,26.372833251953125,4.3509416580200195,0.3076673448085785,0.08870968222618103,True,-26.372833251953125,30998.937700748447,2.1760814902997474,0.002972394772640808
mp-998713,TlInCl3,0.0070095394999989,1.5597,1,P1,False,300,3.1347665786743164,4.310640811920166,0.18029087781906128,0.07433074712753296,True,-3.1347665786743164,28251.789725919887,1.6229258878158945,5.1319090122483994e-05
mp-2767078,TlInCl3,0.0,2.5745,2,P-1,True,300,3.1347665786743164,4.310640811920166,0.18029087781906128,0.07433074712753296,True,-3.1347665786743164,28251.789725919887,1.6229258878158945,5.1319090122483994e-05
mp-1178989,TlNiO3,0.0754351371666661,0.1478000000000001,14,P2_1/c,False,300,37.361976623535156,4.1305036544799805,0.3250994086265564,0.020620405673980713,True,-37.361976623535156,18659.878334963825,2.2652034723473187,0.0034497095624826807
mp-561954,TmCoO3,0.0226815634642871,1.1885999999999997,62,Pnma,False,300,200.9718780517578,3.557988405227661,0.11394862830638885,0.000987917184829712,False,200.9718780517578,4993.367824594943,1.393017070245879,0.0434339129647062
mp-777295,TmCrO3,0.0,2.6809,62,Pnma,True,300,165.3143310546875,3.7937450408935547,0.4114246666431427,0.01833823323249817,False,165.3143310546875,8593.106497034489,2.7633282486524684,0.025495291412267508
mp-20651,TmFeO3,0.0243056352500001,1.6096,62,Pnma,False,300,208.5017852783203,3.492234945297241,0.30329227447509766,0.0025475025177001953,False,208.5017852783203,4291.806158096038,2.1542697567396334,0.025982493339400194
mp-1101263,TmInO3,0.0863472772499998,2.5259,62,Pnma,False,300,25.958171844482422,4.377474784851074,0.4650574326515198,0.0002245008945465088,True,-25.958171844482422,32951.86032856911,3.126549023609586,0.0021305128426431165
mp-554270,TmMnO3,0.0410788485000015,2.0076,62,Pnma,False,300,160.67245483398438,3.7340192794799805,0.5221914649009705,-0.005978673696517944,True,-160.67245483398438,7489.010383896991,3.566147276880678,0.01626407134441518
mp-1207705,TmRhO3,0.0,1.3457,62,Pnma,True,300,134.74087524414062,4.098461627960205,0.03716132044792175,0.006912738084793091,False,134.74087524414062,17332.722392156495,1.1672641048446448,0.08087562197638114
mp-1101279,TmTlO3,0.0884914422499987,0.7359999999999998,62,Pnma,False,300,-21.83335304260254,4.4369611740112305,0.2753363251686096,0.08126568794250488,False,-21.83335304260254,37789.080733407005,2.0199663523349805,0.002675372886512411
mp-18946,VBO3,0.0,1.8527,167,R-3c,True,300,-44.294700622558594,4.194272041320801,0.3468043804168701,0.03386884927749634,False,-44.294700622558594,21611.11600648668,2.3812894642153704,0.005341826771569087
mp-756282,VBiO3,0.010364148125002,1.2434000000000005,62,Pnma,False,300,-160.45660400390625,4.224761009216309,-0.002405911684036255,0.04619944095611572,False,-160.45660400390625,23182.81462408785,1.065618860156042,0.16803537187481984
mp-22649,VCdO3,0.0701796605000009,0.4319000000000002,62,Pnma,False,300,-126.26942443847656,3.994961738586426,0.6069347858428955,0.007267206907272339,False,-126.26942443847656,13657.364231459862,4.334535816538863,0.015070995925359617
mp-1216392,VCrO3,0.0075114801250038,1.6132999999999995,161,R3c,False,300,36.02625274658203,4.117372989654541,0.5268462896347046,-0.004477322101593018,True,-36.02625274658203,18104.150153028833,3.6045752774202007,0.0019556155461899214
mp-755580,VGaO3,0.0920560701249986,1.4157000000000002,62,Pnma,False,300,-94.03380584716797,4.060389518737793,0.5027336478233337,0.00908041000366211,False,-94.03380584716797,15877.958847905395,3.4098985473616525,0.012352148276415143
mp-1273178,YCoO3,0.0116558665892867,0.3085,2,P-1,False,300,443.1070861816406,3.271538257598877,0.5559942722320557,0.0036530792713165283,False,443.1070861816406,2581.923740772297,3.8548020590731027,0.03945299468489856
mp-1288734,YCoO3,0.0154647095892865,0.1141,14,P2_1/c,False,300,443.1070861816406,3.271538257598877,0.5559942722320557,0.0036530792713165283,False,443.1070861816406,2581.923740772297,3.8548020590731027,0.03945299468489856
mp-18725,YCrO3,0.0,2.3271,62,Pnma,True,300,124.7472915649414,3.4459991455078125,0.47272801399230957,0.012247949838638306,False,124.7472915649414,3858.373790288005,3.182261202852184,0.005660463313373552
mp-20783,YFeO3,0.0118179143749994,1.5888,62,Pnma,False,300,191.38522338867188,3.3006484508514404,0.5617049932479858,0.011008352041244507,False,191.38522338867188,2760.918610047607,3.905825201740456,0.0077674570829590174
mp-20699,YMnO3,0.0230952568333329,1.5091,62,Pnma,False,300,94.0744400024414,3.4533400535583496,0.5274912118911743,0.014328062534332275,False,94.0744400024414,3924.1464487518847,3.6099320061555344,0.002886095669348179
mp-1379411,YMoO3,0.0295691505937529,2.2163160966916937,62,Pnma,False,300,101.0227279663086,3.966726303100586,0.3615306317806244,0.001505821943283081,False,101.0227279663086,12797.686180583372,2.4634198797059104,0.015905687766228135
mp-1207629,YRhO3,0.0,1.1799999999999995,62,Pnma,True,300,160.56263732910156,3.713420867919922,0.2978613078594208,0.0007646679878234863,False,160.56263732910156,7142.101554603193,2.127497791470814,0.025963733582264406
mp-7792,YScS3,0.0018075120000027,1.7758000000000005,62,Pnma,False,300,-79.91138458251953,4.577517509460449,0.18631511926651,0.05189451575279236,False,-79.91138458251953,52230.31712539214,1.6455948871078938,0.060804860882888764
mp-989576,YWN3,0.0459397585000047,1.5404,161,R3c,False,300,32.438690185546875,4.310758590698242,0.2789134979248047,0.03944206237792969,True,-32.438690185546875,28259.45252765551,2.0366730091876106,0.004380163384997594
mp-14099,ZnAgF3,0.0535718940000014,1.5852,221,Pm-3m,False,300,9.20406436920166,4.149089336395264,0.39299464225769043,0.04805558919906616,True,-9.20406436920166,19475.763389467615,2.648515093865986,0.00018688420035555838
mp-1378105,ZnBiO3,0.0806278960000002,0.8814050363816994,14,P2_1/c,False,300,-67.8104248046875,4.2375102043151855,0.42170143127441406,0.0347447395324707,False,-67.8104248046875,23873.45952573458,2.829497022993349,0.0116391241618214
mp-13334,ZnSnO3,0.041423655,1.0809999999999995,161,R3c,False,300,-88.82759094238281,4.230370998382568,0.5462219715118408,-0.0037096738815307617,False,-88.82759094238281,23484.220620173506,3.7690316254553307,0.014749027748325262
mp-1337169,ZnSnO3,0.0828422335,1.1063178585305646,62,Pnma,False,300,-88.82759094238281,4.230370998382568,0.5462219715118408,-0.0037096738815307617,False,-88.82759094238281,23484.220620173506,3.7690316254553307,0.014749027748325262
mp-1340971,ZnWO3,0.0889550014999995,1.8923,62,Pnma,False,300,36.480167388916016,4.095345973968506,0.32475483417510986,0.015233516693115234,True,-36.480167388916016,17208.82139674894,2.263406945527709,0.0030354520898595917
mp-756665,ZrCoO3,0.0785098070000032,1.7275,62,Pnma,False,300,45.62797546386719,3.4756250381469727,0.498271644115448,-0.002246767282485962,False,45.62797546386719,4130.7621735927505,3.3750441176094284,0.0007644241352717598
mp-754513,ZrMnO3,0.0428264210000044,2.6175,161,R3c,False,300,57.46056365966797,3.726548194885254,0.47790154814720154,0.004117459058761597,True,-57.46056365966797,7361.2801850627375,3.2203965907585177,0.0022641490249118595
mp-776165,AgAuO3,0.0594244018333327,0.2423000000000001,227,Fd-3m,False,400,113.9205093383789,4.190352916717529,0.4358108639717102,0.09043344855308533,False,113.9205093383789,21416.97205438799,2.922931745059482,0.038036734341394776
mp-775761,AgClO3,0.0315841524999971,2.925,198,P2_13,False,400,0.6489906311035156,4.09006404876709,0.28153151273727417,0.08406874537467957,True,-0.6489906311035156,17000.793883894745,2.0489875652747407,1.3978698092291015e-06
mp-849271,AgIO3,0.0274698735000002,1.9765,62,Pnma,False,400,77.0631332397461,3.966493606567383,0.28083735704421997,0.014442622661590576,False,77.0631332397461,12790.830971345487,2.0457151766847255,0.014852751306291429
mp-552185,AgNO3,0.0,1.8635,161,R3c,True,400,-77.59175109863281,4.093809604644775,0.44024476408958435,0.06963863968849182,True,77.59175109863281,17148.050662326423,2.9529260708607605,0.013984704094256449
mp-551918,AlBiO3,0.0533350642499836,2.8716,161,R3c,False,400,37.988990783691406,4.156149387359619,0.378818154335022,0.08469897508621216,True,-37.988990783691406,19794.955995150453,2.5634565721327833,0.004457630641123631
mp-776154,AlFeO3,0.0803160834999996,2.1089,62,Pnma,False,400,-142.79010009765625,3.787698745727539,0.7123779058456421,0.014817297458648682,False,-142.79010009765625,8474.301259415846,5.525679811830751,0.012507611136817651
mp-5168,AlSiP3,0.0072239124999988,0.2885999999999997,62,Pnma,False,400,125.7618408203125,4.033575534820557,0.7015073895454407,0.1092660129070282,False,125.7618408203125,14927.280305251688,5.389087059796707,0.01752359676754435
mp-768539,AlTlO3,0.0753195514999998,0.7376999999999994,62,Pnma,False,400,72.45276641845703,4.347679138183594,0.5835877656936646,0.05343353748321533,True,-72.45276641845703,30766.939069741424,4.107670279663104,0.01572746227282695
mp-756082,AlVO3,0.0864430801249973,2.1442,62,Pnma,False,400,-44.31147003173828,4.254554271697998,0.5828607678413391,0.01990380883216858,False,-44.31147003173828,24829.011233527537,4.1007998967268,0.00475535730626575
mp-3187,BaCeO3,0.0,2.4469,62,Pnma,True,400,-87.58318328857422,4.434737205505371,0.1265030950307846,0.1022842526435852,False,-87.58318328857422,37596.062143276526,1.4338737200343674,0.08045126864787469
mp-3316,BaCeO3,0.0006426110000017,2.4637,74,Imma,False,400,-87.58318328857422,4.434737205505371,0.1265030950307846,0.1022842526435852,False,-87.58318328857422,37596.062143276526,1.4338737200343674,0.08045126864787469
mp-4900,BaCeO3,0.0025211640000009,2.4505,167,R-3c,False,400,-87.58318328857422,4.434737205505371,0.1265030950307846,0.1022842526435852,False,-87.58318328857422,37596.062143276526,1.4338737200343674,0.08045126864787469
mp-5663,BaCeO3,0.0403338960000017,2.2990000000000004,221,Pm-3m,False,400,-87.58318328857422,4.434737205505371,0.1265030950307846,0.1022842526435852,False,-87.58318328857422,37596.062143276526,1.4338737200343674,0.08045126864787469
mp-998352,BaHfS3,0.0283550604999991,0.8438999999999997,160,R3m,False,400,-92.15463256835938,4.3111796379089355,0.11414767801761627,0.0755872130393982,False,-92.15463256835938,28286.86326814156,1.3936556765590378,0.06894831199824274
mp-1105549,BaHfS3,0.0,1.2523999999999995,62,Pnma,True,400,-92.15463256835938,4.3111796379089355,0.11414767801761627,0.0755872130393982,False,-92.15463256835938,28286.86326814156,1.3936556765590378,0.06894831199824274
mp-1383356,BaHfS3,0.0282627044999985,0.7077999999999998,221,Pm-3m,False,400,-92.15463256835938,4.3111796379089355,0.11414767801761627,0.0755872130393982,False,-92.15463256835938,28286.86326814156,1.3936556765590378,0.06894831199824274
mp-23818,BaLiH3,0.0,2.2146,221,Pm-3m,True,400,32.75167465209961,4.339563369750977,0.46165210008621216,0.10934194922447205,True,-32.75167465209961,30197.328470558572,3.1021294031719546,0.004176722544913654
mp-3163,BaSnO3,0.0,0.3730000000000002,221,Pm-3m,True,400,-66.20965576171875,4.431241512298584,0.9140976667404175,0.015980780124664307,False,-66.20965576171875,37294.66114679593,8.792360303518578,0.007437788760995616
mp-1178513,BaSnO3,0.0006460229999962,0.6650999999999998,74,Imma,False,400,-66.20965576171875,4.431241512298584,0.9140976667404175,0.015980780124664307,False,-66.20965576171875,37294.66114679593,8.792360303518578,0.007437788760995616
mp-2998,BaTiO3,0.014779579999999,1.6675,221,Pm-3m,False,400,-244.29214477539062,4.117885112762451,0.5504820942878723,0.02936139702796936,False,-244.29214477539062,18125.511286358877,3.8061850960464496,0.11367876790704978
mp-5020,BaTiO3,4.098999999868624e-05,2.5527,160,R3m,False,400,-244.29214477539062,4.117885112762451,0.5504820942878723,0.02936139702796936,False,-244.29214477539062,18125.511286358877,3.8061850960464496,0.11367876790704978
mp-5777,BaTiO3,0.0,2.2934,38,Amm2,True,400,-244.29214477539062,4.117885112762451,0.5504820942878723,0.02936139702796936,False,-244.29214477539062,18125.511286358877,3.8061850960464496,0.11367876790704978
mp-5986,BaTiO3,0.0019565740000011,1.7236999999999996,99,P4mm,False,400,-244.29214477539062,4.117885112762451,0.5504820942878723,0.02936139702796936,False,-244.29214477539062,18125.511286358877,3.8061850960464496,0.11367876790704978
mp-540771,BaZrS3,0.0,0.9900000000000002,62,Pnma,True,400,-108.66584777832031,4.293069839477539,0.23666097223758698,0.07877662777900696,False,-108.66584777832031,27131.57420501998,1.847858799104315,0.06935093919740619
mp-998350,BaZrSe3,0.0775039104999999,0.2023999999999999,1,P1,False,400,-26.612817764282227,4.406088352203369,0.23129485547542572,0.11629891395568848,False,-26.612817764282227,35196.01592096244,1.8251672422510026,0.0054630169930438
mp-573119,BiRhO3,0.0619841773750007,0.3772999999999999,62,Pnma,False,400,32.341468811035156,4.349243640899658,0.24449218809604645,0.038624733686447144,False,32.341468811035156,30877.973786178576,1.8814816982372158,0.006866386837159431
mp-755893,CaBiO3,0.0,0.6655289785034206,14,P2_1/c,True,400,-56.26970672607422,3.897613525390625,0.2741965353488922,0.1395273208618164,False,-56.26970672607422,10914.87279461367,2.0146719757717304,0.006861572047876165
mp-756365,CaCeO3,0.0590747670000126,2.3372999999999995,62,Pnma,False,400,-75.83074188232422,4.39577579498291,0.27965429425239563,0.1867178976535797,False,-75.83074188232422,34370.11207203874,2.0401500218175044,0.038749798190953616
mp-20772,CaCrO3,0.0651140580000015,0.3943000000000003,62,Pnma,False,400,-15.912012100219727,3.921419143676758,0.2982412874698639,0.019811421632766724,True,15.912012100219727,11529.866982237183,2.129360029123601,0.0005483847783908975
mp-1190098,CaHfS3,0.037140437999998,1.5238,62,Pnma,False,400,-105.47662353515625,4.571281433105469,0.18815657496452332,0.07279068231582642,False,-105.47662353515625,51485.69580269367,1.6525872014866252,0.13864194120026413
mp-19201,CaMnO3,0.0350749438333366,0.4685999999999999,62,Pnma,False,400,-276.2513427734375,3.3151297569274902,0.6023458242416382,0.023245126008987427,False,-276.2513427734375,2854.5319624623016,4.2889761803014474,0.020316554736215717
mp-607467,CaMoO3,0.0,1.1050000000000004,14,P2_1/c,True,400,-10.00992202758789,5.042141914367676,0.4546354413032532,0.01683560013771057,True,10.00992202758789,152246.41244305685,3.0524126967276852,0.0019990570883018995
mp-1045305,CaMoO3,0.0096948095000026,1.0948000000000002,2,P-1,False,400,-10.00992202758789,5.042141914367676,0.4546354413032532,0.01683560013771057,True,10.00992202758789,152246.41244305685,3.0524126967276852,0.0019990570883018995
mp-4438,CaSnO3,0.0,2.3327,62,Pnma,True,400,-40.938934326171875,4.071166038513184,0.5194869041442871,0.030608147382736206,False,-40.938934326171875,16276.88112805811,3.5440081684576885,0.0030789989144247402
mp-3442,CaTiO3,0.017396585500002,2.2417,140,I4/mcm,False,400,-171.82574462890625,4.34459924697876,0.642574667930603,0.05565574765205383,False,-171.82574462890625,30549.520657316116,4.705247558190144,0.07667581182868993
mp-4019,CaTiO3,0.0,2.3053,62,Pnma,True,400,-171.82574462890625,4.34459924697876,0.642574667930603,0.05565574765205383,False,-171.82574462890625,30549.520657316116,4.705247558190144,0.07667581182868993
mp-5827,CaTiO3,0.0644675975000002,1.8272,221,Pm-3m,False,400,-171.82574462890625,4.34459924697876,0.642574667930603,0.05565574765205383,False,-171.82574462890625,30549.520657316116,4.705247558190144,0.07667581182868993
mp-556003,CaTiO3,0.0114118105000002,2.1586,74,Imma,False,400,-171.82574462890625,4.34459924697876,0.642574667930603,0.05565574765205383,False,-171.82574462890625,30549.520657316116,4.705247558190144,0.07667581182868993
mp-1205364,CaTiO3,0.0114495924999999,2.1378,63,Cmcm,False,400,-171.82574462890625,4.34459924697876,0.642574667930603,0.05565574765205383,False,-171.82574462890625,30549.520657316116,4.705247558190144,0.07667581182868993
mp-22608,CaVO3,0.0011566264107081,0.4338999999999999,62,Pnma,False,400,-59.48430633544922,4.999619960784912,0.5239012241363525,0.034567445516586304,False,-59.48430633544922,138046.40907618287,3.5802143933108352,0.05457338271292846
mp-1435359,CaVO3,0.0088146909107074,0.2606000000000001,14,P2_1/c,False,400,-59.48430633544922,4.999619960784912,0.5239012241363525,0.034567445516586304,False,-59.48430633544922,138046.40907618287,3.5802143933108352,0.05457338271292846
mp-1342410,CaWO3,0.0536462823333376,1.9784000000000008,62,Pnma,False,400,-95.28555297851562,4.561423301696777,0.11837805807590485,0.01957675814628601,False,-95.28555297851562,50330.176682311576,1.4072973443770862,0.12988431119697463
mp-7781,CaZrS3,0.0365724824999942,1.1878000000000002,62,Pnma,False,400,-85.62681579589844,4.50374698638916,0.28182700276374817,0.05949258804321289,False,-85.62681579589844,44070.92233125326,2.0503821522083663,0.06303719887886686
mp-4385,CdCO3,0.0,2.6293,167,R-3c,True,400,-18.31245231628418,4.215629577636719,0.3620908260345459,0.14441561698913574,True,18.31245231628418,22700.46382249408,2.4665994827756466,0.001234494330744172
mp-849371,CdSnO3,0.0303832525000018,0.6937000000000002,62,Pnma,False,400,-34.19982147216797,4.270443916320801,0.3758734166622162,0.022529900074005127,False,-34.19982147216797,25754.259634395647,2.5461338264846822,0.004732335344383413
mp-756062,CeFeO3,0.0797908600000028,0.6735999999999995,62,Pnma,False,400,-8.723152160644531,3.5234732627868652,0.21030530333518982,0.022239774465560913,True,8.723152160644531,4611.884433886554,1.739054183191452,8.071833409686444e-05
mp-1213810,CeLuO3,0.0570241827499984,0.1122000000000005,62,Pnma,False,400,-83.04586029052734,4.365067958831787,0.11207860708236694,0.03685685992240906,False,-83.04586029052734,32023.81823735982,1.3870317969235986,0.06369167393722132
mp-776207,CeNiO3,0.0952567235000039,0.9323000000000006,62,Pnma,False,400,-20.89106559753418,4.5470452308654785,0.21727314591407776,0.02271440625190735,False,-20.89106559753418,48691.189487002004,1.7671806844105253,0.004810061232248594
mp-1188346,CoBiO3,0.0822287949999989,0.3878000000000003,62,Pnma,False,400,87.38595581054688,3.7773847579956055,0.2529985308647156,0.027118533849716187,False,87.38595581054688,8275.417458933218,1.9186967544411841,0.013174278599474577
mp-22616,CoSeO3,0.029257131125,1.852,62,Pnma,False,400,61.225914001464844,3.698774576187134,0.32917794585227966,0.004687458276748657,False,61.225914001464844,6905.255134445045,2.2865766060467676,0.004528188726697834
mp-752613,CoSnO3,0.0762659565000021,0.9832,62,Pnma,False,400,18.638179779052734,3.6889162063598633,0.3121791481971741,-0.0020956993103027344,False,18.638179779052734,6750.273347597543,2.1988062272291784,0.0004265808799141823
mp-23456,CrBiO3,0.0226827880000008,1.3450000000000006,15,C2/c,False,400,-50.550048828125,3.8485538959503174,0.34282130002975464,0.03455290198326111,True,50.550048828125,9748.977077093403,2.3595495947255127,0.004223116764199994
mp-546027,CrBiO3,0.0147050410000026,1.9845999999999997,161,R3c,False,400,-50.550048828125,3.8485538959503174,0.34282130002975464,0.03455290198326111,True,50.550048828125,9748.977077093403,2.3595495947255127,0.004223116764199994
mp-559851,CrBiO3,0.0112026899999992,1.7904999999999998,62,Pnma,False,400,-50.550048828125,3.8485538959503174,0.34282130002975464,0.03455290198326111,True,50.550048828125,9748.977077093403,2.3595495947255127,0.004223116764199994
mp-756147,CrInO3,0.0512829044999998,1.4521000000000006,62,Pnma,False,400,-29.644670486450195,3.5860509872436523,0.45725035667419434,0.018421918153762817,False,-29.644670486450195,5326.67427427232,3.0708469135659064,0.0006097491727570656
mp-570231,CsCdBr3,0.0326752270000021,0.6965999999999999,221,Pm-3m,False,400,116.54843139648438,4.182475566864014,-0.011807650327682495,0.2690523862838745,False,116.54843139648438,21032.0071210542,1.0427979283927313,0.10958558171652252
mp-568544,CsCdCl3,0.0026339560000003,1.7417,221,Pm-3m,False,400,37.63711929321289,4.119686603546143,0.11088806390762329,0.1396525502204895,False,37.63711929321289,18200.853617969686,1.383234696180205,0.007455703444184978
mp-638685,CsEuBr3,0.0,1.0355000000000003,62,Pnma,True,400,73.62625885009766,4.303735733032227,0.1461448222398758,0.24653565883636475,False,73.62625885009766,27806.151605814823,1.50021199066026,0.04018960261828814
mp-1068377,CsEuCl3,0.0105377620000037,0.8369,221,Pm-3m,False,400,85.56299591064453,4.3956618309021,0.18579673767089844,0.09638515114784241,False,85.56299591064453,34361.09412566967,1.643631847659193,0.06122015050777062
mp-570223,CsGeBr3,0.0168454720000017,0.7484000000000002,221,Pm-3m,False,400,43.56938171386719,4.093769073486328,-0.08267384767532349,0.09094458818435669,False,43.56938171386719,17146.450370459796,0.8857965049739053,0.014698162673059798
mp-1068340,CsGeBr3,0.0,1.1965,160,R3m,True,400,43.56938171386719,4.093769073486328,-0.08267384767532349,0.09094458818435669,False,43.56938171386719,17146.450370459796,0.8857965049739053,0.014698162673059798
mp-1546519,CsHgCl3,0.0071816991111135,1.0764,64,Cmce,False,400,31.521160125732422,4.23581600189209,0.13350917398929596,0.21834887564182281,False,31.521160125732422,23780.50949900259,1.457192690375113,0.006485874617452205
mp-561947,CsHgF3,0.0,0.7167,221,Pm-3m,True,400,12.61091136932373,4.310756683349609,0.18760204315185547,0.19763857126235962,True,-12.61091136932373,28259.32841714518,1.6504784310554512,0.0010891932007749793
mp-1112338,CsInBr3,0.0,1.3782043565395825,225,Fm-3m,True,400,52.45367431640625,4.113804817199707,0.0009278059005737305,0.1318005919456482,False,52.45367431640625,17956.01545272412,1.0738302055071567,0.01840289620483764
mp-1112961,CsInCl3,0.0,1.7757115012201825,225,Fm-3m,True,400,-28.009756088256836,4.16963005065918,0.04545259475708008,0.13591697812080383,True,28.009756088256836,20419.034547822444,1.1897628520201022,0.005385839961763718
mp-1112643,CsInI3,0.02183132625,0.7619999999999998,225,Fm-3m,False,400,105.49540710449219,3.902463912963867,-0.09922546148300171,0.17327716946601868,False,105.49540710449219,11037.458056964284,0.8526726806965514,0.057625381528536156
mp-27214,CsSnBr3,0.0111951395000025,0.5984,221,Pm-3m,False,400,55.870880126953125,4.037967681884766,-0.1742303967475891,0.10253646969795227,False,55.870880126953125,15079.01020626131,0.7174264981662697,0.02624378304206535
mp-1247749,CsSnBr3,0.0,1.0107,62,Pnma,True,400,55.870880126953125,4.037967681884766,-0.1742303967475891,0.10253646969795227,False,55.870880126953125,15079.01020626131,0.7174264981662697,0.02624378304206535
mp-1070375,CsSnCl3,0.0226868215000015,0.9752999999999998,221,Pm-3m,False,400,12.389039039611816,4.10223913192749,-0.06335937976837158,0.06755149364471436,False,12.389039039611816,17484.14039723255,0.9260798404776763,0.0011591271789358636
mp-568570,CsSnI3,0.0110591610000034,0.6097000000000001,62,Pnma,False,400,160.791259765625,3.764256000518799,-0.24204987287521362,0.10040104389190674,False,160.791259765625,8028.994377629962,0.6137025632246523,0.13529697404743957
mp-614013,CsSnI3,0.0,0.4499999999999997,221,Pm-3m,True,400,160.791259765625,3.764256000518799,-0.24204987287521362,0.10040104389190674,False,160.791259765625,8028.994377629962,0.6137025632246523,0.13529697404743957
mp-616378,CsSnI3,0.0118439939999976,0.5435000000000003,127,P4/mbm,False,400,160.791259765625,3.764256000518799,-0.24204987287521362,0.10040104389190674,False,160.791259765625,8028.994377629962,0.6137025632246523,0.13529697404743957
mp-1112177,CsTlBr3,0.0122417697499979,0.9985047740444736,225,Fm-3m,False,400,11.036531448364258,4.245769500732422,-0.0034911036491394043,0.14238202571868896,False,11.036531448364258,24331.82330538757,1.06295947234673,0.0011152780354987144
mp-1112176,CsTlCl3,0.0003620809999995,1.2584148670507165,225,Fm-3m,False,400,-56.54234313964844,4.2367753982543945,0.08428405225276947,0.1521141231060028,True,56.54234313964844,23833.100894857867,1.3010436348217074,0.02342589996022822
mp-1078203,CsTlF3,0.0,2.1858244764135537,225,Fm-3m,True,400,-104.38200378417969,4.302847385406494,0.124979168176651,0.0978478491306305,True,104.38200378417969,27749.332365494025,1.4288511156052446,0.08464022534779171
mp-1112542,CsTlI3,0.0602546797499998,0.4982999999999999,225,Fm-3m,False,400,114.43080139160156,4.140534400939941,-0.06892189383506775,0.21975962817668915,False,114.43080139160156,19095.87460716397,0.9142940978538503,0.10939551274575526
mp-2763763,CuAgF3,0.0,1.2735,14,P2_1/c,True,400,139.08058166503906,4.315332889556885,0.3933877944946289,0.08091127872467041,False,139.08058166503906,28558.674254600475,2.6509137913687835,0.08335572366783749
mp-22137,DyCoO3,0.0093079522142867,1.1903999999999997,62,Pnma,False,400,218.27357482910156,3.3708794116973877,-0.049492448568344116,0.023044943809509277,False,218.27357482910156,3245.5220568177137,0.9561265137118427,0.06468916082791544
mp-19381,DyCrO3,0.0,2.5405999999999995,62,Pnma,True,400,162.6707000732422,3.7173283100128174,0.3909371495246887,0.02592208981513977,False,162.6707000732422,7206.650543885484,2.6359972909165488,0.028937910323323126
mp-22283,DyFeO3,0.006325670999999,0.9134000000000002,62,Pnma,False,400,159.58058166503906,3.3572163581848145,0.4441235661506653,0.028321951627731323,False,159.58058166503906,3145.0062399887934,2.9794175815627453,0.010752518885979832
mp-1178360,DyInO3,0.0640329069999996,2.623,62,Pnma,False,400,-18.03691291809082,4.380141258239746,0.3912810683250427,0.017186373472213745,False,-18.03691291809082,33154.7999283045,2.6380855699890238,0.0016354675875419852
mp-22103,DyMnO3,0.022302571166664,0.9994999999999998,62,Pnma,False,400,234.5460205078125,3.6845040321350098,0.5189568996429443,0.012084364891052246,False,234.5460205078125,6682.04175910554,3.5396857681475096,0.041539436855235555
mp-1212884,DyRhO3,0.0,0.8884318524889769,62,Pnma,True,400,133.3400115966797,4.210752487182617,0.02171960473060608,0.01984044909477234,False,133.3400115966797,22446.96557174702,1.126490191956099,0.14171349016743542
mp-1184176,DyScS3,0.0,1.7736999999999994,62,Pnma,True,400,-99.33441925048828,4.428584098815918,0.1055523008108139,0.07915771007537842,False,-99.33441925048828,37067.15483017645,1.3663441788461208,0.10707513895581328
mp-22789,DyVO3,0.0,1.6567999999999996,62,Pnma,True,400,6.711406707763672,4.27375602722168,0.0915481299161911,0.02805042266845703,True,-6.711406707763672,25951.423233008732,1.322988106581336,0.00035342099653459694
mp-562779,ErCoO3,0.0,1.4471000000000005,62,Pnma,True,400,201.90821838378906,3.474667549133301,-0.04181170463562012,0.0189516544342041,False,201.90821838378906,4121.665114347273,0.9731865664171165,0.06906286356096127
mp-19063,ErCrO3,0.0,0.2483000000000004,62,Pnma,True,400,152.031494140625,3.7591567039489746,0.2907176911830902,0.027956604957580566,False,152.031494140625,7935.272720318426,2.092789276161475,0.03505608996130881
mp-19935,ErFeO3,0.0179546204999994,1.5929000000000002,62,Pnma,False,400,169.01959228515625,3.414121627807617,0.31159287691116333,0.028682172298431396,False,169.01959228515625,3585.3105667411087,2.1958399743797012,0.018657789326055097
mp-754208,ErInO3,0.0797644929999998,2.5532,62,Pnma,False,400,14.850103378295898,4.370690822601318,0.34581688046455383,0.02810835838317871,True,-14.850103378295898,32441.13019350511,2.3758810330575155,0.0012044540343650802
mp-19319,ErMnO3,0.0344051806666669,1.0455,62,Pnma,False,400,210.3411865234375,3.7032432556152344,0.4221113920211792,0.020440250635147095,False,210.3411865234375,6976.67365908378,2.8321692429439604,0.04359511593877001
mp-1189736,ErNiO3,0.0015767070000007,0.3726000000000002,14,P2_1/c,False,400,3.0245399475097656,3.974827766418457,0.04296669363975525,0.02400830388069153,True,-3.0245399475097656,13038.65876952088,1.1829721044736088,4.033082047612345e-05
mp-1213022,ErRhO3,0.0,0.9643714818411082,62,Pnma,True,400,110.30122375488281,4.10109281539917,-0.00780758261680603,0.023344337940216064,False,110.30122375488281,17438.05201159794,1.0524469829122056,0.08063403525337308
mp-1190244,ErScS3,0.0172591825833308,1.7554999999999996,33,Pna2_1,False,400,-95.54655456542969,4.331721782684326,0.09767067432403564,0.07264474034309387,False,-95.54655456542969,29656.98079632457,1.3417712572021712,0.08071207353435995
mp-2763526,ErScS3,0.0125358623333333,2.152,62,Pnma,False,400,-95.54655456542969,4.331721782684326,0.09767067432403564,0.07264474034309387,False,-95.54655456542969,29656.98079632457,1.3417712572021712,0.08071207353435995
mp-19205,ErVO3,0.0,1.5838,62,Pnma,True,400,2.0575904846191406,4.230633735656738,0.05833519995212555,0.027566492557525635,True,-2.0575904846191406,23498.432283336428,1.2255837951306245,3.246936206012465e-05
mp-753781,EuHfO3,0.0,0.5973000000000006,221,Pm-3m,True,400,-109.15292358398438,4.746801853179932,0.06699752807617188,0.05013403296470642,False,-109.15292358398438,77127.10077783807,1.2502743978919002,0.2939898959904909
mp-1190059,EuHfS3,0.0,0.1287000000000002,62,Pnma,True,400,-51.71131134033203,4.494980812072754,0.1358788013458252,0.06170204281806946,False,-51.71131134033203,43190.27460880536,1.4651652555847825,0.03153047022104861
mp-771055,EuZrO3,0.0933191865000111,0.3877000000000006,221,Pm-3m,False,400,-135.41659545898438,4.722962379455566,-0.03304043412208557,0.026961594820022583,False,-135.41659545898438,73007.50934828456,0.9930414486680128,0.5392671056802547
mp-1106293,EuZrO3,0.0,0.5096999999999996,62,Pnma,True,400,-135.41659545898438,4.722962379455566,-0.03304043412208557,0.026961594820022583,False,-135.41659545898438,73007.50934828456,0.9930414486680128,0.5392671056802547
mp-1178354,EuZrO3,0.0843929492500112,0.4662999999999995,198,P2_13,False,400,-135.41659545898438,4.722962379455566,-0.03304043412208557,0.026961594820022583,False,-135.41659545898438,73007.50934828456,0.9930414486680128,0.5392671056802547
mp-1189927,EuZrS3,0.0,0.1452999999999997,62,Pnma,True,400,-92.8415756225586,4.48479700088501,0.07115192711353302,0.05890008807182312,False,-92.8415756225586,42189.28392121857,1.2622917307682127,0.11523579780990365
mp-19097,FeBO3,0.0,1.4815999999999998,167,R-3c,True,400,-28.433874130249023,3.79172420501709,0.38699349761009216,0.05228066444396973,True,28.433874130249023,8553.214396931264,2.612169219695692,0.0010589125977855463
mp-22949,FeBiO3,0.0335794110000016,1.8064,160,R3m,False,400,318.46759033203125,3.6771926879882812,0.6229236125946045,0.029601871967315674,False,318.46759033203125,6570.491249830984,4.497088379362684,0.059272997918267324
mp-23501,FeBiO3,0.0016325030000015,1.2984,161,R3c,False,400,318.46759033203125,3.6771926879882812,0.6229236125946045,0.029601871967315674,False,318.46759033203125,6570.491249830984,4.497088379362684,0.059272997918267324
mp-645159,FeBiO3,0.0116057660000015,1.5419999999999998,62,Pnma,False,400,318.46759033203125,3.6771926879882812,0.6229236125946045,0.029601871967315674,False,318.46759033203125,6570.491249830984,4.497088379362684,0.059272997918267324
mp-1193035,FeBiO3,0.0564112610000018,1.6586,12,C2/m,False,400,318.46759033203125,3.6771926879882812,0.6229236125946045,0.029601871967315674,False,318.46759033203125,6570.491249830984,4.497088379362684,0.059272997918267324
mp-1178214,FeSnO3,0.0351845345000008,0.989703830709586,62,Pnma,False,400,42.024559020996094,3.5494160652160645,0.5584524273872375,0.01809874176979065,False,42.024559020996094,4895.772386953895,3.8766825327607,0.0008921282712254909
mp-1178268,GdAlO3,0.0851176094000027,1.8885,221,Pm-3m,False,400,-86.16661834716797,4.069848537445068,0.38061320781707764,0.030435502529144287,False,-86.16661834716797,16227.577455270051,2.574073940405751,0.018722798465061308
mp-18331,GdCrO3,0.0,2.6309,62,Pnma,True,400,134.63531494140625,3.6404829025268555,0.2482185959815979,0.021851152181625366,False,134.63531494140625,6037.929750149811,1.897694968169364,0.023069576512860242
mp-1212778,GdInO3,0.052235792166666,2.5270116208736253,62,Pnma,False,400,-21.859315872192383,4.258418560028076,0.29295846819877625,0.022468656301498413,False,-21.859315872192383,25050.92191847342,2.1036150936561184,0.002276095907591459
mp-510490,GdScS3,0.0,1.1773999999999996,62,Pnma,True,400,-92.64918518066406,4.353560447692871,0.11807362735271454,0.07130149006843567,False,-92.64918518066406,31186.425569551546,1.4063112060695495,0.0761425405513566
mp-541177,GdVO3,0.0,1.4525999999999994,62,Pnma,True,400,42.86810302734375,4.255115032196045,0.019545644521713257,0.030920445919036865,False,42.86810302734375,24861.091128435626,1.1208653779347537,0.01630404081385338
mp-753534,HfCoO3,0.0948615120000031,2.4865,62,Pnma,False,400,54.751251220703125,3.9499831199645996,0.1585334986448288,0.01698887348175049,False,54.751251220703125,12313.69162505,1.5436232408634034,0.009565221972926597
mp-753790,HfFeO3,0.0961925840000041,2.1447000000000003,62,Pnma,False,400,56.61724853515625,3.930595874786377,0.19671526551246643,0.01473584771156311,True,-56.61724853515625,11776.087611610785,1.6854779510448186,0.00895850341388173
mp-753856,HfFeO3,0.0626525855000021,2.9099000000000004,62,Pnma,False,400,56.61724853515625,3.930595874786377,0.19671526551246643,0.01473584771156311,True,-56.61724853515625,11776.087611610785,1.6854779510448186,0.00895850341388173
mp-1178219,HfNiO3,0.0968432885000023,2.7983,14,P2_1/c,False,400,-14.639249801635742,4.065173149108887,0.1615966260433197,0.02755284309387207,False,-14.639249801635742,16053.816789665396,1.5545490729356342,0.0008852613442382612
mp-770830,HoBiO3,0.0358601403750018,2.7472,62,Pnma,False,400,-35.31927490234375,4.147577285766602,0.14586907625198364,0.0918215811252594,False,-35.31927490234375,19408.073983081773,1.4992597654890543,0.006459354233812151
mp-20570,HoCoO3,0.0,1.1622,62,Pnma,True,400,216.2482147216797,3.460433006286621,-0.024399280548095703,0.023011505603790283,False,216.2482147216797,3988.762328871705,1.0129978637727546,0.07365371939028684
mp-756834,HoCrO3,0.0,2.3515999999999995,62,Pnma,True,400,161.97418212890625,3.712444543838501,0.3452536165714264,0.02503839135169983,False,161.97418212890625,7126.063649448865,2.372801600548067,0.03151663580639567
mp-19785,HoFeO3,0.0122662793749999,1.5034,62,Pnma,False,400,170.64346313476562,3.324101448059082,0.3846891224384308,0.024662911891937256,False,170.64346313476562,2914.114429385946,2.598345704140885,0.013063181857277185
mp-776984,HoInO3,0.0717123543750002,2.5765,62,Pnma,False,400,-0.8853988647460938,4.3398118019104,0.3837983310222626,0.020710885524749756,False,-0.8853988647460938,30214.607376800373,2.5930216394345127,3.6538332790162903e-06
mp-22081,HoMnO3,0.0288150980000008,1.9915000000000005,62,Pnma,False,400,234.1763916015625,3.7554101943969727,0.5089641809463501,0.014913856983184814,False,234.1763916015625,7867.112265138971,3.459170678470431,0.04988725034672818
mp-1212108,HoRhO3,0.0,0.9606739563708188,62,Pnma,True,400,132.5184783935547,4.170650482177734,0.026839762926101685,0.021982789039611816,False,132.5184783935547,20467.068140693424,1.139849657284585,0.1261307374528312
mp-1189393,HoScS3,0.0129002495833354,1.7663000000000002,33,Pna2_1,False,400,-109.1279296875,4.428836345672607,0.11442671716213226,0.07444706559181213,False,-109.1279296875,37088.6904231023,1.3945514039100884,0.126688967072749
mp-2755772,HoScS3,0.0073478716666688,2.1681,62,Pnma,False,400,-109.1279296875,4.428836345672607,0.11442671716213226,0.07444706559181213,False,-109.1279296875,37088.6904231023,1.3945514039100884,0.126688967072749
mp-7027,InBO3,0.0,2.6556,167,R-3c,True,400,-89.40047454833984,4.267504692077637,0.4287589192390442,0.08712297677993774,False,-89.40047454833984,25580.54808412634,2.875853305281854,0.0284369330530252
mp-556892,InBiO3,0.0289430770000009,2.7352000000000007,33,Pna2_1,False,400,-44.61078643798828,4.075489044189453,0.4191751480102539,0.05584469437599182,False,-44.61078643798828,16439.711712654924,2.8130856677755776,0.004652120866545785
mp-561102,InBiO3,0.0399234685000013,2.388399999999999,62,Pnma,False,400,-44.61078643798828,4.075489044189453,0.4191751480102539,0.05584469437599182,False,-44.61078643798828,16439.711712654924,2.8130856677755776,0.004652120866545785
mp-1105819,InRhO3,0.0739175047499953,0.3223000000000002,62,Pnma,False,400,-7.019906997680664,3.9988255500793457,0.4012295603752136,0.02407515048980713,True,7.019906997680664,13779.412563506801,2.6992143271228413,0.00010062735125362923
mp-1203220,InRhO3,0.0406221204999948,1.039908569021823,14,P2_1/c,False,400,-7.019906997680664,3.9988255500793457,0.4012295603752136,0.02407515048980713,True,7.019906997680664,13779.412563506801,2.6992143271228413,0.00010062735125362923
mp-998398,InSnBr3,0.0303007139999991,1.0975,1,P1,False,400,-71.77557373046875,4.144070148468018,0.07587255537509918,0.2540634870529175,False,-71.77557373046875,19251.97556306157,1.2760872382187058,0.031089108816835978
mp-998555,InSnBr3,0.0200280839999988,1.7591923284557722,161,R3c,False,400,-71.77557373046875,4.144070148468018,0.07587255537509918,0.2540634870529175,False,-71.77557373046875,19251.97556306157,1.2760872382187058,0.031089108816835978
mp-2762335,InSnBr3,0.0586802459999979,1.7073,8,Cm,False,400,-71.77557373046875,4.144070148468018,0.07587255537509918,0.2540634870529175,False,-71.77557373046875,19251.97556306157,1.2760872382187058,0.031089108816835978
mp-998560,InSnCl3,0.0200971269999996,2.0788,8,Cm,False,400,-38.46537780761719,4.140967845916748,0.1675550639629364,0.18015921115875244,False,-38.46537780761719,19114.942642923197,1.576024171648024,0.007178110199121375
mp-29799,KBiO3,0.0,0.4914,201,Pn-3,True,400,-65.24142456054688,4.0186333656311035,0.3023529052734375,0.04878297448158264,False,-65.24142456054688,14422.432628308163,2.1496151553963205,0.011423118069017022
mp-556365,KCrF3,0.0,1.4898000000000002,12,C2/m,True,400,-13.991949081420898,4.2037248611450195,0.3605928421020508,0.13283643126487732,True,13.991949081420898,22086.65840744436,2.458106256332633,0.0007036323295525872
mp-560547,KCrF3,0.0036048639999997,1.968,87,I4/m,False,400,-13.991949081420898,4.2037248611450195,0.3605928421020508,0.13283643126487732,True,13.991949081420898,22086.65840744436,2.458106256332633,0.0007036323295525872
mp-566131,KCrF3,0.0268132479999998,1.1574000000000004,123,P4/mmm,False,400,-13.991949081420898,4.2037248611450195,0.3605928421020508,0.13283643126487732,True,13.991949081420898,22086.65840744436,2.458106256332633,0.0007036323295525872
mp-1180767,KCrF3,0.0021807369999997,1.5720000000000005,140,I4/mcm,False,400,-13.991949081420898,4.2037248611450195,0.3605928421020508,0.13283643126487732,True,13.991949081420898,22086.65840744436,2.458106256332633,0.0007036323295525872
mp-1180782,KCrF3,0.0020262390000009,0.1573999999999999,72,Ibam,False,400,-13.991949081420898,4.2037248611450195,0.3605928421020508,0.13283643126487732,True,13.991949081420898,22086.65840744436,2.458106256332633,0.0007036323295525872
mp-998412,KGeBr3,0.0252311680000052,0.9083,8,Cm,False,400,-7.983467102050781,4.0662150382995605,-0.08264181017875671,0.0754861831665039,True,7.983467102050781,16092.376749441173,0.8858618517614663,0.00046312397383462906
mp-998231,KGeCl3,0.0282228930000036,1.4859,8,Cm,False,400,7.629179954528809,4.12070369720459,0.205986887216568,0.07420885562896729,False,7.629179954528809,18243.52896270863,1.7218475511541351,0.0002466776841515493
mp-7483,KHgF3,0.0,0.6082000000000001,221,Pm-3m,True,400,2.1251449584960938,4.230821132659912,0.41766485571861267,0.18259842693805695,True,-2.1251449584960938,23508.573987103846,2.8033199374965774,1.5149235946478166e-05
mp-1110931,KInBr3,0.0977900804999989,0.8797156481034303,225,Fm-3m,False,400,7.214425086975098,4.037467956542969,0.005018323659896851,0.10903468728065491,False,7.214425086975098,15061.669369146673,1.0839921414134257,0.0002892746812643788
mp-1112170,KInCl3,0.0538268714666649,1.597115636649624,225,Fm-3m,False,400,-43.9061279296875,4.076796531677246,0.07462525367736816,0.10148492455482483,True,43.9061279296875,16489.2797057333,1.2724275501847508,0.00999260889003636
mp-1112296,KInF3,0.0751867520079416,2.2085,225,Fm-3m,False,400,-75.67584228515625,4.196549415588379,0.2461608648300171,0.0868101418018341,False,-75.67584228515625,21724.739065453832,1.8887247652461294,0.026348773983201512
mp-1112169,KInI3,0.0766823449999996,0.6694999999999998,225,Fm-3m,False,400,86.53608703613281,3.9515671730041504,-0.1262894570827484,0.22282417118549347,False,86.53608703613281,12358.686800372463,0.8011583306963707,0.046207074357091954
mp-23737,KMgH3,0.0,2.458,221,Pm-3m,True,400,43.732765197753906,4.309889316558838,0.4541139602661133,0.17533618211746216,False,43.732765197753906,28202.94560872419,3.0487496981820486,0.007076957176519583
mp-555123,KMnF3,0.0017114100000004,2.6628000000000003,221,Pm-3m,False,400,-43.598480224609375,3.9854230880737305,0.3299415409564972,0.12026771903038025,False,-43.598480224609375,13360.670123689499,2.2906004991353157,0.004434877038365348
mp-555359,KMnF3,0.0002445739999998,2.1006,140,I4/mcm,False,400,-43.598480224609375,3.9854230880737305,0.3299415409564972,0.12026771903038025,False,-43.598480224609375,13360.670123689499,2.2906004991353157,0.004434877038365348
mp-560382,KMnF3,0.000924576,2.6774,127,P4/mbm,False,400,-43.598480224609375,3.9854230880737305,0.3299415409564972,0.12026771903038025,False,-43.598480224609375,13360.670123689499,2.2906004991353157,0.004434877038365348
mp-644332,KMnF3,0.0020342784999982,2.6922,11,P2_1/m,False,400,-43.598480224609375,3.9854230880737305,0.3299415409564972,0.12026771903038025,False,-43.598480224609375,13360.670123689499,2.2906004991353157,0.004434877038365348
mp-1180746,KMnF3,0.0016044339999989,1.7405,140,I4/mcm,False,400,-43.598480224609375,3.9854230880737305,0.3299415409564972,0.12026771903038025,False,-43.598480224609375,13360.670123689499,2.2906004991353157,0.004434877038365348
mp-1205353,KMnF3,0.0,2.4058,74,Imma,True,400,-43.598480224609375,3.9854230880737305,0.3299415409564972,0.12026771903038025,False,-43.598480224609375,13360.670123689499,2.2906004991353157,0.004434877038365348
mp-2759521,KMnF3,4.164199999934226e-05,2.1486,11,P2_1/m,False,400,-43.598480224609375,3.9854230880737305,0.3299415409564972,0.12026771903038025,False,-43.598480224609375,13360.670123689499,2.2906004991353157,0.004434877038365348
mp-4342,KNbO3,0.0011901640000004,1.4744,99,P4mm,False,400,30.427894592285156,4.553133010864258,0.5262137651443481,0.04705166816711426,True,-30.427894592285156,49378.53083128873,3.5993292457280175,0.005080662968907061
mp-5246,KNbO3,0.0003534000000016,2.0587,38,Amm2,False,400,30.427894592285156,4.553133010864258,0.5262137651443481,0.04705166816711426,True,-30.427894592285156,49378.53083128873,3.5993292457280175,0.005080662968907061
mp-7375,KNbO3,0.0,2.3108,160,R3m,True,400,30.427894592285156,4.553133010864258,0.5262137651443481,0.04705166816711426,True,-30.427894592285156,49378.53083128873,3.5993292457280175,0.005080662968907061
mp-935811,KNbO3,0.0077302279999997,1.4215999999999998,221,Pm-3m,False,400,30.427894592285156,4.553133010864258,0.5262137651443481,0.04705166816711426,True,-30.427894592285156,49378.53083128873,3.5993292457280175,0.005080662968907061
mp-16293,KSbO3,0.0447229700000013,1.1212999999999995,227,Fd-3m,False,400,-1.045633316040039,3.9338250160217285,0.30681538581848145,0.05949077010154724,True,1.045633316040039,11863.973536660604,2.1718168380473006,2.3890530269673305e-06
mp-3614,KTaO3,0.0,2.0976,221,Pm-3m,True,400,-14.911275863647461,4.519527435302734,0.1942434012889862,0.028573602437973022,False,-14.911275863647461,45701.72456508994,1.6759120027269256,0.00242533077919803
mp-1111155,KTlBr3,0.0772356732500005,0.9246039538087512,225,Fm-3m,False,400,2.2872772216796875,4.205055236816406,0.022879570722579956,0.150907963514328,False,2.2872772216796875,22154.420273159492,1.129502979258363,4.1045978243759446e-05
mp-1111296,KTlCl3,0.0590743205000001,1.097012712683471,225,Fm-3m,False,400,-59.27845764160156,4.19706392288208,0.10588684678077698,0.14885324239730835,True,59.27845764160156,21750.491546271536,1.367397107357886,0.022357755432897804
mp-1111295,KTlF3,0.0542841867083332,1.9647115283785197,225,Fm-3m,False,400,-89.07100677490234,4.26416540145874,0.310617595911026,0.10662758350372314,False,-89.07100677490234,25384.613465472154,2.1909143806236115,0.03676866506267581
mp-557257,KVF3,0.0,2.0758999999999994,221,Pm-3m,True,400,125.32135772705078,4.3774871826171875,0.29607290029525757,0.1468554437160492,False,125.32135772705078,32952.80101583445,2.1187548532868044,0.09770612724542702
mp-19051,LaCoO3,0.0033163850000006,1.0014000000000003,167,R-3c,False,400,45.44063186645508,3.5206804275512695,0.19618703424930573,0.022768020629882812,False,45.44063186645508,4582.321757415294,1.683429154766326,0.0022482233358603657
mp-573180,LaCoO3,0.0765487460000002,0.6210999999999993,221,Pm-3m,False,400,45.44063186645508,3.5206804275512695,0.19618703424930573,0.022768020629882812,False,45.44063186645508,4582.321757415294,1.683429154766326,0.0022482233358603657
mp-1185232,LaCoO3,0.0474867225000004,0.973,62,Pnma,False,400,45.44063186645508,3.5206804275512695,0.19618703424930573,0.022768020629882812,False,45.44063186645508,4582.321757415294,1.683429154766326,0.0022482233358603657
mp-1272753,LaCoO3,0.0304298195000001,0.6738999999999997,1,P1,False,400,45.44063186645508,3.5206804275512695,0.19618703424930573,0.022768020629882812,False,45.44063186645508,4582.321757415294,1.683429154766326,0.0022482233358603657
mp-1273989,LaCoO3,0.0179204554999996,0.8045999999999998,14,P2_1/c,False,400,45.44063186645508,3.5206804275512695,0.19618703424930573,0.022768020629882812,False,45.44063186645508,4582.321757415294,1.683429154766326,0.0022482233358603657
mp-1288145,LaCoO3,0.0,0.2793000000000001,148,R-3,True,400,45.44063186645508,3.5206804275512695,0.19618703424930573,0.022768020629882812,False,45.44063186645508,4582.321757415294,1.683429154766326,0.0022482233358603657
mp-1504268,LaCoO3,0.0551452460000003,0.9444999999999996,74,Imma,False,400,45.44063186645508,3.5206804275512695,0.19618703424930573,0.022768020629882812,False,45.44063186645508,4582.321757415294,1.683429154766326,0.0022482233358603657
mp-18841,LaCrO3,0.0914568244999998,2.1156999999999995,221,Pm-3m,False,400,181.17857360839844,3.0952565670013428,0.26828140020370483,0.021687477827072144,False,181.17857360839844,1720.5279030377526,1.9874179604990778,0.011367008211893093
mp-19281,LaCrO3,0.0,2.3706000000000005,62,Pnma,True,400,181.17857360839844,3.0952565670013428,0.26828140020370483,0.021687477827072144,False,181.17857360839844,1720.5279030377526,1.9874179604990778,0.011367008211893093
mp-22590,LaFeO3,0.0277720220000148,1.4333999999999998,62,Pnma,False,400,-127.16470336914062,3.2954559326171875,0.3441757559776306,0.01909106969833374,True,127.16470336914062,2728.10502734396,2.3669199273389836,0.0074553953121986654
mp-1078634,LaFeO3,0.0,1.9509,167,R-3c,True,400,-127.16470336914062,3.2954559326171875,0.3441757559776306,0.01909106969833374,True,127.16470336914062,2728.10502734396,2.3669199273389836,0.0074553953121986654
mp-11623,LaInO3,0.0067064522499986,2.7459,62,Pnma,False,400,-32.616485595703125,4.149837017059326,0.3987762928009033,0.038519054651260376,False,-32.616485595703125,19509.321710297267,2.6840098348779566,0.003093088792625956
mp-1106374,LaLuS3,0.0,2.2322,62,Pnma,True,400,-62.242332458496094,4.347326755523682,0.07188458740711212,0.06552234292030334,False,-62.242332458496094,30741.985175496964,1.26442303017061,0.037676558025751906
mp-989552,LaMoN3,0.0293490240000071,1.1509,161,R3c,False,400,32.57028579711914,4.3042778968811035,0.2541373372077942,0.0309583842754364,True,-32.57028579711914,27840.88588101453,1.9237345603876224,0.00614102737087096
mp-1284950,LaNiO3,0.020568577999998,0.3559999999999998,2,P-1,False,400,-10.647911071777344,4.422815322875977,0.324122816324234,0.02530255913734436,False,-10.647911071777344,36578.04384512368,2.260115461839957,0.0007339706130795943
mp-5163,LaRhO3,0.0,0.5951000000000004,62,Pnma,True,400,428.8326721191406,3.27935791015625,0.12459315359592438,0.02140018343925476,False,428.8326721191406,2628.8333968909396,1.4275816720844676,0.1354558679714172
mp-1190131,LaScS3,0.0,1.6446000000000005,62,Pnma,True,400,-86.94005584716797,4.453970909118652,0.2027757465839386,0.078987717628479,False,-86.94005584716797,39298.50800488461,1.7091632912881842,0.06951720886364579
mp-989524,LaWN3,0.0,1.1797000000000004,161,R3c,True,400,-5.328399658203125,4.303371429443359,0.2895497977733612,0.0750061571598053,False,-5.328399658203125,27782.836473439056,2.0871689621338474,0.00015117241455164468
mp-989601,LaWN3,0.0233291480000055,0.7063999999999995,160,R3m,False,400,-5.328399658203125,4.303371429443359,0.2895497977733612,0.0750061571598053,False,-5.328399658203125,27782.836473439056,2.0871689621338474,0.00015117241455164468
mp-756821,LiAgF3,0.0935238429999998,0.1235999999999999,14,P2_1/c,False,400,-0.35794639587402344,4.075780868530273,0.3457140028476715,0.15369156002998352,False,-0.35794639587402344,16450.76209537575,2.3753182904003873,3.5494428508608635e-07
mp-760151,LiAgF3,0.0769721754999999,0.1695999999999999,178,P6_122,False,400,-0.35794639587402344,4.075780868530273,0.3457140028476715,0.15369156002998352,False,-0.35794639587402344,16450.76209537575,2.3753182904003873,3.5494428508608635e-07
mp-1079935,LiCaH3,0.0214807280000002,2.5159,167,R-3c,False,400,90.61495208740234,4.540631294250488,0.5137869119644165,0.1058553159236908,True,-90.61495208740234,47977.37112539601,3.4977979753103288,0.04505069000830778
mp-28327,LiGaBr3,0.0,2.956,11,P2_1/m,True,400,12.351409912109375,4.216866493225098,0.10481889545917511,0.2434293031692505,False,12.351409912109375,22765.209247643466,1.3640387420356725,0.0010184459899037837
mp-29345,LiGaI3,0.0,2.2473,11,P2_1/m,True,400,-8.368782043457031,4.207782745361328,0.012647122144699097,0.308868408203125,True,8.368782043457031,22293.99496145918,1.1032017249032782,0.0005661316984052178
mp-760095,LiMnF3,0.0939407181666664,2.4534,147,P-3,False,400,-98.27143859863281,3.814267158508301,0.40843114256858826,0.1637660562992096,False,-98.27143859863281,9008.91131714838,2.744346552451769,0.012680838688762937
mp-764783,LiMnF3,0.0907112249999997,2.712,62,Pnma,False,400,-98.27143859863281,3.814267158508301,0.40843114256858826,0.1637660562992096,False,-98.27143859863281,9008.91131714838,2.744346552451769,0.012680838688762937
mp-765457,LiMnF3,0.0397923609999999,2.9514,62,Pnma,False,400,-98.27143859863281,3.814267158508301,0.40843114256858826,0.1637660562992096,False,-98.27143859863281,9008.91131714838,2.744346552451769,0.012680838688762937
mp-8180,LiNO3,0.0,2.9369,167,R-3c,True,400,9.888544082641602,4.128842353820801,0.34829181432724,0.11343073844909668,False,9.888544082641602,18588.63531047981,2.389459227752945,0.0003042794215159902
mp-552588,LiNbO3,0.0330080320000032,2.281952667388917,167,R-3c,False,400,24.466644287109375,4.21829891204834,0.5844533443450928,0.08254888653755188,True,-24.466644287109375,22840.418931106873,4.115865311821661,0.001328775824816791
mp-674361,LiNbO3,0.010056417400003,2.9621,1,P1,False,400,24.466644287109375,4.21829891204834,0.5844533443450928,0.08254888653755188,True,-24.466644287109375,22840.418931106873,4.115865311821661,0.001328775824816791
mp-676694,LiNbO3,0.0080152856666693,2.9835000000000003,1,P1,False,400,24.466644287109375,4.21829891204834,0.5844533443450928,0.08254888653755188,True,-24.466644287109375,22840.418931106873,4.115865311821661,0.001328775824816791
mp-776108,LiNbO3,0.0298365945000043,2.7432,57,Pbcm,False,400,24.466644287109375,4.21829891204834,0.5844533443450928,0.08254888653755188,True,-24.466644287109375,22840.418931106873,4.115865311821661,0.001328775824816791
mp-752636,LiSbO3,0.088810487499999,1.1944999999999997,198,P2_13,False,400,-52.55018615722656,3.9557061195373535,0.377197265625,0.08491495251655579,False,-52.55018615722656,12477.03153715032,2.553906983627961,0.005396531372271261
mp-754345,LiTaO3,0.0886449690000059,2.3884,127,P4/mbm,False,400,55.825279235839844,4.239206790924072,0.25436604022979736,0.06548213958740234,True,-55.825279235839844,23966.904435837765,1.9247478815106434,0.015522436553526446
mp-752764,LiVF3,0.0185087989999983,2.5687999999999995,161,R3c,False,400,95.34056854248047,4.2080159187316895,0.39804190397262573,0.18767215311527252,False,95.34056854248047,22305.967855234583,2.6794750288993687,0.03026821597365826
mp-752911,LiVF3,0.0357912984999995,2.426,62,Pnma,False,400,95.34056854248047,4.2080159187316895,0.39804190397262573,0.18767215311527252,False,95.34056854248047,22305.967855234583,2.6794750288993687,0.03026821597365826
mp-777551,LiVF3,0.0371581029999985,2.6788,198,P2_13,False,400,95.34056854248047,4.2080159187316895,0.39804190397262573,0.18767215311527252,False,95.34056854248047,22305.967855234583,2.6794750288993687,0.03026821597365826
mp-778509,LiVF3,0.0711593504999994,2.6116,198,P2_13,False,400,95.34056854248047,4.2080159187316895,0.39804190397262573,0.18767215311527252,False,95.34056854248047,22305.967855234583,2.6794750288993687,0.03026821597365826
mp-755471,LuCrO3,0.0,2.7252,62,Pnma,True,400,115.9760513305664,3.65859055519104,0.24522724747657776,0.02468132972717285,False,115.9760513305664,6294.999623507999,1.8846688716407112,0.017970380733872613
mp-22588,LuFeO3,0.0360391231249987,1.6083000000000005,62,Pnma,False,400,137.95265197753906,3.8230910301208496,0.30110639333724976,0.01960042119026184,False,137.95265197753906,9193.823951921026,2.1434541762519372,0.032651420403615926
mp-21125,LuMnO3,0.0503064981666696,0.4485081876543422,62,Pnma,False,400,145.58934020996094,3.6940653324127197,0.32084864377975464,0.025247126817703247,False,145.58934020996094,6830.782949423581,2.243140382229384,0.02581862911581766
mp-1205366,LuRhO3,0.0,1.0887000000000002,62,Pnma,True,400,114.21739959716797,3.893815517425537,-0.025043874979019165,0.021990984678268433,False,114.21739959716797,10819.835816521907,1.0114954536194558,0.05581889868588979
mp-754597,LuTlO3,0.0837613916249973,0.6919000000000004,62,Pnma,False,400,-54.096519470214844,4.3048834800720215,0.2832401394844055,0.12564322352409363,False,-54.096519470214844,27879.734481466094,2.057064690303988,0.01586497246842238
mp-755583,LuVO3,0.0057737502499968,1.5724999999999998,62,Pnma,False,400,65.878173828125,4.145159721374512,0.03713122010231018,0.03065812587738037,False,65.878173828125,19300.3362193886,1.1671832061989398,0.028705752725962586
mp-2767717,LuVO3,0.0,0.2610999999999999,14,P2_1/c,True,400,65.878173828125,4.145159721374512,0.03713122010231018,0.03065812587738037,False,65.878173828125,19300.3362193886,1.1671832061989398,0.028705752725962586
mp-998358,MgAgF3,0.0331789360000014,2.1127,221,Pm-3m,False,400,12.69429874420166,4.0312652587890625,0.340177983045578,0.12193799018859863,True,-12.69429874420166,14848.083871913886,2.3452319013606475,0.00040809571961616367
mp-998418,MgAgF3,0.0181428880000016,2.6793,167,R-3c,False,400,12.69429874420166,4.0312652587890625,0.340177983045578,0.12193799018859863,True,-12.69429874420166,14848.083871913886,2.3452319013606475,0.00040809571961616367
mp-770581,MgMnO3,0.0767369350000004,0.536,62,Pnma,False,400,-124.04290771484375,3.6070518493652344,0.49457985162734985,0.01976943016052246,False,-124.04290771484375,5590.5817523588585,3.3464755914383493,0.010281896040209378
mp-769348,MgSnO3,0.0730104979999959,2.0089999999999995,62,Pnma,False,400,-83.49803924560547,4.171360492706299,0.48634815216064453,0.02634871006011963,False,-83.49803924560547,20500.556291488007,3.283643211802929,0.01741094042660512
mp-1345923,MgTiO3,0.0829077269999984,2.3299,62,Pnma,False,400,-76.08665466308594,4.223318099975586,0.6206943988800049,0.05338847637176514,False,-76.08665466308594,23105.919356767237,4.474064172024386,0.011959086717087149
mp-1370061,MgVO3,0.0928165374999991,0.6976000000000004,62,Pnma,False,400,-98.26734924316406,4.310135364532471,0.5518664717674255,0.02790626883506775,False,-98.26734924316406,28218.92841299497,3.818337228413378,0.02854596372580553
mp-1326513,MgWO3,0.0817830849999978,2.4380000000000006,62,Pnma,False,400,-43.035552978515625,4.225189685821533,0.11057831346988678,0.026211082935333252,False,-43.035552978515625,23205.708851367857,1.382248487943378,0.012437224748305923
mp-1278986,MnBO3,0.0323374645520715,0.5985999999999998,2,P-1,False,400,-63.483726501464844,3.817396640777588,0.3656325340270996,0.05117368698120117,False,-63.483726501464844,9074.06308080488,2.486797053324932,0.005882287745869483
mp-1289597,MnBO3,0.0203677105520725,0.1516999999999999,15,C2/c,False,400,-63.483726501464844,3.817396640777588,0.3656325340270996,0.05117368698120117,False,-63.483726501464844,9074.06308080488,2.486797053324932,0.005882287745869483
mp-23477,MnBiO3,0.0281614210999983,1.4751000000000003,15,C2/c,False,400,-105.63643646240234,3.8439836502075195,0.48381689190864563,0.0406641960144043,False,-105.63643646240234,9646.922809151118,3.2645603530815364,0.013190205975268264
mp-1194603,MnBiO3,0.0262128320999979,1.90163571702498,14,P2_1/c,False,400,-105.63643646240234,3.8439836502075195,0.48381689190864563,0.0406641960144043,False,-105.63643646240234,9646.922809151118,3.2645603530815364,0.013190205975268264
mp-998241,MnInF3,0.0323595836111119,2.4765,1,P1,False,400,-62.87762451171875,4.047801971435547,0.45531558990478516,0.025052785873413086,False,-62.87762451171875,15424.358996045958,3.0571968255807236,0.007978770400406118
mp-1422819,MnInF3,0.0323525176111134,2.4617000000000004,221,Pm-3m,False,400,-62.87762451171875,4.047801971435547,0.45531558990478516,0.025052785873413086,False,-62.87762451171875,15424.358996045958,3.0571968255807236,0.007978770400406118
mp-22224,MnSeO3,0.0202544244999876,2.8433,62,Pnma,False,400,-123.55821228027344,3.7197368144989014,0.5469464063644409,0.0032338500022888184,False,-123.55821228027344,7246.728117485738,3.775323891460686,0.011721710058655658
mp-691106,MnSnO3,0.0223195970000018,0.2294,161,R3c,False,400,-71.7743911743164,3.6075422763824463,0.5058820247650146,0.0046385228633880615,False,-71.7743911743164,5596.898482374104,3.434708104332917,0.003357813885699161
mp-30528,MnTlCl3,0.0243922364999997,1.2858,62,Pnma,False,400,-24.10407066345215,4.157013416290283,0.25722432136535645,0.09795457124710083,False,-24.10407066345215,19834.377264095387,1.937457262723351,0.002379179522054472
mp-570290,MnTlCl3,0.0293077779999997,1.1477,221,Pm-3m,False,400,-24.10407066345215,4.157013416290283,0.25722432136535645,0.09795457124710083,False,-24.10407066345215,19834.377264095387,1.937457262723351,0.002379179522054472
mp-998762,MnTlF3,0.0,2.6304,221,Pm-3m,True,400,-19.272485733032227,4.171339988708496,0.3352006673812866,0.12085399031639099,False,-19.272485733032227,20499.5884379781,2.3185073523134143,0.00131362716727498
mp-1106224,MnVO3,0.0417526665000043,0.3157000000000005,62,Pnma,False,400,-41.69098663330078,3.6024913787841797,0.5631548166275024,0.028539329767227173,False,-41.69098663330078,5532.18292724544,3.91888596941184,0.0009814727421173463
mp-772528,MnZnO3,0.098382452,0.1149,62,Pnma,False,400,-108.88652038574219,3.510009288787842,0.5547821521759033,0.006940096616744995,False,-108.88652038574219,4471.100604525454,3.8440582696111205,0.005516107360422582
mp-1120755,NaCO3,0.0,0.6623,167,R-3c,True,400,15.196060180664062,4.163308620452881,0.30290207266807556,0.07734224200248718,False,15.196060180664062,20123.975213200854,2.152335073081765,0.0008636263646889504
mp-21404,NaCoF3,0.0,2.0659,62,Pnma,True,400,67.3985366821289,3.9682939052581787,0.32288384437561035,0.14460977911949158,False,67.3985366821289,12843.963376360423,2.253676906244544,0.010355434604532919
mp-505085,NaCuF3,0.0043112520000008,0.6678000000000001,14,P2_1/c,False,400,37.2075309753418,4.197201251983643,0.44644293189048767,0.1685762107372284,False,37.2075309753418,21757.37039897521,2.9953718355511265,0.00402232685550029
mp-505066,NaFeF3,0.0004148375000001,1.8013,62,Pnma,False,400,27.467697143554688,4.000617027282715,0.4671815037727356,0.1462889313697815,False,27.467697143554688,13836.37043149517,3.141877975251489,0.001329037877743208
mp-560242,NaMnF3,0.0,2.7474000000000003,62,Pnma,True,400,-172.9143829345703,3.815211772918701,0.3905082046985626,0.14807537198066711,False,-172.9143829345703,9028.527520721927,2.633395049244619,0.04100370885103342
mp-4531,NaNO3,0.0,2.9451,167,R-3c,True,400,53.35298156738281,4.172730445861816,0.3620759844779968,0.07367643713951111,False,53.35298156738281,20565.32603964079,2.4665151907762843,0.009493561865646918
mp-1220986,NaNO3,0.0110834510000001,2.8579,155,R32,False,400,53.35298156738281,4.172730445861816,0.3620759844779968,0.07367643713951111,False,53.35298156738281,20565.32603964079,2.4665151907762843,0.009493561865646918
mp-3136,NaNbO3,0.0443390239999974,1.5312,221,Pm-3m,False,400,-22.266897201538086,4.497912883758545,0.511650800704956,0.07830476760864258,True,22.266897201538086,43482.85357349973,3.4806360241361776,0.0024776435487992845
mp-3671,NaNbO3,0.001741106999999,2.3565000000000005,57,Pbcm,False,400,-22.266897201538086,4.497912883758545,0.511650800704956,0.07830476760864258,True,22.266897201538086,43482.85357349973,3.4806360241361776,0.0024776435487992845
mp-4419,NaNbO3,0.030859024999998,1.5628,127,P4/mbm,False,400,-22.266897201538086,4.497912883758545,0.511650800704956,0.07830476760864258,True,22.266897201538086,43482.85357349973,3.4806360241361776,0.0024776435487992845
mp-4514,NaNbO3,0.0,2.7818,161,R3c,True,400,-22.266897201538086,4.497912883758545,0.511650800704956,0.07830476760864258,True,22.266897201538086,43482.85357349973,3.4806360241361776,0.0024776435487992845
mp-4681,NaNbO3,0.0024077749999982,2.3684000000000003,26,Pmc2_1,False,400,-22.266897201538086,4.497912883758545,0.511650800704956,0.07830476760864258,True,22.266897201538086,43482.85357349973,3.4806360241361776,0.0024776435487992845
mp-4748,NaNbO3,0.0267007389999989,1.6833000000000002,63,Cmcm,False,400,-22.266897201538086,4.497912883758545,0.511650800704956,0.07830476760864258,True,22.266897201538086,43482.85357349973,3.4806360241361776,0.0024776435487992845
mp-558920,NaNbO3,0.0018151994999993,2.4098,29,Pca2_1,False,400,-22.266897201538086,4.497912883758545,0.511650800704956,0.07830476760864258,True,22.266897201538086,43482.85357349973,3.4806360241361776,0.0024776435487992845
mp-559354,NaNbO3,0.0391677254999986,1.8833,63,Cmcm,False,400,-22.266897201538086,4.497912883758545,0.511650800704956,0.07830476760864258,True,22.266897201538086,43482.85357349973,3.4806360241361776,0.0024776435487992845
mp-1105765,NaNbO3,0.025218161999998,1.865,62,Pnma,False,400,-22.266897201538086,4.497912883758545,0.511650800704956,0.07830476760864258,True,22.266897201538086,43482.85357349973,3.4806360241361776,0.0024776435487992845
mp-1188528,NaNbO3,0.0028805844999979,2.853,33,Pna2_1,False,400,-22.266897201538086,4.497912883758545,0.511650800704956,0.07830476760864258,True,22.266897201538086,43482.85357349973,3.4806360241361776,0.0024776435487992845
mp-1189194,NaNbO3,0.029542810499997,1.6606999999999998,62,Pnma,False,400,-22.266897201538086,4.497912883758545,0.511650800704956,0.07830476760864258,True,22.266897201538086,43482.85357349973,3.4806360241361776,0.0024776435487992845
mp-1190015,NaNbO3,0.0036448904999986,2.2326,31,Pmn2_1,False,400,-22.266897201538086,4.497912883758545,0.511650800704956,0.07830476760864258,True,22.266897201538086,43482.85357349973,3.4806360241361776,0.0024776435487992845
mp-1194823,NaNbO3,0.0250339659999969,1.7153000000000005,62,Pnma,False,400,-22.266897201538086,4.497912883758545,0.511650800704956,0.07830476760864258,True,22.266897201538086,43482.85357349973,3.4806360241361776,0.0024776435487992845
mp-1195803,NaNbO3,0.0253544346666654,1.6547999999999998,62,Pnma,False,400,-22.266897201538086,4.497912883758545,0.511650800704956,0.07830476760864258,True,22.266897201538086,43482.85357349973,3.4806360241361776,0.0024776435487992845
mp-1198142,NaNbO3,0.0283619004999966,1.7341,59,Pmmn,False,400,-22.266897201538086,4.497912883758545,0.511650800704956,0.07830476760864258,True,22.266897201538086,43482.85357349973,3.4806360241361776,0.0024776435487992845
mp-1199037,NaNbO3,0.0424806867499985,1.7575,17,P222_1,False,400,-22.266897201538086,4.497912883758545,0.511650800704956,0.07830476760864258,True,22.266897201538086,43482.85357349973,3.4806360241361776,0.0024776435487992845
mp-1199593,NaNbO3,0.0327036768749984,1.6316000000000002,59,Pmmn,False,400,-22.266897201538086,4.497912883758545,0.511650800704956,0.07830476760864258,True,22.266897201538086,43482.85357349973,3.4806360241361776,0.0024776435487992845
mp-1203293,NaNbO3,0.0245707684999985,1.7941,62,Pnma,False,400,-22.266897201538086,4.497912883758545,0.511650800704956,0.07830476760864258,True,22.266897201538086,43482.85357349973,3.4806360241361776,0.0024776435487992845
mp-1977728,NaNbO3,0.0294082129999981,1.6644,74,Imma,False,400,-22.266897201538086,4.497912883758545,0.511650800704956,0.07830476760864258,True,22.266897201538086,43482.85357349973,3.4806360241361776,0.0024776435487992845
mp-20011,NaSbO3,0.0551372470000011,1.4696000000000002,227,Fd-3m,False,400,16.297462463378906,3.936889886856079,0.36618104577064514,0.07953691482543945,False,16.297462463378906,11947.995218608117,2.4899398497300673,0.0005098074227956485
mp-22212,NaSbO3,0.0918956150000003,1.2824000000000004,62,Pnma,False,400,16.297462463378906,3.936889886856079,0.36618104577064514,0.07953691482543945,False,16.297462463378906,11947.995218608117,2.4899398497300673,0.0005098074227956485
mp-3858,NaTaO3,0.0,2.5926,62,Pnma,True,400,9.525086402893066,4.4431376457214355,0.2052353024482727,0.06367611885070801,True,-9.525086402893066,38330.35124634082,1.7188703195682105,0.0008092776109503753
mp-4170,NaTaO3,0.0277541294999981,2.2596,221,Pm-3m,False,400,9.525086402893066,4.4431376457214355,0.2052353024482727,0.06367611885070801,True,-9.525086402893066,38330.35124634082,1.7188703195682105,0.0008092776109503753
mp-4675,NaTaO3,0.0093388935000007,2.2808,127,P4/mbm,False,400,9.525086402893066,4.4431376457214355,0.2052353024482727,0.06367611885070801,True,-9.525086402893066,38330.35124634082,1.7188703195682105,0.0008092776109503753
mp-4699,NaTaO3,0.0033295580000007,2.3891,63,Cmcm,False,400,9.525086402893066,4.4431376457214355,0.2052353024482727,0.06367611885070801,True,-9.525086402893066,38330.35124634082,1.7188703195682105,0.0008092776109503753
mp-754818,NaTaO3,0.0867578065000014,2.7139,227,Fd-3m,False,400,9.525086402893066,4.4431376457214355,0.2052353024482727,0.06367611885070801,True,-9.525086402893066,38330.35124634082,1.7188703195682105,0.0008092776109503753
mp-20572,NaVF3,0.0913499079999997,0.6978,221,Pm-3m,False,400,28.604339599609375,4.285829067230225,0.3617422878742218,0.169770747423172,False,28.604339599609375,26682.97323048562,2.46462073517202,0.0035433003314754956
mp-1120756,NaVF3,0.0,1.5126999999999995,62,Pnma,True,400,28.604339599609375,4.285829067230225,0.3617422878742218,0.169770747423172,False,28.604339599609375,26682.97323048562,2.46462073517202,0.0035433003314754956
mp-5537,NbAgO3,0.0594938496730765,1.7871,57,Pbcm,False,400,4.539579391479492,4.0116424560546875,0.5883730053901672,0.03529012203216553,False,4.539579391479492,14192.130937455375,4.153180588012695,2.8168130021419516e-05
mp-12725,NbAgO3,0.0919056189230769,1.3336,221,Pm-3m,False,400,4.539579391479492,4.0116424560546875,0.5883730053901672,0.03529012203216553,False,4.539579391479492,14192.130937455375,4.153180588012695,2.8168130021419516e-05
mp-1203481,NbAgO3,0.0605651891730776,1.7362135447607383,26,Pmc2_1,False,400,4.539579391479492,4.0116424560546875,0.5883730053901672,0.03529012203216553,False,4.539579391479492,14192.130937455375,4.153180588012695,2.8168130021419516e-05
mp-1205362,NbAgO3,0.0718574189230762,0.9892,63,Cmcm,False,400,4.539579391479492,4.0116424560546875,0.5883730053901672,0.03529012203216553,False,4.539579391479492,14192.130937455375,4.153180588012695,2.8168130021419516e-05
mp-1220387,NbAgO3,0.074483993923077,1.0242999999999998,127,P4/mbm,False,400,4.539579391479492,4.0116424560546875,0.5883730053901672,0.03529012203216553,False,4.539579391479492,14192.130937455375,4.153180588012695,2.8168130021419516e-05
mp-33932,NbHO3,0.0336375535357174,2.6276,1,P1,False,400,-63.67371368408203,4.243834495544434,0.4034632742404938,0.2633519768714905,False,-63.67371368408203,24223.65367814872,2.713133003422549,0.014479345005068846
mp-626528,NbHO3,0.0450807430357169,2.5171,1,P1,False,400,-63.67371368408203,4.243834495544434,0.4034632742404938,0.2633519768714905,False,-63.67371368408203,24223.65367814872,2.713133003422549,0.014479345005068846
mp-757636,NbTlO3,0.0,0.7458,1,P1,True,400,-35.535888671875,4.183520793914795,0.09837493300437927,0.04308614134788513,False,-35.535888671875,21082.686323081343,1.343948859462234,0.007923873920672331
mp-977408,NbTlO3,0.0906740972499937,0.1116000000000001,221,Pm-3m,False,400,-35.535888671875,4.183520793914795,0.09837493300437927,0.04308614134788513,False,-35.535888671875,21082.686323081343,1.343948859462234,0.007923873920672331
mp-1101462,NbTlO3,0.0013711412499954,0.946658554294193,9,Cc,False,400,-35.535888671875,4.183520793914795,0.09837493300437927,0.04308614134788513,False,-35.535888671875,21082.686323081343,1.343948859462234,0.007923873920672331
mp-14254,NdAlO3,0.0274909169999926,2.863600000000001,221,Pm-3m,False,400,-92.32917022705078,4.118436813354492,0.6141552329063416,0.040201395750045776,False,-92.32917022705078,18148.55143540747,4.407202877988593,0.014041605910837347
mp-20031,NdCoO3,0.0781587439998885,0.791412993383716,221,Pm-3m,False,400,166.06324768066406,3.8122127056121826,0.22828277945518494,0.03535062074661255,False,166.06324768066406,8966.394830702628,1.812552478680362,0.054567532394672096
mp-22599,NdCoO3,0.0,1.2315999999999994,62,Pnma,True,400,166.06324768066406,3.8122127056121826,0.22828277945518494,0.03535062074661255,False,166.06324768066406,8966.394830702628,1.812552478680362,0.054567532394672096
mp-19269,NdCrO3,0.0,2.54,62,Pnma,True,400,254.0723419189453,3.438811779022217,0.22456035017967224,0.03115105628967285,False,254.0723419189453,3795.0450206473156,1.7970831008103478,0.0545284992216061
mp-20407,NdFeO3,0.0,1.7311,62,Pnma,True,400,109.88507080078125,3.349536657333374,0.32883420586586,0.03041735291481018,False,109.88507080078125,3089.881403872895,2.2847675182611127,0.006531864556205557
mp-755138,NdInO3,0.0147230442500001,2.6533,62,Pnma,False,400,-38.166664123535156,4.153779983520508,0.42923998832702637,0.02623346447944641,False,-38.166664123535156,19687.253651500017,2.879040660203101,0.003984425728351291
mp-20852,NdMnO3,0.0,1.898,62,Pnma,True,400,117.6189956665039,3.5518617630004883,0.3555476665496826,0.02046707272529602,False,117.6189956665039,4923.420348710632,2.4297157931661215,0.011213117276122082
mp-4582,NdRhO3,0.0,0.6487000000000007,62,Pnma,True,400,179.28546142578125,3.733637809753418,0.2439391016960144,0.027247965335845947,False,179.28546142578125,7482.435176157972,1.8790871027889806,0.05119719756266297
mp-1105614,NdScS3,0.0,1.8593,62,Pnma,True,400,-120.87362670898438,4.380565643310547,0.06746724247932434,0.08397683501243591,False,-120.87362670898438,33187.214061153056,1.2516273729254748,0.15495972651901865
mp-541129,NdVO3,0.0,1.5603999999999996,62,Pnma,True,400,19.008373260498047,4.134504795074463,0.20715856552124023,0.03573372960090637,False,19.008373260498047,18832.585523654987,1.726499176682061,0.001576498155761809
mp-25096,NiBiO3,0.0322425907500036,0.3548,11,P2_1/m,False,400,-5.56007194519043,3.9002294540405273,0.2822657525539398,0.02735733985900879,True,5.56007194519043,10980.81582218352,2.0524546153559142,6.615792242234593e-05
mp-1209810,NiTeO3,0.0463462223333346,2.5735,62,Pnma,False,400,5.682498931884766,3.7507758140563965,0.3245994746685028,-0.03305959701538086,False,5.682498931884766,7783.608207370832,2.262597405198932,4.4433691912910674e-05
mp-8218,PrAlO3,0.0180234129999909,2.8792,221,Pm-3m,False,400,-101.0099105834961,4.217752456665039,0.5703552961349487,0.04250812530517578,False,-101.0099105834961,22811.69781823886,3.9844016034150456,0.023365897562793652
mp-20090,PrCoO3,0.0,1.1319000000000004,62,Pnma,True,400,131.20791625976562,3.743514060974121,0.12128987908363342,0.03140592575073242,False,131.20791625976562,7654.54206893472,1.4167645749797093,0.03720502436497434
mp-1105822,PrCrO3,0.0,2.0419,62,Pnma,True,400,307.1947326660156,3.3226819038391113,0.1279459148645401,0.028838694095611572,False,307.1947326660156,2904.604842802822,1.4386452791325972,0.07621156028305841
mp-22341,PrFeO3,0.0,1.0793000000000004,62,Pnma,True,400,129.61012268066406,3.2164969444274902,0.1909758746623993,0.02681407332420349,False,129.61012268066406,2274.5846170867485,1.663350161603458,0.009188746021059034
mp-22564,PrMnO3,0.0,1.402,62,Pnma,True,400,115.36035919189453,3.343090057373047,0.1770356297492981,0.01961269974708557,False,115.36035919189453,3044.3544170551536,1.6108067462311415,0.010060625000196676
mp-4789,PrRhO3,0.0,0.6036999999999999,62,Pnma,True,400,163.8114013671875,3.6154565811157227,0.17630714178085327,0.02743387222290039,False,163.8114013671875,5699.827789301125,1.6081070349649993,0.03804477544946186
mp-1189962,PrScS3,0.0,1.8377,62,Pnma,True,400,-79.23945617675781,4.423227310180664,0.11763229966163635,0.07396373152732849,False,-79.23945617675781,36612.75955164833,1.4048828461373297,0.06545386820467365
mp-1209329,PrVO3,0.0,1.3015999999999996,62,Pnma,True,400,57.24237823486328,4.144501209259033,0.14095483720302582,0.03108048439025879,False,57.24237823486328,19271.093677645007,1.4823905824339472,0.017038801543456245
mp-1206325,RbCrF3,0.0103533537499957,0.9717000000000002,123,P4/mmm,False,400,15.018922805786133,4.236546516418457,0.37097635865211487,0.13427287340164185,False,15.018922805786133,23820.54368556473,2.517585152847674,0.0008536995697348129
mp-1206801,RbEuCl3,0.0383723899999992,0.4541999999999997,221,Pm-3m,False,400,57.86126708984375,4.372368812561035,0.18470337986946106,0.09910306334495544,False,57.86126708984375,32566.715921540068,1.6394991276746458,0.02660104188982322
mp-571458,RbGeI3,0.013385509333331,0.5181,221,Pm-3m,False,400,102.08164978027344,4.123088359832764,-0.16639545559883118,0.18896667659282684,False,102.08164978027344,18343.97767223054,0.7304867695295589,0.10467344321364482
mp-7482,RbHgF3,0.0,0.6454,221,Pm-3m,True,400,4.734133720397949,4.26275110244751,0.3955186903476715,0.1763555407524109,True,-4.734133720397949,25302.08181626455,2.6639526447263986,8.514728180693166e-05
mp-1110737,RbInBr3,0.0251928204999982,1.3264041792853,225,Fm-3m,False,400,19.448585510253906,4.06510591506958,0.015145063400268555,0.09599491953849792,False,19.448585510253906,16051.331656998229,1.1095653181308829,0.0021887402658335247
mp-1114001,RbInCl3,0.0,1.677311796494664,225,Fm-3m,True,400,-63.891021728515625,4.106165885925293,0.04365551471710205,0.10977548360824585,True,63.891021728515625,17642.943332236704,1.1848498687656037,0.024313493901192463
mp-1110662,RbInF3,0.0091613249603108,2.4848,225,Fm-3m,False,400,-79.07807159423828,4.222747802734375,0.26245853304862976,0.08891928195953369,True,79.07807159423828,23075.59754864058,1.9609492002355011,0.029434641065932122
mp-1114161,RbInI3,0.0563835451666636,0.7159,225,Fm-3m,False,400,42.8447265625,3.8913488388061523,-0.10531428456306458,0.20014525949954987,False,42.8447265625,10758.556181032354,0.8408015923309277,0.009395398580530926
mp-558749,RbMnF3,0.0,2.9437,221,Pm-3m,True,400,-18.27265739440918,3.9846549034118652,0.34353646636009216,0.1255762279033661,True,18.27265739440918,13337.05851779019,2.3634383399513115,0.0007536664702957363
mp-752446,RbNO3,0.0210339020000001,2.9815,155,R32,False,400,100.25301361083984,4.142709255218506,0.3337355852127075,0.07132390141487122,False,100.25301361083984,19191.742523269833,2.310699100448288,0.03339072719360592
mp-1075911,RbNbO3,0.082736542000001,1.3578,221,Pm-3m,False,400,-1.200887680053711,4.4419779777526855,0.4620797038078308,0.029155492782592773,False,-1.200887680053711,38228.13676144011,3.1051852451651896,7.10166835887762e-06
mp-998157,RbSnBr3,0.0446438260000023,0.6010000000000002,1,P1,False,400,51.37421417236328,4.0373992919921875,-0.14112380146980286,0.07210522890090942,False,51.37421417236328,15059.288217527595,0.7742549820974262,0.02053387017188763
mp-998156,RbSnCl3,0.0227385199999998,0.9861,8,Cm,False,400,0.7305831909179688,4.045466899871826,0.03161263465881348,0.07975059747695923,False,0.7305831909179688,15341.649381698913,1.1524456281171909,2.8421758927455286e-06
mp-998611,RbSnCl3,0.0,2.326613151723183,161,R3c,True,400,0.7305831909179688,4.045466899871826,0.03161263465881348,0.07975059747695923,False,0.7305831909179688,15341.649381698913,1.1524456281171909,2.8421758927455286e-06
mp-755018,RbTaO3,0.0525669795000158,2.5106,160,R3m,False,400,-21.10767936706543,4.451240539550781,0.20710012316703796,0.021670669317245483,False,-21.10767936706543,39052.21690609053,1.7262668599202873,0.004031611987683017
mp-1076534,RbTaO3,0.0566622735000148,2.0076,221,Pm-3m,False,400,-21.10767936706543,4.451240539550781,0.20710012316703796,0.021670669317245483,False,-21.10767936706543,39052.21690609053,1.7262668599202873,0.004031611987683017
mp-1114101,RbTlBr3,0.0253148957499997,0.9634037051434756,225,Fm-3m,False,400,23.095197677612305,4.217448711395264,0.009008616209030151,0.14757990837097168,False,23.095197677612305,22795.74891004085,1.0939977436416528,0.00444570659899262
mp-1113994,RbTlCl3,0.0306932017291674,1.1539100733397554,225,Fm-3m,False,400,-55.12896728515625,4.210780143737793,0.11333677172660828,0.1569756269454956,True,55.12896728515625,22448.395075309916,1.3910558974091627,0.01961825705113984
mp-1113914,RbTlF3,0.0,2.0588124041671416,225,Fm-3m,True,400,-68.5830307006836,4.268457889556885,0.3424765169620514,0.1050836443901062,False,-68.5830307006836,25636.754398109246,2.35767710972218,0.020458418234090215
mp-1114149,RbTlI3,0.0912211314999997,0.4939,225,Fm-3m,False,400,101.60719299316406,4.136819839477539,-0.06029072403907776,0.24593476951122284,False,101.60719299316406,18933.242295657958,0.9326465456525094,0.08383334699134781
mp-556424,RbVF3,0.0,2.4507000000000003,221,Pm-3m,True,400,115.84026336669922,4.4406023025512695,0.3269587457180023,0.14324739575386047,False,115.84026336669922,38107.23654670007,2.2749222364438264,0.08991247733910311
mp-626182,SbHO3,0.0279537947499868,1.0685,141,I4_1/amd,False,400,53.592857360839844,4.060629844665527,0.3944343626499176,1.3143850564956665,False,53.592857360839844,15886.747679779586,2.6573096992256113,0.006868574949992668
mp-626218,SbHO3,0.0157999897499871,1.1867,43,Fdd2,False,400,53.592857360839844,4.060629844665527,0.3944343626499176,1.3143850564956665,False,53.592857360839844,15886.747679779586,2.6573096992256113,0.006868574949992668
mp-555313,ScBiO3,0.0337337538750013,2.6897,9,Cc,False,400,-50.997222900390625,4.202017307281494,0.29022467136383057,0.08392882347106934,False,-50.997222900390625,21999.988842208742,2.0904148477430358,0.010948207606096274
mp-555769,ScBiO3,0.0344824253750006,2.6784,15,C2/c,False,400,-50.997222900390625,4.202017307281494,0.29022467136383057,0.08392882347106934,False,-50.997222900390625,21999.988842208742,2.0904148477430358,0.010948207606096274
mp-756205,ScBiO3,0.0321571613750002,2.7215,62,Pnma,False,400,-50.997222900390625,4.202017307281494,0.29022467136383057,0.08392882347106934,False,-50.997222900390625,21999.988842208742,2.0904148477430358,0.010948207606096274
mp-1643785,ScCoO3,0.0691988195892872,0.8961999999999994,14,P2_1/c,False,400,104.70835876464844,3.5962483882904053,0.6222555637359619,0.031159967184066772,False,104.70835876464844,5453.226563627214,4.490176098821157,0.0053261435067632115
mp-18961,ScCrO3,0.0368469178749997,2.3991,62,Pnma,False,400,19.505874633789062,3.8900651931762695,0.5097174048423767,0.021596759557724,False,19.505874633789062,10726.804029196217,3.4651753386657775,0.0004711248152470182
mp-769734,ScFeO3,0.0839461803749976,1.5712000000000002,62,Pnma,False,400,51.30101013183594,3.4631428718566895,0.5990296602249146,0.024644076824188232,False,51.30101013183594,4013.728804087322,4.256351347205043,0.0009927099602256954
mp-1105811,ScMnO3,0.0499739205624987,1.7893999999999997,14,P2_1/c,False,400,62.910438537597656,3.7412800788879395,0.4767398238182068,0.033125221729278564,True,-62.910438537597656,7615.268707267838,3.2117936407599252,0.0037535569957948024
mp-1188449,ScRhO3,0.0511400981249963,1.0496999999999996,62,Pnma,False,400,73.94816589355469,3.816279172897339,0.444692999124527,0.02134910225868225,False,73.94816589355469,9050.744940155437,2.9833266603573216,0.006635876915568142
mp-1196890,ScRhO3,0.0246142638749962,1.1204903046814725,14,P2_1/c,False,400,73.94816589355469,3.816279172897339,0.444692999124527,0.02134910225868225,False,73.94816589355469,9050.744940155437,2.9833266603573216,0.006635876915568142
mp-752429,ScTlO3,0.0787690023749974,0.9279999999999996,62,Pnma,False,400,-9.004095077514648,4.225586414337158,0.3198944330215454,0.057276636362075806,False,-9.004095077514648,23226.916978812213,2.238217273435294,0.0003365343973704986
mp-756546,ScVO3,0.0493919894999983,1.5053,62,Pnma,False,400,103.167236328125,4.546977519989014,0.45290765166282654,0.030525118112564087,False,103.167236328125,48683.59863274234,3.0402931550262458,0.06817274733828944
mp-20016,SmCoO3,0.0,1.3174,62,Pnma,True,400,320.40411376953125,4.438282489776611,0.271987646818161,0.027094900608062744,False,320.40411376953125,37904.22689312106,2.004451058851897,0.776512309151126
mp-1105788,SmCrO3,0.0,2.4786,62,Pnma,True,400,186.83998107910156,3.758237361907959,0.15222623944282532,0.02193543314933777,False,186.83998107910156,7918.49259976453,1.5213672023835372,0.07267885660154197
mp-20243,SmFeO3,0.0,1.545,62,Pnma,True,400,149.4441680908203,3.4291889667510986,0.31196466088294983,0.018888473510742188,False,149.4441680908203,3711.881644445025,2.1977205592751994,0.015088274758928207
mp-752437,SmInO3,0.0303930866249988,2.6396999999999995,62,Pnma,False,400,-60.69673156738281,4.348108291625977,0.3992438316345215,0.028073877096176147,False,-60.69673156738281,30797.356825967385,2.6869008560421834,0.016890885022805793
mp-22203,SmMnO3,0.0,1.4644000000000004,62,Pnma,True,400,86.64837646484375,3.677307605743408,0.371715784072876,0.01582282781600952,True,-86.64837646484375,6572.230083831929,2.5218752191057754,0.007826543721174107
mp-3317,SmRhO3,0.0,0.7331000000000003,62,Pnma,True,400,107.95230865478516,3.892134666442871,0.12110653519630432,0.024486780166625977,False,107.95230865478516,10778.040711836888,1.4161665929343574,0.035477199884131616
mp-1188840,SmScS3,0.0,1.8487000000000005,62,Pnma,True,400,-112.31307983398438,4.363675594329834,0.07724469900131226,0.13174200057983398,False,-112.31307983398438,31921.313072827816,1.280125382938232,0.12581977465394123
mp-754787,SmTlO3,0.0731567521249978,0.8895,62,Pnma,False,400,-42.948081970214844,4.4208598136901855,0.2451513409614563,0.08714872598648071,False,-42.948081970214844,36413.71317075326,1.8843394957197372,0.014257827430507873
mp-1188225,SmVO3,0.0,1.5136000000000005,62,Pnma,True,400,9.597825050354004,4.269021511077881,0.0948077142238617,0.03348672389984131,False,9.597825050354004,25670.047030879316,1.3329551111778326,0.0007096052011413358
mp-29164,SrBiO3,0.0,0.3106,14,P2_1/c,True,400,-106.89612579345703,3.6746935844421387,0.33993008732795715,0.12309098243713379,False,-106.89612579345703,6532.790600683757,2.343893622665351,0.012739276463235362
mp-22428,SrCeO3,0.0085144779999968,2.5055000000000005,62,Pnma,False,400,-54.73981475830078,4.401833534240723,0.280112087726593,0.11084163188934326,False,-54.73981475830078,34852.881325915936,2.0423016950018402,0.02045433798365742
mp-1208643,SrHfS3,0.0,1.4955999999999996,62,Pnma,True,400,-124.07090759277344,4.423483848571777,0.12574338912963867,0.0772661566734314,False,-124.07090759277344,36634.393151595745,1.431367655236593,0.15759328641356304
mp-1542758,SrMoO3,0.0,1.3088000000000006,12,C2/m,True,400,-7.487215042114258,4.6328535079956055,0.3341197967529297,0.005582958459854126,True,7.487215042114258,59327.85699174713,2.3127442336962383,0.0005752169293044083
mp-2879,SrSnO3,0.0,1.7406,62,Pnma,True,400,-55.26982116699219,3.883171558380127,0.6224861145019531,0.005822628736495972,False,-55.26982116699219,10557.879759841895,4.492560398896229,0.0028715666255526963
mp-12866,SrSnO3,0.0036590239999982,1.6169000000000002,74,Imma,False,400,-55.26982116699219,3.883171558380127,0.6224861145019531,0.005822628736495972,False,-55.26982116699219,10557.879759841895,4.492560398896229,0.0028715666255526963
mp-12867,SrSnO3,0.0067069569999995,1.5614,140,I4/mcm,False,400,-55.26982116699219,3.883171558380127,0.6224861145019531,0.005822628736495972,False,-55.26982116699219,10557.879759841895,4.492560398896229,0.0028715666255526963
mp-546973,SrSnO3,0.0477347734999993,0.9749,221,Pm-3m,False,400,-55.26982116699219,3.883171558380127,0.6224861145019531,0.005822628736495972,False,-55.26982116699219,10557.879759841895,4.492560398896229,0.0028715666255526963
mp-4651,SrTiO3,0.0,1.8559,140,I4/mcm,True,400,-244.1177978515625,4.128624439239502,0.7640916109085083,0.06565192341804504,False,-244.1177978515625,18579.3104888275,6.224427617213587,0.07115231750523189
mp-5229,SrTiO3,0.0004700539999991,1.7658999999999998,221,Pm-3m,False,400,-244.1177978515625,4.128624439239502,0.7640916109085083,0.06565192341804504,False,-244.1177978515625,18579.3104888275,6.224427617213587,0.07115231750523189
mp-551830,SrTiO3,8.474800000080052e-05,1.7869999999999997,140,I4/mcm,False,400,-244.1177978515625,4.128624439239502,0.7640916109085083,0.06565192341804504,False,-244.1177978515625,18579.3104888275,6.224427617213587,0.07115231750523189
mp-5193,SrZrS3,0.0064128314999978,1.1777000000000002,62,Pnma,False,400,-133.3194122314453,4.402821063995361,0.2721855640411377,0.08286157250404358,False,-133.3194122314453,34932.22246378539,2.005364737964214,0.1238453244113556
mp-9890,TaAgO3,0.0315954175000001,1.9158,167,R-3c,False,400,-1.9016952514648438,4.334197521209717,0.3497790992259979,0.0789063572883606,False,-1.9016952514648438,29826.526136030818,2.397656197572997,1.7995238238761553e-05
mp-1187189,TaAgO3,0.0450003925000004,1.7306000000000004,221,Pm-3m,False,400,-1.9016952514648438,4.334197521209717,0.3497790992259979,0.0789063572883606,False,-1.9016952514648438,29826.526136030818,2.397656197572997,1.7995238238761553e-05
mp-33753,TaHO3,0.0770895237500024,2.7443,141,I4_1/amd,False,400,-51.35047912597656,4.305419921875,0.14023543894290924,0.14586752653121948,False,-51.35047912597656,27914.19288749563,1.4799370710938886,0.019894398720481772
mp-676262,TaTlO3,0.0,0.9695,15,C2/c,True,400,-107.51744842529297,4.362398624420166,0.08168064057826996,0.1106334924697876,False,-107.51744842529297,31827.591671939772,1.2932677585158359,0.11379762989293535
mp-756933,TaTlO3,0.004274724750001,0.4457999999999997,227,Fd-3m,False,400,-107.51744842529297,4.362398624420166,0.08168064057826996,0.1106334924697876,False,-107.51744842529297,31827.591671939772,1.2932677585158359,0.11379762989293535
mp-19802,TbCoO3,0.0,1.4160999999999997,62,Pnma,True,400,195.89381408691406,3.6307647228240967,0.026343345642089844,0.026616424322128296,False,195.89381408691406,5904.319849490333,1.1385475044195397,0.0796012991779007
mp-756124,TbCrO3,0.0,2.5095,62,Pnma,True,400,182.03140258789062,3.711249351501465,0.2656033933162689,0.024461090564727783,False,182.03140258789062,7106.479454361255,1.9752005751216544,0.04768655220778035
mp-19853,TbFeO3,6.255587500092474e-05,1.6263,62,Pnma,False,400,132.96218872070312,3.545166015625,0.4397336542606354,0.023349523544311523,False,132.96218872070312,4848.095530474408,2.9494528934657414,0.011623743207844942
mp-769263,TbInO3,0.0560910488750003,2.5935,62,Pnma,False,400,-30.88099479675293,4.2920989990234375,0.41320937871932983,0.020155489444732666,False,-30.88099479675293,27070.990864493335,2.774707376826505,0.003721598510671789
mp-22055,TbMnO3,0.0,1.4940000000000009,62,Pnma,True,400,277.84881591796875,3.6855716705322266,0.5863280296325684,0.022152245044708252,False,277.84881591796875,6698.488618791098,4.133670349374529,0.05004008930703229
mp-5692,TbRhO3,0.0,0.8749000000000002,62,Pnma,True,400,143.22360229492188,4.115182876586914,0.028899043798446655,0.02381110191345215,False,143.22360229492188,18013.08215871374,1.145267281711055,0.12905366801398135
mp-1188262,TbScS3,0.0,1.7696,62,Pnma,True,400,-101.2343521118164,4.3673787117004395,0.11541873216629028,0.07549971342086792,False,-101.2343521118164,32194.661631276445,1.397740477630243,0.09442198574162154
mp-554811,TbVO3,0.0,1.4395999999999995,62,Pnma,True,400,6.278514862060547,4.291946887969971,0.06297896802425385,0.029403626918792725,True,-6.278514862060547,27061.510946907158,1.2387588724599792,0.00034446024625784505
mp-5052,TiCdO3,0.0387445740000007,2.4156,33,Pna2_1,False,400,-36.70018005371094,4.097740173339844,0.49681681394577026,0.038081228733062744,False,-36.70018005371094,17303.952991687154,3.363757073310407,0.0027715140452331333
mp-14550,TiCdO3,0.0425426290000006,2.1213,62,Pnma,False,400,-36.70018005371094,4.097740173339844,0.49681681394577026,0.038081228733062744,False,-36.70018005371094,17303.952991687154,3.363757073310407,0.0027715140452331333
mp-20940,TiCdO3,0.0395681674999996,2.4636,26,Pmc2_1,False,400,-36.70018005371094,4.097740173339844,0.49681681394577026,0.038081228733062744,False,-36.70018005371094,17303.952991687154,3.363757073310407,0.0027715140452331333
mp-19270,TiFeO3,0.0317737499999992,2.5309,161,R3c,False,400,-26.823625564575195,3.6373345851898193,0.5539851784706116,0.012603014707565308,False,-26.823625564575195,5994.317445441728,3.837010507802835,0.00044961593768398037
mp-20073,TiFeO3,0.0718263530000005,1.4865000000000004,62,Pnma,False,400,-26.823625564575195,3.6373345851898193,0.5539851784706116,0.012603014707565308,False,-26.823625564575195,5994.317445441728,3.837010507802835,0.00044961593768398037
mp-19376,TiMnO3,0.0363191124999993,1.7771999999999997,161,R3c,False,400,0.3234386444091797,3.5481619834899902,0.5854134559631348,0.020455121994018555,True,-0.3234386444091797,4881.655600122272,4.1249744798328045,4.9521031050347497e-08
mp-556925,TiMnO3,0.0599898020000004,1.5349000000000004,62,Pnma,False,400,0.3234386444091797,3.5481619834899902,0.5854134559631348,0.020455121994018555,True,-0.3234386444091797,4881.655600122272,4.1249744798328045,4.9521031050347497e-08
mp-1078470,TiZnO3,0.055374115500002,2.828,161,R3c,False,400,-82.14413452148438,4.030986785888672,0.5856008529663086,0.020179331302642822,False,-82.14413452148438,14838.566220164606,4.126754780268093,0.009705018863928737
mp-1105306,TlCrO3,0.039864296500002,0.4300999999999995,62,Pnma,False,400,-18.175554275512695,3.8314192295074463,0.3080187737941742,0.04138016700744629,True,18.175554275512695,9371.829582652843,2.1778430775112962,0.0005686343852970521
mp-505819,TlFeO3,0.0472809699999992,0.7036999999999995,62,Pnma,False,400,104.7463150024414,3.823760986328125,0.5574913620948792,0.031102120876312256,False,104.7463150024414,9208.017576323387,3.8681131730038345,0.010447309611675101
mp-756909,TlGaO3,0.0695921199999984,0.2334000000000005,62,Pnma,False,400,18.242443084716797,4.536622524261475,0.4946960210800171,0.057474881410598755,True,-18.242443084716797,47536.551997024275,3.347370860093927,0.001890383150412983
mp-998153,TlGeBr3,0.0279997379999996,0.7555999999999998,8,Cm,False,400,18.051851272583008,4.3884806632995605,0.05254554748535156,0.27882593870162964,True,-18.051851272583008,33797.59648815662,1.2093537553722435,0.0036428051666075032
mp-998744,TlGeCl3,0.0327651060000011,1.3779,8,Cm,False,400,24.980310440063477,4.376644134521484,0.15675123035907745,0.1271350383758545,True,-24.980310440063477,32888.895415283834,1.537301462769837,0.005340057103445397
mp-998710,TlHgF3,0.0145253994999992,1.805,1,P1,False,400,35.27679443359375,4.316593647003174,0.27147573232650757,0.1176895797252655,True,-35.27679443359375,28641.70057759034,2.002089750857111,0.007121204833282842
mp-998758,TlHgF3,0.0,2.1963,55,Pbam,True,400,35.27679443359375,4.316593647003174,0.27147573232650757,0.1176895797252655,True,-35.27679443359375,28641.70057759034,2.002089750857111,0.007121204833282842
mp-998713,TlInCl3,0.0070095394999989,1.5597,1,P1,False,400,-12.166725158691406,4.266388893127441,0.17342013120651245,0.17602327466011047,False,-12.166725158691406,25514.910331547602,1.5974524555819964,0.0009457437757201518
mp-2767078,TlInCl3,0.0,2.5745,2,P-1,True,400,-12.166725158691406,4.266388893127441,0.17342013120651245,0.17602327466011047,False,-12.166725158691406,25514.910331547602,1.5974524555819964,0.0009457437757201518
mp-1178989,TlNiO3,0.0754351371666661,0.1478000000000001,14,P2_1/c,False,400,39.82007598876953,4.127908229827881,0.26536136865615845,0.04469728469848633,True,-39.82007598876953,18548.695983288617,1.9741001373108003,0.0059594799726855555
mp-561954,TmCoO3,0.0226815634642871,1.1885999999999997,62,Pnma,False,400,210.41317749023438,3.562373638153076,0.045437976717948914,0.020664453506469727,False,210.41317749023438,5044.0431300164455,1.1897228061342933,0.07508252433705817
mp-777295,TmCrO3,0.0,2.6809,62,Pnma,True,400,160.3603515625,3.8185744285583496,0.3676706850528717,0.035773009061813354,False,160.3603515625,9098.704944674639,2.498495060103093,0.03745890495926684
mp-20651,TmFeO3,0.0243056352500001,1.6096,62,Pnma,False,400,199.7696990966797,3.536824941635132,0.29781457781791687,0.018730252981185913,False,199.7696990966797,4755.871315065627,2.12726888524303,0.03568838778766369
mp-1101263,TmInO3,0.0863472772499998,2.5259,62,Pnma,False,400,30.00094985961914,4.351046562194824,0.37143561244010925,0.02739378809928894,True,-30.00094985961914,31006.426423028246,2.5202488340853963,0.0044293326177011014
mp-554270,TmMnO3,0.0410788485000015,2.0076,62,Pnma,False,400,146.48826599121094,3.7879230976104736,0.45511361956596375,0.01649695634841919,True,-146.48826599121094,8478.68012372171,3.055775394846786,0.023816201113445335
mp-1207705,TmRhO3,0.0,1.3457,62,Pnma,True,400,128.0519561767578,4.114890098571777,0.03446522355079651,0.027782291173934937,False,128.0519561767578,18000.94279845926,1.160040184230446,0.1017781714866247
mp-1101279,TmTlO3,0.0884914422499987,0.7359999999999998,62,Pnma,False,400,-12.817174911499023,4.414453983306885,0.21822956204414368,0.11454987525939941,False,-12.817174911499023,35880.55371937777,1.7710767102846225,0.0013312707127094727
mp-18946,VBO3,0.0,1.8527,167,R-3c,True,400,-44.50939178466797,4.187702655792236,0.3591219186782837,0.04712700843811035,False,-44.50939178466797,21286.673998578448,2.4497949143823003,0.00688559367694305
mp-756282,VBiO3,0.010364148125002,1.2434000000000005,62,Pnma,False,400,-164.85476684570312,4.240518569946289,-0.031865447759628296,0.0997418463230133,False,-164.85476684570312,24039.405497964868,0.9957317660416921,0.2624486669406749
mp-22649,VCdO3,0.0701796605000009,0.4319000000000002,62,Pnma,False,400,-94.11944580078125,4.018611431121826,0.5765559673309326,0.027179807424545288,False,-94.11944580078125,14421.704226251883,4.041697236409056,0.012643622506796844
mp-1216392,VCrO3,0.0075114801250038,1.6132999999999995,161,R3c,False,400,5.726031303405762,4.170043468475342,0.5318974852561951,0.018196135759353638,True,-5.726031303405762,20438.481287763745,3.6467441531310874,7.350396277982595e-05
mp-755580,VGaO3,0.0920560701249986,1.4157000000000002,62,Pnma,False,400,-82.394775390625,4.090289115905762,0.47673606872558594,0.023853689432144165,False,-82.394775390625,17009.60659470325,3.211765870362275,0.014381683604686581
mp-1273178,YCoO3,0.0116558665892867,0.3085,2,P-1,False,400,449.0607604980469,3.411008834838867,0.5129084587097168,0.021901071071624756,False,449.0607604980469,3559.704832144183,3.490730083152794,0.08225606424136767
mp-1288734,YCoO3,0.0154647095892865,0.1141,14,P2_1/c,False,400,449.0607604980469,3.411008834838867,0.5129084587097168,0.021901071071624756,False,449.0607604980469,3559.704832144183,3.490730083152794,0.08225606424136767
mp-18725,YCrO3,0.0,2.3271,62,Pnma,True,400,116.40775299072266,3.5315194129943848,0.44765740633010864,0.028388231992721558,False,116.40775299072266,4698.124985749954,3.003759908297267,0.008477799739132569
mp-20783,YFeO3,0.0118179143749994,1.5888,62,Pnma,False,400,196.60015869140625,3.409403085708618,0.5389184355735779,0.025239676237106323,False,196.60015869140625,3546.5675736583194,3.7061777601429977,0.014794820921802827
mp-20699,YMnO3,0.0230952568333329,1.5091,62,Pnma,False,400,84.45899963378906,3.551431179046631,0.4880620241165161,0.02971065044403076,False,84.45899963378906,4918.541412138623,3.2966271739644983,0.004257144148477488
mp-1379411,YMoO3,0.0295691505937529,2.2163160966916937,62,Pnma,False,400,93.04373931884766,4.010930061340332,0.31807616353034973,0.01694047451019287,False,93.04373931884766,14168.869966559616,2.2288660729970746,0.022013319860504036
mp-1207629,YRhO3,0.0,1.1799999999999995,62,Pnma,True,400,132.2832794189453,3.7672858238220215,0.2756267189979553,0.017348110675811768,False,132.2832794189453,8085.203905364233,2.0213174676370746,0.02799795719370349
mp-7792,YScS3,0.0018075120000027,1.7758000000000005,62,Pnma,False,400,-85.19967651367188,4.538876056671143,0.1748662292957306,0.08059987425804138,False,-85.19967651367188,47783.857868857194,1.6027804606824894,0.0865651435597054
mp-989576,YWN3,0.0459397585000047,1.5404,161,R3c,False,400,25.717273712158203,4.326890468597412,0.2822382152080536,0.06725332140922546,True,-25.717273712158203,29328.889673962523,2.0523244793233504,0.003780588789656288
mp-14099,ZnAgF3,0.0535718940000014,1.5852,221,Pm-3m,False,400,13.6485595703125,4.1304731369018555,0.3790091276168823,0.07028940320014954,True,-13.6485595703125,18658.56716406135,2.564584054489809,0.0005421194425019051
mp-1378105,ZnBiO3,0.0806278960000002,0.8814050363816994,14,P2_1/c,False,400,-56.318687438964844,4.199182510375977,0.37758371233940125,0.051120907068252563,False,-56.318687438964844,21856.854623489224,2.5561805289774138,0.010848287387372707
mp-13334,ZnSnO3,0.041423655,1.0809999999999995,161,R3c,False,400,-88.4341049194336,4.209973335266113,0.49623966217041016,0.017272591590881348,False,-88.4341049194336,22406.730391179142,3.359289807395632,0.020865585541241658
mp-1337169,ZnSnO3,0.0828422335,1.1063178585305646,62,Pnma,False,400,-88.4341049194336,4.209973335266113,0.49623966217041016,0.017272591590881348,False,-88.4341049194336,22406.730391179142,3.359289807395632,0.020865585541241658
mp-1340971,ZnWO3,0.0889550014999995,1.8923,62,Pnma,False,400,35.55365753173828,4.103129863739014,0.33424127101898193,0.04237750172615051,True,-35.55365753173828,17520.036919801856,2.3133912099156277,0.003829256840480009
mp-756665,ZrCoO3,0.0785098070000032,1.7275,62,Pnma,False,400,45.3602180480957,3.553335189819336,0.4714653491973877,0.012847989797592163,False,45.3602180480957,4940.152358005132,3.1730225551778832,0.0012813785280541196
mp-754513,ZrMnO3,0.0428264210000044,2.6175,161,R3c,False,400,51.913795471191406,3.8194570541381836,0.4537457227706909,0.021162718534469604,True,-51.913795471191406,9117.21523233025,3.0461657645104823,0.0032265190189242894
mp-776165,AgAuO3,0.0594244018333327,0.2423000000000001,227,Fd-3m,False,500,119.22616577148438,4.110177993774414,0.43348217010498047,0.1665673851966858,False,119.22616577148438,17806.687908963253,2.9073008828233724,0.043531770046716815
mp-775761,AgClO3,0.0315841524999971,2.925,198,P2_13,False,500,-10.397666931152344,4.071096420288086,0.3042236864566803,0.09024116396903992,False,-10.397666931152344,16274.272122413604,2.158894880762021,0.00040748524207429867
mp-849271,AgIO3,0.0274698735000002,1.9765,62,Pnma,False,500,58.81489562988281,3.9184343814849854,0.26358211040496826,0.035817474126815796,False,58.81489562988281,11450.897699375495,1.9660290038154802,0.010073822166827616
mp-552185,AgNO3,0.0,1.8635,161,R3c,True,500,-67.63616943359375,4.069821357727051,0.45906203985214233,0.07343730330467224,True,67.63616943359375,16226.5619066126,3.083683875805339,0.012036069095738332
mp-551918,AlBiO3,0.0533350642499836,2.8716,161,R3c,False,500,41.40972900390625,4.096553802490234,0.38046830892562866,0.08361351490020752,True,-41.40972900390625,17256.74794494522,2.5732152644106536,0.005749864599857257
mp-776154,AlFeO3,0.0803160834999996,2.1089,62,Pnma,False,500,-168.1702423095703,3.8372671604156494,0.6724903583526611,0.03141704201698303,False,-168.1702423095703,9498.878085269651,5.040784932067292,0.02664663968774174
mp-5168,AlSiP3,0.0072239124999988,0.2885999999999997,62,Pnma,False,500,148.3623046875,4.0162739753723145,0.6683762669563293,0.1387736201286316,False,148.3623046875,14344.292372513137,4.993258810911852,0.03161638403648851
mp-768539,AlTlO3,0.0753195514999998,0.7376999999999994,62,Pnma,False,500,80.65251159667969,4.347786903381348,0.5990508794784546,0.07846269011497498,True,-80.65251159667969,30774.574480298223,4.256559313938646,0.023514684927395425
mp-756082,AlVO3,0.0864430801249973,2.1442,62,Pnma,False,500,-61.35844421386719,4.2369303703308105,0.5558820366859436,0.03835016489028931,False,-61.35844421386719,23841.606930156075,3.8538059839849854,0.011645666787851554
mp-3187,BaCeO3,0.0,2.4469,62,Pnma,True,500,-105.07891082763672,4.406672954559326,0.10646416246891022,0.12713542580604553,False,-105.07891082763672,35243.42506228135,1.3692160223168546,0.14210431475875246
mp-3316,BaCeO3,0.0006426110000017,2.4637,74,Imma,False,500,-105.07891082763672,4.406672954559326,0.10646416246891022,0.12713542580604553,False,-105.07891082763672,35243.42506228135,1.3692160223168546,0.14210431475875246
mp-4900,BaCeO3,0.0025211640000009,2.4505,167,R-3c,False,500,-105.07891082763672,4.406672954559326,0.10646416246891022,0.12713542580604553,False,-105.07891082763672,35243.42506228135,1.3692160223168546,0.14210431475875246
mp-5663,BaCeO3,0.0403338960000017,2.2990000000000004,221,Pm-3m,False,500,-105.07891082763672,4.406672954559326,0.10646416246891022,0.12713542580604553,False,-105.07891082763672,35243.42506228135,1.3692160223168546,0.14210431475875246
mp-998352,BaHfS3,0.0283550604999991,0.8438999999999997,160,R3m,False,500,-92.91967010498047,4.29273796081543,0.10839535295963287,0.1271270215511322,False,-92.91967010498047,27110.848749558518,1.3753181139997739,0.0850991601258139
mp-1105549,BaHfS3,0.0,1.2523999999999995,62,Pnma,True,500,-92.91967010498047,4.29273796081543,0.10839535295963287,0.1271270215511322,False,-92.91967010498047,27110.848749558518,1.3753181139997739,0.0850991601258139
mp-1383356,BaHfS3,0.0282627044999985,0.7077999999999998,221,Pm-3m,False,500,-92.91967010498047,4.29273796081543,0.10839535295963287,0.1271270215511322,False,-92.91967010498047,27110.848749558518,1.3753181139997739,0.0850991601258139
mp-23818,BaLiH3,0.0,2.2146,221,Pm-3m,True,500,6.360555648803711,4.285815715789795,0.4639108180999756,0.11794593930244446,True,-6.360555648803711,26682.152933046174,3.118305266274317,0.0001730861661817253
mp-3163,BaSnO3,0.0,0.3730000000000002,221,Pm-3m,True,500,-70.3902359008789,4.386821269989014,0.9069851636886597,0.04636290669441223,False,-70.3902359008789,33668.705839952105,8.64953924972826,0.009643358119558436
mp-1178513,BaSnO3,0.0006460229999962,0.6650999999999998,74,Imma,False,500,-70.3902359008789,4.386821269989014,0.9069851636886597,0.04636290669441223,False,-70.3902359008789,33668.705839952105,8.64953924972826,0.009643358119558436
mp-2998,BaTiO3,0.014779579999999,1.6675,221,Pm-3m,False,500,-265.06817626953125,4.024306774139404,0.5160121321678162,0.049951791763305664,False,-265.06817626953125,14612.076169220372,3.5157658409045247,0.14600817399194463
mp-5020,BaTiO3,4.098999999868624e-05,2.5527,160,R3m,False,500,-265.06817626953125,4.024306774139404,0.5160121321678162,0.049951791763305664,False,-265.06817626953125,14612.076169220372,3.5157658409045247,0.14600817399194463
mp-5777,BaTiO3,0.0,2.2934,38,Amm2,True,500,-265.06817626953125,4.024306774139404,0.5160121321678162,0.049951791763305664,False,-265.06817626953125,14612.076169220372,3.5157658409045247,0.14600817399194463
mp-5986,BaTiO3,0.0019565740000011,1.7236999999999996,99,P4mm,False,500,-265.06817626953125,4.024306774139404,0.5160121321678162,0.049951791763305664,False,-265.06817626953125,14612.076169220372,3.5157658409045247,0.14600817399194463
mp-540771,BaZrS3,0.0,0.9900000000000002,62,Pnma,True,500,-133.72210693359375,4.203768730163574,0.23095400631427765,0.11676004528999329,False,-133.72210693359375,22088.88954093985,1.8237353505555594,0.10829003470350378
mp-998350,BaZrSe3,0.0775039104999999,0.2023999999999999,1,P1,False,500,-27.856962203979492,4.315654754638672,0.21550942957401276,0.1683703064918518,False,-27.856962203979492,28579.847553962612,1.7600185276319145,0.006300574954675298
mp-573119,BiRhO3,0.0619841773750007,0.3772999999999999,62,Pnma,False,500,40.156192779541016,4.305537700653076,0.2920207679271698,0.03840753436088562,False,40.156192779541016,27921.764122018536,2.0990780052362306,0.010724803438284062
mp-755893,CaBiO3,0.0,0.6655289785034206,14,P2_1/c,True,500,-54.064231872558594,3.8456273078918457,0.30215200781822205,0.14542126655578613,False,-54.064231872558594,9683.502325138836,2.1486210088806468,0.006586621716741218
mp-756365,CaCeO3,0.0590747670000126,2.3372999999999995,62,Pnma,False,500,-80.34233856201172,4.326855182647705,0.2599625587463379,0.20022451877593994,False,-80.34233856201172,29326.506830688875,1.9497115696342555,0.04854549223414422
mp-20772,CaCrO3,0.0651140580000015,0.3943000000000003,62,Pnma,False,500,-0.6843605041503906,3.8993659019470215,0.29811879992485046,0.0398215651512146,True,0.6843605041503906,10959.003237373978,2.128759553372343,1.2055474942804745e-06
mp-1190098,CaHfS3,0.037140437999998,1.5238,62,Pnma,False,500,-110.98257446289062,4.535064697265625,0.1925049126148224,0.09785404801368713,False,-110.98257446289062,47366.34245189268,1.6692167062738352,0.17475786166679838
mp-19201,CaMnO3,0.0350749438333366,0.4685999999999999,62,Pnma,False,500,-283.0860290527344,3.309032917022705,0.6027622222900391,0.043617576360702515,False,-283.0860290527344,2814.7386092884963,4.293090388109147,0.026270897817295715
mp-607467,CaMoO3,0.0,1.1050000000000004,14,P2_1/c,True,500,-6.361757278442383,5.018914222717285,0.4700081944465637,0.03447875380516052,True,6.361757278442383,144317.62593630544,3.162394197756608,0.0009234801536460097
mp-1045305,CaMoO3,0.0096948095000026,1.0948000000000002,2,P-1,False,500,-6.361757278442383,5.018914222717285,0.4700081944465637,0.03447875380516052,True,6.361757278442383,144317.62593630544,3.162394197756608,0.0009234801536460097
mp-4438,CaSnO3,0.0,2.3327,62,Pnma,True,500,-43.876220703125,3.989427328109741,0.5114553570747375,0.0628976821899414,False,-43.876220703125,13484.426530655166,3.479070001259328,0.003730763707489847
mp-3442,CaTiO3,0.017396585500002,2.2417,140,I4/mcm,False,500,-191.08897399902344,4.196302890777588,0.6008963584899902,0.08006945252418518,False,-191.08897399902344,21712.4106393847,4.274685505060655,0.09273531191493227
mp-4019,CaTiO3,0.0,2.3053,62,Pnma,True,500,-191.08897399902344,4.196302890777588,0.6008963584899902,0.08006945252418518,False,-191.08897399902344,21712.4106393847,4.274685505060655,0.09273531191493227
mp-5827,CaTiO3,0.0644675975000002,1.8272,221,Pm-3m,False,500,-191.08897399902344,4.196302890777588,0.6008963584899902,0.08006945252418518,False,-191.08897399902344,21712.4106393847,4.274685505060655,0.09273531191493227
mp-556003,CaTiO3,0.0114118105000002,2.1586,74,Imma,False,500,-191.08897399902344,4.196302890777588,0.6008963584899902,0.08006945252418518,False,-191.08897399902344,21712.4106393847,4.274685505060655,0.09273531191493227
mp-1205364,CaTiO3,0.0114495924999999,2.1378,63,Cmcm,False,500,-191.08897399902344,4.196302890777588,0.6008963584899902,0.08006945252418518,False,-191.08897399902344,21712.4106393847,4.274685505060655,0.09273531191493227
mp-22608,CaVO3,0.0011566264107081,0.4338999999999999,62,Pnma,False,500,-70.91656494140625,4.945613384246826,0.4806203842163086,0.05286294221878052,False,-70.91656494140625,121904.16316671517,3.240620643861651,0.09459228787052082
mp-1435359,CaVO3,0.0088146909107074,0.2606000000000001,14,P2_1/c,False,500,-70.91656494140625,4.945613384246826,0.4806203842163086,0.05286294221878052,False,-70.91656494140625,121904.16316671517,3.240620643861651,0.09459228787052082
mp-1342410,CaWO3,0.0536462823333376,1.9784000000000008,62,Pnma,False,500,-92.8800277709961,4.588855743408203,0.11766655743122101,0.04257318377494812,False,-92.8800277709961,53611.86269942009,1.4049936696755063,0.16458915163624435
mp-7781,CaZrS3,0.0365724824999942,1.1878000000000002,62,Pnma,False,500,-102.94849395751953,4.367172718048096,0.2689836025238037,0.08530563116073608,False,-102.94849395751953,32179.394747521757,1.9906339772895534,0.0856636269854217
mp-4385,CdCO3,0.0,2.6293,167,R-3c,True,500,-29.201269149780273,4.185062408447266,0.353210985660553,0.1328130066394806,True,29.201269149780273,21157.65648810945,2.4166780399779935,0.0037326925916855444
mp-849371,CdSnO3,0.0303832525000018,0.6937000000000002,62,Pnma,False,500,-49.75757598876953,4.220599174499512,0.3723428547382355,0.03875589370727539,False,-49.75757598876953,22961.715295248257,2.525519143359031,0.011254911830940973
mp-756062,CeFeO3,0.0797908600000028,0.6735999999999995,62,Pnma,False,500,-18.96990394592285,3.695277690887451,0.21655672788619995,0.025255143642425537,True,18.96990394592285,6849.878120221257,1.764267922473412,0.000698583902972817
mp-1213810,CeLuO3,0.0570241827499984,0.1122000000000005,62,Pnma,False,500,-88.45112609863281,4.350254535675049,0.1212204247713089,0.06120702624320984,False,-88.45112609863281,30949.93127191841,1.4165380177806566,0.08546891510346856
mp-776207,CeNiO3,0.0952567235000039,0.9323000000000006,62,Pnma,False,500,-29.01405906677246,4.484222412109375,0.25346803665161133,0.030822664499282837,False,-29.01405906677246,42133.50273852303,1.9207721350432487,0.00923291217949205
mp-1188346,CoBiO3,0.0822287949999989,0.3878000000000003,62,Pnma,False,500,100.1629638671875,3.8452038764953613,0.27868199348449707,0.02243742346763611,False,100.1629638671875,9674.065639056165,2.035587632286048,0.023839852531297247
mp-22616,CoSeO3,0.029257131125,1.852,62,Pnma,False,500,86.85641479492188,3.714836597442627,0.3233961760997772,0.002118051052093506,False,86.85641479492188,7165.421635658861,2.256337109269104,0.011978751805430687
mp-752613,CoSnO3,0.0762659565000021,0.9832,62,Pnma,False,500,59.45616912841797,3.801683187484741,0.28174644708633423,0.0014681518077850342,False,59.45616912841797,8751.61775639227,2.05000186967502,0.007545672201521854
mp-23456,CrBiO3,0.0226827880000008,1.3450000000000006,15,C2/c,False,500,-49.568145751953125,3.911085605621338,0.3839834928512573,0.037761807441711426,True,49.568145751953125,11258.765117673915,2.594127412166076,0.005331811739137237
mp-546027,CrBiO3,0.0147050410000026,1.9845999999999997,161,R3c,False,500,-49.568145751953125,3.911085605621338,0.3839834928512573,0.037761807441711426,True,49.568145751953125,11258.765117673915,2.594127412166076,0.005331811739137237
mp-559851,CrBiO3,0.0112026899999992,1.7904999999999998,62,Pnma,False,500,-49.568145751953125,3.911085605621338,0.3839834928512573,0.037761807441711426,True,49.568145751953125,11258.765117673915,2.594127412166076,0.005331811739137237
mp-756147,CrInO3,0.0512829044999998,1.4521000000000006,62,Pnma,False,500,-24.79380989074707,3.662259578704834,0.4475995898246765,0.027638137340545654,False,-24.79380989074707,6348.4065635230345,3.0033600520962547,0.0006497015011206645
mp-570231,CsCdBr3,0.0326752270000021,0.6965999999999999,221,Pm-3m,False,500,99.26390838623047,4.1502838134765625,-0.059957027435302734,0.34450194239616394,False,99.26390838623047,19529.402970259274,0.9333634338333132,0.10308392123093048
mp-568544,CsCdCl3,0.0026339560000003,1.7417,221,Pm-3m,False,500,32.55359649658203,4.120426654815674,0.10216869413852692,0.17436867952346802,False,32.55359649658203,18231.8948772715,1.3557402948664674,0.007125629879070778
mp-638685,CsEuBr3,0.0,1.0355000000000003,62,Pnma,True,500,95.09687042236328,4.3241047859191895,0.0949798971414566,0.32857394218444824,False,95.09687042236328,29141.368265014677,1.3334836870923235,0.09881541205403278
mp-1068377,CsEuCl3,0.0105377620000037,0.8369,221,Pm-3m,False,500,88.99566650390625,4.41316556930542,0.1746537834405899,0.1457604169845581,False,88.99566650390625,35774.265235239516,1.6019966128318819,0.08843350803956977
mp-570223,CsGeBr3,0.0168454720000017,0.7484000000000002,221,Pm-3m,False,500,61.03589630126953,4.0614776611328125,-0.10526454448699951,0.15539368987083435,False,61.03589630126953,15917.79159662999,0.8408978954890804,0.035259829356667334
mp-1068340,CsGeBr3,0.0,1.1965,160,R3m,True,500,61.03589630126953,4.0614776611328125,-0.10526454448699951,0.15539368987083435,False,61.03589630126953,15917.79159662999,0.8408978954890804,0.035259829356667334
mp-1546519,CsHgCl3,0.0071816991111135,1.0764,64,Cmce,False,500,37.34666061401367,4.253176212310791,0.11014597117900848,0.27031680941581726,False,37.34666061401367,24750.351186813037,1.3808731374788537,0.012499744581763787
mp-561947,CsHgF3,0.0,0.7167,221,Pm-3m,True,500,0.0397186279296875,4.320278167724609,0.15559224784374237,0.19205604493618011,True,-0.0397186279296875,28885.728237395353,1.5332044034604295,1.4860784705074375e-08
mp-1112338,CsInBr3,0.0,1.3782043565395825,225,Fm-3m,True,500,59.034645080566406,4.044966220855713,-0.05810612440109253,0.24790242314338684,False,59.034645080566406,15323.9728597632,0.9373497883490095,0.028487451970493172
mp-1112961,CsInCl3,0.0,1.7757115012201825,225,Fm-3m,True,500,-19.0580997467041,4.166024208068848,0.030437558889389038,0.17466047406196594,True,19.0580997467041,20250.20207445442,1.1493316568640473,0.003199728930447233
mp-1112643,CsInI3,0.02183132625,0.7619999999999998,225,Fm-3m,False,500,122.2733383178711,3.8427441120147705,-0.13983246684074402,0.25130075216293335,False,122.2733383178711,9619.428375176829,0.7765605840009479,0.09259924920607542
mp-27214,CsSnBr3,0.0111951395000025,0.5984,221,Pm-3m,False,500,66.75390625,3.9703402519226074,-0.19760382175445557,0.22958068549633026,False,66.75390625,12904.625488876412,0.6798357336411912,0.042292639469138645
mp-1247749,CsSnBr3,0.0,1.0107,62,Pnma,True,500,66.75390625,3.9703402519226074,-0.19760382175445557,0.22958068549633026,False,66.75390625,12904.625488876412,0.6798357336411912,0.042292639469138645
mp-1070375,CsSnCl3,0.0226868215000015,0.9752999999999998,221,Pm-3m,False,500,30.339962005615234,4.064328193664551,-0.07911717891693115,0.11309212446212769,False,30.339962005615234,16022.613140201685,0.8930805499583863,0.008257389777947887
mp-568570,CsSnI3,0.0110591610000034,0.6097000000000001,62,Pnma,False,500,186.85504150390625,3.701809883117676,-0.266934335231781,0.14723435044288635,False,186.85504150390625,6953.6853686288,0.5795267336532954,0.2094696976474159
mp-614013,CsSnI3,0.0,0.4499999999999997,221,Pm-3m,True,500,186.85504150390625,3.701809883117676,-0.266934335231781,0.14723435044288635,False,186.85504150390625,6953.6853686288,0.5795267336532954,0.2094696976474159
mp-616378,CsSnI3,0.0118439939999976,0.5435000000000003,127,P4/mbm,False,500,186.85504150390625,3.701809883117676,-0.266934335231781,0.14723435044288635,False,186.85504150390625,6953.6853686288,0.5795267336532954,0.2094696976474159
mp-1112177,CsTlBr3,0.0122417697499979,0.9985047740444736,225,Fm-3m,False,500,32.568328857421875,4.1982831954956055,-0.08377835154533386,0.24458639323711395,False,32.568328857421875,21811.641391600348,0.8835465969833689,0.013092417439292167
mp-1112176,CsTlCl3,0.0003620809999995,1.2584148670507165,225,Fm-3m,False,500,-29.632165908813477,4.231891632080078,0.05817486345767975,0.23838908970355988,True,29.632165908813477,23566.592122965114,1.225131407296617,0.008445218869094655
mp-1078203,CsTlF3,0.0,2.1858244764135537,225,Fm-3m,True,500,-93.44771575927734,4.293521881103516,0.10798823833465576,0.14924225211143494,True,93.44771575927734,27159.829194521575,1.374029472793859,0.08630547958076216
mp-1112542,CsTlI3,0.0602546797499998,0.4982999999999999,225,Fm-3m,False,500,134.96836853027344,4.11289119720459,-0.14103493094444275,0.28733348846435547,False,134.96836853027344,17918.28130676022,0.7744134356135832,0.21074509345294937
mp-2763763,CuAgF3,0.0,1.2735,14,P2_1/c,True,500,141.5843963623047,4.297216892242432,0.39262697100639343,0.0978722870349884,False,141.5843963623047,27391.892936298234,2.6462738248285738,0.10374998817950261
mp-22137,DyCoO3,0.0093079522142867,1.1903999999999997,62,Pnma,False,500,206.7680206298828,3.5490190982818604,-0.07244443893432617,0.03409579396247864,False,206.7680206298828,4891.299450048912,0.9069082886409817,0.11529158914011471
mp-19381,DyCrO3,0.0,2.5405999999999995,62,Pnma,True,500,149.0031280517578,3.8395802974700928,0.3739381730556488,0.035351574420928955,False,149.0031280517578,9549.605934563484,2.534813334689141,0.04182156143419748
mp-22283,DyFeO3,0.006325670999999,0.9134000000000002,62,Pnma,False,500,151.9540557861328,3.469442367553711,0.39500150084495544,0.030256330966949463,False,151.9540557861328,4072.372732183577,2.660782104106914,0.017669847722311345
mp-1178360,DyInO3,0.0640329069999996,2.623,62,Pnma,False,500,-17.803621292114258,4.412039279937744,0.3765730559825897,0.03418618440628052,False,-17.803621292114258,35681.60927256522,2.5502389004938046,0.002217431776553878
mp-22103,DyMnO3,0.022302571166664,0.9994999999999998,62,Pnma,False,500,217.69883728027344,3.784921407699585,0.45407047867774963,0.013274133205413818,False,217.69883728027344,8420.280535542573,3.048444472467784,0.06545314145726533
mp-1212884,DyRhO3,0.0,0.8884318524889769,62,Pnma,True,500,117.89344787597656,4.225168228149414,0.03683328628540039,0.029541730880737305,False,117.89344787597656,23204.562329338165,1.1663827721379043,0.13825524866807973
mp-1184176,DyScS3,0.0,1.7736999999999994,62,Pnma,True,500,-115.43040466308594,4.340346813201904,0.09861162304878235,0.1220308244228363,False,-115.43040466308594,30251.851960555785,1.344681509832268,0.14987975483638932
mp-22789,DyVO3,0.0,1.6567999999999996,62,Pnma,True,500,-9.11357307434082,4.309744834899902,0.07302884757518768,0.04560306668281555,False,-9.11357307434082,28193.56457625189,1.2677588694808648,0.0009235506009531492
mp-562779,ErCoO3,0.0,1.4471000000000005,62,Pnma,True,500,194.56671142578125,3.6093993186950684,-0.058143168687820435,0.0301782488822937,False,194.56671142578125,5620.882049087017,0.9372698380505396,0.11351334247027128
mp-19063,ErCrO3,0.0,0.2483000000000004,62,Pnma,True,500,141.77047729492188,3.8498051166534424,0.29258993268013,0.03821849822998047,False,141.77047729492188,9777.104789972345,2.1018307559096283,0.04674704190996318
mp-19935,ErFeO3,0.0179546204999994,1.5929000000000002,62,Pnma,False,500,166.82884216308594,3.5075716972351074,0.27592992782592773,0.03249114751815796,False,166.82884216308594,4446.075676258513,2.022729171726206,0.03058802160970527
mp-754208,ErInO3,0.0797644929999998,2.5532,62,Pnma,False,500,16.1328067779541,4.403042316436768,0.3442206382751465,0.04247048497200012,True,-16.1328067779541,34950.02330837115,2.367164550050812,0.0019213606426740587
mp-19319,ErMnO3,0.0344051806666669,1.0455,62,Pnma,False,500,196.23068237304688,3.8309226036071777,0.3874342143535614,0.022774040699005127,False,196.23068237304688,9361.118801455037,2.614821362614705,0.06892702990256482
mp-1189736,ErNiO3,0.0015767070000007,0.3726000000000002,14,P2_1/c,False,500,11.049507141113281,4.006936550140381,0.022002100944519043,0.031266987323760986,True,-11.049507141113281,14039.17874390185,1.1272231801691104,0.0007603045869092418
mp-1213022,ErRhO3,0.0,0.9643714818411082,62,Pnma,True,500,97.20919799804688,4.118983268737793,0.0065726637840271,0.03498026728630066,False,97.20919799804688,18171.401404678523,1.087878700570075,0.07892101693442392
mp-1190244,ErScS3,0.0172591825833308,1.7554999999999996,33,Pna2_1,False,500,-109.50860595703125,4.290674686431885,0.10190849006175995,0.11300197243690491,False,-109.50860595703125,26982.354243198006,1.3549282571636028,0.11940707082423099
mp-2763526,ErScS3,0.0125358623333333,2.152,62,Pnma,False,500,-109.50860595703125,4.290674686431885,0.10190849006175995,0.11300197243690491,False,-109.50860595703125,26982.354243198006,1.3549282571636028,0.11940707082423099
mp-19205,ErVO3,0.0,1.5838,62,Pnma,True,500,-18.43065071105957,4.276788234710693,0.05513174831867218,0.0462891161441803,False,-18.43065071105957,26133.247887545294,1.2165768787930056,0.00364842288540802
mp-753781,EuHfO3,0.0,0.5973000000000006,221,Pm-3m,True,500,-123.97508239746094,4.712623596191406,0.06337040662765503,0.08299225568771362,False,-123.97508239746094,71290.02212052725,1.2398758947874307,0.44186474131749504
mp-1190059,EuHfS3,0.0,0.1287000000000002,62,Pnma,True,500,-52.45513916015625,4.450804710388184,0.13390947878360748,0.1151604950428009,False,-52.45513916015625,39013.046346857234,1.458536456324644,0.036799224472272136
mp-771055,EuZrO3,0.0933191865000111,0.3877000000000006,221,Pm-3m,False,500,-158.6452178955078,4.664028167724609,-0.04904049634933472,0.042724400758743286,False,-158.6452178955078,63743.12061177907,0.9571220327479847,0.8380886953739782
mp-1106293,EuZrO3,0.0,0.5096999999999996,62,Pnma,True,500,-158.6452178955078,4.664028167724609,-0.04904049634933472,0.042724400758743286,False,-158.6452178955078,63743.12061177907,0.9571220327479847,0.8380886953739782
mp-1178354,EuZrO3,0.0843929492500112,0.4662999999999995,198,P2_13,False,500,-158.6452178955078,4.664028167724609,-0.04904049634933472,0.042724400758743286,False,-158.6452178955078,63743.12061177907,0.9571220327479847,0.8380886953739782
mp-1189927,EuZrS3,0.0,0.1452999999999997,62,Pnma,True,500,-115.64007568359375,4.368374347686768,0.07044483721256256,0.09661757946014404,False,-115.64007568359375,32268.553738568702,1.2602382219915613,0.1712038759040336
mp-19097,FeBO3,0.0,1.4815999999999998,167,R-3c,True,500,-34.51649475097656,3.7886531352996826,0.3754587769508362,0.05840525031089783,True,34.51649475097656,8492.944549425114,2.543704082556076,0.0019889097500467756
mp-22949,FeBiO3,0.0335794110000016,1.8064,160,R3m,False,500,328.7019958496094,3.7548913955688477,0.6018840074539185,0.02768409252166748,False,328.7019958496094,7857.71999339941,4.284417825232037,0.09907849883311601
mp-23501,FeBiO3,0.0016325030000015,1.2984,161,R3c,False,500,328.7019958496094,3.7548913955688477,0.6018840074539185,0.02768409252166748,False,328.7019958496094,7857.71999339941,4.284417825232037,0.09907849883311601
mp-645159,FeBiO3,0.0116057660000015,1.5419999999999998,62,Pnma,False,500,328.7019958496094,3.7548913955688477,0.6018840074539185,0.02768409252166748,False,328.7019958496094,7857.71999339941,4.284417825232037,0.09907849883311601
mp-1193035,FeBiO3,0.0564112610000018,1.6586,12,C2/m,False,500,328.7019958496094,3.7548913955688477,0.6018840074539185,0.02768409252166748,False,328.7019958496094,7857.71999339941,4.284417825232037,0.09907849883311601
mp-1178214,FeSnO3,0.0351845345000008,0.989703830709586,62,Pnma,False,500,65.02473449707031,3.679549217224121,0.5466272830963135,0.01951068639755249,False,65.02473449707031,6606.240353681481,3.7725507704316286,0.003702085604672076
mp-1178268,GdAlO3,0.0851176094000027,1.8885,221,Pm-3m,False,500,-81.10574340820312,4.079390525817871,0.36896800994873047,0.05374586582183838,False,-81.10574340820312,16588.063114171422,2.505969725565794,0.021771737134412144
mp-18331,GdCrO3,0.0,2.6309,62,Pnma,True,500,118.69032287597656,3.7630889415740967,0.2608676850795746,0.03172701597213745,False,118.69032287597656,8007.447406228792,1.9537792601183608,0.02886816816882039
mp-1212778,GdInO3,0.052235792166666,2.5270116208736253,62,Pnma,False,500,-21.95096778869629,4.2725677490234375,0.28827252984046936,0.0450434684753418,False,-21.95096778869629,25880.514292788353,2.081039578166857,0.0029961938735286906
mp-510490,GdScS3,0.0,1.1773999999999996,62,Pnma,True,500,-111.24717712402344,4.2717132568359375,0.1287158876657486,0.11100691556930542,False,-111.24717712402344,25829.64338222599,1.4411981558421136,0.1109028523401142
mp-541177,GdVO3,0.0,1.4525999999999994,62,Pnma,True,500,18.599197387695312,4.3097662925720215,0.00435948371887207,0.04741242527961731,False,18.599197387695312,28194.957601572663,1.0823489340827244,0.00450570302284656
mp-753534,HfCoO3,0.0948615120000031,2.4865,62,Pnma,False,500,55.02276611328125,4.020937919616699,0.17791776359081268,0.022638529539108276,False,55.02276611328125,14499.167695959442,1.6140819230648076,0.013597915643015877
mp-753790,HfFeO3,0.0961925840000041,2.1447000000000003,62,Pnma,False,500,46.171722412109375,3.9772491455078125,0.19976286590099335,0.021837890148162842,True,-46.171722412109375,13111.557950330369,1.6973471518076595,0.008233903619350398
mp-753856,HfFeO3,0.0626525855000021,2.9099000000000004,62,Pnma,False,500,46.171722412109375,3.9772491455078125,0.19976286590099335,0.021837890148162842,True,-46.171722412109375,13111.557950330369,1.6973471518076595,0.008233903619350398
mp-1178219,HfNiO3,0.0968432885000023,2.7983,14,P2_1/c,False,500,-10.351675033569336,4.069752216339111,0.17121633887290955,0.038370221853256226,False,-10.351675033569336,16223.978779827436,1.5893668441319855,0.0005469208559241738
mp-770830,HoBiO3,0.0358601403750018,2.7472,62,Pnma,False,500,-45.87690734863281,4.144295692443848,0.16858115792274475,0.1327722668647766,False,-45.87690734863281,19261.9763689783,1.579752196869217,0.012831284937752593
mp-20570,HoCoO3,0.0,1.1622,62,Pnma,True,500,206.1375274658203,3.6084632873535156,-0.04436799883842468,0.03271228075027466,False,206.1375274658203,5608.7804539403005,0.9674751331201848,0.1231722171190897
mp-756834,HoCrO3,0.0,2.3515999999999995,62,Pnma,True,500,149.1082305908203,3.7964839935302734,0.33878251910209656,0.035300105810165405,False,149.1082305908203,8647.471648358447,2.337708355784781,0.04112179419910823
mp-19785,HoFeO3,0.0122662793749999,1.5034,62,Pnma,False,500,158.63204956054688,3.4171624183654785,0.33877310156822205,0.02763962745666504,False,158.63204956054688,3610.501848198247,2.337657663892874,0.019432941139904694
mp-776984,HoInO3,0.0717123543750002,2.5765,62,Pnma,False,500,-2.1618099212646484,4.382193088531494,0.3844826817512512,0.03462076187133789,False,-2.1618099212646484,33311.81084760926,2.597110881166867,2.9971795837380322e-05
mp-22081,HoMnO3,0.0288150980000008,1.9915000000000005,62,Pnma,False,500,218.80084228515625,3.8409576416015625,0.47582122683525085,0.014797806739807129,False,218.80084228515625,9579.940128320359,3.2050074022439237,0.07154869901937455
mp-1212108,HoRhO3,0.0,0.9606739563708188,62,Pnma,True,500,112.21250915527344,4.184274196624756,0.04151669144630432,0.03245055675506592,False,112.21250915527344,21119.29175787617,1.1790290384212911,0.11277358847572984
mp-1189393,HoScS3,0.0129002495833354,1.7663000000000002,33,Pna2_1,False,500,-123.82958984375,4.365295886993408,0.10609708726406097,0.11492770910263062,False,-123.82958984375,32040.62951642861,1.3680592199024597,0.17956224068070248
mp-2755772,HoScS3,0.0073478716666688,2.1681,62,Pnma,False,500,-123.82958984375,4.365295886993408,0.10609708726406097,0.11492770910263062,False,-123.82958984375,32040.62951642861,1.3680592199024597,0.17956224068070248
mp-7027,InBO3,0.0,2.6556,167,R-3c,True,500,-78.56062316894531,4.24144172668457,0.39351218938827515,0.10816028714179993,False,-78.56062316894531,24090.559134823714,2.6516732009030166,0.028035397903202953
mp-556892,InBiO3,0.0289430770000009,2.7352000000000007,33,Pna2_1,False,500,-64.31159973144531,4.105065822601318,0.4302494525909424,0.041476160287857056,False,-64.31159973144531,17598.310494711164,2.8857404205186814,0.01261137218987992
mp-561102,InBiO3,0.0399234685000013,2.388399999999999,62,Pnma,False,500,-64.31159973144531,4.105065822601318,0.4302494525909424,0.041476160287857056,False,-64.31159973144531,17598.310494711164,2.8857404205186814,0.01261137218987992
mp-1105819,InRhO3,0.0739175047499953,0.3223000000000002,62,Pnma,False,500,-5.670475006103516,4.027242660522461,0.39444828033447266,0.030378490686416626,True,5.670475006103516,14711.19031239408,2.6573948584719442,8.90021727275901e-05
mp-1203220,InRhO3,0.0406221204999948,1.039908569021823,14,P2_1/c,False,500,-5.670475006103516,4.027242660522461,0.39444828033447266,0.030378490686416626,True,5.670475006103516,14711.19031239408,2.6573948584719442,8.90021727275901e-05
mp-998398,InSnBr3,0.0303007139999991,1.0975,1,P1,False,500,-77.55933380126953,4.084655284881592,0.03743886947631836,0.29854267835617065,False,-77.55933380126953,16790.376634729902,1.168010318706718,0.043236636641886254
mp-998555,InSnBr3,0.0200280839999988,1.7591923284557722,161,R3c,False,500,-77.55933380126953,4.084655284881592,0.03743886947631836,0.29854267835617065,False,-77.55933380126953,16790.376634729902,1.168010318706718,0.043236636641886254
mp-2762335,InSnBr3,0.0586802459999979,1.7073,8,Cm,False,500,-77.55933380126953,4.084655284881592,0.03743886947631836,0.29854267835617065,False,-77.55933380126953,16790.376634729902,1.168010318706718,0.043236636641886254
mp-998560,InSnCl3,0.0200971269999996,2.0788,8,Cm,False,500,-48.09999084472656,4.119143962860107,0.14057612419128418,0.18403179943561554,False,-48.09999084472656,18178.126283332436,1.4810984732301913,0.014197934674966023
mp-29799,KBiO3,0.0,0.4914,201,Pn-3,True,500,-67.11065673828125,3.984116554260254,0.3449298143386841,0.08332309126853943,False,-67.11065673828125,13320.536212916857,2.3710331412721475,0.012651355663127061
mp-556365,KCrF3,0.0,1.4898000000000002,12,C2/m,True,500,-0.3695106506347656,4.222399711608887,0.3656765818595886,0.13888248801231384,True,0.3695106506347656,23057.10964955379,2.48704928672802,6.329135579430134e-07
mp-560547,KCrF3,0.0036048639999997,1.968,87,I4/m,False,500,-0.3695106506347656,4.222399711608887,0.3656765818595886,0.13888248801231384,True,0.3695106506347656,23057.10964955379,2.48704928672802,6.329135579430134e-07
mp-566131,KCrF3,0.0268132479999998,1.1574000000000004,123,P4/mmm,False,500,-0.3695106506347656,4.222399711608887,0.3656765818595886,0.13888248801231384,True,0.3695106506347656,23057.10964955379,2.48704928672802,6.329135579430134e-07
mp-1180767,KCrF3,0.0021807369999997,1.5720000000000005,140,I4/mcm,False,500,-0.3695106506347656,4.222399711608887,0.3656765818595886,0.13888248801231384,True,0.3695106506347656,23057.10964955379,2.48704928672802,6.329135579430134e-07
mp-1180782,KCrF3,0.0020262390000009,0.1573999999999999,72,Ibam,False,500,-0.3695106506347656,4.222399711608887,0.3656765818595886,0.13888248801231384,True,0.3695106506347656,23057.10964955379,2.48704928672802,6.329135579430134e-07
mp-998412,KGeBr3,0.0252311680000052,0.9083,8,Cm,False,500,16.932065963745117,4.019567489624023,-0.10702738165855408,0.14834848046302795,False,16.932065963745117,14453.487224068098,0.8374915394964745,0.0024738998957043582
mp-998231,KGeCl3,0.0282228930000036,1.4859,8,Cm,False,500,29.433927536010742,4.083749294281006,0.2010912001132965,0.12257209420204163,False,29.433927536010742,16755.386396262653,1.7025466096282538,0.00426306421389085
mp-7483,KHgF3,0.0,0.6082000000000001,221,Pm-3m,True,500,-14.019983291625977,4.249800682067871,0.4022214114665985,0.1973114013671875,False,-14.019983291625977,24558.726090685373,2.705385895635485,0.0008921576633185593
mp-1110931,KInBr3,0.0977900804999989,0.8797156481034303,225,Fm-3m,False,500,19.966032028198242,3.976518392562866,-0.06800803542137146,0.19348520040512085,False,19.966032028198242,13089.514720108507,0.9162200146863133,0.0028475889724685895
mp-1112170,KInCl3,0.0538268714666649,1.597115636649624,225,Fm-3m,False,500,-40.03791809082031,4.052137851715088,0.049740538001060486,0.1501753330230713,True,40.03791809082031,15579.122958090062,1.20156798429016,0.010392203315492074
mp-1112296,KInF3,0.0751867520079416,2.2085,225,Fm-3m,False,500,-75.30628967285156,4.195093631744385,0.2455163300037384,0.14327174425125122,False,-75.30628967285156,21652.03821950865,1.885923794811607,0.03255420922322096
mp-1112169,KInI3,0.0766823449999996,0.6694999999999998,225,Fm-3m,False,500,97.15087127685547,3.8777658939361572,-0.16829147934913635,0.35447314381599426,False,97.15087127685547,10427.280277639446,0.7273045938710421,0.06765783872690728
mp-23737,KMgH3,0.0,2.458,221,Pm-3m,True,500,23.941755294799805,4.265006065368652,0.45999622344970703,0.19129329919815063,False,23.941755294799805,25433.79805446024,3.0903241337757086,0.002358789385142064
mp-555123,KMnF3,0.0017114100000004,2.6628000000000003,221,Pm-3m,False,500,-33.996124267578125,3.977665901184082,0.3231163024902344,0.12366488575935364,False,-33.996124267578125,13124.146042254622,2.2548835200457935,0.0033633786448432454
mp-555359,KMnF3,0.0002445739999998,2.1006,140,I4/mcm,False,500,-33.996124267578125,3.977665901184082,0.3231163024902344,0.12366488575935364,False,-33.996124267578125,13124.146042254622,2.2548835200457935,0.0033633786448432454
mp-560382,KMnF3,0.000924576,2.6774,127,P4/mbm,False,500,-33.996124267578125,3.977665901184082,0.3231163024902344,0.12366488575935364,False,-33.996124267578125,13124.146042254622,2.2548835200457935,0.0033633786448432454
mp-644332,KMnF3,0.0020342784999982,2.6922,11,P2_1/m,False,500,-33.996124267578125,3.977665901184082,0.3231163024902344,0.12366488575935364,False,-33.996124267578125,13124.146042254622,2.2548835200457935,0.0033633786448432454
mp-1180746,KMnF3,0.0016044339999989,1.7405,140,I4/mcm,False,500,-33.996124267578125,3.977665901184082,0.3231163024902344,0.12366488575935364,False,-33.996124267578125,13124.146042254622,2.2548835200457935,0.0033633786448432454
mp-1205353,KMnF3,0.0,2.4058,74,Imma,True,500,-33.996124267578125,3.977665901184082,0.3231163024902344,0.12366488575935364,False,-33.996124267578125,13124.146042254622,2.2548835200457935,0.0033633786448432454
mp-2759521,KMnF3,4.164199999934226e-05,2.1486,11,P2_1/m,False,500,-33.996124267578125,3.977665901184082,0.3231163024902344,0.12366488575935364,False,-33.996124267578125,13124.146042254622,2.2548835200457935,0.0033633786448432454
mp-4342,KNbO3,0.0011901640000004,1.4744,99,P4mm,False,500,38.30134582519531,4.493006706237793,0.4843650460243225,0.06586804986000061,True,-38.30134582519531,42994.396723289465,3.2686833895464678,0.0096479951515641
mp-5246,KNbO3,0.0003534000000016,2.0587,38,Amm2,False,500,38.30134582519531,4.493006706237793,0.4843650460243225,0.06586804986000061,True,-38.30134582519531,42994.396723289465,3.2686833895464678,0.0096479951515641
mp-7375,KNbO3,0.0,2.3108,160,R3m,True,500,38.30134582519531,4.493006706237793,0.4843650460243225,0.06586804986000061,True,-38.30134582519531,42994.396723289465,3.2686833895464678,0.0096479951515641
mp-935811,KNbO3,0.0077302279999997,1.4215999999999998,221,Pm-3m,False,500,38.30134582519531,4.493006706237793,0.4843650460243225,0.06586804986000061,True,-38.30134582519531,42994.396723289465,3.2686833895464678,0.0096479951515641
mp-16293,KSbO3,0.0447229700000013,1.1212999999999995,227,Fd-3m,False,500,1.327188491821289,3.862945318222046,0.2895941734313965,0.06430846452713013,False,1.327188491821289,10077.445810571708,2.0873822373008535,4.251906510071949e-06
mp-3614,KTaO3,0.0,2.0976,221,Pm-3m,True,500,-9.958332061767578,4.500601768493652,0.18889012932777405,0.040126681327819824,False,-9.958332061767578,43752.90784277468,1.6553808978804183,0.0013105457738304214
mp-1111155,KTlBr3,0.0772356732500005,0.9246039538087512,225,Fm-3m,False,500,12.78052806854248,4.1552228927612305,-0.06710618734359741,0.24694088101387024,False,12.78052806854248,19752.77178167982,0.9181245974485761,0.0017570900707998287
mp-1111296,KTlCl3,0.0590743205000001,1.097012712683471,225,Fm-3m,False,500,-49.32423400878906,4.176875591278076,0.0756283849477768,0.20083685219287872,True,49.32423400878906,20762.55254506824,1.2753699940304393,0.01980319449631459
mp-1111295,KTlF3,0.0542841867083332,1.9647115283785197,225,Fm-3m,False,500,-86.93811798095703,4.267940998077393,0.3037661910057068,0.17221716046333313,False,-86.93811798095703,25606.260026759002,2.156621850395763,0.0448706771409528
mp-557257,KVF3,0.0,2.0758999999999994,221,Pm-3m,True,500,138.1981964111328,4.416928768157959,0.2932451367378235,0.15097394585609436,False,138.1981964111328,36085.599224883685,2.1050041035596974,0.1637026573936094
mp-19051,LaCoO3,0.0033163850000006,1.0014000000000003,167,R-3c,False,500,54.81132507324219,3.8189525604248047,0.28573963046073914,0.02854880690574646,False,54.81132507324219,9106.630462161957,2.068937829417748,0.006611817843687048
mp-573180,LaCoO3,0.0765487460000002,0.6210999999999993,221,Pm-3m,False,500,54.81132507324219,3.8189525604248047,0.28573963046073914,0.02854880690574646,False,54.81132507324219,9106.630462161957,2.068937829417748,0.006611817843687048
mp-1185232,LaCoO3,0.0474867225000004,0.973,62,Pnma,False,500,54.81132507324219,3.8189525604248047,0.28573963046073914,0.02854880690574646,False,54.81132507324219,9106.630462161957,2.068937829417748,0.006611817843687048
mp-1272753,LaCoO3,0.0304298195000001,0.6738999999999997,1,P1,False,500,54.81132507324219,3.8189525604248047,0.28573963046073914,0.02854880690574646,False,54.81132507324219,9106.630462161957,2.068937829417748,0.006611817843687048
mp-1273989,LaCoO3,0.0179204554999996,0.8045999999999998,14,P2_1/c,False,500,54.81132507324219,3.8189525604248047,0.28573963046073914,0.02854880690574646,False,54.81132507324219,9106.630462161957,2.068937829417748,0.006611817843687048
mp-1288145,LaCoO3,0.0,0.2793000000000001,148,R-3,True,500,54.81132507324219,3.8189525604248047,0.28573963046073914,0.02854880690574646,False,54.81132507324219,9106.630462161957,2.068937829417748,0.006611817843687048
mp-1504268,LaCoO3,0.0551452460000003,0.9444999999999996,74,Imma,False,500,54.81132507324219,3.8189525604248047,0.28573963046073914,0.02854880690574646,False,54.81132507324219,9106.630462161957,2.068937829417748,0.006611817843687048
mp-18841,LaCrO3,0.0914568244999998,2.1156999999999995,221,Pm-3m,False,500,176.06268310546875,3.183980703353882,0.26723095774650574,0.027683287858963013,False,176.06268310546875,2110.502430494222,1.9826167355906472,0.016498775957818543
mp-19281,LaCrO3,0.0,2.3706000000000005,62,Pnma,True,500,176.06268310546875,3.183980703353882,0.26723095774650574,0.027683287858963013,False,176.06268310546875,2110.502430494222,1.9826167355906472,0.016498775957818543
mp-22590,LaFeO3,0.0277720220000148,1.4333999999999998,62,Pnma,False,500,-158.72592163085938,3.4390437602996826,0.34042927622795105,0.026247620582580566,True,158.72592163085938,3797.072710615162,2.3465893013477386,0.02038344315439101
mp-1078634,LaFeO3,0.0,1.9509,167,R-3c,True,500,-158.72592163085938,3.4390437602996826,0.34042927622795105,0.026247620582580566,True,158.72592163085938,3797.072710615162,2.3465893013477386,0.02038344315439101
mp-11623,LaInO3,0.0067064522499986,2.7459,62,Pnma,False,500,-42.797508239746094,4.1323089599609375,0.36342185735702515,0.06304070353507996,False,-42.797508239746094,18737.606454777462,2.4741707449683275,0.006935717868810214
mp-1106374,LaLuS3,0.0,2.2322,62,Pnma,True,500,-74.4008560180664,4.341429710388184,0.10003045201301575,0.09678095579147339,False,-74.4008560180664,30327.37795313144,1.3490817337271512,0.06221892032799411
mp-989552,LaMoN3,0.0293490240000071,1.1509,161,R3c,False,500,35.931739807128906,4.369812488555908,0.25403881072998047,0.04520741105079651,True,-35.931739807128906,32375.58629211082,1.9232981806957528,0.010866696000553368
mp-1284950,LaNiO3,0.020568577999998,0.3559999999999998,2,P-1,False,500,-8.219818115234375,4.360016345977783,0.3567966818809509,0.030853718519210815,False,-8.219818115234375,31653.482603272398,2.4367136264536757,0.0004388452754508744
mp-5163,LaRhO3,0.0,0.5951000000000004,62,Pnma,True,500,420.5816955566406,3.321462869644165,0.1716691255569458,0.027226805686950684,False,420.5816955566406,2896.4632522155134,1.5910247501076056,0.16101332803490545
mp-1190131,LaScS3,0.0,1.6446000000000005,62,Pnma,True,500,-108.15958404541016,4.3548479080200195,0.20477423071861267,0.10588416457176208,False,-108.15958404541016,31279.014492911945,1.7170464373876717,0.1065543150444322
mp-989524,LaWN3,0.0,1.1797000000000004,161,R3c,True,500,-4.39851188659668,4.385646820068359,0.3037777841091156,0.09304574131965637,False,-4.39851188659668,33577.77953927586,2.156679420258776,0.0001506079591037427
mp-989601,LaWN3,0.0233291480000055,0.7063999999999995,160,R3m,False,500,-4.39851188659668,4.385646820068359,0.3037777841091156,0.09304574131965637,False,-4.39851188659668,33577.77953927586,2.156679420258776,0.0001506079591037427
mp-756821,LiAgF3,0.0935238429999998,0.1235999999999999,14,P2_1/c,False,500,-5.490713119506836,4.068799018859863,0.3531447649002075,0.19121025502681732,False,-5.490713119506836,16188.409142922923,2.4163095755749695,0.00010099017105730444
mp-760151,LiAgF3,0.0769721754999999,0.1695999999999999,178,P6_122,False,500,-5.490713119506836,4.068799018859863,0.3531447649002075,0.19121025502681732,False,-5.490713119506836,16188.409142922923,2.4163095755749695,0.00010099017105730444
mp-1079935,LiCaH3,0.0214807280000002,2.5159,167,R-3c,False,500,80.99744415283203,4.496463775634766,0.5210164785385132,0.10486716032028198,True,-80.99744415283203,43338.00635352802,3.556512083645626,0.039972128492697184
mp-28327,LiGaBr3,0.0,2.956,11,P2_1/m,True,500,22.844894409179688,4.154278755187988,0.06573547422885895,0.3058430850505829,False,22.844894409179688,19709.876746060636,1.2466463915477801,0.004125617291321922
mp-29345,LiGaI3,0.0,2.2473,11,P2_1/m,True,500,6.171195983886719,4.127200126647949,-0.021678805351257324,0.41163507103919983,False,6.171195983886719,18518.47757303325,1.0193633258709933,0.00034592739572395886
mp-760095,LiMnF3,0.0939407181666664,2.4534,147,P-3,False,500,-87.00984191894531,3.81705904006958,0.423032283782959,0.17349550127983093,False,-87.00984191894531,9067.012059253719,2.838181035770183,0.01209291118015945
mp-764783,LiMnF3,0.0907112249999997,2.712,62,Pnma,False,500,-87.00984191894531,3.81705904006958,0.423032283782959,0.17349550127983093,False,-87.00984191894531,9067.012059253719,2.838181035770183,0.01209291118015945
mp-765457,LiMnF3,0.0397923609999999,2.9514,62,Pnma,False,500,-87.00984191894531,3.81705904006958,0.423032283782959,0.17349550127983093,False,-87.00984191894531,9067.012059253719,2.838181035770183,0.01209291118015945
mp-8180,LiNO3,0.0,2.9369,167,R-3c,True,500,13.4844331741333,4.093875885009766,0.3677124083042145,0.09040278196334839,False,13.4844331741333,17150.667932033324,2.4987351053934894,0.0006240167035880382
mp-552588,LiNbO3,0.0330080320000032,2.281952667388917,167,R-3c,False,500,23.94883155822754,4.252072334289551,0.5348562598228455,0.09382963180541992,True,-23.94883155822754,24687.521294031652,3.6716736255754,0.0019282000104848746
mp-674361,LiNbO3,0.010056417400003,2.9621,1,P1,False,500,23.94883155822754,4.252072334289551,0.5348562598228455,0.09382963180541992,True,-23.94883155822754,24687.521294031652,3.6716736255754,0.0019282000104848746
mp-676694,LiNbO3,0.0080152856666693,2.9835000000000003,1,P1,False,500,23.94883155822754,4.252072334289551,0.5348562598228455,0.09382963180541992,True,-23.94883155822754,24687.521294031652,3.6716736255754,0.0019282000104848746
mp-776108,LiNbO3,0.0298365945000043,2.7432,57,Pbcm,False,500,23.94883155822754,4.252072334289551,0.5348562598228455,0.09382963180541992,True,-23.94883155822754,24687.521294031652,3.6716736255754,0.0019282000104848746
mp-752636,LiSbO3,0.088810487499999,1.1944999999999997,198,P2_13,False,500,-60.30403137207031,3.8831820487976074,0.3594544231891632,0.0931275486946106,False,-60.30403137207031,10558.134789340731,2.451671244379586,0.007830467028646601
mp-754345,LiTaO3,0.0886449690000059,2.3884,127,P4/mbm,False,500,49.81947326660156,4.264392375946045,0.23348791897296906,0.07502856850624084,True,-49.81947326660156,25397.883644421585,1.8344071269903657,0.01718185570725666
mp-752764,LiVF3,0.0185087989999983,2.5687999999999995,161,R3c,False,500,97.8072509765625,4.258664131164551,0.41566556692123413,0.18882393836975098,False,97.8072509765625,25065.090928690413,2.7904444219943896,0.042964327355803196
mp-752911,LiVF3,0.0357912984999995,2.426,62,Pnma,False,500,97.8072509765625,4.258664131164551,0.41566556692123413,0.18882393836975098,False,97.8072509765625,25065.090928690413,2.7904444219943896,0.042964327355803196
mp-777551,LiVF3,0.0371581029999985,2.6788,198,P2_13,False,500,97.8072509765625,4.258664131164551,0.41566556692123413,0.18882393836975098,False,97.8072509765625,25065.090928690413,2.7904444219943896,0.042964327355803196
mp-778509,LiVF3,0.0711593504999994,2.6116,198,P2_13,False,500,97.8072509765625,4.258664131164551,0.41566556692123413,0.18882393836975098,False,97.8072509765625,25065.090928690413,2.7904444219943896,0.042964327355803196
mp-755471,LuCrO3,0.0,2.7252,62,Pnma,True,500,102.24139404296875,3.7491259574890137,0.24845904111862183,0.03265830874443054,False,102.24139404296875,7754.094879757386,1.8987459091341548,0.02134458860723495
mp-22588,LuFeO3,0.0360391231249987,1.6083000000000005,62,Pnma,False,500,127.08308410644531,3.8800220489501953,0.2838415205478668,0.021031558513641357,False,127.08308410644531,10481.59083218837,2.059915144798612,0.04108879148018202
mp-21125,LuMnO3,0.0503064981666696,0.4485081876543422,62,Pnma,False,500,137.3969268798828,3.7650585174560547,0.29953256249427795,0.03496444225311279,False,137.3969268798828,8043.844579923997,2.135700614208825,0.03555063321929646
mp-1205366,LuRhO3,0.0,1.0887000000000002,62,Pnma,True,500,93.43055725097656,3.925351619720459,0.0002608001232147217,0.028101831674575806,False,93.43055725097656,11634.742421527211,1.0721822425702188,0.04736265563780615
mp-754597,LuTlO3,0.0837613916249973,0.6919000000000004,62,Pnma,False,500,-83.98188781738281,4.288392066955566,0.29746633768081665,0.20557063817977905,True,83.98188781738281,26840.909035703196,2.1255638129657526,0.044531194273117816
mp-755583,LuVO3,0.0057737502499968,1.5724999999999998,62,Pnma,False,500,50.790958404541016,4.2104878425598145,0.038750141859054565,0.048624277114868164,False,50.790958404541016,22433.291303733622,1.1715422405433653,0.02469891434315158
mp-2767717,LuVO3,0.0,0.2610999999999999,14,P2_1/c,True,500,50.790958404541016,4.2104878425598145,0.038750141859054565,0.048624277114868164,False,50.790958404541016,22433.291303733622,1.1715422405433653,0.02469891434315158
mp-998358,MgAgF3,0.0331789360000014,2.1127,221,Pm-3m,False,500,-9.499471664428711,4.008124828338623,0.3478398323059082,0.16159066557884216,False,-9.499471664428711,14077.644103400984,2.3869737464429885,0.00026610390446731225
mp-998418,MgAgF3,0.0181428880000016,2.6793,167,R-3c,False,500,-9.499471664428711,4.008124828338623,0.3478398323059082,0.16159066557884216,False,-9.499471664428711,14077.644103400984,2.3869737464429885,0.00026610390446731225
mp-770581,MgMnO3,0.0767369350000004,0.536,62,Pnma,False,500,-148.8978729248047,3.6129727363586426,0.5041723847389221,0.036949366331100464,False,-148.8978729248047,5667.322013088686,3.4212136396539323,0.01836304449592105
mp-769348,MgSnO3,0.0730104979999959,2.0089999999999995,62,Pnma,False,500,-83.14456939697266,4.144547462463379,0.5109585523605347,0.050851911306381226,False,-83.14456939697266,19273.146195781686,3.4750924463346053,0.019170084824718645
mp-1345923,MgTiO3,0.0829077269999984,2.3299,62,Pnma,False,500,-103.25091552734375,4.197076320648193,0.593759298324585,0.08040782809257507,False,-103.25091552734375,21751.11246449007,4.205010730523386,0.02757224903068644
mp-1370061,MgVO3,0.0928165374999991,0.6976000000000004,62,Pnma,False,500,-125.72132873535156,4.245996952056885,0.5518114566802979,0.04910573363304138,False,-125.72132873535156,24344.569852145625,3.817853563850848,0.05039306429632596
mp-1326513,MgWO3,0.0817830849999978,2.4380000000000006,62,Pnma,False,500,-42.81610870361328,4.276216506958008,0.14621615409851074,0.038286179304122925,False,-42.81610870361328,26098.86736142661,1.500458417227697,0.01594344210738716
mp-1278986,MnBO3,0.0323374645520715,0.5985999999999998,2,P-1,False,500,-52.73682403564453,3.830350875854492,0.36122721433639526,0.05509823560714722,False,-52.73682403564453,9348.8034478167,2.4616994260577942,0.005281033867131592
mp-1289597,MnBO3,0.0203677105520725,0.1516999999999999,15,C2/c,False,500,-52.73682403564453,3.830350875854492,0.36122721433639526,0.05509823560714722,False,-52.73682403564453,9348.8034478167,2.4616994260577942,0.005281033867131592
mp-23477,MnBiO3,0.0281614210999983,1.4751000000000003,15,C2/c,False,500,-100.52989959716797,3.9811277389526367,0.47238433361053467,0.026903152465820312,False,-100.52989959716797,13229.17898261831,3.179743906038983,0.02102331756396834
mp-1194603,MnBiO3,0.0262128320999979,1.90163571702498,14,P2_1/c,False,500,-100.52989959716797,3.9811277389526367,0.47238433361053467,0.026903152465820312,False,-100.52989959716797,13229.17898261831,3.179743906038983,0.02102331756396834
mp-998241,MnInF3,0.0323595836111119,2.4765,1,P1,False,500,-61.85321807861328,4.07139778137207,0.4329385459423065,0.033532947301864624,False,-61.85321807861328,16285.568914111715,2.9036639721294053,0.010728800821212199
mp-1422819,MnInF3,0.0323525176111134,2.4617000000000004,221,Pm-3m,False,500,-61.85321807861328,4.07139778137207,0.4329385459423065,0.033532947301864624,False,-61.85321807861328,16285.568914111715,2.9036639721294053,0.010728800821212199
mp-22224,MnSeO3,0.0202544244999876,2.8433,62,Pnma,False,500,-91.56261444091797,3.786310911178589,0.5463896989822388,-0.012918531894683838,False,-91.56261444091797,8447.263945097162,3.7704875321192333,0.00939128303288604
mp-691106,MnSnO3,0.0223195970000018,0.2294,161,R3c,False,500,-45.78288269042969,3.7509450912475586,0.49706369638442993,0.006705343723297119,False,-45.78288269042969,7786.642655663686,3.365669804582487,0.0024246832425087014
mp-30528,MnTlCl3,0.0243922364999997,1.2858,62,Pnma,False,500,-21.386648178100586,4.182983875274658,0.21357925236225128,0.15095767378807068,False,-21.386648178100586,21056.63788508464,1.752213662891421,0.0027482574927698007
mp-570290,MnTlCl3,0.0293077779999997,1.1477,221,Pm-3m,False,500,-21.386648178100586,4.182983875274658,0.21357925236225128,0.15095767378807068,False,-21.386648178100586,21056.63788508464,1.752213662891421,0.0027482574927698007
mp-998762,MnTlF3,0.0,2.6304,221,Pm-3m,True,500,-21.0439395904541,4.177078723907471,0.31436100602149963,0.15767037868499756,False,-21.0439395904541,20772.266088663942,2.2098806342185924,0.0020813214414699215
mp-1106224,MnVO3,0.0417526665000043,0.3157000000000005,62,Pnma,False,500,-46.27909851074219,3.6450583934783936,0.5329235196113586,0.01724231243133545,False,-46.27909851074219,6101.878373452324,3.6553698860114565,0.001787606818583109
mp-772528,MnZnO3,0.098382452,0.1149,62,Pnma,False,500,-96.99559783935547,3.5445001125335693,0.5397452116012573,0.02463635802268982,False,-96.99559783935547,4840.667648751276,3.7132400130119416,0.006132341003864172
mp-1120755,NaCO3,0.0,0.6623,167,R-3c,True,500,-1.7326221466064453,4.127978801727295,0.3132692873477936,0.07310295104980469,True,1.7326221466064453,18551.71035055248,2.2043324675528186,1.2632362639500133e-05
mp-21404,NaCoF3,0.0,2.0659,62,Pnma,True,500,53.66285705566406,3.956867218017578,0.327872097492218,0.14065787196159363,False,53.66285705566406,12510.43386210179,2.2797115919711963,0.007901509205160409
mp-505085,NaCuF3,0.0043112520000008,0.6678000000000001,14,P2_1/c,False,500,35.76459884643555,4.154805660247803,0.4507777690887451,0.18381977081298828,False,35.76459884643555,19733.80414251004,3.025419342449559,0.004171593239822682
mp-505066,NaFeF3,0.0004148375000001,1.8013,62,Pnma,False,500,10.656023979187012,4.002442836761475,0.46186068654060364,0.14319714903831482,False,10.656023979187012,13894.66210869166,3.1036196767380213,0.0002541791224729534
mp-560242,NaMnF3,0.0,2.7474000000000003,62,Pnma,True,500,-177.06695556640625,3.810995101928711,0.39171868562698364,0.14803627133369446,False,-177.06695556640625,8941.291529255888,2.6407451795060584,0.053078519936415575
mp-4531,NaNO3,0.0,2.9451,167,R-3c,True,500,69.19694519042969,4.131217002868652,0.37835532426834106,0.04421010613441467,False,69.19694519042969,18690.55321719677,2.560726137255718,0.01747442405745421
mp-1220986,NaNO3,0.0110834510000001,2.8579,155,R32,False,500,69.19694519042969,4.131217002868652,0.37835532426834106,0.04421010613441467,False,69.19694519042969,18690.55321719677,2.560726137255718,0.01747442405745421
mp-3136,NaNbO3,0.0443390239999974,1.5312,221,Pm-3m,False,500,-20.173471450805664,4.454230785369873,0.46105441451072693,0.09467378258705139,True,20.173471450805664,39322.03076550708,3.0978631211105636,0.0025828845500399005
mp-3671,NaNbO3,0.001741106999999,2.3565000000000005,57,Pbcm,False,500,-20.173471450805664,4.454230785369873,0.46105441451072693,0.09467378258705139,True,20.173471450805664,39322.03076550708,3.0978631211105636,0.0025828845500399005
mp-4419,NaNbO3,0.030859024999998,1.5628,127,P4/mbm,False,500,-20.173471450805664,4.454230785369873,0.46105441451072693,0.09467378258705139,True,20.173471450805664,39322.03076550708,3.0978631211105636,0.0025828845500399005
mp-4514,NaNbO3,0.0,2.7818,161,R3c,True,500,-20.173471450805664,4.454230785369873,0.46105441451072693,0.09467378258705139,True,20.173471450805664,39322.03076550708,3.0978631211105636,0.0025828845500399005
mp-4681,NaNbO3,0.0024077749999982,2.3684000000000003,26,Pmc2_1,False,500,-20.173471450805664,4.454230785369873,0.46105441451072693,0.09467378258705139,True,20.173471450805664,39322.03076550708,3.0978631211105636,0.0025828845500399005
mp-4748,NaNbO3,0.0267007389999989,1.6833000000000002,63,Cmcm,False,500,-20.173471450805664,4.454230785369873,0.46105441451072693,0.09467378258705139,True,20.173471450805664,39322.03076550708,3.0978631211105636,0.0025828845500399005
mp-558920,NaNbO3,0.0018151994999993,2.4098,29,Pca2_1,False,500,-20.173471450805664,4.454230785369873,0.46105441451072693,0.09467378258705139,True,20.173471450805664,39322.03076550708,3.0978631211105636,0.0025828845500399005
mp-559354,NaNbO3,0.0391677254999986,1.8833,63,Cmcm,False,500,-20.173471450805664,4.454230785369873,0.46105441451072693,0.09467378258705139,True,20.173471450805664,39322.03076550708,3.0978631211105636,0.0025828845500399005
mp-1105765,NaNbO3,0.025218161999998,1.865,62,Pnma,False,500,-20.173471450805664,4.454230785369873,0.46105441451072693,0.09467378258705139,True,20.173471450805664,39322.03076550708,3.0978631211105636,0.0025828845500399005
mp-1188528,NaNbO3,0.0028805844999979,2.853,33,Pna2_1,False,500,-20.173471450805664,4.454230785369873,0.46105441451072693,0.09467378258705139,True,20.173471450805664,39322.03076550708,3.0978631211105636,0.0025828845500399005
mp-1189194,NaNbO3,0.029542810499997,1.6606999999999998,62,Pnma,False,500,-20.173471450805664,4.454230785369873,0.46105441451072693,0.09467378258705139,True,20.173471450805664,39322.03076550708,3.0978631211105636,0.0025828845500399005
mp-1190015,NaNbO3,0.0036448904999986,2.2326,31,Pmn2_1,False,500,-20.173471450805664,4.454230785369873,0.46105441451072693,0.09467378258705139,True,20.173471450805664,39322.03076550708,3.0978631211105636,0.0025828845500399005
mp-1194823,NaNbO3,0.0250339659999969,1.7153000000000005,62,Pnma,False,500,-20.173471450805664,4.454230785369873,0.46105441451072693,0.09467378258705139,True,20.173471450805664,39322.03076550708,3.0978631211105636,0.0025828845500399005
mp-1195803,NaNbO3,0.0253544346666654,1.6547999999999998,62,Pnma,False,500,-20.173471450805664,4.454230785369873,0.46105441451072693,0.09467378258705139,True,20.173471450805664,39322.03076550708,3.0978631211105636,0.0025828845500399005
mp-1198142,NaNbO3,0.0283619004999966,1.7341,59,Pmmn,False,500,-20.173471450805664,4.454230785369873,0.46105441451072693,0.09467378258705139,True,20.173471450805664,39322.03076550708,3.0978631211105636,0.0025828845500399005
mp-1199037,NaNbO3,0.0424806867499985,1.7575,17,P222_1,False,500,-20.173471450805664,4.454230785369873,0.46105441451072693,0.09467378258705139,True,20.173471450805664,39322.03076550708,3.0978631211105636,0.0025828845500399005
mp-1199593,NaNbO3,0.0327036768749984,1.6316000000000002,59,Pmmn,False,500,-20.173471450805664,4.454230785369873,0.46105441451072693,0.09467378258705139,True,20.173471450805664,39322.03076550708,3.0978631211105636,0.0025828845500399005
mp-1203293,NaNbO3,0.0245707684999985,1.7941,62,Pnma,False,500,-20.173471450805664,4.454230785369873,0.46105441451072693,0.09467378258705139,True,20.173471450805664,39322.03076550708,3.0978631211105636,0.0025828845500399005
mp-1977728,NaNbO3,0.0294082129999981,1.6644,74,Imma,False,500,-20.173471450805664,4.454230785369873,0.46105441451072693,0.09467378258705139,True,20.173471450805664,39322.03076550708,3.0978631211105636,0.0025828845500399005
mp-20011,NaSbO3,0.0551372470000011,1.4696000000000002,227,Fd-3m,False,500,42.259429931640625,3.869556427001953,0.35571974515914917,0.09565651416778564,False,42.259429931640625,10232.024710043463,2.430678699615185,0.0037588179996885926
mp-22212,NaSbO3,0.0918956150000003,1.2824000000000004,62,Pnma,False,500,42.259429931640625,3.869556427001953,0.35571974515914917,0.09565651416778564,False,42.259429931640625,10232.024710043463,2.430678699615185,0.0037588179996885926
mp-3858,NaTaO3,0.0,2.5926,62,Pnma,True,500,1.9971466064453125,4.411703586578369,0.1802872121334076,0.07587859034538269,True,-1.9971466064453125,35654.03938238042,1.6229121894815042,4.381306293604133e-05
mp-4170,NaTaO3,0.0277541294999981,2.2596,221,Pm-3m,False,500,1.9971466064453125,4.411703586578369,0.1802872121334076,0.07587859034538269,True,-1.9971466064453125,35654.03938238042,1.6229121894815042,4.381306293604133e-05
mp-4675,NaTaO3,0.0093388935000007,2.2808,127,P4/mbm,False,500,1.9971466064453125,4.411703586578369,0.1802872121334076,0.07587859034538269,True,-1.9971466064453125,35654.03938238042,1.6229121894815042,4.381306293604133e-05
mp-4699,NaTaO3,0.0033295580000007,2.3891,63,Cmcm,False,500,1.9971466064453125,4.411703586578369,0.1802872121334076,0.07587859034538269,True,-1.9971466064453125,35654.03938238042,1.6229121894815042,4.381306293604133e-05
mp-754818,NaTaO3,0.0867578065000014,2.7139,227,Fd-3m,False,500,1.9971466064453125,4.411703586578369,0.1802872121334076,0.07587859034538269,True,-1.9971466064453125,35654.03938238042,1.6229121894815042,4.381306293604133e-05
mp-20572,NaVF3,0.0913499079999997,0.6978,221,Pm-3m,False,500,20.821664810180664,4.325963973999023,0.3703532814979553,0.1729208528995514,False,20.821664810180664,29266.388088045074,2.513975792991629,0.002523532729564206
mp-1120756,NaVF3,0.0,1.5126999999999995,62,Pnma,True,500,20.821664810180664,4.325963973999023,0.3703532814979553,0.1729208528995514,False,20.821664810180664,29266.388088045074,2.513975792991629,0.002523532729564206
mp-5537,NbAgO3,0.0594938496730765,1.7871,57,Pbcm,False,500,-2.8657264709472656,3.983001708984375,0.602942943572998,0.053163737058639526,True,2.8657264709472656,13286.385899742012,4.294877226956612,1.2702686607941662e-05
mp-12725,NbAgO3,0.0919056189230769,1.3336,221,Pm-3m,False,500,-2.8657264709472656,3.983001708984375,0.602942943572998,0.053163737058639526,True,2.8657264709472656,13286.385899742012,4.294877226956612,1.2702686607941662e-05
mp-1203481,NbAgO3,0.0605651891730776,1.7362135447607383,26,Pmc2_1,False,500,-2.8657264709472656,3.983001708984375,0.602942943572998,0.053163737058639526,True,2.8657264709472656,13286.385899742012,4.294877226956612,1.2702686607941662e-05
mp-1205362,NbAgO3,0.0718574189230762,0.9892,63,Cmcm,False,500,-2.8657264709472656,3.983001708984375,0.602942943572998,0.053163737058639526,True,2.8657264709472656,13286.385899742012,4.294877226956612,1.2702686607941662e-05
mp-1220387,NbAgO3,0.074483993923077,1.0242999999999998,127,P4/mbm,False,500,-2.8657264709472656,3.983001708984375,0.602942943572998,0.053163737058639526,True,2.8657264709472656,13286.385899742012,4.294877226956612,1.2702686607941662e-05
mp-33932,NbHO3,0.0336375535357174,2.6276,1,P1,False,500,-57.09034729003906,4.258542537689209,0.43629103899002075,0.2863110303878784,False,-57.09034729003906,25058.074203797816,2.9261652537608676,0.01395546192071526
mp-626528,NbHO3,0.0450807430357169,2.5171,1,P1,False,500,-57.09034729003906,4.258542537689209,0.43629103899002075,0.2863110303878784,False,-57.09034729003906,25058.074203797816,2.9261652537608676,0.01395546192071526
mp-757636,NbTlO3,0.0,0.7458,1,P1,True,500,-23.11958885192871,4.2144060134887695,0.09533391892910004,0.07929620146751404,False,-23.11958885192871,22636.598439010042,1.334571139876585,0.004533145462065758
mp-977408,NbTlO3,0.0906740972499937,0.1116000000000001,221,Pm-3m,False,500,-23.11958885192871,4.2144060134887695,0.09533391892910004,0.07929620146751404,False,-23.11958885192871,22636.598439010042,1.334571139876585,0.004533145462065758
mp-1101462,NbTlO3,0.0013711412499954,0.946658554294193,9,Cc,False,500,-23.11958885192871,4.2144060134887695,0.09533391892910004,0.07929620146751404,False,-23.11958885192871,22636.598439010042,1.334571139876585,0.004533145462065758
mp-14254,NdAlO3,0.0274909169999926,2.863600000000001,221,Pm-3m,False,500,-78.44490051269531,4.0844855308532715,0.6538876891136169,0.054730355739593506,False,-78.44490051269531,16783.81501071171,4.829425814280257,0.010692878261191557
mp-20031,NdCoO3,0.0781587439998885,0.791412993383716,221,Pm-3m,False,500,149.3509063720703,4.029987335205078,0.27601122856140137,0.044178903102874756,False,149.3509063720703,14804.457190266208,2.023107865837582,0.08161296937264416
mp-22599,NdCoO3,0.0,1.2315999999999994,62,Pnma,True,500,149.3509063720703,4.029987335205078,0.27601122856140137,0.044178903102874756,False,149.3509063720703,14804.457190266208,2.023107865837582,0.08161296937264416
mp-19269,NdCrO3,0.0,2.54,62,Pnma,True,500,241.92820739746094,3.5584802627563477,0.23738157749176025,0.038641005754470825,False,241.92820739746094,4999.026236027486,1.8509274130034838,0.07903856519031105
mp-20407,NdFeO3,0.0,1.7311,62,Pnma,True,500,101.25225067138672,3.4658026695251465,0.32600516080856323,0.031277358531951904,False,101.25225067138672,4038.385954951318,2.2699326458885976,0.009119567192972298
mp-755138,NdInO3,0.0147230442500001,2.6533,62,Pnma,False,500,-45.53947448730469,4.143984317779541,0.4115158021450043,0.042204320430755615,False,-45.53947448730469,19248.171123650627,2.763908186327883,0.007221241885468518
mp-20852,NdMnO3,0.0,1.898,62,Pnma,True,500,104.97017669677734,3.6130828857421875,0.2994738519191742,0.021538525819778442,False,104.97017669677734,5668.759588795493,2.1354119166970107,0.014625416338048564
mp-4582,NdRhO3,0.0,0.6487000000000007,62,Pnma,True,500,159.62173461914062,3.7620749473571777,0.2771023213863373,0.03628984093666077,False,159.62173461914062,7988.773362855135,2.0281969787629444,0.05017923378351629
mp-1105614,NdScS3,0.0,1.8593,62,Pnma,True,500,-140.32183837890625,4.241654396057129,0.05893497169017792,0.11849221587181091,False,-140.32183837890625,24102.358913390268,1.2272775268331422,0.19334694019931092
mp-541129,NdVO3,0.0,1.5603999999999996,62,Pnma,True,500,4.901790618896484,4.196017742156982,0.20920038223266602,0.05214470624923706,False,4.901790618896484,21698.159406362694,1.7346353487863135,0.00015027758946523648
mp-25096,NiBiO3,0.0322425907500036,0.3548,11,P2_1/m,False,500,2.9838695526123047,3.889420986175537,0.2950623035430908,0.02415981888771057,False,2.9838695526123047,10710.904311566814,2.1138302744222,2.255722627584278e-05
mp-1209810,NiTeO3,0.0463462223333346,2.5735,62,Pnma,False,500,15.385574340820312,3.7314963340759277,0.3084697127342224,-0.04273301362991333,False,15.385574340820312,7445.630627183478,2.1801055614310325,0.0004042233481164511
mp-8218,PrAlO3,0.0180234129999909,2.8792,221,Pm-3m,False,500,-85.427001953125,4.181245803833008,0.585578203201294,0.065646231174469,False,-85.427001953125,20972.53641349249,4.126539563191636,0.018544933419646192
mp-20090,PrCoO3,0.0,1.1319000000000004,62,Pnma,True,500,118.09262084960938,4.011634826660156,0.1624828428030014,0.04164794087409973,False,118.09262084960938,14191.881621796056,1.55772450822919,0.06352795181002173
mp-1105822,PrCrO3,0.0,2.0419,62,Pnma,True,500,302.5236511230469,3.4578967094421387,0.1278807520866394,0.03838452696800232,False,302.5236511230469,3965.535688351591,1.438429436900903,0.1261542747806751
mp-22341,PrFeO3,0.0,1.0793000000000004,62,Pnma,True,500,116.47987365722656,3.373494863510132,0.1845124214887619,0.029560506343841553,False,116.47987365722656,3265.1265382404818,1.6387784017795368,0.013516105449372201
mp-22564,PrMnO3,0.0,1.402,62,Pnma,True,500,105.07176208496094,3.410224676132202,0.09938862919807434,0.025952666997909546,False,105.07176208496094,3553.2832561664545,1.347089463568804,0.014560471064456314
mp-4789,PrRhO3,0.0,0.6036999999999999,62,Pnma,True,500,148.18063354492188,3.703094005584717,0.2095179259777069,0.03608381748199463,False,148.18063354492188,6974.276461102391,1.7359041284965713,0.044108909582364846
mp-1189962,PrScS3,0.0,1.8377,62,Pnma,True,500,-97.47604370117188,4.313257217407227,0.10204572975635529,0.11216211318969727,False,-97.47604370117188,28422.506251991188,1.3553564903825632,0.09962644262439926
mp-1209329,PrVO3,0.0,1.3015999999999996,62,Pnma,True,500,39.66062927246094,4.211602687835693,0.13445588946342468,0.04845312237739563,False,39.66062927246094,22490.95212506954,1.4603726791885396,0.012112487647976638
mp-1206325,RbCrF3,0.0103533537499957,0.9717000000000002,123,P4/mmm,False,500,21.720966339111328,4.255664348602295,0.373079776763916,0.13290801644325256,False,21.720966339111328,24892.556519338395,2.5298081468907294,0.002321187400552306
mp-1206801,RbEuCl3,0.0383723899999992,0.4541999999999997,221,Pm-3m,False,500,55.21233367919922,4.387439727783203,0.16419997811317444,0.13816684484481812,False,55.21233367919922,33716.68597264406,1.5638957095006254,0.03286088875930223
mp-571458,RbGeI3,0.013385509333331,0.5181,221,Pm-3m,False,500,121.27218627929688,4.092540740966797,-0.19199663400650024,0.31361913681030273,False,121.27218627929688,17098.02289344089,0.6886700182252301,0.1825690419738792
mp-7482,RbHgF3,0.0,0.6454,221,Pm-3m,True,500,5.738930702209473,4.274401664733887,0.37058815360069275,0.18585334718227386,True,-5.738930702209473,25990.032226795836,2.5153357514969827,0.0001701542574104383
mp-1110737,RbInBr3,0.0251928204999982,1.3264041792853,225,Fm-3m,False,500,29.100637435913086,4.005503177642822,-0.04866918921470642,0.16979849338531494,False,29.100637435913086,13992.919346589493,0.9579406897174233,0.006185071416668332
mp-1114001,RbInCl3,0.0,1.677311796494664,225,Fm-3m,True,500,-50.83818817138672,4.090310096740723,0.01806667447090149,0.16468170285224915,True,50.83818817138672,17010.428351331728,1.117054814044042,0.019678450486738684
mp-1110662,RbInF3,0.0091613249603108,2.4848,225,Fm-3m,False,500,-73.59929656982422,4.209336280822754,0.2506355941295624,0.1329352855682373,True,73.59929656982422,22373.886678958115,1.9082857365931403,0.03175523721870472
mp-1114161,RbInI3,0.0563835451666636,0.7159,225,Fm-3m,False,500,53.67237854003906,3.8216724395751953,-0.1479279100894928,0.2927812933921814,False,53.67237854003906,9163.842004996462,0.7622192275408866,0.017316869373800947
mp-558749,RbMnF3,0.0,2.9437,221,Pm-3m,True,500,-21.015962600708008,3.977173089981079,0.3369152843952179,0.12853166460990906,False,-21.015962600708008,13109.26199867705,2.3276790321399465,0.0012437231753594268
mp-752446,RbNO3,0.0210339020000001,2.9815,155,R32,False,500,103.60336303710938,4.116323471069336,0.35697391629219055,0.04621702432632446,False,103.60336303710938,18060.45237928979,2.437708245674791,0.039761669269640705
mp-1075911,RbNbO3,0.082736542000001,1.3578,221,Pm-3m,False,500,8.86332893371582,4.425107002258301,0.440280020236969,0.04324418306350708,True,-8.86332893371582,36771.56852865472,2.953165799954759,0.0004890891895802223
mp-998157,RbSnBr3,0.0446438260000023,0.6010000000000002,1,P1,False,500,62.990013122558594,3.9668118953704834,-0.16966289281845093,0.15934979915618896,False,62.990013122558594,12800.208641732022,0.7250115365897026,0.035025595948522656
mp-998156,RbSnCl3,0.0227385199999998,0.9861,8,Cm,False,500,29.365123748779297,3.9997763633728027,0.011203378438949585,0.13754421472549438,False,29.365123748779297,13809.613271935172,1.0995403933961536,0.00541506910394548
mp-998611,RbSnCl3,0.0,2.326613151723183,161,R3c,True,500,29.365123748779297,3.9997763633728027,0.011203378438949585,0.13754421472549438,False,29.365123748779297,13809.613271935172,1.0995403933961536,0.00541506910394548
mp-755018,RbTaO3,0.0525669795000158,2.5106,160,R3m,False,500,-16.938688278198242,4.44471549987793,0.20349392294883728,0.033653825521469116,False,-16.938688278198242,38469.86419309193,1.711992008229379,0.0032236544005698844
mp-1076534,RbTaO3,0.0566622735000148,2.0076,221,Pm-3m,False,500,-16.938688278198242,4.44471549987793,0.20349392294883728,0.033653825521469116,False,-16.938688278198242,38469.86419309193,1.711992008229379,0.0032236544005698844
mp-1114101,RbTlBr3,0.0253148957499997,0.9634037051434756,225,Fm-3m,False,500,37.46920394897461,4.1850080490112305,-0.07223954796791077,0.2570582628250122,False,37.46920394897461,21155.0084086452,0.9073362497657286,0.016366803840245348
mp-1113994,RbTlCl3,0.0306932017291674,1.1539100733397554,225,Fm-3m,False,500,-36.428794860839844,4.221388816833496,0.08508239686489105,0.21365727484226227,True,36.428794860839844,23003.502692425747,1.3034374861961293,0.01171017474233678
mp-1113914,RbTlF3,0.0,2.0588124041671416,225,Fm-3m,True,500,-65.7197265625,4.256772041320801,0.3211349546909332,0.16569554805755615,False,-65.7197265625,24956.127433324807,2.244619671832676,0.024010208412069307
mp-1114149,RbTlI3,0.0912211314999997,0.4939,225,Fm-3m,False,500,111.71492767333984,4.091560363769531,-0.13391214609146118,0.33063384890556335,False,111.71492767333984,17059.46931556648,0.7872191748546888,0.13522664548157567
mp-556424,RbVF3,0.0,2.4507000000000003,221,Pm-3m,True,500,117.95291900634766,4.479128837585449,0.32991114258766174,0.14264795184135437,False,117.95291900634766,41642.23118151447,2.2904401745516583,0.126474341944129
mp-626182,SbHO3,0.0279537947499868,1.0685,141,I4_1/amd,False,500,54.70783996582031,4.0661420822143555,0.40513718128204346,1.1890729665756226,False,54.70783996582031,16089.673656834855,2.7236104470209423,0.008840389175712924
mp-626218,SbHO3,0.0157999897499871,1.1867,43,Fdd2,False,500,54.70783996582031,4.0661420822143555,0.40513718128204346,1.1890729665756226,False,54.70783996582031,16089.673656834855,2.7236104470209423,0.008840389175712924
mp-555313,ScBiO3,0.0337337538750013,2.6897,9,Cc,False,500,-53.65519714355469,4.2269110679626465,0.3108769357204437,0.1132211685180664,False,-53.65519714355469,23297.870194651918,2.192223080189605,0.015297662304003224
mp-555769,ScBiO3,0.0344824253750006,2.6784,15,C2/c,False,500,-53.65519714355469,4.2269110679626465,0.3108769357204437,0.1132211685180664,False,-53.65519714355469,23297.870194651918,2.192223080189605,0.015297662304003224
mp-756205,ScBiO3,0.0321571613750002,2.7215,62,Pnma,False,500,-53.65519714355469,4.2269110679626465,0.3108769357204437,0.1132211685180664,False,-53.65519714355469,23297.870194651918,2.192223080189605,0.015297662304003224
mp-1643785,ScCoO3,0.0691988195892872,0.8961999999999994,14,P2_1/c,False,500,105.63085174560547,3.7498271465301514,0.5749033093452454,0.03978133201599121,False,105.63085174560547,7766.624345731356,4.0263462465206885,0.010761498466630975
mp-18961,ScCrO3,0.0368469178749997,2.3991,62,Pnma,False,500,10.521127700805664,3.9815211296081543,0.5117183923721313,0.03373056650161743,False,10.521127700805664,13241.167606372846,3.481177777048135,0.0002105206336822076
mp-769734,ScFeO3,0.0839461803749976,1.5712000000000002,62,Pnma,False,500,23.246212005615234,3.5882577896118164,0.565047025680542,0.03712165355682373,True,-23.246212005615234,5353.809856164374,3.93599769785041,0.0003675212881090383
mp-1105811,ScMnO3,0.0499739205624987,1.7893999999999997,14,P2_1/c,False,500,48.36968994140625,3.800978183746338,0.45161253213882446,0.048622727394104004,True,-48.36968994140625,8737.422508037007,3.0312401324787595,0.003371938198060576
mp-1188449,ScRhO3,0.0511400981249963,1.0496999999999996,62,Pnma,False,500,57.64512634277344,3.9179272651672363,0.4356667995452881,0.030039876699447632,False,57.64512634277344,11437.534536085235,2.9219623091849907,0.006503587743584485
mp-1196890,ScRhO3,0.0246142638749962,1.1204903046814725,14,P2_1/c,False,500,57.64512634277344,3.9179272651672363,0.4356667995452881,0.030039876699447632,False,57.64512634277344,11437.534536085235,2.9219623091849907,0.006503587743584485
mp-752429,ScTlO3,0.0787690023749974,0.9279999999999996,62,Pnma,False,500,-8.847257614135742,4.263914585113525,0.31240203976631165,0.08686748147010803,False,-8.847257614135742,25369.957424294862,2.1999350031570395,0.00045133315637748247
mp-756546,ScVO3,0.0493919894999983,1.5053,62,Pnma,False,500,71.72061920166016,4.567220687866211,0.4430243968963623,0.05283510684967041,False,71.72061920166016,51006.537267796826,2.971886416468122,0.04414196878539006
mp-20016,SmCoO3,0.0,1.3174,62,Pnma,True,500,325.8868408203125,4.729177474975586,0.28733643889427185,0.036973387002944946,False,325.8868408203125,74059.81592062148,2.076558875641338,1.89383453560386
mp-1105788,SmCrO3,0.0,2.4786,62,Pnma,True,500,179.3728790283203,3.866312265396118,0.15179100632667542,0.029815375804901123,False,179.3728790283203,10155.876679032712,1.5198433107928166,0.10749844060246987
mp-20243,SmFeO3,0.0,1.545,62,Pnma,True,500,148.0247344970703,3.5756523609161377,0.2964513897895813,0.02152898907661438,False,148.0247344970703,5200.648648535551,2.120602162035004,0.0268680965497119
mp-752437,SmInO3,0.0303930866249988,2.6396999999999995,62,Pnma,False,500,-69.11910247802734,4.3481621742248535,0.3732466399669647,0.04315000772476196,False,-69.11910247802734,30801.178068558733,2.5307803282412533,0.029072277946229116
mp-22203,SmMnO3,0.0,1.4644000000000004,62,Pnma,True,500,89.19515228271484,3.8299052715301514,0.3147240877151489,0.017050713300704956,True,-89.19515228271484,9339.21610335137,2.211728925482909,0.01679697338129911
mp-3317,SmRhO3,0.0,0.7331000000000003,62,Pnma,True,500,98.35404968261719,3.9356861114501953,0.1393652707338333,0.033845216035842896,False,98.35404968261719,11914.923676504402,1.4769747840515577,0.03901868971388994
mp-1188840,SmScS3,0.0,1.8487000000000005,62,Pnma,True,500,-130.23028564453125,4.264588832855225,0.05803509056568146,0.16618692874908447,False,-130.23028564453125,25409.375198288653,1.2247371757001153,0.17593209572946614
mp-754787,SmTlO3,0.0731567521249978,0.8895,62,Pnma,False,500,-45.79645538330078,4.395867347717285,0.21065855026245117,0.1270371377468109,False,-45.79645538330078,34377.35832905505,1.740469272436753,0.02071285072984723
mp-1188225,SmVO3,0.0,1.5136000000000005,62,Pnma,True,500,-6.044872283935547,4.351461887359619,0.07568439841270447,0.04991164803504944,True,6.044872283935547,31036.092719282246,1.2755344964648105,0.00044454844508933113
mp-29164,SrBiO3,0.0,0.3106,14,P2_1/c,True,500,-114.59193420410156,3.6398377418518066,0.3516630530357361,0.10116198658943176,False,-114.59193420410156,6028.96683898941,2.4080797358631347,0.016438043913451425
mp-22428,SrCeO3,0.0085144779999968,2.5055000000000005,62,Pnma,False,500,-66.24373626708984,4.348276615142822,0.25353649258613586,0.13884541392326355,False,-66.24373626708984,30809.295554977474,1.9210749217939336,0.03518820464469399
mp-1208643,SrHfS3,0.0,1.4955999999999996,62,Pnma,True,500,-122.65940856933594,4.40333366394043,0.1347593516111374,0.12404763698577881,False,-122.65940856933594,34973.4774823102,1.4613934674219102,0.1800293827623039
mp-1542758,SrMoO3,0.0,1.3088000000000006,12,C2/m,True,500,-13.322370529174805,4.645064353942871,0.34012308716773987,0.017736822366714478,True,13.322370529174805,61019.62119114283,2.344935477084225,0.0023092536087624426
mp-2879,SrSnO3,0.0,1.7406,62,Pnma,True,500,-64.98336029052734,3.814887046813965,0.6072065234184265,0.03655695915222168,False,-64.98336029052734,9021.77932818955,4.337248779451074,0.004391897551247796
mp-12866,SrSnO3,0.0036590239999982,1.6169000000000002,74,Imma,False,500,-64.98336029052734,3.814887046813965,0.6072065234184265,0.03655695915222168,False,-64.98336029052734,9021.77932818955,4.337248779451074,0.004391897551247796
mp-12867,SrSnO3,0.0067069569999995,1.5614,140,I4/mcm,False,500,-64.98336029052734,3.814887046813965,0.6072065234184265,0.03655695915222168,False,-64.98336029052734,9021.77932818955,4.337248779451074,0.004391897551247796
mp-546973,SrSnO3,0.0477347734999993,0.9749,221,Pm-3m,False,500,-64.98336029052734,3.814887046813965,0.6072065234184265,0.03655695915222168,False,-64.98336029052734,9021.77932818955,4.337248779451074,0.004391897551247796
mp-4651,SrTiO3,0.0,1.8559,140,I4/mcm,True,500,-270.8820495605469,3.984058141708374,0.707918643951416,0.10071268677711487,False,-270.8820495605469,13318.744722992156,5.469233358304511,0.08934439222089234
mp-5229,SrTiO3,0.0004700539999991,1.7658999999999998,221,Pm-3m,False,500,-270.8820495605469,3.984058141708374,0.707918643951416,0.10071268677711487,False,-270.8820495605469,13318.744722992156,5.469233358304511,0.08934439222089234
mp-551830,SrTiO3,8.474800000080052e-05,1.7869999999999997,140,I4/mcm,False,500,-270.8820495605469,3.984058141708374,0.707918643951416,0.10071268677711487,False,-270.8820495605469,13318.744722992156,5.469233358304511,0.08934439222089234
mp-5193,SrZrS3,0.0064128314999978,1.1777000000000002,62,Pnma,False,500,-153.65005493164062,4.276134490966797,0.2737232446670532,0.12338796257972717,False,-153.65005493164062,26093.93908704068,2.012477598156431,0.15305377071157994
mp-9890,TaAgO3,0.0315954175000001,1.9158,167,R-3c,False,500,3.815152168273926,4.316897869110107,0.3641471266746521,0.09218475222587585,True,-3.815152168273926,28661.771040011212,2.4783060480623558,8.416699446380679e-05
mp-1187189,TaAgO3,0.0450003925000004,1.7306000000000004,221,Pm-3m,False,500,3.815152168273926,4.316897869110107,0.3641471266746521,0.09218475222587585,True,-3.815152168273926,28661.771040011212,2.4783060480623558,8.416699446380679e-05
mp-33753,TaHO3,0.0770895237500024,2.7443,141,I4_1/amd,False,500,-44.663551330566406,4.268604755401611,0.1727791279554367,0.14718714356422424,False,-44.663551330566406,25645.42547373691,1.5950964115648323,0.016036126713651018
mp-676262,TaTlO3,0.0,0.9695,15,C2/c,True,500,-131.48585510253906,4.3627495765686035,0.08118091523647308,0.19174255430698395,False,-131.48585510253906,31853.321854029888,1.2917805027053235,0.21315429062898705
mp-756933,TaTlO3,0.004274724750001,0.4457999999999997,227,Fd-3m,False,500,-131.48585510253906,4.3627495765686035,0.08118091523647308,0.19174255430698395,False,-131.48585510253906,31853.321854029888,1.2917805027053235,0.21315429062898705
mp-19802,TbCoO3,0.0,1.4160999999999997,62,Pnma,True,500,180.30035400390625,3.8104465007781982,0.015131741762161255,0.035644978284835815,False,180.30035400390625,8930.00401306525,1.1095312836184918,0.13082033755753325
mp-756124,TbCrO3,0.0,2.5095,62,Pnma,True,500,170.2324676513672,3.8032898902893066,0.2726091146469116,0.03372111916542053,False,170.2324676513672,8784.054943076846,2.0073214466035867,0.06340637318404854
mp-19853,TbFeO3,6.255587500092474e-05,1.6263,62,Pnma,False,500,120.4935302734375,3.644989252090454,0.4014449119567871,0.025979608297348022,False,120.4935302734375,6100.907007764571,2.700553105856453,0.016399822407406478
mp-769263,TbInO3,0.0560910488750003,2.5935,62,Pnma,False,500,-26.167787551879883,4.306936740875244,0.3950975835323334,0.044743478298187256,False,-26.167787551879883,28011.856583155088,2.6613708368406064,0.0036036326686802412
mp-22055,TbMnO3,0.0,1.4940000000000009,62,Pnma,True,500,260.9590759277344,3.7738189697265625,0.5072978138923645,0.029988646507263184,False,260.9590759277344,8207.750060837085,3.4459234375975702,0.08110232696748214
mp-5692,TbRhO3,0.0,0.8749000000000002,62,Pnma,True,500,133.216064453125,4.151068687438965,0.046105533838272095,0.03252801299095154,False,133.216064453125,19564.72918246842,1.1915529436740162,0.14569468197652002
mp-1188262,TbScS3,0.0,1.7696,62,Pnma,True,500,-115.8448486328125,4.304893970489502,0.13247136771678925,0.11243012547492981,False,-115.8448486328125,27880.40792678601,1.4537146856779877,0.12868958583625625
mp-554811,TbVO3,0.0,1.4395999999999995,62,Pnma,True,500,-6.063821792602539,4.360689163208008,0.0538703054189682,0.04714232683181763,False,-6.063821792602539,31702.558782608998,1.2130483612996446,0.00048048414823255887
mp-5052,TiCdO3,0.0387445740000007,2.4156,33,Pna2_1,False,500,-46.198150634765625,4.122054100036621,0.47031500935554504,0.05062565207481384,False,-46.198150634765625,18300.34399470961,3.1646291156316577,0.0061710010374181916
mp-14550,TiCdO3,0.0425426290000006,2.1213,62,Pnma,False,500,-46.198150634765625,4.122054100036621,0.47031500935554504,0.05062565207481384,False,-46.198150634765625,18300.34399470961,3.1646291156316577,0.0061710010374181916
mp-20940,TiCdO3,0.0395681674999996,2.4636,26,Pmc2_1,False,500,-46.198150634765625,4.122054100036621,0.47031500935554504,0.05062565207481384,False,-46.198150634765625,18300.34399470961,3.1646291156316577,0.0061710010374181916
mp-19270,TiFeO3,0.0317737499999992,2.5309,161,R3c,False,500,-35.07710266113281,3.7375683784484863,0.5351998805999756,0.024830669164657593,False,-35.07710266113281,7550.462096314939,3.674579862364051,0.0012641053606844612
mp-20073,TiFeO3,0.0718263530000005,1.4865000000000004,62,Pnma,False,500,-35.07710266113281,3.7375683784484863,0.5351998805999756,0.024830669164657593,False,-35.07710266113281,7550.462096314939,3.674579862364051,0.0012641053606844612
mp-19376,TiMnO3,0.0363191124999993,1.7771999999999997,161,R3c,False,500,-15.462835311889648,3.6827924251556396,0.5766606330871582,0.038144469261169434,False,-15.462835311889648,6655.7588519797955,4.0426714101427335,0.00019682370399496933
mp-556925,TiMnO3,0.0599898020000004,1.5349000000000004,62,Pnma,False,500,-15.462835311889648,3.6827924251556396,0.5766606330871582,0.038144469261169434,False,-15.462835311889648,6655.7588519797955,4.0426714101427335,0.00019682370399496933
mp-1078470,TiZnO3,0.055374115500002,2.828,161,R3c,False,500,-92.68814086914062,4.019112586975098,0.565352737903595,0.03714287281036377,False,-92.68814086914062,14438.355815223496,3.938769333844177,0.01574619186793793
mp-1105306,TlCrO3,0.039864296500002,0.4300999999999995,62,Pnma,False,500,-11.87109375,3.8557944297790527,0.3050534427165985,0.06800833344459534,True,11.87109375,9912.873932664977,2.163023574484421,0.000322916178424489
mp-505819,TlFeO3,0.0472809699999992,0.7036999999999995,62,Pnma,False,500,107.256591796875,3.8742778301239014,0.527129054069519,0.051500022411346436,False,107.256591796875,10343.868324072038,3.6069229415409576,0.016495447765464827
mp-756909,TlGaO3,0.0695921199999984,0.2334000000000005,62,Pnma,False,500,11.28472900390625,4.500085830688477,0.48163390159606934,0.1067211925983429,True,-11.28472900390625,43700.96065769433,3.2481921441038835,0.0008566463032341425
mp-998153,TlGeBr3,0.0279997379999996,0.7555999999999998,8,Cm,False,500,25.81958770751953,4.364090442657471,0.04805785417556763,0.3316185176372528,True,-25.81958770751953,31951.81963159458,1.196921489156238,0.008898125815808136
mp-998744,TlGeCl3,0.0327651060000011,1.3779,8,Cm,False,500,13.626405715942383,4.362668037414551,0.14208704233169556,0.15753129124641418,True,-13.626405715942383,31847.341927461035,1.486260214554545,0.001989348971884037
mp-998710,TlHgF3,0.0145253994999992,1.805,1,P1,False,500,-16.932802200317383,4.3279829025268555,0.24895165860652924,0.20043709874153137,False,-16.932802200317383,29402.757075557918,1.9009008665730487,0.0022174623866007765
mp-998758,TlHgF3,0.0,2.1963,55,Pbam,True,500,-16.932802200317383,4.3279829025268555,0.24895165860652924,0.20043709874153137,False,-16.932802200317383,29402.757075557918,1.9009008665730487,0.0022174623866007765
mp-998713,TlInCl3,0.0070095394999989,1.5597,1,P1,False,500,-28.79300880432129,4.249846458435059,0.12196019291877747,0.16854548454284668,False,-28.79300880432129,24561.314814604695,1.4189529752568684,0.007175095950673758
mp-2767078,TlInCl3,0.0,2.5745,2,P-1,True,500,-28.79300880432129,4.249846458435059,0.12196019291877747,0.16854548454284668,False,-28.79300880432129,24561.314814604695,1.4189529752568684,0.007175095950673758
mp-1178989,TlNiO3,0.0754351371666661,0.1478000000000001,14,P2_1/c,False,500,44.353519439697266,4.126718997955322,0.2488531470298767,0.07534950971603394,True,-44.353519439697266,18497.973427118428,1.9004697316806272,0.009573910689720003
mp-561954,TmCoO3,0.0226815634642871,1.1885999999999997,62,Pnma,False,500,202.6656951904297,3.7017974853515625,0.01478758454322815,0.032739996910095215,False,202.6656951904297,6953.486865221751,1.1086523824195968,0.1288064864749148
mp-777295,TmCrO3,0.0,2.6809,62,Pnma,True,500,149.5999298095703,3.9455389976501465,0.35789650678634644,0.04598960280418396,False,149.5999298095703,12188.32850306854,2.442892278795073,0.05583064149661092
mp-20651,TmFeO3,0.0243056352500001,1.6096,62,Pnma,False,500,198.5271453857422,3.650343418121338,0.26207658648490906,0.022935599088668823,False,198.5271453857422,6176.587119015985,1.9592253732317004,0.06212608335571481
mp-1101263,TmInO3,0.0863472772499998,2.5259,62,Pnma,False,500,20.490421295166016,4.402541637420654,0.37131768465042114,0.05072981119155884,True,-20.490421295166016,34909.75417965537,2.519564581720146,0.002908660786845793
mp-554270,TmMnO3,0.0410788485000015,2.0076,62,Pnma,False,500,138.20042419433594,3.9097886085510254,0.4176906645298004,0.01748138666152954,True,-138.20042419433594,11225.191580008744,2.803486535295548,0.03823702048484269
mp-1207705,TmRhO3,0.0,1.3457,62,Pnma,True,500,118.65449523925781,4.1180243492126465,0.04453739523887634,0.038143038749694824,False,118.65449523925781,18131.323325325255,1.187258275199561,0.10750352228024444
mp-1101279,TmTlO3,0.0884914422499987,0.7359999999999998,62,Pnma,False,500,-31.936948776245117,4.413008689880371,0.18959665298461914,0.16625922918319702,False,-31.936948776245117,35761.34489462584,1.6580761143133829,0.010999329899618441
mp-18946,VBO3,0.0,1.8527,167,R-3c,True,500,-44.594573974609375,4.1770920753479,0.35666152834892273,0.07441955804824829,False,-44.594573974609375,20772.90469667757,2.4359554330435333,0.008479337725427374
mp-756282,VBiO3,0.010364148125002,1.2434000000000005,62,Pnma,False,500,-167.03079223632812,4.2201738357543945,-0.007053077220916748,0.06683588027954102,False,-167.03079223632812,22939.238090073453,1.0542770018055512,0.303520020258072
mp-22649,VCdO3,0.0701796605000009,0.4319000000000002,62,Pnma,False,500,-99.37077331542969,4.022280693054199,0.567548394203186,0.03892451524734497,False,-99.37077331542969,14544.066323201796,3.958732935036209,0.018139152228688
mp-1216392,VCrO3,0.0075114801250038,1.6132999999999995,161,R3c,False,500,-13.776891708374023,4.214802265167236,0.5223270654678345,0.027098119258880615,False,-13.776891708374023,22657.26156916165,3.5672609154680917,0.0006027608500168037
mp-755580,VGaO3,0.0920560701249986,1.4157000000000002,62,Pnma,False,500,-80.15849304199219,4.087215423583984,0.44996392726898193,0.04449215531349182,False,-80.15849304199219,16889.64716004337,3.0197551967913885,0.01796875270838579
mp-1273178,YCoO3,0.0116558665892867,0.3085,2,P-1,False,500,432.4856262207031,3.5835816860198975,0.4467858076095581,0.028207749128341675,False,432.4856262207031,5296.473934070199,2.997737616941267,0.16523672636909195
mp-1288734,YCoO3,0.0154647095892865,0.1141,14,P2_1/c,False,500,432.4856262207031,3.5835816860198975,0.4467858076095581,0.028207749128341675,False,432.4856262207031,5296.473934070199,2.997737616941267,0.16523672636909195
mp-18725,YCrO3,0.0,2.3271,62,Pnma,True,500,115.48136901855469,3.660829782485962,0.44464176893234253,0.036914318799972534,False,115.48136901855469,6327.540531818037,2.9829747623009393,0.014144226704054318
mp-20783,YFeO3,0.0118179143749994,1.5888,62,Pnma,False,500,174.44041442871094,3.5390262603759766,0.4963945150375366,0.035710155963897705,False,174.44041442871094,4780.038709979748,3.3604878157329807,0.021641796671914564
mp-20699,YMnO3,0.0230952568333329,1.5091,62,Pnma,False,500,75.12659454345703,3.636749505996704,0.4441595673561096,0.04597759246826172,False,75.12659454345703,5986.247370380415,2.9796645731200035,0.005669499117078764
mp-1379411,YMoO3,0.0295691505937529,2.2163160966916937,62,Pnma,False,500,74.90087127685547,4.13280725479126,0.30839958786964417,0.024631381034851074,False,74.90087127685547,18759.117690268937,2.1797535715447274,0.02414063855900201
mp-1207629,YRhO3,0.0,1.1799999999999995,62,Pnma,True,500,112.3517837524414,3.86675763130188,0.29750847816467285,0.02432522177696228,False,112.3517837524414,10166.296800382013,2.1257700707864484,0.0301839758319651
mp-7792,YScS3,0.0018075120000027,1.7758000000000005,62,Pnma,False,500,-100.271240234375,4.440428256988525,0.16973374783992767,0.10994696617126465,False,-100.271240234375,38091.96795153863,1.5839503269878716,0.12089675109349995
mp-989576,YWN3,0.0459397585000047,1.5404,161,R3c,False,500,21.03011703491211,4.403815269470215,0.29868629574775696,0.08183768391609192,True,-21.03011703491211,35012.28240260873,2.1315430374843416,0.003632283186911566
mp-14099,ZnAgF3,0.0535718940000014,1.5852,221,Pm-3m,False,500,-2.370250701904297,4.098269939422607,0.3662269413471222,0.0695938766002655,False,-2.370250701904297,17325.07377764132,2.4902029966685904,1.9543345657795165e-05
mp-1378105,ZnBiO3,0.0806278960000002,0.8814050363816994,14,P2_1/c,False,500,-69.13720703125,4.1855998039245605,0.3641255497932434,0.08566772937774658,False,-69.13720703125,21183.853151694962,2.4781829224193257,0.020429854047192806
mp-13334,ZnSnO3,0.041423655,1.0809999999999995,161,R3c,False,500,-78.9916763305664,4.211886882781982,0.505664050579071,0.025739043951034546,False,-78.9916763305664,22505.67463940376,3.4329846427569466,0.020452803244006827
mp-1337169,ZnSnO3,0.0828422335,1.1063178585305646,62,Pnma,False,500,-78.9916763305664,4.211886882781982,0.505664050579071,0.025739043951034546,False,-78.9916763305664,22505.67463940376,3.4329846427569466,0.020452803244006827
mp-1340971,ZnWO3,0.0889550014999995,1.8923,62,Pnma,False,500,33.1207275390625,4.084698677062988,0.34591102600097656,0.07338300347328186,True,-33.1207275390625,16792.054315422418,2.376396127883074,0.0038757408884483716
mp-756665,ZrCoO3,0.0785098070000032,1.7275,62,Pnma,False,500,43.19236373901367,3.690492630004883,0.4771054685115814,0.022996962070465088,False,43.19236373901367,6774.8203485170925,3.2144988784694077,0.0019659318227993033
mp-754513,ZrMnO3,0.0428264210000044,2.6175,161,R3c,False,500,30.74176025390625,3.8986330032348633,0.4444364011287689,0.037635356187820435,True,-30.74176025390625,10940.52483989893,2.9815645160749975,0.0017338894825926101
mp-776165,AgAuO3,0.0594244018333327,0.2423000000000001,227,Fd-3m,False,600,129.7410125732422,4.104691982269287,0.42245471477508545,0.18768320977687836,False,129.7410125732422,17583.168401629304,2.8344090424831307,0.06265279171496325
mp-775761,AgClO3,0.0315841524999971,2.925,198,P2_13,False,600,-32.440391540527344,4.066349506378174,0.2586275041103363,0.1309923529624939,False,-32.440391540527344,16097.360110055168,1.9437272092348605,0.005229290522231261
mp-849271,AgIO3,0.0274698735000002,1.9765,62,Pnma,False,600,45.19987487792969,3.9205360412597656,0.2557273507118225,0.0891740620136261,True,-45.19987487792969,11506.445758507676,1.9307905331894943,0.0073051939261363705
mp-552185,AgNO3,0.0,1.8635,161,R3c,True,600,-83.29805755615234,4.077062606811523,0.436686247587204,0.12844136357307434,True,83.29805755615234,16499.385133637592,2.9288292802602176,0.023452800057457823
mp-551918,AlBiO3,0.0533350642499836,2.8716,161,R3c,False,600,25.44734001159668,4.121760845184326,0.350885272026062,0.12334415316581726,True,-25.44734001159668,18287.99096375553,2.4037709485777943,0.0029560307807578027
mp-776154,AlFeO3,0.0803160834999996,2.1089,62,Pnma,False,600,-173.95840454101562,3.8472423553466797,0.6559643745422363,0.059939026832580566,False,-173.95840454101562,9719.580221906213,4.8525741973135865,0.036367831496760664
mp-5168,AlSiP3,0.0072239124999988,0.2885999999999997,62,Pnma,False,600,152.55104064941406,3.981334686279297,0.650506854057312,0.3049103617668152,False,152.55104064941406,13235.48437153837,4.79197632926112,0.03856619341824102
mp-768539,AlTlO3,0.0753195514999998,0.7376999999999994,62,Pnma,False,600,75.95405578613281,4.361660003662109,0.5676363706588745,0.12297293543815613,True,-75.95405578613281,31773.507309166696,3.9595349497639365,0.02777628534763329
mp-756082,AlVO3,0.0864430801249973,2.1442,62,Pnma,False,600,-75.36216735839844,4.232782363891602,0.5437666177749634,0.06743329763412476,False,-75.36216735839844,23614.976469395868,3.747782921758278,0.021471930837565982
mp-3187,BaCeO3,0.0,2.4469,62,Pnma,True,600,-119.42759704589844,4.387223243713379,0.09245537221431732,0.12784206867218018,False,-119.42759704589844,33699.88330349164,1.3257547208904956,0.2175333526803872
mp-3316,BaCeO3,0.0006426110000017,2.4637,74,Imma,False,600,-119.42759704589844,4.387223243713379,0.09245537221431732,0.12784206867218018,False,-119.42759704589844,33699.88330349164,1.3257547208904956,0.2175333526803872
mp-4900,BaCeO3,0.0025211640000009,2.4505,167,R-3c,False,600,-119.42759704589844,4.387223243713379,0.09245537221431732,0.12784206867218018,False,-119.42759704589844,33699.88330349164,1.3257547208904956,0.2175333526803872
mp-5663,BaCeO3,0.0403338960000017,2.2990000000000004,221,Pm-3m,False,600,-119.42759704589844,4.387223243713379,0.09245537221431732,0.12784206867218018,False,-119.42759704589844,33699.88330349164,1.3257547208904956,0.2175333526803872
mp-998352,BaHfS3,0.0283550604999991,0.8438999999999997,160,R3m,False,600,-104.34132385253906,4.291033744812012,0.11803440749645233,0.18449221551418304,False,-104.34132385253906,27004.671465385218,1.4061842119784942,0.12544709714597022
mp-1105549,BaHfS3,0.0,1.2523999999999995,62,Pnma,True,600,-104.34132385253906,4.291033744812012,0.11803440749645233,0.18449221551418304,False,-104.34132385253906,27004.671465385218,1.4061842119784942,0.12544709714597022
mp-1383356,BaHfS3,0.0282627044999985,0.7077999999999998,221,Pm-3m,False,600,-104.34132385253906,4.291033744812012,0.11803440749645233,0.18449221551418304,False,-104.34132385253906,27004.671465385218,1.4061842119784942,0.12544709714597022
mp-23818,BaLiH3,0.0,2.2146,221,Pm-3m,True,600,-6.839443206787109,4.251260757446289,0.4675951600074768,0.18107321858406067,False,-6.839443206787109,24641.43019139766,3.1448719726702623,0.00021991542204739895
mp-3163,BaSnO3,0.0,0.3730000000000002,221,Pm-3m,True,600,-76.90192413330078,4.36813497543335,0.8699241280555725,0.0677599310874939,False,-76.90192413330078,32250.773019623746,7.9420375872639175,0.014409000402212309
mp-1178513,BaSnO3,0.0006460229999962,0.6650999999999998,74,Imma,False,600,-76.90192413330078,4.36813497543335,0.8699241280555725,0.0677599310874939,False,-76.90192413330078,32250.773019623746,7.9420375872639175,0.014409000402212309
mp-2998,BaTiO3,0.014779579999999,1.6675,221,Pm-3m,False,600,-289.8365478515625,3.965430736541748,0.48458218574523926,0.06312096118927002,False,-289.8365478515625,12759.565622303038,3.2703180832675116,0.19665429728049558
mp-5020,BaTiO3,4.098999999868624e-05,2.5527,160,R3m,False,600,-289.8365478515625,3.965430736541748,0.48458218574523926,0.06312096118927002,False,-289.8365478515625,12759.565622303038,3.2703180832675116,0.19665429728049558
mp-5777,BaTiO3,0.0,2.2934,38,Amm2,True,600,-289.8365478515625,3.965430736541748,0.48458218574523926,0.06312096118927002,False,-289.8365478515625,12759.565622303038,3.2703180832675116,0.19665429728049558
mp-5986,BaTiO3,0.0019565740000011,1.7236999999999996,99,P4mm,False,600,-289.8365478515625,3.965430736541748,0.48458218574523926,0.06312096118927002,False,-289.8365478515625,12759.565622303038,3.2703180832675116,0.19665429728049558
mp-540771,BaZrS3,0.0,0.9900000000000002,62,Pnma,True,600,-151.15631103515625,4.198868274688721,0.23052196204662323,0.1433446705341339,False,-151.15631103515625,21841.04571994662,1.8219219666864577,0.16434158646628225
mp-998350,BaZrSe3,0.0775039104999999,0.2023999999999999,1,P1,False,600,-28.5081729888916,4.259344100952148,0.20674899220466614,0.23222199082374573,False,-28.5081729888916,25104.365786280203,1.7248717218331446,0.007097125307680885
mp-573119,BiRhO3,0.0619841773750007,0.3772999999999999,62,Pnma,False,600,28.01413345336914,4.339413166046143,0.29623785614967346,0.0540144145488739,False,28.01413345336914,30186.88632466073,2.119559761971315,0.006706227618799446
mp-755893,CaBiO3,0.0,0.6655289785034206,14,P2_1/c,True,600,-65.14675903320312,3.8391942977905273,0.2909279465675354,0.22629083693027496,False,-65.14675903320312,9541.122043213201,2.0938027054428656,0.011603809084623325
mp-756365,CaCeO3,0.0590747670000126,2.3372999999999995,62,Pnma,False,600,-82.947509765625,4.291006565093994,0.25908955931663513,0.2111942619085312,False,-82.947509765625,27002.98146834609,1.9457962827378081,0.05728914013470351
mp-20772,CaCrO3,0.0651140580000015,0.3943000000000003,62,Pnma,False,600,-8.322925567626953,3.8675429821014404,0.277285099029541,0.05401602387428284,True,8.322925567626953,10184.6975238254,2.029050747573358,0.0002086212283303823
mp-1190098,CaHfS3,0.037140437999998,1.5238,62,Pnma,False,600,-113.72439575195312,4.498922824859619,0.20265844464302063,0.13433468341827393,False,-113.72439575195312,43584.089541758665,1.7087017125518489,0.19793393094649853
mp-19201,CaMnO3,0.0350749438333366,0.4685999999999999,62,Pnma,False,600,-289.5802307128906,3.300985097885132,0.5753576159477234,0.06101951003074646,False,-289.5802307128906,2763.059589105935,4.0305603289826335,0.034491644012589855
mp-607467,CaMoO3,0.0,1.1050000000000004,14,P2_1/c,True,600,-10.717151641845703,4.972946643829346,0.46524861454963684,0.04315394163131714,True,10.717151641845703,129823.04673815415,3.127925672835753,0.0028602590898211783
mp-1045305,CaMoO3,0.0096948095000026,1.0948000000000002,2,P-1,False,600,-10.717151641845703,4.972946643829346,0.46524861454963684,0.04315394163131714,True,10.717151641845703,129823.04673815415,3.127925672835753,0.0028602590898211783
mp-4438,CaSnO3,0.0,2.3327,62,Pnma,True,600,-50.21063995361328,3.9584662914276123,0.49034613370895386,0.09836640954017639,False,-50.21063995361328,12556.582219114518,3.31401098593682,0.005731393999076563
mp-3442,CaTiO3,0.017396585500002,2.2417,140,I4/mcm,False,600,-198.1698760986328,4.14251708984375,0.5873318910598755,0.1035815179347992,False,-198.1698760986328,19183.25249463047,4.143236282113177,0.10909606043556974
mp-4019,CaTiO3,0.0,2.3053,62,Pnma,True,600,-198.1698760986328,4.14251708984375,0.5873318910598755,0.1035815179347992,False,-198.1698760986328,19183.25249463047,4.143236282113177,0.10909606043556974
mp-5827,CaTiO3,0.0644675975000002,1.8272,221,Pm-3m,False,600,-198.1698760986328,4.14251708984375,0.5873318910598755,0.1035815179347992,False,-198.1698760986328,19183.25249463047,4.143236282113177,0.10909606043556974
mp-556003,CaTiO3,0.0114118105000002,2.1586,74,Imma,False,600,-198.1698760986328,4.14251708984375,0.5873318910598755,0.1035815179347992,False,-198.1698760986328,19183.25249463047,4.143236282113177,0.10909606043556974
mp-1205364,CaTiO3,0.0114495924999999,2.1378,63,Cmcm,False,600,-198.1698760986328,4.14251708984375,0.5873318910598755,0.1035815179347992,False,-198.1698760986328,19183.25249463047,4.143236282113177,0.10909606043556974
mp-22608,CaVO3,0.0011566264107081,0.4338999999999999,62,Pnma,False,600,-81.13822174072266,4.872636795043945,0.4813564419746399,0.08115279674530029,False,-81.13822174072266,103048.56498129263,3.2461176200857196,0.1253949126504923
mp-1435359,CaVO3,0.0088146909107074,0.2606000000000001,14,P2_1/c,False,600,-81.13822174072266,4.872636795043945,0.4813564419746399,0.08115279674530029,False,-81.13822174072266,103048.56498129263,3.2461176200857196,0.1253949126504923
mp-1342410,CaWO3,0.0536462823333376,1.9784000000000008,62,Pnma,False,600,-88.8210220336914,4.588992118835449,0.12666037678718567,0.05980110168457031,False,-88.8210220336914,53628.700326986254,1.434393098079504,0.17697497837900847
mp-7781,CaZrS3,0.0365724824999942,1.1878000000000002,62,Pnma,False,600,-106.98580169677734,4.312767505645752,0.27173036336898804,0.1176334023475647,False,-106.98580169677734,28390.4750112773,2.003263939568893,0.0973280509998329
mp-4385,CdCO3,0.0,2.6293,167,R-3c,True,600,-39.67402648925781,4.185026168823242,0.31676506996154785,0.1869783252477646,True,39.67402648925781,21155.891064972122,2.2221474856531596,0.008991295072103169
mp-849371,CdSnO3,0.0303832525000018,0.6937000000000002,62,Pnma,False,600,-59.39178466796875,4.2326250076293945,0.3627326190471649,0.06773689389228821,False,-59.39178466796875,23606.421694997764,2.4702472762772274,0.0202252423103791
mp-756062,CeFeO3,0.0797908600000028,0.6735999999999995,62,Pnma,False,600,-1.1877403259277344,3.806180715560913,0.19835370779037476,0.021760225296020508,True,1.1877403259277344,8842.719904488038,1.6918486838220528,4.424035517701435e-06
mp-1213810,CeLuO3,0.0570241827499984,0.1122000000000005,62,Pnma,False,600,-84.89769744873047,4.352616786956787,0.12089700996875763,0.10396528244018555,False,-84.89769744873047,31118.73542679687,1.4154835286205496,0.09507365582792572
mp-776207,CeNiO3,0.0952567235000039,0.9323000000000006,62,Pnma,False,600,-32.28070831298828,4.43758487701416,0.2842543125152588,0.028174132108688354,False,-32.28070831298828,37843.38972511886,2.0618740015118378,0.011475332264549897
mp-1188346,CoBiO3,0.0822287949999989,0.3878000000000003,62,Pnma,False,600,100.4139175415039,3.8767828941345215,0.27923473715782166,0.02335226535797119,False,100.4139175415039,10403.705437367697,2.0381800541393456,0.030880517696947305
mp-22616,CoSeO3,0.029257131125,1.852,62,Pnma,False,600,82.60823059082031,3.7179996967315674,0.28259989619255066,0.025193393230438232,False,82.60823059082031,7217.800101459177,2.054034369601981,0.01438782126572443
mp-752613,CoSnO3,0.0762659565000021,0.9832,62,Pnma,False,600,61.30554962158203,3.860112428665161,0.2822818160057068,0.014608800411224365,False,61.30554962158203,10011.924869156828,2.052530531852274,0.010999647986386822
mp-23456,CrBiO3,0.0226827880000008,1.3450000000000006,15,C2/c,False,600,-51.60905456542969,3.9368419647216797,0.3652038872241974,0.043300777673721313,True,51.60905456542969,11946.676892293968,2.484343806102163,0.007684904546953757
mp-546027,CrBiO3,0.0147050410000026,1.9845999999999997,161,R3c,False,600,-51.60905456542969,3.9368419647216797,0.3652038872241974,0.043300777673721313,True,51.60905456542969,11946.676892293968,2.484343806102163,0.007684904546953757
mp-559851,CrBiO3,0.0112026899999992,1.7904999999999998,62,Pnma,False,600,-51.60905456542969,3.9368419647216797,0.3652038872241974,0.043300777673721313,True,51.60905456542969,11946.676892293968,2.484343806102163,0.007684904546953757
mp-756147,CrInO3,0.0512829044999998,1.4521000000000006,62,Pnma,False,600,-30.0103816986084,3.6852288246154785,0.4383627772331238,0.03973552584648132,False,-30.0103816986084,6693.202704922101,2.940157444012532,0.0012301488908811906
mp-570231,CsCdBr3,0.0326752270000021,0.6965999999999999,221,Pm-3m,False,600,79.70620727539062,4.140947341918945,-0.06339308619499207,0.4985780715942383,False,79.70620727539062,19114.040205737318,0.926007968436474,0.07868162308502832
mp-568544,CsCdCl3,0.0026339560000003,1.7417,221,Pm-3m,False,600,2.1479110717773438,4.127261161804199,0.08954395353794098,0.27614039182662964,False,2.1479110717773438,18521.080317592263,1.316896864427491,3.893125420983674e-05
mp-638685,CsEuBr3,0.0,1.0355000000000003,62,Pnma,True,600,61.21327209472656,4.309669494628906,0.054484352469444275,0.41052812337875366,False,61.21327209472656,28188.674054607975,1.2147646980964453,0.05217049117753102
mp-1068377,CsEuCl3,0.0105377620000037,0.8369,221,Pm-3m,False,600,82.78325653076172,4.449007511138916,0.11551247537136078,0.21485435962677002,False,82.78325653076172,38851.93597830646,1.3980422148617504,0.11426905682981725
mp-570223,CsGeBr3,0.0168454720000017,0.7484000000000002,221,Pm-3m,False,600,59.100006103515625,4.06577205657959,-0.12812983989715576,0.3732422888278961,False,59.100006103515625,16075.970843651772,0.7977704949636223,0.04223043369591138
mp-1068340,CsGeBr3,0.0,1.1965,160,R3m,True,600,59.100006103515625,4.06577205657959,-0.12812983989715576,0.3732422888278961,False,59.100006103515625,16075.970843651772,0.7977704949636223,0.04223043369591138
mp-1546519,CsHgCl3,0.0071816991111135,1.0764,64,Cmce,False,600,38.030845642089844,4.265626430511475,0.07830600440502167,0.4225456714630127,False,38.030845642089844,25470.154759304285,1.283257509726887,0.017224276335488075
mp-561947,CsHgF3,0.0,0.7167,221,Pm-3m,True,600,-4.236572265625,4.320797443389893,0.12089431285858154,0.2748125195503235,False,-4.236572265625,28920.28687747804,1.4154747380341304,0.00022002952528133016
mp-1112338,CsInBr3,0.0,1.3782043565395825,225,Fm-3m,True,600,37.72116470336914,4.03926420211792,-0.08382675051689148,0.47509294748306274,False,37.72116470336914,15124.093562934659,0.8834481376068664,0.014615367292603244
mp-1112961,CsInCl3,0.0,1.7757115012201825,225,Fm-3m,True,600,-37.102569580078125,4.149341583251953,0.006829887628555298,0.3151277005672455,True,37.102569580078125,19487.0785852035,1.0885232199874362,0.014786597988907819
mp-1112643,CsInI3,0.02183132625,0.7619999999999998,225,Fm-3m,False,600,88.76671600341797,3.8638880252838135,-0.14027944207191467,0.5117217898368835,False,88.76671600341797,10099.344310155186,0.7757617601541162,0.061548343252024226
mp-27214,CsSnBr3,0.0111951395000025,0.5984,221,Pm-3m,False,600,52.370567321777344,3.9719724655151367,-0.21456819772720337,0.4276885986328125,False,52.370567321777344,12953.216333309543,0.6537920153830364,0.032603469198239386
mp-1247749,CsSnBr3,0.0,1.0107,62,Pnma,True,600,52.370567321777344,3.9719724655151367,-0.21456819772720337,0.4276885986328125,False,52.370567321777344,12953.216333309543,0.6537920153830364,0.032603469198239386
mp-1070375,CsSnCl3,0.0226868215000015,0.9752999999999998,221,Pm-3m,False,600,23.42927360534668,4.064141750335693,-0.10498565435409546,0.2551310062408447,False,23.42927360534668,16015.73608253995,0.8414380668515471,0.006268933261622603
mp-568570,CsSnI3,0.0110591610000034,0.6097000000000001,62,Pnma,False,600,161.07452392578125,3.734506607055664,-0.2592850923538208,0.4216349422931671,False,161.07452392578125,7497.418618000405,0.5898243770751374,0.19787640240015736
mp-614013,CsSnI3,0.0,0.4499999999999997,221,Pm-3m,True,600,161.07452392578125,3.734506607055664,-0.2592850923538208,0.4216349422931671,False,161.07452392578125,7497.418618000405,0.5898243770751374,0.19787640240015736
mp-616378,CsSnI3,0.0118439939999976,0.5435000000000003,127,P4/mbm,False,600,161.07452392578125,3.734506607055664,-0.2592850923538208,0.4216349422931671,False,161.07452392578125,7497.418618000405,0.5898243770751374,0.19787640240015736
mp-1112177,CsTlBr3,0.0122417697499979,0.9985047740444736,225,Fm-3m,False,600,32.35340881347656,4.1740007400512695,-0.11629229784011841,0.46452051401138306,False,32.35340881347656,20625.56686330837,0.8198143430156333,0.015800896284528416
mp-1112176,CsTlCl3,0.0003620809999995,1.2584148670507165,225,Fm-3m,False,600,-27.46922492980957,4.216139316558838,0.02287191152572632,0.40891575813293457,True,27.46922492980957,22727.12339065238,1.129483059573125,0.009109799315095438
mp-1078203,CsTlF3,0.0,2.1858244764135537,225,Fm-3m,True,600,-97.6529541015625,4.262833118438721,0.0717298686504364,0.2709561586380005,True,97.6529541015625,25306.86053523488,1.2639726557713529,0.11455725925563445
mp-1112542,CsTlI3,0.0602546797499998,0.4982999999999999,225,Fm-3m,False,600,126.17848205566406,4.119879722595215,-0.14957812428474426,0.481790691614151,False,126.17848205566406,18208.948846675106,0.7593284740320608,0.22907465303533173
mp-2763763,CuAgF3,0.0,1.2735,14,P2_1/c,True,600,143.1305694580078,4.2874040603637695,0.3819006383419037,0.12904953956604004,False,143.1305694580078,26779.916197724608,2.5817158937666544,0.1275019462058957
mp-22137,DyCoO3,0.0093079522142867,1.1903999999999997,62,Pnma,False,600,160.41131591796875,3.5944879055023193,-0.08464249968528748,0.03499612212181091,False,160.41131591796875,5431.165773164691,0.8817902862951998,0.09509309920512146
mp-19381,DyCrO3,0.0,2.5405999999999995,62,Pnma,True,600,124.34212493896484,3.882425546646118,0.3702995777130127,0.04155054688453674,False,124.34212493896484,10539.759471406118,2.513664940162951,0.03889655447254889
mp-22283,DyFeO3,0.006325670999999,0.9134000000000002,62,Pnma,False,600,123.6875991821289,3.5296435356140137,0.3604365885257721,0.030012130737304688,False,123.6875991821289,4677.875821622123,2.4572220203527455,0.017474624822837268
mp-1178360,DyInO3,0.0640329069999996,2.623,62,Pnma,False,600,-21.36590003967285,4.401304721832275,0.3464491665363312,0.052143096923828125,False,-21.36590003967285,34810.469044533835,2.3793425796033216,0.0040072508835356565
mp-22103,DyMnO3,0.022302571166664,0.9994999999999998,62,Pnma,False,600,176.69578552246094,3.83542537689209,0.4305812120437622,0.01943492889404297,False,176.69578552246094,9458.679939607611,2.887945692439298,0.061354319061584936
mp-1212884,DyRhO3,0.0,0.8884318524889769,62,Pnma,True,600,114.60807800292969,4.235076427459717,0.04834674298763275,0.032149821519851685,False,114.60807800292969,23740.04734506654,1.1977179355100762,0.15620996564028009
mp-1184176,DyScS3,0.0,1.7736999999999994,62,Pnma,True,600,-133.17550659179688,4.299189567565918,0.08415952324867249,0.15699389576911926,False,-133.17550659179688,27516.596842423358,1.3006706288344352,0.22512688017096802
mp-22789,DyVO3,0.0,1.6567999999999996,62,Pnma,True,600,-16.03654670715332,4.336920738220215,0.07259052991867065,0.05630451440811157,False,-16.03654670715332,30014.139138782786,1.266480011931953,0.00365679411126611
mp-562779,ErCoO3,0.0,1.4471000000000005,62,Pnma,True,600,173.87457275390625,3.6814680099487305,-0.05308482050895691,0.03255951404571533,False,173.87457275390625,6635.492509080409,0.9482503017013435,0.12693271685827848
mp-19063,ErCrO3,0.0,0.2483000000000004,62,Pnma,True,600,110.90573120117188,3.892803192138672,0.2897283434867859,0.04473835229873657,False,110.90573120117188,10794.644528099212,2.0880272085536693,0.03815323971451534
mp-19935,ErFeO3,0.0179546204999994,1.5929000000000002,62,Pnma,False,600,156.5757293701172,3.5389456748962402,0.24830782413482666,0.0321621298789978,False,156.5757293701172,4779.151832543297,1.898084899932966,0.037036959890991934
mp-754208,ErInO3,0.0797644929999998,2.5532,62,Pnma,False,600,7.864014625549316,4.38852071762085,0.30889785289764404,0.0591256320476532,True,-7.864014625549316,33800.71373296066,2.1822558327869768,0.0005747249926325697
mp-19319,ErMnO3,0.0344051806666669,1.0455,62,Pnma,False,600,153.47036743164062,3.87030291557312,0.35693293809890747,0.027987748384475708,True,-153.47036743164062,10249.627184782265,2.437478244670324,0.059424787426021745
mp-1189736,ErNiO3,0.0015767070000007,0.3726000000000002,14,P2_1/c,False,600,18.08626365661621,4.005206108093262,0.02635332942008972,0.02974143624305725,True,-18.08626365661621,13983.351071981033,1.138573678217864,0.002410455328780818
mp-1213022,ErRhO3,0.0,0.9643714818411082,62,Pnma,True,600,116.90291595458984,4.158082962036133,0.016195476055145264,0.04078355431556702,False,116.90291595458984,19883.28398052791,1.1122522324614708,0.14658406721145217
mp-1190244,ErScS3,0.0172591825833308,1.7554999999999996,33,Pna2_1,False,600,-125.16798400878906,4.276126384735107,0.07612745463848114,0.14627641439437866,False,-125.16798400878906,26093.45204069153,1.2768364284232014,0.19210295196446517
mp-2763526,ErScS3,0.0125358623333333,2.152,62,Pnma,False,600,-125.16798400878906,4.276126384735107,0.07612745463848114,0.14627641439437866,False,-125.16798400878906,26093.45204069153,1.2768364284232014,0.19210295196446517
mp-19205,ErVO3,0.0,1.5838,62,Pnma,True,600,-24.405427932739258,4.323317050933838,0.052754610776901245,0.060635894536972046,False,-24.405427932739258,29088.55877737289,1.2099360615074097,0.008591794639430333
mp-753781,EuHfO3,0.0,0.5973000000000006,221,Pm-3m,True,600,-114.38299560546875,4.687380313873291,0.05823405086994171,0.08077728748321533,False,-114.38299560546875,67264.43012777746,1.225298384548376,0.43094097411605065
mp-1190059,EuHfS3,0.0,0.1287000000000002,62,Pnma,True,600,-61.532814025878906,4.423985481262207,0.14519399404525757,0.11909177899360657,False,-61.532814025878906,36676.7322262392,1.49693107516315,0.055661337041391555
mp-771055,EuZrO3,0.0933191865000111,0.3877000000000006,221,Pm-3m,False,600,-150.08798217773438,4.625447750091553,-0.06433245539665222,0.04102829098701477,False,-150.08798217773438,58324.75234164991,0.924007198607014,0.8531406526506382
mp-1106293,EuZrO3,0.0,0.5096999999999996,62,Pnma,True,600,-150.08798217773438,4.625447750091553,-0.06433245539665222,0.04102829098701477,False,-150.08798217773438,58324.75234164991,0.924007198607014,0.8531406526506382
mp-1178354,EuZrO3,0.0843929492500112,0.4662999999999995,198,P2_13,False,600,-150.08798217773438,4.625447750091553,-0.06433245539665222,0.04102829098701477,False,-150.08798217773438,58324.75234164991,0.924007198607014,0.8531406526506382
mp-1189927,EuZrS3,0.0,0.1452999999999997,62,Pnma,True,600,-130.61563110351562,4.339466571807861,0.07166509330272675,0.11314070224761963,False,-130.61563110351562,30190.598673893,1.2637841473601623,0.24453463428625136
mp-19097,FeBO3,0.0,1.4815999999999998,167,R-3c,True,600,-20.263315200805664,3.8047399520874023,0.33843451738357544,0.08642643690109253,True,20.263315200805664,8813.432959961534,2.335835892041198,0.0009295548654464342
mp-22949,FeBiO3,0.0335794110000016,1.8064,160,R3m,False,600,375.9069519042969,3.775383949279785,0.5425454378128052,0.026811987161636353,False,375.9069519042969,8237.380030323176,3.7372594427483716,0.18687354319035623
mp-23501,FeBiO3,0.0016325030000015,1.2984,161,R3c,False,600,375.9069519042969,3.775383949279785,0.5425454378128052,0.026811987161636353,False,375.9069519042969,8237.380030323176,3.7372594427483716,0.18687354319035623
mp-645159,FeBiO3,0.0116057660000015,1.5419999999999998,62,Pnma,False,600,375.9069519042969,3.775383949279785,0.5425454378128052,0.026811987161636353,False,375.9069519042969,8237.380030323176,3.7372594427483716,0.18687354319035623
mp-1193035,FeBiO3,0.0564112610000018,1.6586,12,C2/m,False,600,375.9069519042969,3.775383949279785,0.5425454378128052,0.026811987161636353,False,375.9069519042969,8237.380030323176,3.7372594427483716,0.18687354319035623
mp-1178214,FeSnO3,0.0351845345000008,0.989703830709586,62,Pnma,False,600,67.68669891357422,3.7337806224823,0.5120924711227417,0.028822779655456543,False,67.68669891357422,7484.896093222851,3.4841775748524753,0.005905319683222991
mp-1178268,GdAlO3,0.0851176094000027,1.8885,221,Pm-3m,False,600,-74.602783203125,4.07685661315918,0.34655725955963135,0.0655888020992279,False,-74.602783203125,16491.5610354146,2.379934855933683,0.02313971507982138
mp-18331,GdCrO3,0.0,2.6309,62,Pnma,True,600,113.81598663330078,3.835470199584961,0.27742400765419006,0.037878841161727905,False,113.81598663330078,9459.656202034479,2.029699841081047,0.03622440998646982
mp-1212778,GdInO3,0.052235792166666,2.5270116208736253,62,Pnma,False,600,-30.0981502532959,4.284795761108398,0.27661117911338806,0.05287972092628479,False,-30.0981502532959,26619.562557715028,2.025904593605201,0.007141883924446822
mp-510490,GdScS3,0.0,1.1773999999999996,62,Pnma,True,600,-130.0381317138672,4.234673500061035,0.09495626389980316,0.1306677758693695,False,-130.0381317138672,23718.032145771092,1.3334111241515665,0.18047093662940858
mp-541177,GdVO3,0.0,1.4525999999999994,62,Pnma,True,600,16.330812454223633,4.332045555114746,0.00668606162071228,0.06171920895576477,False,16.330812454223633,29679.09872158938,1.0881627916725847,0.004364391183113396
mp-753534,HfCoO3,0.0948615120000031,2.4865,62,Pnma,False,600,49.32279586791992,4.090692520141602,0.20291173458099365,0.02678433060646057,False,49.32279586791992,17025.41369211702,1.709698555020815,0.014535325191334268
mp-753790,HfFeO3,0.0961925840000041,2.1447000000000003,62,Pnma,False,600,32.190006256103516,4.041398525238037,0.21343103051185608,0.022235840559005737,True,-32.190006256103516,15198.603262389124,1.751615745930644,0.005394587112167664
mp-753856,HfFeO3,0.0626525855000021,2.9099000000000004,62,Pnma,False,600,32.190006256103516,4.041398525238037,0.21343103051185608,0.022235840559005737,True,-32.190006256103516,15198.603262389124,1.751615745930644,0.005394587112167664
mp-1178219,HfNiO3,0.0968432885000023,2.7983,14,P2_1/c,False,600,-18.674829483032227,4.10499382019043,0.1900399923324585,0.03160533308982849,False,-18.674829483032227,17595.393083132738,1.6597695866954565,0.0022182766691842557
mp-770830,HoBiO3,0.0358601403750018,2.7472,62,Pnma,False,600,-56.247467041015625,4.1490631103515625,0.17441938817501068,0.21726949512958527,False,-56.247467041015625,19474.587328474026,1.6011322244415644,0.023088634860823506
mp-20570,HoCoO3,0.0,1.1622,62,Pnma,True,600,180.87197875976562,3.6676201820373535,-0.04487541317939758,0.03528681397438049,False,180.87197875976562,6427.252107044525,0.9663454294104199,0.13055297369617
mp-756834,HoCrO3,0.0,2.3515999999999995,62,Pnma,True,600,120.98446655273438,3.843142032623291,0.335523784160614,0.04217168688774109,False,120.98446655273438,9628.246177559726,2.3202329726324016,0.03644400268069869
mp-19785,HoFeO3,0.0122662793749999,1.5034,62,Pnma,False,600,128.81138610839844,3.4562063217163086,0.30647799372673035,0.028152048587799072,False,128.81138610839844,3950.130785556096,2.1701302652230883,0.018121136375504995
mp-776984,HoInO3,0.0717123543750002,2.5765,62,Pnma,False,600,-13.612798690795898,4.358736991882324,0.3499267101287842,0.052460700273513794,False,-13.612798690795898,31560.374295891135,2.398471267448018,0.0014630316439413313
mp-22081,HoMnO3,0.0288150980000008,1.9915000000000005,62,Pnma,False,600,176.43385314941406,3.88639497756958,0.44705450534820557,0.021592319011688232,False,176.43385314941406,10636.533955433157,2.9995928892975736,0.0662297176299198
mp-1212108,HoRhO3,0.0,0.9606739563708188,62,Pnma,True,600,107.75375366210938,4.204161643981934,0.051139310002326965,0.03979584574699402,False,107.75375366210938,22108.8827886417,1.2054442232390592,0.12777201493003584
mp-1189393,HoScS3,0.0129002495833354,1.7663000000000002,33,Pna2_1,False,600,-140.8697967529297,4.327088832855225,0.08511102199554443,0.15071159601211548,False,-140.8697967529297,29342.288721198864,1.3035234009372612,0.2680169005050674
mp-2755772,HoScS3,0.0073478716666688,2.1681,62,Pnma,False,600,-140.8697967529297,4.327088832855225,0.08511102199554443,0.15071159601211548,False,-140.8697967529297,29342.288721198864,1.3035234009372612,0.2680169005050674
mp-7027,InBO3,0.0,2.6556,167,R-3c,True,600,-81.9011001586914,4.274144649505615,0.3641543686389923,0.13666048645973206,False,-81.9011001586914,25974.655890755064,2.4783473747529188,0.04218114317494435
mp-556892,InBiO3,0.0289430770000009,2.7352000000000007,33,Pna2_1,False,600,-76.22105407714844,4.153754234313965,0.40090715885162354,0.09156203269958496,False,-76.22105407714844,19686.086433968947,2.6972112902048475,0.0254416673502208
mp-561102,InBiO3,0.0399234685000013,2.388399999999999,62,Pnma,False,600,-76.22105407714844,4.153754234313965,0.40090715885162354,0.09156203269958496,False,-76.22105407714844,19686.086433968947,2.6972112902048475,0.0254416673502208
mp-1105819,InRhO3,0.0739175047499953,0.3223000000000002,62,Pnma,False,600,-5.729001998901367,4.060612201690674,0.3796471655368805,0.0442846417427063,True,5.729001998901367,15886.102302487743,2.56835454780333,0.00012180681216299096
mp-1203220,InRhO3,0.0406221204999948,1.039908569021823,14,P2_1/c,False,600,-5.729001998901367,4.060612201690674,0.3796471655368805,0.0442846417427063,True,5.729001998901367,15886.102302487743,2.56835454780333,0.00012180681216299096
mp-998398,InSnBr3,0.0303007139999991,1.0975,1,P1,False,600,-87.75923156738281,4.067180633544922,0.0019463896751403809,0.5475254654884338,False,-87.75923156738281,16128.195784821364,1.0763516966672169,0.06924181784678088
mp-998555,InSnBr3,0.0200280839999988,1.7591923284557722,161,R3c,False,600,-87.75923156738281,4.067180633544922,0.0019463896751403809,0.5475254654884338,False,-87.75923156738281,16128.195784821364,1.0763516966672169,0.06924181784678088
mp-2762335,InSnBr3,0.0586802459999979,1.7073,8,Cm,False,600,-87.75923156738281,4.067180633544922,0.0019463896751403809,0.5475254654884338,False,-87.75923156738281,16128.195784821364,1.0763516966672169,0.06924181784678088
mp-998560,InSnCl3,0.0200971269999996,2.0788,8,Cm,False,600,-55.305381774902344,4.119278430938721,0.11971235275268555,0.20103046298027039,False,-55.305381774902344,18183.75554245103,1.411627670733995,0.02364010825792338
mp-29799,KBiO3,0.0,0.4914,201,Pn-3,True,600,-72.58644104003906,3.9673774242401123,0.3309177756309509,0.15919920802116394,False,-72.58644104003906,12816.887653402107,2.2957552475958742,0.01764896527363982
mp-556365,KCrF3,0.0,1.4898000000000002,12,C2/m,True,600,-57.02721405029297,4.228536605834961,0.3323352038860321,0.16991278529167175,True,57.02721405029297,23385.2361086367,2.3032602574538417,0.019811360766659514
mp-560547,KCrF3,0.0036048639999997,1.968,87,I4/m,False,600,-57.02721405029297,4.228536605834961,0.3323352038860321,0.16991278529167175,True,57.02721405029297,23385.2361086367,2.3032602574538417,0.019811360766659514
mp-566131,KCrF3,0.0268132479999998,1.1574000000000004,123,P4/mmm,False,600,-57.02721405029297,4.228536605834961,0.3323352038860321,0.16991278529167175,True,57.02721405029297,23385.2361086367,2.3032602574538417,0.019811360766659514
mp-1180767,KCrF3,0.0021807369999997,1.5720000000000005,140,I4/mcm,False,600,-57.02721405029297,4.228536605834961,0.3323352038860321,0.16991278529167175,True,57.02721405029297,23385.2361086367,2.3032602574538417,0.019811360766659514
mp-1180782,KCrF3,0.0020262390000009,0.1573999999999999,72,Ibam,False,600,-57.02721405029297,4.228536605834961,0.3323352038860321,0.16991278529167175,True,57.02721405029297,23385.2361086367,2.3032602574538417,0.019811360766659514
mp-998412,KGeBr3,0.0252311680000052,0.9083,8,Cm,False,600,0.9591827392578125,4.009784698486328,-0.1272830069065094,0.329906702041626,False,0.9591827392578125,14131.551701770859,0.7993275892566063,9.759307650510022e-06
mp-998231,KGeCl3,0.0282228930000036,1.4859,8,Cm,False,600,11.357832908630371,4.08808708190918,0.173810213804245,0.23111388087272644,False,11.357832908630371,16923.579862587445,1.5988879293546594,0.0008192499285936195
mp-7483,KHgF3,0.0,0.6082000000000001,221,Pm-3m,True,600,-19.54103660583496,4.243353843688965,0.3814866542816162,0.2824634313583374,False,-19.54103660583496,24196.85917817078,2.579256088193054,0.002149368993867995
mp-1110931,KInBr3,0.0977900804999989,0.8797156481034303,225,Fm-3m,False,600,-2.125600814819336,3.973928689956665,-0.1049814522266388,0.4573751986026764,True,2.125600814819336,13011.694058178748,0.8414462084403932,4.192008470736276e-05
mp-1112170,KInCl3,0.0538268714666649,1.597115636649624,225,Fm-3m,False,600,-52.90534210205078,4.040119171142578,0.007048279047012329,0.2604473829269409,True,52.90534210205078,15153.896768571152,1.0890707376776592,0.02336783835176361
mp-1112296,KInF3,0.0751867520079416,2.2085,225,Fm-3m,False,600,-93.55694580078125,4.167097091674805,0.2322903275489807,0.19887135922908783,False,-93.55694580078125,20300.290134505027,1.8293556144325114,0.058278374385196355
mp-1112169,KInI3,0.0766823449999996,0.6694999999999998,225,Fm-3m,False,600,66.40029907226562,3.8623790740966797,-0.18941664695739746,0.5875762701034546,False,66.40029907226562,10064.31514385301,0.6927733347841384,0.03843123895673236
mp-23737,KMgH3,0.0,2.458,221,Pm-3m,True,600,21.12105941772461,4.236112117767334,0.43925750255584717,0.23383305966854095,False,21.12105941772461,23796.7293403336,2.9462209448861723,0.002161895041576495
mp-555123,KMnF3,0.0017114100000004,2.6628000000000003,221,Pm-3m,False,600,-94.32759857177734,3.98063325881958,0.2931140959262848,0.14755010604858398,False,-94.32759857177734,13214.12504154307,2.104369050970914,0.03352318801302667
mp-555359,KMnF3,0.0002445739999998,2.1006,140,I4/mcm,False,600,-94.32759857177734,3.98063325881958,0.2931140959262848,0.14755010604858398,False,-94.32759857177734,13214.12504154307,2.104369050970914,0.03352318801302667
mp-560382,KMnF3,0.000924576,2.6774,127,P4/mbm,False,600,-94.32759857177734,3.98063325881958,0.2931140959262848,0.14755010604858398,False,-94.32759857177734,13214.12504154307,2.104369050970914,0.03352318801302667
mp-644332,KMnF3,0.0020342784999982,2.6922,11,P2_1/m,False,600,-94.32759857177734,3.98063325881958,0.2931140959262848,0.14755010604858398,False,-94.32759857177734,13214.12504154307,2.104369050970914,0.03352318801302667
mp-1180746,KMnF3,0.0016044339999989,1.7405,140,I4/mcm,False,600,-94.32759857177734,3.98063325881958,0.2931140959262848,0.14755010604858398,False,-94.32759857177734,13214.12504154307,2.104369050970914,0.03352318801302667
mp-1205353,KMnF3,0.0,2.4058,74,Imma,True,600,-94.32759857177734,3.98063325881958,0.2931140959262848,0.14755010604858398,False,-94.32759857177734,13214.12504154307,2.104369050970914,0.03352318801302667
mp-2759521,KMnF3,4.164199999934226e-05,2.1486,11,P2_1/m,False,600,-94.32759857177734,3.98063325881958,0.2931140959262848,0.14755010604858398,False,-94.32759857177734,13214.12504154307,2.104369050970914,0.03352318801302667
mp-4342,KNbO3,0.0011901640000004,1.4744,99,P4mm,False,600,11.703652381896973,4.45533561706543,0.4475672245025635,0.10179030895233154,True,-11.703652381896973,39422.19214219468,3.003136238307201,0.0010788468906675047
mp-5246,KNbO3,0.0003534000000016,2.0587,38,Amm2,False,600,11.703652381896973,4.45533561706543,0.4475672245025635,0.10179030895233154,True,-11.703652381896973,39422.19214219468,3.003136238307201,0.0010788468906675047
mp-7375,KNbO3,0.0,2.3108,160,R3m,True,600,11.703652381896973,4.45533561706543,0.4475672245025635,0.10179030895233154,True,-11.703652381896973,39422.19214219468,3.003136238307201,0.0010788468906675047
mp-935811,KNbO3,0.0077302279999997,1.4215999999999998,221,Pm-3m,False,600,11.703652381896973,4.45533561706543,0.4475672245025635,0.10179030895233154,True,-11.703652381896973,39422.19214219468,3.003136238307201,0.0010788468906675047
mp-16293,KSbO3,0.0447229700000013,1.1212999999999995,227,Fd-3m,False,600,-1.095418930053711,3.8510866165161133,0.2952560484409332,0.10064131021499634,True,1.095418930053711,9805.997310472923,2.114773494317619,3.3384097890962076e-06
mp-3614,KTaO3,0.0,2.0976,221,Pm-3m,True,600,-39.58955383300781,4.477731227874756,0.16720762848854065,0.06540572643280029,False,-39.58955383300781,41508.43707871092,1.574763856906929,0.02478753883950398
mp-1111155,KTlBr3,0.0772356732500005,0.9246039538087512,225,Fm-3m,False,600,7.982476234436035,4.11832857131958,-0.10899657011032104,0.4649994969367981,False,7.982476234436035,18144.02871767637,0.8337027613553086,0.0008320491925487797
mp-1111296,KTlCl3,0.0590743205000001,1.097012712683471,225,Fm-3m,False,600,-46.08814239501953,4.159558296203613,0.04442785680294037,0.40559133887290955,True,46.08814239501953,19950.94399406506,1.1869588608147261,0.021421873039288344
mp-1111295,KTlF3,0.0542841867083332,1.9647115283785197,225,Fm-3m,False,600,-91.89103698730469,4.2398881912231445,0.2778569161891937,0.28266453742980957,False,-91.89103698730469,24004.5375967509,2.0317240723389447,0.05985854743082062
mp-557257,KVF3,0.0,2.0758999999999994,221,Pm-3m,True,600,43.59014892578125,4.363408088684082,0.25255531072616577,0.18164891004562378,False,43.59014892578125,31901.657050234615,1.9167396233169818,0.018974838017155625
mp-19051,LaCoO3,0.0033163850000006,1.0014000000000003,167,R-3c,False,600,47.302833557128906,4.321921348571777,0.3262201249599457,0.026648372411727905,False,47.302833557128906,28995.22624661194,2.271056479939704,0.017140525434614542
mp-573180,LaCoO3,0.0765487460000002,0.6210999999999993,221,Pm-3m,False,600,47.302833557128906,4.321921348571777,0.3262201249599457,0.026648372411727905,False,47.302833557128906,28995.22624661194,2.271056479939704,0.017140525434614542
mp-1185232,LaCoO3,0.0474867225000004,0.973,62,Pnma,False,600,47.302833557128906,4.321921348571777,0.3262201249599457,0.026648372411727905,False,47.302833557128906,28995.22624661194,2.271056479939704,0.017140525434614542
mp-1272753,LaCoO3,0.0304298195000001,0.6738999999999997,1,P1,False,600,47.302833557128906,4.321921348571777,0.3262201249599457,0.026648372411727905,False,47.302833557128906,28995.22624661194,2.271056479939704,0.017140525434614542
mp-1273989,LaCoO3,0.0179204554999996,0.8045999999999998,14,P2_1/c,False,600,47.302833557128906,4.321921348571777,0.3262201249599457,0.026648372411727905,False,47.302833557128906,28995.22624661194,2.271056479939704,0.017140525434614542
mp-1288145,LaCoO3,0.0,0.2793000000000001,148,R-3,True,600,47.302833557128906,4.321921348571777,0.3262201249599457,0.026648372411727905,False,47.302833557128906,28995.22624661194,2.271056479939704,0.017140525434614542
mp-1504268,LaCoO3,0.0551452460000003,0.9444999999999996,74,Imma,False,600,47.302833557128906,4.321921348571777,0.3262201249599457,0.026648372411727905,False,47.302833557128906,28995.22624661194,2.271056479939704,0.017140525434614542
mp-18841,LaCrO3,0.0914568244999998,2.1156999999999995,221,Pm-3m,False,600,168.1389617919922,3.216311454772949,0.27267226576805115,0.029939502477645874,False,168.1389617919922,2273.613336435586,2.0076133541042402,0.019209873523511972
mp-19281,LaCrO3,0.0,2.3706000000000005,62,Pnma,True,600,168.1389617919922,3.216311454772949,0.27267226576805115,0.029939502477645874,False,168.1389617919922,2273.613336435586,2.0076133541042402,0.019209873523511972
mp-22590,LaFeO3,0.0277720220000148,1.4333999999999998,62,Pnma,False,600,-99.61265563964844,3.5387868881225586,0.32496219873428345,0.0220491886138916,True,99.61265563964844,4777.404798167749,2.2644879227731445,0.01256036672791035
mp-1078634,LaFeO3,0.0,1.9509,167,R-3c,True,600,-99.61265563964844,3.5387868881225586,0.32496219873428345,0.0220491886138916,True,99.61265563964844,4777.404798167749,2.2644879227731445,0.01256036672791035
mp-11623,LaInO3,0.0067064522499986,2.7459,62,Pnma,False,600,-55.41233825683594,4.1615424156188965,0.3437935411930084,0.08620378375053406,False,-55.41233825683594,20042.30047926933,2.3648377599342005,0.015613865045100688
mp-1106374,LaLuS3,0.0,2.2322,62,Pnma,True,600,-80.1819839477539,4.347667694091797,0.10228241980075836,0.1284741461277008,False,-80.1819839477539,30766.12834096027,1.356095359594152,0.08751600079110958
mp-989552,LaMoN3,0.0293490240000071,1.1509,161,R3c,False,600,35.317283630371094,4.377776622772217,0.2749651074409485,0.05806431174278259,True,-35.317283630371094,32974.770078863316,2.0182405027746304,0.012227416204536582
mp-1284950,LaNiO3,0.020568577999998,0.3559999999999998,2,P-1,False,600,-10.015052795410156,4.300719738006592,0.39254558086395264,0.02993425726890564,False,-10.015052795410156,27613.718375135846,2.6457779391294,0.0006281006413688329
mp-5163,LaRhO3,0.0,0.5951000000000004,62,Pnma,True,600,412.759033203125,3.3725857734680176,0.19425684213638306,0.03195565938949585,False,412.759033203125,3258.2989371290164,1.6759638708187197,0.19873332465846355
mp-1190131,LaScS3,0.0,1.6446000000000005,62,Pnma,True,600,-128.51210021972656,4.285368919372559,0.197848379611969,0.131913959980011,False,-128.51210021972656,26654.7168024993,1.6898812592859165,0.15629935133623693
mp-989524,LaWN3,0.0,1.1797000000000004,161,R3c,True,600,-4.780033111572266,4.396601676940918,0.3164032995700836,0.08733996748924255,False,-4.780033111572266,34435.53464528785,2.220297191758071,0.00021262228494464236
mp-989601,LaWN3,0.0233291480000055,0.7063999999999995,160,R3m,False,600,-4.780033111572266,4.396601676940918,0.3164032995700836,0.08733996748924255,False,-4.780033111572266,34435.53464528785,2.220297191758071,0.00021262228494464236
mp-756821,LiAgF3,0.0935238429999998,0.1235999999999999,14,P2_1/c,False,600,0.25447654724121094,4.0621747970581055,0.3372090756893158,0.2477370947599411,True,-0.25447654724121094,15943.363589894929,2.329254191902797,2.659560304093625e-07
mp-760151,LiAgF3,0.0769721754999999,0.1695999999999999,178,P6_122,False,600,0.25447654724121094,4.0621747970581055,0.3372090756893158,0.2477370947599411,True,-0.25447654724121094,15943.363589894929,2.329254191902797,2.659560304093625e-07
mp-1079935,LiCaH3,0.0214807280000002,2.5159,167,R-3c,False,600,82.76102447509766,4.451824188232422,0.5079662799835205,0.13871976733207703,True,-82.76102447509766,39104.73449113862,3.4512314871751406,0.0465648510318607
mp-28327,LiGaBr3,0.0,2.956,11,P2_1/m,True,600,13.506107330322266,4.138859272003174,0.04850630462169647,0.575412929058075,False,13.506107330322266,19022.36126147467,1.1981580630053204,0.0017376485979680306
mp-29345,LiGaI3,0.0,2.2473,11,P2_1/m,True,600,15.965723991394043,4.102938175201416,-0.050327450037002563,0.6955836415290833,False,15.965723991394043,17512.3056467993,0.9542899717499072,0.0028066706493324965
mp-760095,LiMnF3,0.0939407181666664,2.4534,147,P-3,False,600,-76.651123046875,3.845038414001465,0.39410069584846497,0.20410963892936707,False,-76.651123046875,9670.380604577056,2.6552688823496795,0.012838768152789126
mp-764783,LiMnF3,0.0907112249999997,2.712,62,Pnma,False,600,-76.651123046875,3.845038414001465,0.39410069584846497,0.20410963892936707,False,-76.651123046875,9670.380604577056,2.6552688823496795,0.012838768152789126
mp-765457,LiMnF3,0.0397923609999999,2.9514,62,Pnma,False,600,-76.651123046875,3.845038414001465,0.39410069584846497,0.20410963892936707,False,-76.651123046875,9670.380604577056,2.6552688823496795,0.012838768152789126
mp-8180,LiNO3,0.0,2.9369,167,R-3c,True,600,28.26719093322754,4.084481716156006,0.36788082122802734,0.1297522783279419,False,28.26719093322754,16783.667587949716,2.4997042655065957,0.0032189541690649465
mp-552588,LiNbO3,0.0330080320000032,2.281952667388917,167,R-3c,False,600,-5.423280715942383,4.202821254730225,0.5471293926239014,0.1292203664779663,False,-5.423280715942383,22040.752002468416,3.776914927001181,0.00010298278324207603
mp-674361,LiNbO3,0.010056417400003,2.9621,1,P1,False,600,-5.423280715942383,4.202821254730225,0.5471293926239014,0.1292203664779663,False,-5.423280715942383,22040.752002468416,3.776914927001181,0.00010298278324207603
mp-676694,LiNbO3,0.0080152856666693,2.9835000000000003,1,P1,False,600,-5.423280715942383,4.202821254730225,0.5471293926239014,0.1292203664779663,False,-5.423280715942383,22040.752002468416,3.776914927001181,0.00010298278324207603
mp-776108,LiNbO3,0.0298365945000043,2.7432,57,Pbcm,False,600,-5.423280715942383,4.202821254730225,0.5471293926239014,0.1292203664779663,False,-5.423280715942383,22040.752002468416,3.776914927001181,0.00010298278324207603
mp-752636,LiSbO3,0.088810487499999,1.1944999999999997,198,P2_13,False,600,-58.10193634033203,3.8923048973083496,0.3492143750190735,0.13776937127113342,False,-58.10193634033203,10782.266219890656,2.3945404901379064,0.009120535293776509
mp-754345,LiTaO3,0.0886449690000059,2.3884,127,P4/mbm,False,600,27.638248443603516,4.269358158111572,0.258123517036438,0.11293888092041016,True,-27.638248443603516,25689.95309870739,1.9414728743497984,0.006064629408287097
mp-752764,LiVF3,0.0185087989999983,2.5687999999999995,161,R3c,False,600,67.80752563476562,4.223247528076172,0.39771685004234314,0.21872466802597046,False,67.80752563476562,23102.165000667752,2.67747028773784,0.02380318463211518
mp-752911,LiVF3,0.0357912984999995,2.426,62,Pnma,False,600,67.80752563476562,4.223247528076172,0.39771685004234314,0.21872466802597046,False,67.80752563476562,23102.165000667752,2.67747028773784,0.02380318463211518
mp-777551,LiVF3,0.0371581029999985,2.6788,198,P2_13,False,600,67.80752563476562,4.223247528076172,0.39771685004234314,0.21872466802597046,False,67.80752563476562,23102.165000667752,2.67747028773784,0.02380318463211518
mp-778509,LiVF3,0.0711593504999994,2.6116,198,P2_13,False,600,67.80752563476562,4.223247528076172,0.39771685004234314,0.21872466802597046,False,67.80752563476562,23102.165000667752,2.67747028773784,0.02380318463211518
mp-755471,LuCrO3,0.0,2.7252,62,Pnma,True,600,82.35537719726562,3.772188186645508,0.2525692880153656,0.03604018688201904,False,82.35537719726562,8176.987614265416,1.9168013124617291,0.01736006766185874
mp-22588,LuFeO3,0.0360391231249987,1.6083000000000005,62,Pnma,False,600,119.89423370361328,3.9224295616149902,0.27709051966667175,0.01970374584197998,False,119.89423370361328,11556.723292178436,2.028141864346475,0.04914555320909715
mp-21125,LuMnO3,0.0503064981666696,0.4485081876543422,62,Pnma,False,600,103.3878402709961,3.7841382026672363,0.2862638533115387,0.03833550214767456,False,103.3878402709961,8405.109117501162,2.0714366853305064,0.02602327009828437
mp-1205366,LuRhO3,0.0,1.0887000000000002,62,Pnma,True,600,109.34130096435547,3.958993911743164,0.016501575708389282,0.03094881772994995,False,109.34130096435547,12571.846363997867,1.1130364469672107,0.08102320221340913
mp-754597,LuTlO3,0.0837613916249973,0.6919000000000004,62,Pnma,False,600,-84.61392211914062,4.294824600219727,0.2657405138015747,0.2754218280315399,False,-84.61392211914062,27241.420715964432,1.9758243067914518,0.059226536025392844
mp-755583,LuVO3,0.0057737502499968,1.5724999999999998,62,Pnma,False,600,37.31629180908203,4.213590145111084,0.0449393093585968,0.06097489595413208,False,37.31629180908203,22594.113100225044,1.1883575217977633,0.01588533545778291
mp-2767717,LuVO3,0.0,0.2610999999999999,14,P2_1/c,True,600,37.31629180908203,4.213590145111084,0.0449393093585968,0.06097489595413208,False,37.31629180908203,22594.113100225044,1.1883575217977633,0.01588533545778291
mp-998358,MgAgF3,0.0331789360000014,2.1127,221,Pm-3m,False,600,-8.356252670288086,4.000274658203125,0.31427857279777527,0.22132813930511475,False,-8.356252670288086,13825.467049409674,2.2094612176594643,0.00026216083146665627
mp-998418,MgAgF3,0.0181428880000016,2.6793,167,R-3c,False,600,-8.356252670288086,4.000274658203125,0.31427857279777527,0.22132813930511475,False,-8.356252670288086,13825.467049409674,2.2094612176594643,0.00026216083146665627
mp-770581,MgMnO3,0.0767369350000004,0.536,62,Pnma,False,600,-165.17042541503906,3.6272571086883545,0.4665217697620392,0.0738157331943512,False,-165.17042541503906,5856.825193130343,3.137108791553817,0.03055965923888438
mp-769348,MgSnO3,0.0730104979999959,2.0089999999999995,62,Pnma,False,600,-97.0033187866211,4.1421098709106445,0.4940837621688843,0.08906126022338867,False,-97.0033187866211,19165.273628445688,3.3426551343328583,0.03237038677191874
mp-1345923,MgTiO3,0.0829077269999984,2.3299,62,Pnma,False,600,-129.9522247314453,4.143179416656494,0.5670551061630249,0.11678877472877502,False,-129.9522247314453,19212.530499191755,3.9542390096406117,0.04923119093838671
mp-1370061,MgVO3,0.0928165374999991,0.6976000000000004,62,Pnma,False,600,-138.39735412597656,4.229434967041016,0.5283701419830322,0.08919721841812134,False,-138.39735412597656,23433.65977797834,3.617245225232032,0.07445073565509767
mp-1326513,MgWO3,0.0817830849999978,2.4380000000000006,62,Pnma,False,600,-31.866891860961914,4.300339698791504,0.15950548648834229,0.057895004749298096,False,-31.866891860961914,27589.56493548247,1.5470818693588402,0.010865812813120646
mp-1278986,MnBO3,0.0323374645520715,0.5985999999999998,2,P-1,False,600,-55.120872497558594,3.8489742279052734,0.32750481367111206,0.09460493922233582,False,-55.120872497558594,9758.417193041529,2.2777844497544932,0.007809984545097825
mp-1289597,MnBO3,0.0203677105520725,0.1516999999999999,15,C2/c,False,600,-55.120872497558594,3.8489742279052734,0.32750481367111206,0.09460493922233582,False,-55.120872497558594,9758.417193041529,2.2777844497544932,0.007809984545097825
mp-23477,MnBiO3,0.0281614210999983,1.4751000000000003,15,C2/c,False,600,-98.09500122070312,4.029218673706055,0.44693467020988464,0.05887147784233093,False,-98.09500122070312,14778.277829881348,2.9987653240030774,0.028452887777442572
mp-1194603,MnBiO3,0.0262128320999979,1.90163571702498,14,P2_1/c,False,600,-98.09500122070312,4.029218673706055,0.44693467020988464,0.05887147784233093,False,-98.09500122070312,14778.277829881348,2.9987653240030774,0.028452887777442572
mp-998241,MnInF3,0.0323595836111119,2.4765,1,P1,False,600,-60.07111358642578,4.122923374176025,0.40279126167297363,0.0505521297454834,False,-60.07111358642578,18337.010237621642,2.7089380397426,0.014655885786610003
mp-1422819,MnInF3,0.0323525176111134,2.4617000000000004,221,Pm-3m,False,600,-60.07111358642578,4.122923374176025,0.40279126167297363,0.0505521297454834,False,-60.07111358642578,18337.010237621642,2.7089380397426,0.014655885786610003
mp-22224,MnSeO3,0.0202544244999876,2.8433,62,Pnma,False,600,-71.44514465332031,3.788512706756592,0.48376113176345825,0.022675007581710815,False,-71.44514465332031,8490.198811040435,3.264141234991041,0.007966097330255042
mp-691106,MnSnO3,0.0223195970000018,0.2294,161,R3c,False,600,-59.54991149902344,3.8020896911621094,0.48411673307418823,0.02117297053337097,False,-59.54991149902344,8759.813186971476,3.266815015766656,0.005705369714685354
mp-30528,MnTlCl3,0.0243922364999997,1.2858,62,Pnma,False,600,-31.24399757385254,4.16171932220459,0.19359281659126282,0.24639174342155457,False,-31.24399757385254,20050.46622240638,1.6734033214276545,0.007017918009455353
mp-570290,MnTlCl3,0.0293077779999997,1.1477,221,Pm-3m,False,600,-31.24399757385254,4.16171932220459,0.19359281659126282,0.24639174342155457,False,-31.24399757385254,20050.46622240638,1.6734033214276545,0.007017918009455353
mp-998762,MnTlF3,0.0,2.6304,221,Pm-3m,True,600,-29.223783493041992,4.185610294342041,0.3118540048599243,0.18968112766742706,False,-29.223783493041992,21184.36485551955,2.1971606625975815,0.004940578072044374
mp-1106224,MnVO3,0.0417526665000043,0.3157000000000005,62,Pnma,False,600,-46.72368621826172,3.710974931716919,0.5269012451171875,0.037228673696517944,False,-46.72368621826172,7101.990466718987,3.605031428063362,0.002580456115032094
mp-772528,MnZnO3,0.098382452,0.1149,62,Pnma,False,600,-94.50360870361328,3.573648452758789,0.5179091691970825,0.033525049686431885,False,-94.50360870361328,5176.707253795626,3.5311566093021405,0.007855695889450348
mp-1120755,NaCO3,0.0,0.6623,167,R-3c,True,600,-26.889860153198242,4.147075176239014,0.30217596888542175,0.10541439056396484,True,26.889860153198242,19385.648306249575,2.1487395567203715,0.003914036651439485
mp-21404,NaCoF3,0.0,2.0659,62,Pnma,True,600,40.35738754272461,3.9900779724121094,0.3021673560142517,0.18762652575969696,False,40.35738754272461,13504.643551734815,2.1486969436220242,0.006141936195375668
mp-505085,NaCuF3,0.0043112520000008,0.6678000000000001,14,P2_1/c,False,600,28.593032836914062,4.160715579986572,0.44358402490615845,0.23711921274662018,False,28.593032836914062,20004.17905750571,2.975718431313057,0.0032976198959137368
mp-505066,NaFeF3,0.0004148375000001,1.8013,62,Pnma,False,600,20.620885848999023,4.023938179016113,0.4088139832019806,0.17778553068637848,False,20.620885848999023,14599.679845283452,2.7467668240353924,0.0013560866034652704
mp-560242,NaMnF3,0.0,2.7474000000000003,62,Pnma,True,600,-177.7913818359375,3.8277218341827393,0.34928542375564575,0.17103230953216553,False,-177.7913818359375,9292.380557428096,2.394932258858307,0.07358790089636078
mp-4531,NaNO3,0.0,2.9451,167,R-3c,True,600,69.84380340576172,4.136514663696289,0.37528908252716064,0.0919690728187561,False,69.84380340576172,18919.94270826692,2.542710360332509,0.021778598936311178
mp-1220986,NaNO3,0.0110834510000001,2.8579,155,R32,False,600,69.84380340576172,4.136514663696289,0.37528908252716064,0.0919690728187561,False,69.84380340576172,18919.94270826692,2.542710360332509,0.021778598936311178
mp-3136,NaNbO3,0.0443390239999974,1.5312,221,Pm-3m,False,600,-39.16596984863281,4.362288475036621,0.4583689570426941,0.13833901286125183,True,39.16596984863281,31819.520316667593,3.078766604502721,0.0095123075220141
mp-3671,NaNbO3,0.001741106999999,2.3565000000000005,57,Pbcm,False,600,-39.16596984863281,4.362288475036621,0.4583689570426941,0.13833901286125183,True,39.16596984863281,31819.520316667593,3.078766604502721,0.0095123075220141
mp-4419,NaNbO3,0.030859024999998,1.5628,127,P4/mbm,False,600,-39.16596984863281,4.362288475036621,0.4583689570426941,0.13833901286125183,True,39.16596984863281,31819.520316667593,3.078766604502721,0.0095123075220141
mp-4514,NaNbO3,0.0,2.7818,161,R3c,True,600,-39.16596984863281,4.362288475036621,0.4583689570426941,0.13833901286125183,True,39.16596984863281,31819.520316667593,3.078766604502721,0.0095123075220141
mp-4681,NaNbO3,0.0024077749999982,2.3684000000000003,26,Pmc2_1,False,600,-39.16596984863281,4.362288475036621,0.4583689570426941,0.13833901286125183,True,39.16596984863281,31819.520316667593,3.078766604502721,0.0095123075220141
mp-4748,NaNbO3,0.0267007389999989,1.6833000000000002,63,Cmcm,False,600,-39.16596984863281,4.362288475036621,0.4583689570426941,0.13833901286125183,True,39.16596984863281,31819.520316667593,3.078766604502721,0.0095123075220141
mp-558920,NaNbO3,0.0018151994999993,2.4098,29,Pca2_1,False,600,-39.16596984863281,4.362288475036621,0.4583689570426941,0.13833901286125183,True,39.16596984863281,31819.520316667593,3.078766604502721,0.0095123075220141
mp-559354,NaNbO3,0.0391677254999986,1.8833,63,Cmcm,False,600,-39.16596984863281,4.362288475036621,0.4583689570426941,0.13833901286125183,True,39.16596984863281,31819.520316667593,3.078766604502721,0.0095123075220141
mp-1105765,NaNbO3,0.025218161999998,1.865,62,Pnma,False,600,-39.16596984863281,4.362288475036621,0.4583689570426941,0.13833901286125183,True,39.16596984863281,31819.520316667593,3.078766604502721,0.0095123075220141
mp-1188528,NaNbO3,0.0028805844999979,2.853,33,Pna2_1,False,600,-39.16596984863281,4.362288475036621,0.4583689570426941,0.13833901286125183,True,39.16596984863281,31819.520316667593,3.078766604502721,0.0095123075220141
mp-1189194,NaNbO3,0.029542810499997,1.6606999999999998,62,Pnma,False,600,-39.16596984863281,4.362288475036621,0.4583689570426941,0.13833901286125183,True,39.16596984863281,31819.520316667593,3.078766604502721,0.0095123075220141
mp-1190015,NaNbO3,0.0036448904999986,2.2326,31,Pmn2_1,False,600,-39.16596984863281,4.362288475036621,0.4583689570426941,0.13833901286125183,True,39.16596984863281,31819.520316667593,3.078766604502721,0.0095123075220141
mp-1194823,NaNbO3,0.0250339659999969,1.7153000000000005,62,Pnma,False,600,-39.16596984863281,4.362288475036621,0.4583689570426941,0.13833901286125183,True,39.16596984863281,31819.520316667593,3.078766604502721,0.0095123075220141
mp-1195803,NaNbO3,0.0253544346666654,1.6547999999999998,62,Pnma,False,600,-39.16596984863281,4.362288475036621,0.4583689570426941,0.13833901286125183,True,39.16596984863281,31819.520316667593,3.078766604502721,0.0095123075220141
mp-1198142,NaNbO3,0.0283619004999966,1.7341,59,Pmmn,False,600,-39.16596984863281,4.362288475036621,0.4583689570426941,0.13833901286125183,True,39.16596984863281,31819.520316667593,3.078766604502721,0.0095123075220141
mp-1199037,NaNbO3,0.0424806867499985,1.7575,17,P222_1,False,600,-39.16596984863281,4.362288475036621,0.4583689570426941,0.13833901286125183,True,39.16596984863281,31819.520316667593,3.078766604502721,0.0095123075220141
mp-1199593,NaNbO3,0.0327036768749984,1.6316000000000002,59,Pmmn,False,600,-39.16596984863281,4.362288475036621,0.4583689570426941,0.13833901286125183,True,39.16596984863281,31819.520316667593,3.078766604502721,0.0095123075220141
mp-1203293,NaNbO3,0.0245707684999985,1.7941,62,Pnma,False,600,-39.16596984863281,4.362288475036621,0.4583689570426941,0.13833901286125183,True,39.16596984863281,31819.520316667593,3.078766604502721,0.0095123075220141
mp-1977728,NaNbO3,0.0294082129999981,1.6644,74,Imma,False,600,-39.16596984863281,4.362288475036621,0.4583689570426941,0.13833901286125183,True,39.16596984863281,31819.520316667593,3.078766604502721,0.0095123075220141
mp-20011,NaSbO3,0.0551372470000011,1.4696000000000002,227,Fd-3m,False,600,59.91484832763672,3.8333961963653564,0.3435460031032562,0.14542937278747559,False,59.91484832763672,9414.588659335137,2.3634902396480553,0.008579613331273855
mp-22212,NaSbO3,0.0918956150000003,1.2824000000000004,62,Pnma,False,600,59.91484832763672,3.8333961963653564,0.3435460031032562,0.14542937278747559,False,59.91484832763672,9414.588659335137,2.3634902396480553,0.008579613331273855
mp-3858,NaTaO3,0.0,2.5926,62,Pnma,True,600,-16.792810440063477,4.361513137817383,0.1851980984210968,0.10042661428451538,False,-16.792810440063477,31762.764243698115,1.641367797005257,0.0032742392042680413
mp-4170,NaTaO3,0.0277541294999981,2.2596,221,Pm-3m,False,600,-16.792810440063477,4.361513137817383,0.1851980984210968,0.10042661428451538,False,-16.792810440063477,31762.764243698115,1.641367797005257,0.0032742392042680413
mp-4675,NaTaO3,0.0093388935000007,2.2808,127,P4/mbm,False,600,-16.792810440063477,4.361513137817383,0.1851980984210968,0.10042661428451538,False,-16.792810440063477,31762.764243698115,1.641367797005257,0.0032742392042680413
mp-4699,NaTaO3,0.0033295580000007,2.3891,63,Cmcm,False,600,-16.792810440063477,4.361513137817383,0.1851980984210968,0.10042661428451538,False,-16.792810440063477,31762.764243698115,1.641367797005257,0.0032742392042680413
mp-754818,NaTaO3,0.0867578065000014,2.7139,227,Fd-3m,False,600,-16.792810440063477,4.361513137817383,0.1851980984210968,0.10042661428451538,False,-16.792810440063477,31762.764243698115,1.641367797005257,0.0032742392042680413
mp-20572,NaVF3,0.0913499079999997,0.6978,221,Pm-3m,False,600,-30.57160758972168,4.277889728546143,0.32126250863075256,0.20337720215320587,False,-30.57160758972168,26199.613332567635,2.245279021982785,0.006543534046187831
mp-1120756,NaVF3,0.0,1.5126999999999995,62,Pnma,True,600,-30.57160758972168,4.277889728546143,0.32126250863075256,0.20337720215320587,False,-30.57160758972168,26199.613332567635,2.245279021982785,0.006543534046187831
mp-5537,NbAgO3,0.0594938496730765,1.7871,57,Pbcm,False,600,0.958038330078125,4.0033793449401855,0.6260936856269836,0.07599419355392456,False,0.958038330078125,13924.656744384843,4.530034355509471,1.6927780660262345e-06
mp-12725,NbAgO3,0.0919056189230769,1.3336,221,Pm-3m,False,600,0.958038330078125,4.0033793449401855,0.6260936856269836,0.07599419355392456,False,0.958038330078125,13924.656744384843,4.530034355509471,1.6927780660262345e-06
mp-1203481,NbAgO3,0.0605651891730776,1.7362135447607383,26,Pmc2_1,False,600,0.958038330078125,4.0033793449401855,0.6260936856269836,0.07599419355392456,False,0.958038330078125,13924.656744384843,4.530034355509471,1.6927780660262345e-06
mp-1205362,NbAgO3,0.0718574189230762,0.9892,63,Cmcm,False,600,0.958038330078125,4.0033793449401855,0.6260936856269836,0.07599419355392456,False,0.958038330078125,13924.656744384843,4.530034355509471,1.6927780660262345e-06
mp-1220387,NbAgO3,0.074483993923077,1.0242999999999998,127,P4/mbm,False,600,0.958038330078125,4.0033793449401855,0.6260936856269836,0.07599419355392456,False,0.958038330078125,13924.656744384843,4.530034355509471,1.6927780660262345e-06
mp-33932,NbHO3,0.0336375535357174,2.6276,1,P1,False,600,-76.3153305053711,4.231513500213623,0.4187198281288147,0.24498234689235687,False,-76.3153305053711,23546.082073857153,2.810137938322636,0.029279647538364918
mp-626528,NbHO3,0.0450807430357169,2.5171,1,P1,False,600,-76.3153305053711,4.231513500213623,0.4187198281288147,0.24498234689235687,False,-76.3153305053711,23546.082073857153,2.810137938322636,0.029279647538364918
mp-757636,NbTlO3,0.0,0.7458,1,P1,True,600,-31.74711799621582,4.2177228927612305,0.09767405688762665,0.08599025011062622,False,-31.74711799621582,22810.14500116615,1.3417817078168255,0.01028030599720277
mp-977408,NbTlO3,0.0906740972499937,0.1116000000000001,221,Pm-3m,False,600,-31.74711799621582,4.2177228927612305,0.09767405688762665,0.08599025011062622,False,-31.74711799621582,22810.14500116615,1.3417817078168255,0.01028030599720277
mp-1101462,NbTlO3,0.0013711412499954,0.946658554294193,9,Cc,False,600,-31.74711799621582,4.2177228927612305,0.09767405688762665,0.08599025011062622,False,-31.74711799621582,22810.14500116615,1.3417817078168255,0.01028030599720277
mp-14254,NdAlO3,0.0274909169999926,2.863600000000001,221,Pm-3m,False,600,-71.14433288574219,4.068256378173828,0.6437211036682129,0.08452010154724121,False,-71.14433288574219,16168.194739820829,4.7176847183336506,0.010407933072838684
mp-20031,NdCoO3,0.0781587439998885,0.791412993383716,221,Pm-3m,False,600,123.94831848144531,4.245048522949219,0.3155164122581482,0.04654231667518616,False,123.94831848144531,24291.463246993822,2.21576767498787,0.10105597185826912
mp-22599,NdCoO3,0.0,1.2315999999999994,62,Pnma,True,600,123.94831848144531,4.245048522949219,0.3155164122581482,0.04654231667518616,False,123.94831848144531,24291.463246993822,2.21576767498787,0.10105597185826912
mp-19269,NdCrO3,0.0,2.54,62,Pnma,True,600,230.12118530273438,3.5793144702911377,0.2391618937253952,0.0511818528175354,False,230.12118530273438,5244.687588354104,1.858530547803396,0.08966322898683858
mp-20407,NdFeO3,0.0,1.7311,62,Pnma,True,600,96.6563720703125,3.5252318382263184,0.3029792904853821,0.03242728114128113,False,96.6563720703125,4630.59705794675,2.152717793561448,0.012057634683391775
mp-755138,NdInO3,0.0147230442500001,2.6533,62,Pnma,False,600,-50.680870056152344,4.155361652374268,0.36931702494621277,0.05586180090904236,False,-50.680870056152344,19759.08391548388,2.5079844243171436,0.012141751635283953
mp-20852,NdMnO3,0.0,1.898,62,Pnma,True,600,84.79179382324219,3.659261703491211,0.28193649649620056,0.033726513385772705,False,84.79179382324219,6304.735285986509,2.0508991569306323,0.013261157919784505
mp-4582,NdRhO3,0.0,0.6487000000000007,62,Pnma,True,600,140.3634796142578,3.7984938621520996,0.2956865131855011,0.0490911602973938,False,140.3634796142578,8687.583972620203,2.1168706582766603,0.04851367721027469
mp-1105614,NdScS3,0.0,1.8593,62,Pnma,True,600,-154.19273376464844,4.203851222991943,0.024600446224212646,0.1512151062488556,False,-154.19273376464844,22093.085652377533,1.1339874711527451,0.27792472656545864
mp-541129,NdVO3,0.0,1.5603999999999996,62,Pnma,True,600,-14.988351821899414,4.1996235847473145,0.2023138701915741,0.06337690353393555,True,14.988351821899414,21879.063967543898,1.707346545790546,0.0017272932093446984
mp-25096,NiBiO3,0.0322425907500036,0.3548,11,P2_1/m,False,600,-0.7113971710205078,3.910949230194092,0.28534790873527527,0.0332278311252594,True,0.7113971710205078,11255.230240029097,2.0670725455167593,1.6533857211637015e-06
mp-1209810,NiTeO3,0.0463462223333346,2.5735,62,Pnma,False,600,12.856514930725098,3.7298853397369385,0.28583240509033203,-0.016630560159683228,False,12.856514930725098,7418.062583885718,2.0693798461875095,0.0003555069089704799
mp-8218,PrAlO3,0.0180234129999909,2.8792,221,Pm-3m,False,600,-84.50459289550781,4.161818981170654,0.5793535709381104,0.09524819254875183,False,-84.50459289550781,20055.067795996125,4.067816756796289,0.021123925714384196
mp-20090,PrCoO3,0.0,1.1319000000000004,62,Pnma,True,600,100.34339904785156,4.260775089263916,0.18618416786193848,0.03987392783164978,False,100.34339904785156,25187.220404410407,1.6450987710262506,0.09249476037372721
mp-1105822,PrCrO3,0.0,2.0419,62,Pnma,True,600,292.6415100097656,3.5063281059265137,0.13275489211082458,0.04426470398902893,False,292.6415100097656,4433.362660947113,1.4546640372356436,0.1566006879356597
mp-22341,PrFeO3,0.0,1.0793000000000004,62,Pnma,True,600,115.9583511352539,3.4576823711395264,0.15168826282024384,0.027460992336273193,False,115.9583511352539,3963.579051747936,1.5194837953768534,0.021044895061101587
mp-22564,PrMnO3,0.0,1.402,62,Pnma,True,600,86.317138671875,3.4741482734680176,0.07991966605186462,0.03773701190948486,False,86.317138671875,4116.739881695482,1.2880344417445657,0.014287994421276146
mp-4789,PrRhO3,0.0,0.6036999999999999,62,Pnma,True,600,136.909423828125,3.736255645751953,0.21858172118663788,0.040023356676101685,False,136.909423828125,7527.67393307216,1.7725134169942354,0.047762736782604606
mp-1189962,PrScS3,0.0,1.8377,62,Pnma,True,600,-113.69938659667969,4.272228240966797,0.06442344188690186,0.1414499282836914,False,-113.69938659667969,25860.29020542185,1.2428858736272468,0.16138740410099472
mp-1209329,PrVO3,0.0,1.3015999999999996,62,Pnma,True,600,24.150596618652344,4.243307590484619,0.12781834602355957,0.05937698483467102,False,24.150596618652344,24194.28230297826,1.438222756243658,0.005886993634350348
mp-1206325,RbCrF3,0.0103533537499957,0.9717000000000002,123,P4/mmm,False,600,-11.128210067749023,4.28038215637207,0.3410939872264862,0.16759136319160461,True,11.128210067749023,26350.405912470185,2.350183632092322,0.0008330813138132761
mp-1206801,RbEuCl3,0.0383723899999992,0.4541999999999997,221,Pm-3m,False,600,46.53009796142578,4.420641899108887,0.10496044158935547,0.21951811015605927,False,46.53009796142578,36395.446559173426,1.3644833847387585,0.03464958080728832
mp-571458,RbGeI3,0.013385509333331,0.5181,221,Pm-3m,False,600,104.40332794189453,4.098477840423584,-0.21301835775375366,0.49739977717399597,False,104.40332794189453,17333.369444753003,0.6561293307235746,0.17277204610320535
mp-7482,RbHgF3,0.0,0.6454,221,Pm-3m,True,600,-4.037975311279297,4.269415378570557,0.3545805513858795,0.26818081736564636,False,-4.037975311279297,25693.338100848596,2.4243111641280057,0.00010368376029356062
mp-1110737,RbInBr3,0.0251928204999982,1.3264041792853,225,Fm-3m,False,600,5.672825813293457,4.005774021148682,-0.0776599645614624,0.4214945137500763,False,5.672825813293457,14001.648615555698,0.8960821897340618,0.0003017042836647714
mp-1114001,RbInCl3,0.0,1.677311796494664,225,Fm-3m,True,600,-66.74405670166016,4.0754194259643555,-0.01264384388923645,0.2971598505973816,True,66.74405670166016,16437.076607052386,1.0407920498252436,0.042212110127754124
mp-1110662,RbInF3,0.0091613249603108,2.4848,225,Fm-3m,False,600,-87.9871826171875,4.194217681884766,0.21134722232818604,0.195452019572258,False,-87.9871826171875,21608.411172303913,1.7432313692564965,0.057578172495608516
mp-1114161,RbInI3,0.0563835451666636,0.7159,225,Fm-3m,False,600,22.91498374938965,3.82800555229187,-0.15880268812179565,0.5476465821266174,False,22.91498374938965,9298.453114424261,0.7433701566899342,0.00394090477650072
mp-558749,RbMnF3,0.0,2.9437,221,Pm-3m,True,600,-63.418540954589844,4.001552581787109,0.31076744198799133,0.1614563763141632,False,-63.418540954589844,13866.208782918933,2.191670449563721,0.015267440133716313
mp-752446,RbNO3,0.0210339020000001,2.9815,155,R32,False,600,105.24412536621094,4.102475643157959,0.36835846304893494,0.09676122665405273,False,105.24412536621094,17493.66463003582,2.502454979951743,0.0464581059643018
mp-1075911,RbNbO3,0.082736542000001,1.3578,221,Pm-3m,False,600,-48.50029754638672,4.400176048278809,0.4106074571609497,0.07608857750892639,False,-48.50029754638672,34720.118723874744,2.7581333985331624,0.017766668154656908
mp-998157,RbSnBr3,0.0446438260000023,0.6010000000000002,1,P1,False,600,40.08106994628906,3.969224452972412,-0.19032713770866394,0.38425981998443604,False,40.08106994628906,12871.513195419118,0.6913224690476485,0.017946460066088483
mp-998156,RbSnCl3,0.0227385199999998,0.9861,8,Cm,False,600,21.21285629272461,4.000860214233398,-0.023073852062225342,0.27223441004753113,False,21.21285629272461,13844.120396395103,1.0160941663990113,0.0036785863886471776
mp-998611,RbSnCl3,0.0,2.326613151723183,161,R3c,True,600,21.21285629272461,4.000860214233398,-0.023073852062225342,0.27223441004753113,False,21.21285629272461,13844.120396395103,1.0160941663990113,0.0036785863886471776
mp-755018,RbTaO3,0.0525669795000158,2.5106,160,R3m,False,600,-43.24944305419922,4.445059299468994,0.19353508949279785,0.0503348708152771,False,-43.24944305419922,38500.33006478815,1.673180904836014,0.025824614185814502
mp-1076534,RbTaO3,0.0566622735000148,2.0076,221,Pm-3m,False,600,-43.24944305419922,4.445059299468994,0.19353508949279785,0.0503348708152771,False,-43.24944305419922,38500.33006478815,1.673180904836014,0.025824614185814502
mp-1114101,RbTlBr3,0.0253148957499997,0.9634037051434756,225,Fm-3m,False,600,29.409603118896484,4.159718036651611,-0.1137571632862091,0.4814578890800476,False,29.409603118896484,19958.283619701637,0.8246138916804608,0.012560360980827225
mp-1113994,RbTlCl3,0.0306932017291674,1.1539100733397554,225,Fm-3m,False,600,-39.01507568359375,4.201163291931152,0.0531419962644577,0.4139888286590576,True,39.01507568359375,21956.76962581255,1.2110157914957278,0.016559026330188235
mp-1113914,RbTlF3,0.0,2.0588124041671416,225,Fm-3m,True,600,-76.31731414794922,4.223293304443359,0.3014726936817169,0.2757151424884796,False,-76.31731414794922,23104.600189158577,2.145262808966994,0.03763703126826336
mp-1114149,RbTlI3,0.0912211314999997,0.4939,225,Fm-3m,False,600,95.65080261230469,4.08790397644043,-0.15251842141151428,0.5388071537017822,False,95.65080261230469,16916.44611580307,0.7542049677282855,0.12312556278642726
mp-556424,RbVF3,0.0,2.4507000000000003,221,Pm-3m,True,600,54.59679412841797,4.437751770019531,0.28560081124305725,0.17660188674926758,False,54.59679412841797,37857.93517986782,2.068276613478579,0.03273661995034939
mp-626182,SbHO3,0.0279537947499868,1.0685,141,I4_1/amd,False,600,42.77098083496094,4.085898399353027,0.392330527305603,0.9787856340408325,False,42.77098083496094,16838.505869267934,2.6444681294659613,0.006988997499475578
mp-626218,SbHO3,0.0157999897499871,1.1867,43,Fdd2,False,600,42.77098083496094,4.085898399353027,0.392330527305603,0.9787856340408325,False,42.77098083496094,16838.505869267934,2.6444681294659613,0.006988997499475578
mp-555313,ScBiO3,0.0337337538750013,2.6897,9,Cc,False,600,-50.739654541015625,4.236207008361816,0.29287758469581604,0.11961954832077026,False,-50.739654541015625,23801.92934308435,2.103223350446221,0.017481271961053407
mp-555769,ScBiO3,0.0344824253750006,2.6784,15,C2/c,False,600,-50.739654541015625,4.236207008361816,0.29287758469581604,0.11961954832077026,False,-50.739654541015625,23801.92934308435,2.103223350446221,0.017481271961053407
mp-756205,ScBiO3,0.0321571613750002,2.7215,62,Pnma,False,600,-50.739654541015625,4.236207008361816,0.29287758469581604,0.11961954832077026,False,-50.739654541015625,23801.92934308435,2.103223350446221,0.017481271961053407
mp-1643785,ScCoO3,0.0691988195892872,0.8961999999999994,14,P2_1/c,False,600,106.38890075683594,3.8913044929504395,0.5615243911743164,0.04275292158126831,False,106.38890075683594,10757.45767980206,3.904201295590046,0.018712048681672082
mp-18961,ScCrO3,0.0368469178749997,2.3991,62,Pnma,False,600,17.567764282226562,4.054598331451416,0.509489119052887,0.06020122766494751,True,-17.567764282226562,15667.63641592419,3.4633543567042286,0.0008377044012596048
mp-769734,ScFeO3,0.0839461803749976,1.5712000000000002,62,Pnma,False,600,34.331329345703125,3.656843423843384,0.5411913394927979,0.04686197638511658,True,-34.331329345703125,6269.726222958553,3.7256250890536498,0.0011900957880229869
mp-1105811,ScMnO3,0.0499739205624987,1.7893999999999997,14,P2_1/c,False,600,55.413352966308594,3.857703924179077,0.44318687915802,0.0678912103176117,True,-55.413352966308594,9956.554549018052,2.9729984940727685,0.006170132599388112
mp-1188449,ScRhO3,0.0511400981249963,1.0496999999999996,62,Pnma,False,600,51.05146789550781,4.011422634124756,0.43523919582366943,0.033173590898513794,False,51.05146789550781,14184.949284605766,2.919086778605628,0.007598860990996078
mp-1196890,ScRhO3,0.0246142638749962,1.1204903046814725,14,P2_1/c,False,600,51.05146789550781,4.011422634124756,0.43523919582366943,0.033173590898513794,False,51.05146789550781,14184.949284605766,2.919086778605628,0.007598860990996078
mp-752429,ScTlO3,0.0787690023749974,0.9279999999999996,62,Pnma,False,600,-11.66977310180664,4.246448040008545,0.3004291355609894,0.128614604473114,False,-11.66977310180664,24369.86892379379,2.1401141851676835,0.0009304484615128135
mp-756546,ScVO3,0.0493919894999983,1.5053,62,Pnma,False,600,61.19834899902344,4.586840629577637,0.44136229157447815,0.0827556848526001,False,61.19834899902344,53363.68142986918,2.9605343311069574,0.04050478614343073
mp-20016,SmCoO3,0.0,1.3174,62,Pnma,True,600,235.0761260986328,4.8545732498168945,0.31586703658103943,0.03719896078109741,False,235.0761260986328,98850.39364085082,2.217557280360453,1.4779912306069851
mp-1105788,SmCrO3,0.0,2.4786,62,Pnma,True,600,164.50961303710938,3.9073269367218018,0.14419841766357422,0.03747504949569702,False,164.50961303710938,11161.744834238594,1.4935034416147839,0.1213555587734714
mp-20243,SmFeO3,0.0,1.545,62,Pnma,True,600,119.09019470214844,3.6567811965942383,0.2604956328868866,0.020321577787399292,False,119.09019470214844,6268.827938770146,1.952106209659401,0.027326635749059268
mp-752437,SmInO3,0.0303930866249988,2.6396999999999995,62,Pnma,False,600,-87.66541290283203,4.35869026184082,0.3303481340408325,0.07431942224502563,False,-87.66541290283203,31556.978585561137,2.292745998249955,0.06346690010812568
mp-22203,SmMnO3,0.0,1.4644000000000004,62,Pnma,True,600,71.4510269165039,3.8975632190704346,0.29002511501312256,0.02645990252494812,True,-71.4510269165039,10913.60854809866,2.0894545322198335,0.01599939820685819
mp-3317,SmRhO3,0.0,0.7331000000000003,62,Pnma,True,600,99.59797668457031,3.9961843490600586,0.15332230925559998,0.038617491722106934,False,99.59797668457031,13695.866129635404,1.5252116690990398,0.05344556409207618
mp-1188840,SmScS3,0.0,1.8487000000000005,62,Pnma,True,600,-143.33367919921875,4.238484859466553,0.023286521434783936,0.1975318342447281,False,-143.33367919921875,23927.09713935756,1.130561863228002,0.2608815879343983
mp-754787,SmTlO3,0.0731567521249978,0.8895,62,Pnma,False,600,-70.83052062988281,4.4038825035095215,0.2101513296365738,0.26370733976364136,False,-70.83052062988281,35017.70314704353,1.7384377324778628,0.060634616560578614
mp-1188225,SmVO3,0.0,1.5136000000000005,62,Pnma,True,600,-17.3988094329834,4.387151718139648,0.07891052961349487,0.0635831356048584,True,17.3988094329834,33694.33360136531,1.2850450104095024,0.004762432626878961
mp-29164,SrBiO3,0.0,0.3106,14,P2_1/c,True,600,-130.1639404296875,3.653995990753174,0.3432166278362274,0.18158945441246033,False,-130.1639404296875,6228.7534973899055,2.361698413750276,0.02681077274086608
mp-22428,SrCeO3,0.0085144779999968,2.5055000000000005,62,Pnma,False,600,-80.75245666503906,4.318383693695068,0.22629746794700623,0.16819250583648682,False,-80.75245666503906,28759.997699616888,1.8042855791293018,0.062365772496084916
mp-1208643,SrHfS3,0.0,1.4955999999999996,62,Pnma,True,600,-130.82894897460938,4.367423057556152,0.15193945169448853,0.17393288016319275,False,-130.82894897460938,32197.94919944204,1.5203628943274439,0.2174903060447496
mp-1542758,SrMoO3,0.0,1.3088000000000006,12,C2/m,True,600,-21.22135353088379,4.6180877685546875,0.3403962552547455,0.02282986044883728,True,21.22135353088379,57344.65203917572,2.3464108884966604,0.006603683765168294
mp-2879,SrSnO3,0.0,1.7406,62,Pnma,True,600,-73.69310760498047,3.815876007080078,0.5871133804321289,0.06912308931350708,False,-73.69310760498047,9042.346818712687,4.141152181392468,0.007114837117397684
mp-12866,SrSnO3,0.0036590239999982,1.6169000000000002,74,Imma,False,600,-73.69310760498047,3.815876007080078,0.5871133804321289,0.06912308931350708,False,-73.69310760498047,9042.346818712687,4.141152181392468,0.007114837117397684
mp-12867,SrSnO3,0.0067069569999995,1.5614,140,I4/mcm,False,600,-73.69310760498047,3.815876007080078,0.5871133804321289,0.06912308931350708,False,-73.69310760498047,9042.346818712687,4.141152181392468,0.007114837117397684
mp-546973,SrSnO3,0.0477347734999993,0.9749,221,Pm-3m,False,600,-73.69310760498047,3.815876007080078,0.5871133804321289,0.06912308931350708,False,-73.69310760498047,9042.346818712687,4.141152181392468,0.007114837117397684
mp-4651,SrTiO3,0.0,1.8559,140,I4/mcm,True,600,-287.9117736816406,3.9104044437408447,0.6770244836807251,0.11960294842720032,False,-287.9117736816406,11241.120337709539,5.093687458453776,0.10976083535918085
mp-5229,SrTiO3,0.0004700539999991,1.7658999999999998,221,Pm-3m,False,600,-287.9117736816406,3.9104044437408447,0.6770244836807251,0.11960294842720032,False,-287.9117736816406,11241.120337709539,5.093687458453776,0.10976083535918085
mp-551830,SrTiO3,8.474800000080052e-05,1.7869999999999997,140,I4/mcm,False,600,-287.9117736816406,3.9104044437408447,0.6770244836807251,0.11960294842720032,False,-287.9117736816406,11241.120337709539,5.093687458453776,0.10976083535918085
mp-5193,SrZrS3,0.0064128314999978,1.1777000000000002,62,Pnma,False,600,-164.2021942138672,4.206487655639648,0.2726421058177948,0.15296673774719238,False,-164.2021942138672,22227.612086067256,2.0074739385256204,0.1791232893734294
mp-9890,TaAgO3,0.0315954175000001,1.9158,167,R-3c,False,600,11.631396293640137,4.327610969543457,0.3802732825279236,0.09342372417449951,True,-11.631396293640137,29377.587117895742,2.5720599832342863,0.0009271499650870887
mp-1187189,TaAgO3,0.0450003925000004,1.7306000000000004,221,Pm-3m,False,600,11.631396293640137,4.327610969543457,0.3802732825279236,0.09342372417449951,True,-11.631396293640137,29377.587117895742,2.5720599832342863,0.0009271499650870887
mp-33753,TaHO3,0.0770895237500024,2.7443,141,I4_1/amd,False,600,-28.885080337524414,4.291875839233398,0.17314639687538147,0.15062284469604492,False,-28.885080337524414,27057.084160522467,1.5964459039924126,0.008484479320936296
mp-676262,TaTlO3,0.0,0.9695,15,C2/c,True,600,-133.69064331054688,4.397212505340576,0.08807684481143951,0.23316918313503265,False,-133.69064331054688,34484.001762582164,1.3124557045793845,0.2817645036381297
mp-756933,TaTlO3,0.004274724750001,0.4457999999999997,227,Fd-3m,False,600,-133.69064331054688,4.397212505340576,0.08807684481143951,0.23316918313503265,False,-133.69064331054688,34484.001762582164,1.3124557045793845,0.2817645036381297
mp-19802,TbCoO3,0.0,1.4160999999999997,62,Pnma,True,600,147.36814880371094,3.9023256301879883,0.018934279680252075,0.03521433472633362,False,147.36814880371094,11033.944203031706,1.119288623880685,0.1284538721368131
mp-756124,TbCrO3,0.0,2.5095,62,Pnma,True,600,149.96798706054688,3.8438689708709717,0.2902287542819977,0.04015165567398071,False,149.96798706054688,9644.375789324997,2.0904345003825107,0.062256676779441744
mp-19853,TbFeO3,6.255587500092474e-05,1.6263,62,Pnma,False,600,100.1891098022461,3.6964073181152344,0.38108107447624207,0.02577945590019226,False,100.1891098022461,6867.718275112916,2.576848491703624,0.01605150923283603
mp-769263,TbInO3,0.0560910488750003,2.5935,62,Pnma,False,600,-30.699411392211914,4.312958717346191,0.36471542716026306,0.054591476917266846,False,-30.699411392211914,28402.977556113034,2.4815511835505197,0.006472200776469581
mp-22055,TbMnO3,0.0,1.4940000000000009,62,Pnma,True,600,224.1974639892578,3.8324708938598633,0.48040327429771423,0.03471371531486511,False,224.1974639892578,9394.551405156966,3.239001016902741,0.08747372171258502
mp-5692,TbRhO3,0.0,0.8749000000000002,62,Pnma,True,600,128.54986572265625,4.176880359649658,0.06037582457065582,0.0340191125869751,False,128.54986572265625,20762.780510453857,1.2313560105724377,0.16718464346006998
mp-1188262,TbScS3,0.0,1.7696,62,Pnma,True,600,-131.72129821777344,4.260478496551514,0.09590671956539154,0.14398398995399475,False,-131.72129821777344,25170.02516926965,1.3363324966799344,0.19607958331815697
mp-554811,TbVO3,0.0,1.4395999999999995,62,Pnma,True,600,-14.428594589233398,4.3944878578186035,0.051058679819107056,0.05806863307952881,False,-14.428594589233398,34268.335574157114,1.205220443820568,0.0035516146062904894
mp-5052,TiCdO3,0.0387445740000007,2.4156,33,Pna2_1,False,600,-60.45951843261719,4.14042854309082,0.45271456241607666,0.08228203654289246,False,-60.45951843261719,19091.22061786278,3.038941727695371,0.013778182773922688
mp-14550,TiCdO3,0.0425426290000006,2.1213,62,Pnma,False,600,-60.45951843261719,4.14042854309082,0.45271456241607666,0.08228203654289246,False,-60.45951843261719,19091.22061786278,3.038941727695371,0.013778182773922688
mp-20940,TiCdO3,0.0395681674999996,2.4636,26,Pmc2_1,False,600,-60.45951843261719,4.14042854309082,0.45271456241607666,0.08228203654289246,False,-60.45951843261719,19091.22061786278,3.038941727695371,0.013778182773922688
mp-19270,TiFeO3,0.0317737499999992,2.5309,161,R3c,False,600,-32.14283752441406,3.788024425506592,0.5184481143951416,0.03510928153991699,False,-32.14283752441406,8480.658567120036,3.535541378873014,0.001486939610521021
mp-20073,TiFeO3,0.0718263530000005,1.4865000000000004,62,Pnma,False,600,-32.14283752441406,3.788024425506592,0.5184481143951416,0.03510928153991699,False,-32.14283752441406,8480.658567120036,3.535541378873014,0.001486939610521021
mp-19376,TiMnO3,0.0363191124999993,1.7771999999999997,161,R3c,False,600,-13.30882453918457,3.7455360889434814,0.5631073713302612,0.05175280570983887,False,-13.30882453918457,7690.263879890519,3.9184578669110937,0.00020857233833838156
mp-556925,TiMnO3,0.0599898020000004,1.5349000000000004,62,Pnma,False,600,-13.30882453918457,3.7455360889434814,0.5631073713302612,0.05175280570983887,False,-13.30882453918457,7690.263879890519,3.9184578669110937,0.00020857233833838156
mp-1078470,TiZnO3,0.055374115500002,2.828,161,R3c,False,600,-94.73226928710938,4.037346839904785,0.5451799631118774,0.050306886434555054,False,-94.73226928710938,15057.469535879702,3.75999937877329,0.02156310770147818
mp-1105306,TlCrO3,0.039864296500002,0.4300999999999995,62,Pnma,False,600,-12.576118469238281,3.874469757080078,0.2956230938434601,0.06488960981369019,True,12.576118469238281,10348.440580876175,2.1165615575438474,0.00046396850034849385
mp-505819,TlFeO3,0.0472809699999992,0.7036999999999995,62,Pnma,False,600,124.33692169189453,3.9037067890167236,0.5113460421562195,0.033664852380752563,False,124.33692169189453,11069.09060392785,3.4781944055294574,0.02951953842350727
mp-756909,TlGaO3,0.0695921199999984,0.2334000000000005,62,Pnma,False,600,5.961742401123047,4.488288402557373,0.4504750967025757,0.17323723435401917,True,-5.961742401123047,42529.82109612937,3.023311574768646,0.000299991060377301
mp-998153,TlGeBr3,0.0279997379999996,0.7555999999999998,8,Cm,False,600,25.989885330200195,4.324995040893555,0.04063144326210022,0.6691445708274841,True,-25.989885330200195,29201.166069713014,1.1766282013637317,0.010058215075825251
mp-998744,TlGeCl3,0.0327651060000011,1.3779,8,Cm,False,600,19.595169067382812,4.344501495361328,0.14414383471012115,0.20663000643253326,True,-19.595169067382812,30542.645301700824,1.4933157470672738,0.0047119891755166374
mp-998710,TlHgF3,0.0145253994999992,1.805,1,P1,False,600,-39.403480529785156,4.304548740386963,0.18594273924827576,0.3398624360561371,False,-39.403480529785156,27858.2539923495,1.6441844984389502,0.0157842432321741
mp-998758,TlHgF3,0.0,2.1963,55,Pbam,True,600,-39.403480529785156,4.304548740386963,0.18594273924827576,0.3398624360561371,False,-39.403480529785156,27858.2539923495,1.6441844984389502,0.0157842432321741
mp-998713,TlInCl3,0.0070095394999989,1.5597,1,P1,False,600,-39.58183288574219,4.2468485832214355,0.09622113406658173,0.28682178258895874,False,-39.58183288574219,24392.355252043948,1.3373003064524212,0.01714619839363499
mp-2767078,TlInCl3,0.0,2.5745,2,P-1,True,600,-39.58183288574219,4.2468485832214355,0.09622113406658173,0.28682178258895874,False,-39.58183288574219,24392.355252043948,1.3373003064524212,0.01714619839363499
mp-1178989,TlNiO3,0.0754351371666661,0.1478000000000001,14,P2_1/c,False,600,45.08274841308594,4.124849319458008,0.2334643304347992,0.06302544474601746,True,-45.08274841308594,18418.509089174888,1.8343074945767963,0.012244874869403255
mp-561954,TmCoO3,0.0226815634642871,1.1885999999999997,62,Pnma,False,600,190.2798309326172,3.7589268684387207,0.010796815156936646,0.034154802560806274,False,190.2798309326172,7931.074359478264,1.0985115440995163,0.1568426460733958
mp-777295,TmCrO3,0.0,2.6809,62,Pnma,True,600,117.8132095336914,3.992487668991089,0.35130277276039124,0.04983440041542053,False,117.8132095336914,13579.782754158408,2.406082879115832,0.04700255483129933
mp-20651,TmFeO3,0.0243056352500001,1.6096,62,Pnma,False,600,186.8692626953125,3.686441421508789,0.23712095618247986,0.021905452013015747,False,186.8692626953125,6711.916960545867,1.8498169996027036,0.07602296488957005
mp-1101263,TmInO3,0.0863472772499998,2.5259,62,Pnma,False,600,12.336535453796387,4.3956146240234375,0.34188759326934814,0.11318284273147583,True,-12.336535453796387,34357.35935142417,2.354482155692624,0.0013324841345814813
mp-554270,TmMnO3,0.0410788485000015,2.0076,62,Pnma,False,600,105.00924682617188,3.934818744659424,0.38466256856918335,0.020421266555786133,True,-105.00924682617188,11891.151106644054,2.598186839532409,0.03028027790948549
mp-1207705,TmRhO3,0.0,1.3457,62,Pnma,True,600,130.69052124023438,4.151040077209473,0.05103042721748352,0.04318821430206299,False,130.69052124023438,19563.440349710734,1.2051420419367174,0.16635904698283688
mp-1101279,TmTlO3,0.0884914422499987,0.7359999999999998,62,Pnma,False,600,-43.06822204589844,4.410101413726807,0.17280444502830505,0.2727559804916382,False,-43.06822204589844,35522.748986803934,1.5951893999652196,0.024783317988316855
mp-18946,VBO3,0.0,1.8527,167,R-3c,True,600,-40.62001037597656,4.142572402954102,0.34183257818222046,0.12483164668083191,False,-40.62001037597656,19185.695889563645,2.3541839160365394,0.008068048093717894
mp-756282,VBiO3,0.010364148125002,1.2434000000000005,62,Pnma,False,600,-169.41851806640625,4.259762763977051,0.0026388466358184814,0.06585758924484253,False,-169.41851806640625,25128.57824527481,1.0780692449246179,0.40141562019660587
mp-22649,VCdO3,0.0701796605000009,0.4319000000000002,62,Pnma,False,600,-111.06439208984375,4.025872230529785,0.5614646673202515,0.0622822642326355,False,-111.06439208984375,14664.841850906814,3.9036644296478924,0.027803908107770583
mp-1216392,VCrO3,0.0075114801250038,1.6132999999999995,161,R3c,False,600,-18.33933448791504,4.32216215133667,0.5108031034469604,0.042638421058654785,False,-18.33933448791504,29011.30765446928,3.473848813957402,0.0016852905466702734
mp-755580,VGaO3,0.0920560701249986,1.4157000000000002,62,Pnma,False,600,-75.90644073486328,4.101910591125488,0.4197612404823303,0.062068015336990356,False,-75.90644073486328,17470.91876640082,2.816884567842026,0.02144150174812581
mp-1273178,YCoO3,0.0116558665892867,0.3085,2,P-1,False,600,394.6024169921875,3.8228611946105957,0.4171549677848816,0.028340905904769897,False,394.6024169921875,9188.959722068883,2.800030602011756,0.30660151924206425
mp-1288734,YCoO3,0.0154647095892865,0.1141,14,P2_1/c,False,600,394.6024169921875,3.8228611946105957,0.4171549677848816,0.028340905904769897,False,394.6024169921875,9188.959722068883,2.800030602011756,0.30660151924206425
mp-18725,YCrO3,0.0,2.3271,62,Pnma,True,600,100.45038604736328,3.7299084663391113,0.42803776264190674,0.041245490312576294,False,100.45038604736328,7418.457613427249,2.87108184327152,0.015643089050846586
mp-20783,YFeO3,0.0118179143749994,1.5888,62,Pnma,False,600,173.60113525390625,3.6493003368377686,0.4628395140171051,0.034753501415252686,False,173.60113525390625,6161.770095280054,3.1106226076664534,0.03581908917498002
mp-20699,YMnO3,0.0230952568333329,1.5091,62,Pnma,False,600,70.31998443603516,3.705427408218384,0.4214949607849121,0.049100637435913086,False,70.31998443603516,7011.8491048753085,2.828152154912052,0.007355946685944886
mp-1379411,YMoO3,0.0295691505937529,2.2163160966916937,62,Pnma,False,600,63.44739532470703,4.166581153869629,0.31176522374153137,0.026045143604278564,False,63.44739532470703,20276.187898087017,2.1967115515633115,0.022294211638390453
mp-1207629,YRhO3,0.0,1.1799999999999995,62,Pnma,True,600,118.86016082763672,3.959493637084961,0.30802422761917114,0.024506807327270508,False,118.86016082763672,12586.320612149595,2.177870426810193,0.0489881038895491
mp-7792,YScS3,0.0018075120000027,1.7758000000000005,62,Pnma,False,600,-94.10186004638672,4.366865158081055,0.16305670142173767,0.13195282220840454,False,-94.10186004638672,32156.61391481345,1.5597841809219162,0.10953513959978266
mp-989576,YWN3,0.0459397585000047,1.5404,161,R3c,False,600,15.712545394897461,4.420544624328613,0.29689934849739075,0.07893452048301697,True,-15.712545394897461,36387.29549404787,2.1227906132530414,0.0025391418306784093
mp-14099,ZnAgF3,0.0535718940000014,1.5852,221,Pm-3m,False,600,-7.5529022216796875,4.0880351066589355,0.3402400612831116,0.11352044343948364,False,-7.5529022216796875,16921.55461312525,2.345567153763803,0.0002469285828028776
mp-1378105,ZnBiO3,0.0806278960000002,0.8814050363816994,14,P2_1/c,False,600,-69.14936065673828,4.192521572113037,0.33948105573654175,0.12456756830215454,False,-69.14936065673828,21524.185458315165,2.3414714450497445,0.026373359094220842
mp-13334,ZnSnO3,0.041423655,1.0809999999999995,161,R3c,False,600,-91.88787841796875,4.221236228942871,0.5061477422714233,0.03832554817199707,False,-91.88787841796875,22995.421909574125,3.436810229430073,0.033896396322451464
mp-1337169,ZnSnO3,0.0828422335,1.1063178585305646,62,Pnma,False,600,-91.88787841796875,4.221236228942871,0.5061477422714233,0.03832554817199707,False,-91.88787841796875,22995.421909574125,3.436810229430073,0.033896396322451464
mp-1340971,ZnWO3,0.0889550014999995,1.8923,62,Pnma,False,600,25.974445343017578,4.101165294647217,0.3680899739265442,0.08595198392868042,True,-25.974445343017578,17440.96248460966,2.5009083927233497,0.0028230364080124508
mp-756665,ZrCoO3,0.0785098070000032,1.7275,62,Pnma,False,600,35.16461181640625,3.8108906745910645,0.46855467557907104,0.02303174138069153,False,35.16461181640625,8939.141828856318,3.1518278278588205,0.002104244728059566
mp-754513,ZrMnO3,0.0428264210000044,2.6175,161,R3c,False,600,27.232263565063477,4.016636371612549,0.42970114946365356,0.0491156280040741,True,-27.232263565063477,14356.266936566002,2.882099429970297,0.0022164161150831268
mp-776165,AgAuO3,0.0594244018333327,0.2423000000000001,227,Fd-3m,False,700,139.70462036132812,4.11786413192749,0.39693760871887207,0.2245689332485199,False,139.70462036132812,18124.635661199038,2.6726704919343676,0.09264957797709185
mp-775761,AgClO3,0.0315841524999971,2.925,198,P2_13,False,700,-30.04933738708496,4.110225200653076,0.22999265789985657,0.20015758275985718,False,-30.04933738708496,17808.6235629441,1.8197028193774822,0.006185826371984069
mp-849271,AgIO3,0.0274698735000002,1.9765,62,Pnma,False,700,57.86473846435547,3.9559102058410645,0.2150847315788269,0.1370026171207428,False,57.86473846435547,12482.896197548722,1.758298241027703,0.01663982852732473
mp-552185,AgNO3,0.0,1.8635,161,R3c,True,700,-63.911827087402344,4.104376792907715,0.4215831160545349,0.15108448266983032,True,63.911827087402344,17570.412040966155,2.8287262856726536,0.01776035025939711
mp-551918,AlBiO3,0.0533350642499836,2.8716,161,R3c,False,700,22.992197036743164,4.145316123962402,0.3356952369213104,0.15351435542106628,True,-22.992197036743164,19307.288106349184,2.3211491456445508,0.0030780609515546698
mp-776154,AlFeO3,0.0803160834999996,2.1089,62,Pnma,False,700,-175.69589233398438,3.8529727458953857,0.6298869848251343,0.09690794348716736,False,-175.69589233398438,9848.677107403797,4.5697747627938705,0.04656979867355495
mp-5168,AlSiP3,0.0072239124999988,0.2885999999999997,62,Pnma,False,700,164.6009979248047,3.9643466472625732,0.6397728323936462,0.3445894718170166,False,164.6009979248047,12727.754814608461,4.674989528727024,0.051633804475060815
mp-768539,AlTlO3,0.0753195514999998,0.7376999999999994,62,Pnma,False,700,59.912353515625,4.369800567626953,0.5507131814956665,0.13792002201080322,True,-59.912353515625,32374.697628350918,3.8082108982856844,0.02136070241318083
mp-756082,AlVO3,0.0864430801249973,2.1442,62,Pnma,False,700,-74.85569763183594,4.213845252990723,0.5331282019615173,0.09216108918190002,False,-74.85569763183594,22607.388952779194,3.6570930624924056,0.024247231487249218
mp-3187,BaCeO3,0.0,2.4469,62,Pnma,True,700,-137.70822143554688,4.334130764007568,0.07727125287055969,0.13402804732322693,False,-137.70822143554688,29821.941729613936,1.2802036554529976,0.30922502463913776
mp-3316,BaCeO3,0.0006426110000017,2.4637,74,Imma,False,700,-137.70822143554688,4.334130764007568,0.07727125287055969,0.13402804732322693,False,-137.70822143554688,29821.941729613936,1.2802036554529976,0.30922502463913776
mp-4900,BaCeO3,0.0025211640000009,2.4505,167,R-3c,False,700,-137.70822143554688,4.334130764007568,0.07727125287055969,0.13402804732322693,False,-137.70822143554688,29821.941729613936,1.2802036554529976,0.30922502463913776
mp-5663,BaCeO3,0.0403338960000017,2.2990000000000004,221,Pm-3m,False,700,-137.70822143554688,4.334130764007568,0.07727125287055969,0.13402804732322693,False,-137.70822143554688,29821.941729613936,1.2802036554529976,0.30922502463913776
mp-998352,BaHfS3,0.0283550604999991,0.8438999999999997,160,R3m,False,700,-109.22811889648438,4.246249675750732,0.11445260047912598,0.2510429918766022,False,-109.22811889648438,24358.74051360207,1.3946345196142935,0.1458684497054062
mp-1105549,BaHfS3,0.0,1.2523999999999995,62,Pnma,True,700,-109.22811889648438,4.246249675750732,0.11445260047912598,0.2510429918766022,False,-109.22811889648438,24358.74051360207,1.3946345196142935,0.1458684497054062
mp-1383356,BaHfS3,0.0282627044999985,0.7077999999999998,221,Pm-3m,False,700,-109.22811889648438,4.246249675750732,0.11445260047912598,0.2510429918766022,False,-109.22811889648438,24358.74051360207,1.3946345196142935,0.1458684497054062
mp-23818,BaLiH3,0.0,2.2146,221,Pm-3m,True,700,-39.51239013671875,4.285533905029297,0.4439089298248291,0.2387738674879074,False,-39.51239013671875,26664.844680159484,2.97794546236405,0.009785588771018656
mp-3163,BaSnO3,0.0,0.3730000000000002,221,Pm-3m,True,700,-77.06531524658203,4.346147060394287,0.8373334407806396,0.08370557427406311,False,-77.06531524658203,30658.592545657266,7.367858062560122,0.017299235919202433
mp-1178513,BaSnO3,0.0006460229999962,0.6650999999999998,74,Imma,False,700,-77.06531524658203,4.346147060394287,0.8373334407806396,0.08370557427406311,False,-77.06531524658203,30658.592545657266,7.367858062560122,0.017299235919202433
mp-2998,BaTiO3,0.014779579999999,1.6675,221,Pm-3m,False,700,-317.189453125,3.909477710723877,0.47084712982177734,0.07620769739151001,False,-317.189453125,11217.158692269522,3.16850896226286,0.24932362948376502
mp-5020,BaTiO3,4.098999999868624e-05,2.5527,160,R3m,False,700,-317.189453125,3.909477710723877,0.47084712982177734,0.07620769739151001,False,-317.189453125,11217.158692269522,3.16850896226286,0.24932362948376502
mp-5777,BaTiO3,0.0,2.2934,38,Amm2,True,700,-317.189453125,3.909477710723877,0.47084712982177734,0.07620769739151001,False,-317.189453125,11217.158692269522,3.16850896226286,0.24932362948376502
mp-5986,BaTiO3,0.0019565740000011,1.7236999999999996,99,P4mm,False,700,-317.189453125,3.909477710723877,0.47084712982177734,0.07620769739151001,False,-317.189453125,11217.158692269522,3.16850896226286,0.24932362948376502
mp-540771,BaZrS3,0.0,0.9900000000000002,62,Pnma,True,700,-162.47103881835938,4.146753311157227,0.2197553813457489,0.19873185455799103,False,-162.47103881835938,19371.286503439314,1.7773100284961534,0.2013933971029195
mp-998350,BaZrSe3,0.0775039104999999,0.2023999999999999,1,P1,False,700,-35.923919677734375,4.218571186065674,0.1862424910068512,0.3051094114780426,False,-35.923919677734375,22854.74285805504,1.6453197127625168,0.01254849123475654
mp-573119,BiRhO3,0.0619841773750007,0.3772999999999999,62,Pnma,False,700,32.00377655029297,4.371264457702637,0.28557905554771423,0.08047965168952942,False,32.00377655029297,32484.008165086256,2.0681730071222026,0.011261162991884479
mp-755893,CaBiO3,0.0,0.6655289785034206,14,P2_1/c,True,700,-70.14564514160156,3.8526158332824707,0.2624129056930542,0.24917757511138916,False,-70.14564514160156,9840.586576157166,1.960743192030779,0.01728620816316932
mp-756365,CaCeO3,0.0590747670000126,2.3372999999999995,62,Pnma,False,700,-93.69475555419922,4.23858642578125,0.24292248487472534,0.2206653654575348,False,-93.69475555419922,23932.693506268097,1.8746935921477597,0.0784494474632091
mp-20772,CaCrO3,0.0651140580000015,0.3943000000000003,62,Pnma,False,700,-13.496026992797852,3.8445494174957275,0.2720249891281128,0.06689289212226868,True,13.496026992797852,9659.498308531294,2.004623416673411,0.0006143723868799409
mp-1190098,CaHfS3,0.037140437999998,1.5238,62,Pnma,False,700,-120.25721740722656,4.429890155792236,0.20229628682136536,0.2011529803276062,False,-120.25721740722656,37178.79494030912,1.70727742149835,0.22045073617682912
mp-19201,CaMnO3,0.0350749438333366,0.4685999999999999,62,Pnma,False,700,-289.3702697753906,3.3028647899627686,0.5522258281707764,0.07591435313224792,False,-289.3702697753906,2775.044445536509,3.8214980140930233,0.042563973425696455
mp-607467,CaMoO3,0.0,1.1050000000000004,14,P2_1/c,True,700,-13.712575912475586,4.933098793029785,0.46068286895751953,0.04962429404258728,True,13.712575912475586,118441.51293858478,3.095213985310894,0.0050367384240575935
mp-1045305,CaMoO3,0.0096948095000026,1.0948000000000002,2,P-1,False,700,-13.712575912475586,4.933098793029785,0.46068286895751953,0.04962429404258728,True,13.712575912475586,118441.51293858478,3.095213985310894,0.0050367384240575935
mp-4438,CaSnO3,0.0,2.3327,62,Pnma,True,700,-53.47118377685547,3.9540157318115234,0.46058231592178345,0.12021785974502563,False,-53.47118377685547,12428.562055821296,3.0944974274267443,0.00803837748349199
mp-3442,CaTiO3,0.017396585500002,2.2417,140,I4/mcm,False,700,-205.5476837158203,4.0894551277160645,0.5683342814445496,0.11736628413200378,False,-205.5476837158203,16976.973900515415,3.9659030337369336,0.12660224407731532
mp-4019,CaTiO3,0.0,2.3053,62,Pnma,True,700,-205.5476837158203,4.0894551277160645,0.5683342814445496,0.11736628413200378,False,-205.5476837158203,16976.973900515415,3.9659030337369336,0.12660224407731532
mp-5827,CaTiO3,0.0644675975000002,1.8272,221,Pm-3m,False,700,-205.5476837158203,4.0894551277160645,0.5683342814445496,0.11736628413200378,False,-205.5476837158203,16976.973900515415,3.9659030337369336,0.12660224407731532
mp-556003,CaTiO3,0.0114118105000002,2.1586,74,Imma,False,700,-205.5476837158203,4.0894551277160645,0.5683342814445496,0.11736628413200378,False,-205.5476837158203,16976.973900515415,3.9659030337369336,0.12660224407731532
mp-1205364,CaTiO3,0.0114495924999999,2.1378,63,Cmcm,False,700,-205.5476837158203,4.0894551277160645,0.5683342814445496,0.11736628413200378,False,-205.5476837158203,16976.973900515415,3.9659030337369336,0.12660224407731532
mp-22608,CaVO3,0.0011566264107081,0.4338999999999999,62,Pnma,False,700,-83.56017303466797,4.793818473815918,0.47009944915771484,0.09507584571838379,False,-83.56017303466797,85945.59590038157,3.1630587553368485,0.13280458503420622
mp-1435359,CaVO3,0.0088146909107074,0.2606000000000001,14,P2_1/c,False,700,-83.56017303466797,4.793818473815918,0.47009944915771484,0.09507584571838379,False,-83.56017303466797,85945.59590038157,3.1630587553368485,0.13280458503420622
mp-1342410,CaWO3,0.0536462823333376,1.9784000000000008,62,Pnma,False,700,-91.88964080810547,4.576632499694824,0.131797194480896,0.06740692257881165,False,-91.88964080810547,52123.990021550635,1.4514597750639524,0.2122578672865784
mp-7781,CaZrS3,0.0365724824999942,1.1878000000000002,62,Pnma,False,700,-111.05390930175781,4.270453453063965,0.2558785676956177,0.1715291440486908,False,-111.05390930175781,25754.82518258123,1.9314629321470178,0.11511660443247317
mp-4385,CdCO3,0.0,2.6293,167,R-3c,True,700,-28.903757095336914,4.191102504730225,0.31132030487060547,0.2091798335313797,True,28.903757095336914,21453.969457315543,2.194462252986313,0.005717236803088937
mp-849371,CdSnO3,0.0303832525000018,0.6937000000000002,62,Pnma,False,700,-74.73225402832031,4.245041847229004,0.3380199372768402,0.08378997445106506,False,-74.73225402832031,24291.08985572897,2.333607153098262,0.04069428815045223
mp-756062,CeFeO3,0.0797908600000028,0.6735999999999995,62,Pnma,False,700,-2.950082778930664,3.8331356048583984,0.21743953227996826,0.03298279643058777,True,2.950082778930664,9408.941279400291,1.7678578542031864,3.242349753861712e-05
mp-1213810,CeLuO3,0.0570241827499984,0.1122000000000005,62,Pnma,False,700,-96.97944641113281,4.317727088928223,0.12524551153182983,0.12211686372756958,False,-96.97944641113281,28716.548647536787,1.429727667659254,0.13223193769344244
mp-776207,CeNiO3,0.0952567235000039,0.9323000000000006,62,Pnma,False,700,-35.65850067138672,4.436252117156982,0.3281109631061554,0.035692036151885986,False,-35.65850067138672,37727.4342091407,2.2809657973807855,0.014721860367985227
mp-1188346,CoBiO3,0.0822287949999989,0.3878000000000003,62,Pnma,False,700,92.47627258300781,3.905245780944824,0.2630290687084198,0.03812992572784424,False,92.47627258300781,11108.385278479602,1.9635270056103267,0.03386668811991133
mp-22616,CoSeO3,0.029257131125,1.852,62,Pnma,False,700,71.1922607421875,3.7651071548461914,0.2543477416038513,0.028733164072036743,False,71.1922607421875,8044.745474435684,1.9246667856160031,0.014829290236904234
mp-752613,CoSnO3,0.0762659565000021,0.9832,62,Pnma,False,700,60.04331970214844,3.878614902496338,0.269285649061203,0.020624428987503052,False,60.04331970214844,10447.68465648459,1.9920189205931245,0.013235916785418807
mp-23456,CrBiO3,0.0226827880000008,1.3450000000000006,15,C2/c,False,700,-59.89885711669922,3.9637391567230225,0.3570548892021179,0.05765613913536072,True,59.89885711669922,12709.963694221136,2.438162791474492,0.013092323349609946
mp-546027,CrBiO3,0.0147050410000026,1.9845999999999997,161,R3c,False,700,-59.89885711669922,3.9637391567230225,0.3570548892021179,0.05765613913536072,True,59.89885711669922,12709.963694221136,2.438162791474492,0.013092323349609946
mp-559851,CrBiO3,0.0112026899999992,1.7904999999999998,62,Pnma,False,700,-59.89885711669922,3.9637391567230225,0.3570548892021179,0.05765613913536072,True,59.89885711669922,12709.963694221136,2.438162791474492,0.013092323349609946
mp-756147,CrInO3,0.0512829044999998,1.4521000000000006,62,Pnma,False,700,-32.639434814453125,3.6901702880859375,0.4155311584472656,0.0557992160320282,False,-32.639434814453125,6769.793809037067,2.789580949488806,0.001809754947806622
mp-570231,CsCdBr3,0.0326752270000021,0.6965999999999999,221,Pm-3m,False,700,72.00630950927734,4.155167579650879,-0.06340339779853821,0.5575609803199768,False,72.00630950927734,19750.256166777686,0.9259859821711823,0.0774118535728778
mp-568544,CsCdCl3,0.0026339560000003,1.7417,221,Pm-3m,False,700,-3.9247703552246094,4.137884140014648,0.0841001570224762,0.3599407970905304,True,3.9247703552246094,18979.697804533906,1.3004928447900332,0.00015736489898427489
mp-638685,CsEuBr3,0.0,1.0355000000000003,62,Pnma,True,700,53.44773864746094,4.326104640960693,0.05015431344509125,0.5229072570800781,False,53.44773864746094,29275.868937671603,1.2027133275233468,0.0486748230026848
mp-1068377,CsEuCl3,0.0105377620000037,0.8369,221,Pm-3m,False,700,38.11078643798828,4.435419082641602,0.11624133586883545,0.32821691036224365,False,38.11078643798828,37655.13733764013,1.4003904677678591,0.027338139266181442
mp-570223,CsGeBr3,0.0168454720000017,0.7484000000000002,221,Pm-3m,False,700,36.58163070678711,4.068485260009766,-0.10815531015396118,0.4391314685344696,False,36.58163070678711,16176.717946004535,0.8353192693011174,0.01814103560913545
mp-1068340,CsGeBr3,0.0,1.1965,160,R3m,True,700,36.58163070678711,4.068485260009766,-0.10815531015396118,0.4391314685344696,False,36.58163070678711,16176.717946004535,0.8353192693011174,0.01814103560913545
mp-1546519,CsHgCl3,0.0071816991111135,1.0764,64,Cmce,False,700,30.245197296142578,4.2664408683776855,0.0721023678779602,0.49172279238700867,False,30.245197296142578,25517.964073334835,1.2650572443001766,0.01291655588850361
mp-561947,CsHgF3,0.0,0.7167,221,Pm-3m,True,700,-10.370668411254883,4.336455821990967,0.09816928207874298,0.3143547773361206,False,-10.370668411254883,29982.025919151187,1.3433126116837455,0.001680333245818751
mp-1112338,CsInBr3,0.0,1.3782043565395825,225,Fm-3m,True,700,28.406465530395508,4.05845832824707,-0.09666630625724792,0.5082719326019287,False,28.406465530395508,15807.510593322486,0.8577120347514485,0.010410088410054237
mp-1112961,CsInCl3,0.0,1.7757115012201825,225,Fm-3m,True,700,-51.35535430908203,4.1530351638793945,-0.0055696964263916016,0.394309937953949,True,51.35535430908203,19653.51873888669,1.0578841582215874,0.03429822959387089
mp-1112643,CsInI3,0.02183132625,0.7619999999999998,225,Fm-3m,False,700,80.7605209350586,3.901632070541382,-0.14553502202033997,0.5506539940834045,False,80.7605209350586,11016.337276375432,0.7664305157695197,0.06562369787099868
mp-27214,CsSnBr3,0.0111951395000025,0.5984,221,Pm-3m,False,700,45.611358642578125,3.999009132385254,-0.20250678062438965,0.5114983320236206,False,45.611358642578125,13785.238543742948,0.6722039024796294,0.029864642072055254
mp-1247749,CsSnBr3,0.0,1.0107,62,Pnma,True,700,45.611358642578125,3.999009132385254,-0.20250678062438965,0.5114983320236206,False,45.611358642578125,13785.238543742948,0.6722039024796294,0.029864642072055254
mp-1070375,CsSnCl3,0.0226868215000015,0.9752999999999998,221,Pm-3m,False,700,7.594781875610352,4.078545570373535,-0.09319746494293213,0.371779203414917,False,7.594781875610352,16555.82105525932,0.864590272775274,0.0007731593800696492
mp-568570,CsSnI3,0.0110591610000034,0.6097000000000001,62,Pnma,False,700,149.02052307128906,3.8049535751342773,-0.2396833896636963,0.5318894982337952,False,149.02052307128906,8817.769223961657,0.617055773841921,0.22213884782042306
mp-614013,CsSnI3,0.0,0.4499999999999997,221,Pm-3m,True,700,149.02052307128906,3.8049535751342773,-0.2396833896636963,0.5318894982337952,False,149.02052307128906,8817.769223961657,0.617055773841921,0.22213884782042306
mp-616378,CsSnI3,0.0118439939999976,0.5435000000000003,127,P4/mbm,False,700,149.02052307128906,3.8049535751342773,-0.2396833896636963,0.5318894982337952,False,149.02052307128906,8817.769223961657,0.617055773841921,0.22213884782042306
mp-1112177,CsTlBr3,0.0122417697499979,0.9985047740444736,225,Fm-3m,False,700,21.507030487060547,4.194504261016846,-0.11311870813369751,0.544288694858551,False,21.507030487060547,21622.674681431406,0.8258270458588125,0.008477723614302074
mp-1112176,CsTlCl3,0.0003620809999995,1.2584148670507165,225,Fm-3m,False,700,-42.266746520996094,4.219074726104736,0.021108180284500122,0.509958028793335,True,42.266746520996094,22881.25701554795,1.1249053709245278,0.025436629702552116
mp-1078203,CsTlF3,0.0,2.1858244764135537,225,Fm-3m,True,700,-101.66800689697266,4.27788782119751,0.06526553630828857,0.31951725482940674,True,101.66800689697266,26199.498268506224,1.2452981599040236,0.15222510684541674
mp-1112542,CsTlI3,0.0602546797499998,0.4982999999999999,225,Fm-3m,False,700,115.02687072753906,4.146046161651611,-0.15358245372772217,0.5582235455513,False,115.02687072753906,19339.770447080115,0.75235940849638,0.23807983276598038
mp-2763763,CuAgF3,0.0,1.2735,14,P2_1/c,True,700,159.80332946777344,4.297713279724121,0.365156352519989,0.16701588034629822,False,159.80332946777344,27423.219068194965,2.4840719028421465,0.19734401394852213
mp-22137,DyCoO3,0.0093079522142867,1.1903999999999997,62,Pnma,False,700,139.0169219970703,3.6029462814331055,-0.09174022078514099,0.04968690872192383,False,139.0169219970703,5537.980659532034,0.8674962163850897,0.08636091248074323
mp-19381,DyCrO3,0.0,2.5405999999999995,62,Pnma,True,700,105.37002563476562,3.9008686542510986,0.375762939453125,0.054286450147628784,False,105.37002563476562,10996.989427643626,2.5454862152527076,0.03357648809028191
mp-22283,DyFeO3,0.006325670999999,0.9134000000000002,62,Pnma,False,700,109.32947540283203,3.562286853790283,0.3511985242366791,0.05419531464576721,False,109.32947540283203,5043.035287749858,2.405505389656234,0.017541157224850723
mp-1178360,DyInO3,0.0640329069999996,2.623,62,Pnma,False,700,-26.658674240112305,4.3724565505981445,0.3229008615016937,0.06355425715446472,False,-26.658674240112305,32573.29585403885,2.253765214655163,0.007189988037980134
mp-22103,DyMnO3,0.022302571166664,0.9994999999999998,62,Pnma,False,700,163.0841064453125,3.8794875144958496,0.42713111639022827,0.039304912090301514,False,163.0841064453125,10468.697910203166,2.865094338292881,0.0680260193342686
mp-1212884,DyRhO3,0.0,0.8884318524889769,62,Pnma,True,700,123.3844223022461,4.232003211975098,0.061063796281814575,0.05190834403038025,False,123.3844223022461,23572.647681599796,1.2333081639449135,0.2036833189121929
mp-1184176,DyScS3,0.0,1.7736999999999994,62,Pnma,True,700,-140.51559448242188,4.2472615242004395,0.07485887408256531,0.1981123983860016,False,-140.51559448242188,24415.559307520984,1.273112212368146,0.2650617637988488
mp-22789,DyVO3,0.0,1.6567999999999996,62,Pnma,True,700,-31.39857292175293,4.31402063369751,0.07844032347202301,0.07514891028404236,False,-31.39857292175293,28472.512151802275,1.2836544583783769,0.015307191405252574
mp-562779,ErCoO3,0.0,1.4471000000000005,62,Pnma,True,700,164.03549194335938,3.709352493286133,-0.05843344330787659,0.04308697581291199,False,164.03549194335938,7075.50832947571,0.9366435930582026,0.1422842964094358
mp-19063,ErCrO3,0.0,0.2483000000000004,62,Pnma,True,700,92.47274017333984,3.908527374267578,0.2931491732597351,0.05450624227523804,False,92.47274017333984,11192.639799128985,2.1045390246616957,0.03183472027074725
mp-19935,ErFeO3,0.0179546204999994,1.5929000000000002,62,Pnma,False,700,140.6564178466797,3.5696327686309814,0.22578808665275574,0.049811094999313354,False,140.6564178466797,5129.061681941022,1.802170584380146,0.03941478581947919
mp-754208,ErInO3,0.0797644929999998,2.5532,62,Pnma,False,700,5.318534851074219,4.366538047790527,0.2964288294315338,0.07312607765197754,True,-5.318534851074219,32132.402695487377,2.1204920056700236,0.00030004653818435466
mp-19319,ErMnO3,0.0344051806666669,1.0455,62,Pnma,False,700,141.74147033691406,3.9112720489501953,0.35976356267929077,0.04027688503265381,True,-141.74147033691406,11263.599561530576,2.4534170142229224,0.06456508640994187
mp-1189736,ErNiO3,0.0015767070000007,0.3726000000000002,14,P2_1/c,False,700,17.624975204467773,4.001438617706299,0.016701608896255493,0.0473097562789917,True,-17.624975204467773,13862.570600800567,1.1135492223306702,0.002707007265508329
mp-1213022,ErRhO3,0.0,0.9643714818411082,62,Pnma,True,700,136.04176330566406,4.166610240936279,0.035403162240982056,0.055224061012268066,False,136.04176330566406,20277.545950293617,1.1625482113429553,0.2259680129917722
mp-1190244,ErScS3,0.0172591825833308,1.7554999999999996,33,Pna2_1,False,700,-133.2401580810547,4.2241010665893555,0.07932275533676147,0.18628880381584167,False,-133.2401580810547,23147.61337268975,1.286265334672567,0.22363716236574724
mp-2763526,ErScS3,0.0125358623333333,2.152,62,Pnma,False,700,-133.2401580810547,4.2241010665893555,0.07932275533676147,0.18628880381584167,False,-133.2401580810547,23147.61337268975,1.286265334672567,0.22363716236574724
mp-19205,ErVO3,0.0,1.5838,62,Pnma,True,700,-39.7674560546875,4.3102641105651855,0.05984945595264435,0.07506978511810303,False,-39.7674560546875,28227.295117605438,1.229864500624125,0.025407717821623762
mp-753781,EuHfO3,0.0,0.5973000000000006,221,Pm-3m,True,700,-126.56695556640625,4.592237949371338,0.06400461494922638,0.10958340764045715,False,-126.56695556640625,54031.0120877968,1.2416878313322277,0.4879433293098316
mp-1190059,EuHfS3,0.0,0.1287000000000002,62,Pnma,True,700,-66.88833618164062,4.370706558227539,0.15831246972084045,0.1796271651983261,False,-66.88833618164062,32442.30564188939,1.5428378323633547,0.06585522806953008
mp-771055,EuZrO3,0.0933191865000111,0.3877000000000006,221,Pm-3m,False,700,-162.14695739746094,4.548895359039307,-0.07178068161010742,0.060108333826065063,False,-162.14695739746094,48899.06018865428,0.9082954286784363,0.990806920704388
mp-1106293,EuZrO3,0.0,0.5096999999999996,62,Pnma,True,700,-162.14695739746094,4.548895359039307,-0.07178068161010742,0.060108333826065063,False,-162.14695739746094,48899.06018865428,0.9082954286784363,0.990806920704388
mp-1178354,EuZrO3,0.0843929492500112,0.4662999999999995,198,P2_13,False,700,-162.14695739746094,4.548895359039307,-0.07178068161010742,0.060108333826065063,False,-162.14695739746094,48899.06018865428,0.9082954286784363,0.990806920704388
mp-1189927,EuZrS3,0.0,0.1452999999999997,62,Pnma,True,700,-135.97337341308594,4.272878646850586,0.06619741022586823,0.15443485975265503,False,-135.97337341308594,25899.047976018726,1.247973088611756,0.2685866140928196
mp-19097,FeBO3,0.0,1.4815999999999998,167,R-3c,True,700,-11.599748611450195,3.808727502822876,0.33529379963874817,0.10405337810516357,True,11.599748611450195,8894.727675694676,2.3190045978153284,0.0003612652934111693
mp-22949,FeBiO3,0.0335794110000016,1.8064,160,R3m,False,700,340.67901611328125,3.8045730590820312,0.48785102367401123,0.05340778827667236,False,340.67901611328125,8810.046737503997,3.295025908293632,0.21722419040932048
mp-23501,FeBiO3,0.0016325030000015,1.2984,161,R3c,False,700,340.67901611328125,3.8045730590820312,0.48785102367401123,0.05340778827667236,False,340.67901611328125,8810.046737503997,3.295025908293632,0.21722419040932048
mp-645159,FeBiO3,0.0116057660000015,1.5419999999999998,62,Pnma,False,700,340.67901611328125,3.8045730590820312,0.48785102367401123,0.05340778827667236,False,340.67901611328125,8810.046737503997,3.295025908293632,0.21722419040932048
mp-1193035,FeBiO3,0.0564112610000018,1.6586,12,C2/m,False,700,340.67901611328125,3.8045730590820312,0.48785102367401123,0.05340778827667236,False,340.67901611328125,8810.046737503997,3.295025908293632,0.21722419040932048
mp-1178214,FeSnO3,0.0351845345000008,0.989703830709586,62,Pnma,False,700,63.63068389892578,3.779327392578125,0.4614109992980957,0.049092233180999756,False,63.63068389892578,8312.516987849524,3.100407718218317,0.007598799029346919
mp-1178268,GdAlO3,0.0851176094000027,1.8885,221,Pm-3m,False,700,-89.97987365722656,4.05556058883667,0.3312389850616455,0.08302426338195801,False,-89.97987365722656,15702.38936339462,2.2974538439073235,0.03873537324300809
mp-18331,GdCrO3,0.0,2.6309,62,Pnma,True,700,94.94231414794922,3.858135223388672,0.29770851135253906,0.051668643951416016,False,94.94231414794922,9966.44734598175,2.126749412050294,0.029569346161530004
mp-1212778,GdInO3,0.052235792166666,2.5270116208736253,62,Pnma,False,700,-31.474138259887695,4.25307035446167,0.26077184081077576,0.06573978066444397,False,-31.474138259887695,24744.319105434526,1.9533481289599022,0.008784187421262945
mp-510490,GdScS3,0.0,1.1773999999999996,62,Pnma,True,700,-139.1782989501953,4.15872859954834,0.0837005227804184,0.1677420735359192,False,-139.1782989501953,19912.86515535515,1.2992966923046263,0.20781003160598777
mp-541177,GdVO3,0.0,1.4525999999999994,62,Pnma,True,700,1.1036014556884766,4.331515789031982,0.01698121428489685,0.08182734251022339,False,1.1036014556884766,29642.917294632327,1.1142663730772435,2.2680597281801725e-05
mp-753534,HfCoO3,0.0948615120000031,2.4865,62,Pnma,False,700,33.314453125,4.1271867752075195,0.2095986008644104,0.03274837136268616,False,33.314453125,18517.908271418914,1.7362266213737918,0.00828607642357132
mp-753790,HfFeO3,0.0961925840000041,2.1447000000000003,62,Pnma,False,700,15.840958595275879,4.065988540649414,0.2178751528263092,0.03048226237297058,True,-15.840958595275879,16083.986278511213,1.769631999625026,0.0015965101674083667
mp-753856,HfFeO3,0.0626525855000021,2.9099000000000004,62,Pnma,False,700,15.840958595275879,4.065988540649414,0.2178751528263092,0.03048226237297058,True,-15.840958595275879,16083.986278511213,1.769631999625026,0.0015965101674083667
mp-1178219,HfNiO3,0.0968432885000023,2.7983,14,P2_1/c,False,700,-25.022687911987305,4.112635135650635,0.1989482343196869,0.039977431297302246,False,-25.022687911987305,17907.719738957418,1.694166322566559,0.004632870952906559
mp-770830,HoBiO3,0.0358601403750018,2.7472,62,Pnma,False,700,-57.21012878417969,4.143810272216797,0.16370828449726105,0.2831040620803833,False,-57.21012878417969,19240.458873718126,1.562126121263544,0.028219104105430444
mp-20570,HoCoO3,0.0,1.1622,62,Pnma,True,700,165.37991333007812,3.687324047088623,-0.055434346199035645,0.045560479164123535,False,165.37991333007812,6725.5715975975945,0.9431341355148911,0.13652723552993132
mp-756834,HoCrO3,0.0,2.3515999999999995,62,Pnma,True,700,101.69857788085938,3.8578977584838867,0.33683353662490845,0.05290275812149048,False,101.69857788085938,9960.999350080838,2.3272409315621885,0.030987701581431975
mp-19785,HoFeO3,0.0122662793749999,1.5034,62,Pnma,False,700,113.38697052001953,3.4845924377441406,0.28287553787231445,0.052127450704574585,False,113.38697052001953,4216.941643371382,2.0553384552367167,0.018464544008415597
mp-776984,HoInO3,0.0717123543750002,2.5765,62,Pnma,False,700,-16.15398597717285,4.3311028480529785,0.33060431480407715,0.071663498878479,False,-16.15398597717285,29614.745263480298,2.2940988376548272,0.0023580516829248255
mp-22081,HoMnO3,0.0288150980000008,1.9915000000000005,62,Pnma,False,700,164.7244873046875,3.928802013397217,0.4399119019508362,0.040996164083480835,False,164.7244873046875,11727.546582771623,2.9506636872721232,0.07549215513287671
mp-1212108,HoRhO3,0.0,0.9606739563708188,62,Pnma,True,700,119.1599349975586,4.209073066711426,0.06522916257381439,0.05497443675994873,False,119.1599349975586,22360.330581226837,1.2451938660442305,0.1784842105374641
mp-1189393,HoScS3,0.0129002495833354,1.7663000000000002,33,Pna2_1,False,700,-148.85870361328125,4.275112152099609,0.08206936717033386,0.19307219982147217,False,-148.85870361328125,26032.585616265394,1.2944258497331984,0.3119511802525726
mp-2755772,HoScS3,0.0073478716666688,2.1681,62,Pnma,False,700,-148.85870361328125,4.275112152099609,0.08206936717033386,0.19307219982147217,False,-148.85870361328125,26032.585616265394,1.2944258497331984,0.3119511802525726
mp-7027,InBO3,0.0,2.6556,167,R-3c,True,700,-79.13331604003906,4.282182216644287,0.3497331440448761,0.17571896314620972,False,-79.13331604003906,26459.849516561142,2.3974025012908977,0.048379701650437826
mp-556892,InBiO3,0.0289430770000009,2.7352000000000007,33,Pna2_1,False,700,-93.61659240722656,4.166475772857666,0.3812655210494995,0.13850310444831848,False,-93.61659240722656,20271.26850336156,2.577943121815561,0.04824044363151884
mp-561102,InBiO3,0.0399234685000013,2.388399999999999,62,Pnma,False,700,-93.61659240722656,4.166475772857666,0.3812655210494995,0.13850310444831848,False,-93.61659240722656,20271.26850336156,2.577943121815561,0.04824044363151884
mp-1105819,InRhO3,0.0739175047499953,0.3223000000000002,62,Pnma,False,700,2.537618637084961,4.082584381103516,0.37040960788726807,0.06380605697631836,False,2.537618637084961,16710.50344894511,2.514301867506138,2.9958693300195123e-05
mp-1203220,InRhO3,0.0406221204999948,1.039908569021823,14,P2_1/c,False,700,2.537618637084961,4.082584381103516,0.37040960788726807,0.06380605697631836,False,2.537618637084961,16710.50344894511,2.514301867506138,2.9958693300195123e-05
mp-998398,InSnBr3,0.0303007139999991,1.0975,1,P1,False,700,-92.16325378417969,4.081406116485596,-0.04065343737602234,0.9311577081680298,False,-92.16325378417969,16665.228386245166,0.9757855278622418,0.10154780373160338
mp-998555,InSnBr3,0.0200280839999988,1.7591923284557722,161,R3c,False,700,-92.16325378417969,4.081406116485596,-0.04065343737602234,0.9311577081680298,False,-92.16325378417969,16665.228386245166,0.9757855278622418,0.10154780373160338
mp-2762335,InSnBr3,0.0586802459999979,1.7073,8,Cm,False,700,-92.16325378417969,4.081406116485596,-0.04065343737602234,0.9311577081680298,False,-92.16325378417969,16665.228386245166,0.9757855278622418,0.10154780373160338
mp-998560,InSnCl3,0.0200971269999996,2.0788,8,Cm,False,700,-61.0455322265625,4.149989604949951,0.06698550283908844,0.31325763463974,False,-61.0455322265625,19516.177448493472,1.2502397793587816,0.04071995171259411
mp-29799,KBiO3,0.0,0.4914,201,Pn-3,True,700,-81.837890625,3.9769911766052246,0.29987144470214844,0.15462228655815125,False,-81.837890625,13103.772058503147,2.1373677626908005,0.028742462202241772
mp-556365,KCrF3,0.0,1.4898000000000002,12,C2/m,True,700,-40.64409637451172,4.248332977294922,0.3157727122306824,0.1875128448009491,True,40.64409637451172,24475.869590518658,2.2170757017416878,0.012765875165891597
mp-560547,KCrF3,0.0036048639999997,1.968,87,I4/m,False,700,-40.64409637451172,4.248332977294922,0.3157727122306824,0.1875128448009491,True,40.64409637451172,24475.869590518658,2.2170757017416878,0.012765875165891597
mp-566131,KCrF3,0.0268132479999998,1.1574000000000004,123,P4/mmm,False,700,-40.64409637451172,4.248332977294922,0.3157727122306824,0.1875128448009491,True,40.64409637451172,24475.869590518658,2.2170757017416878,0.012765875165891597
mp-1180767,KCrF3,0.0021807369999997,1.5720000000000005,140,I4/mcm,False,700,-40.64409637451172,4.248332977294922,0.3157727122306824,0.1875128448009491,True,40.64409637451172,24475.869590518658,2.2170757017416878,0.012765875165891597
mp-1180782,KCrF3,0.0020262390000009,0.1573999999999999,72,Ibam,False,700,-40.64409637451172,4.248332977294922,0.3157727122306824,0.1875128448009491,True,40.64409637451172,24475.869590518658,2.2170757017416878,0.012765875165891597
mp-998412,KGeBr3,0.0252311680000052,0.9083,8,Cm,False,700,-20.44645118713379,3.9994184970855713,-0.11126440763473511,0.4029789865016937,True,20.44645118713379,13798.238594960576,0.829360605174421,0.004868712926499473
mp-998231,KGeCl3,0.0282228930000036,1.4859,8,Cm,False,700,-2.751749038696289,4.062849998474121,0.17781996726989746,0.2877453565597534,True,2.751749038696289,15968.17015471367,1.613718497995358,5.2449706379233425e-05
mp-7483,KHgF3,0.0,0.6082000000000001,221,Pm-3m,True,700,-23.6424617767334,4.259889125823975,0.3417728841304779,0.31064388155937195,False,-23.6424617767334,25135.89069264577,2.353860354202873,0.0041782749585336535
mp-1110931,KInBr3,0.0977900804999989,0.8797156481034303,225,Fm-3m,False,700,-11.026483535766602,3.9742932319641113,-0.11738073825836182,0.5375558137893677,True,11.026483535766602,13022.620516072662,0.8177622749831042,0.001355324908983552
mp-1112170,KInCl3,0.0538268714666649,1.597115636649624,225,Fm-3m,False,700,-62.73893737792969,4.052299976348877,-0.0037783682346343994,0.3157189190387726,True,62.73893737792969,15584.939820170013,1.0622566090593835,0.04042481538318277
mp-1112296,KInF3,0.0751867520079416,2.2085,225,Fm-3m,False,700,-82.60527038574219,4.186085224151611,0.21635207533836365,0.20654483139514923,False,-82.60527038574219,21207.54403468146,1.7634367425201445,0.05744391702483789
mp-1112169,KInI3,0.0766823449999996,0.6694999999999998,225,Fm-3m,False,700,54.95189666748047,3.8703677654266357,-0.19470900297164917,0.6681157350540161,False,54.95189666748047,10251.157797023443,0.6843823600714589,0.031661940254627596
mp-23737,KMgH3,0.0,2.458,221,Pm-3m,True,700,8.275111198425293,4.273552894592285,0.4112528860569,0.2824508547782898,False,8.275111198425293,25939.287807828434,2.7622354595424388,0.00045013529642538977
mp-555123,KMnF3,0.0017114100000004,2.6628000000000003,221,Pm-3m,False,700,-59.82475280761719,3.9962329864501953,0.271912157535553,0.1886274218559265,False,-59.82475280761719,13697.40003926113,2.0041026744520596,0.01712292828553712
mp-555359,KMnF3,0.0002445739999998,2.1006,140,I4/mcm,False,700,-59.82475280761719,3.9962329864501953,0.271912157535553,0.1886274218559265,False,-59.82475280761719,13697.40003926113,2.0041026744520596,0.01712292828553712
mp-560382,KMnF3,0.000924576,2.6774,127,P4/mbm,False,700,-59.82475280761719,3.9962329864501953,0.271912157535553,0.1886274218559265,False,-59.82475280761719,13697.40003926113,2.0041026744520596,0.01712292828553712
mp-644332,KMnF3,0.0020342784999982,2.6922,11,P2_1/m,False,700,-59.82475280761719,3.9962329864501953,0.271912157535553,0.1886274218559265,False,-59.82475280761719,13697.40003926113,2.0041026744520596,0.01712292828553712
mp-1180746,KMnF3,0.0016044339999989,1.7405,140,I4/mcm,False,700,-59.82475280761719,3.9962329864501953,0.271912157535553,0.1886274218559265,False,-59.82475280761719,13697.40003926113,2.0041026744520596,0.01712292828553712
mp-1205353,KMnF3,0.0,2.4058,74,Imma,True,700,-59.82475280761719,3.9962329864501953,0.271912157535553,0.1886274218559265,False,-59.82475280761719,13697.40003926113,2.0041026744520596,0.01712292828553712
mp-2759521,KMnF3,4.164199999934226e-05,2.1486,11,P2_1/m,False,700,-59.82475280761719,3.9962329864501953,0.271912157535553,0.1886274218559265,False,-59.82475280761719,13697.40003926113,2.0041026744520596,0.01712292828553712
mp-4342,KNbO3,0.0011901640000004,1.4744,99,P4mm,False,700,7.300087928771973,4.421765327453613,0.43431130051612854,0.09135022759437561,True,-7.300087928771973,36489.7157878232,2.912856638576691,0.0004673105572829926
mp-5246,KNbO3,0.0003534000000016,2.0587,38,Amm2,False,700,7.300087928771973,4.421765327453613,0.43431130051612854,0.09135022759437561,True,-7.300087928771973,36489.7157878232,2.912856638576691,0.0004673105572829926
mp-7375,KNbO3,0.0,2.3108,160,R3m,True,700,7.300087928771973,4.421765327453613,0.43431130051612854,0.09135022759437561,True,-7.300087928771973,36489.7157878232,2.912856638576691,0.0004673105572829926
mp-935811,KNbO3,0.0077302279999997,1.4215999999999998,221,Pm-3m,False,700,7.300087928771973,4.421765327453613,0.43431130051612854,0.09135022759437561,True,-7.300087928771973,36489.7157878232,2.912856638576691,0.0004673105572829926
mp-16293,KSbO3,0.0447229700000013,1.1212999999999995,227,Fd-3m,False,700,2.5738449096679688,3.8648581504821777,0.28204771876335144,0.11906558275222778,False,2.5738449096679688,10121.929399108187,2.051424456870457,2.2880766215361132e-05
mp-3614,KTaO3,0.0,2.0976,221,Pm-3m,True,700,-81.16831970214844,4.429859638214111,0.165846586227417,0.07771798968315125,False,-81.16831970214844,37176.18250344112,1.5698364049978943,0.10921481295754129
mp-1111155,KTlBr3,0.0772356732500005,0.9246039538087512,225,Fm-3m,False,700,-1.0419540405273438,4.123349189758301,-0.11619457602500916,0.5570275187492371,True,1.0419540405273438,18354.99806417628,0.819998832487583,1.7011251887062197e-05
mp-1111296,KTlCl3,0.0590743205000001,1.097012712683471,225,Fm-3m,False,700,-57.874168395996094,4.165898323059082,0.035339295864105225,0.49076077342033386,True,57.874168395996094,20244.33318232825,1.1623772621685802,0.04083418929062273
mp-1111295,KTlF3,0.0542841867083332,1.9647115283785197,225,Fm-3m,False,700,-95.22742462158203,4.258857727050781,0.27271756529808044,0.31232595443725586,False,-95.22742462158203,25076.266710115953,2.007822771189597,0.079279266508432
mp-557257,KVF3,0.0,2.0758999999999994,221,Pm-3m,True,700,54.133079528808594,4.366096019744873,0.22849997878074646,0.20819440484046936,False,54.133079528808594,32099.714742875083,1.81345919901331,0.03630921772057332
mp-19051,LaCoO3,0.0033163850000006,1.0014000000000003,167,R-3c,False,700,38.503196716308594,4.430882453918457,0.3612988293170929,0.03415888547897339,False,38.503196716308594,37263.84006310763,2.462105392747393,0.01570625282968003
mp-573180,LaCoO3,0.0765487460000002,0.6210999999999993,221,Pm-3m,False,700,38.503196716308594,4.430882453918457,0.3612988293170929,0.03415888547897339,False,38.503196716308594,37263.84006310763,2.462105392747393,0.01570625282968003
mp-1185232,LaCoO3,0.0474867225000004,0.973,62,Pnma,False,700,38.503196716308594,4.430882453918457,0.3612988293170929,0.03415888547897339,False,38.503196716308594,37263.84006310763,2.462105392747393,0.01570625282968003
mp-1272753,LaCoO3,0.0304298195000001,0.6738999999999997,1,P1,False,700,38.503196716308594,4.430882453918457,0.3612988293170929,0.03415888547897339,False,38.503196716308594,37263.84006310763,2.462105392747393,0.01570625282968003
mp-1273989,LaCoO3,0.0179204554999996,0.8045999999999998,14,P2_1/c,False,700,38.503196716308594,4.430882453918457,0.3612988293170929,0.03415888547897339,False,38.503196716308594,37263.84006310763,2.462105392747393,0.01570625282968003
mp-1288145,LaCoO3,0.0,0.2793000000000001,148,R-3,True,700,38.503196716308594,4.430882453918457,0.3612988293170929,0.03415888547897339,False,38.503196716308594,37263.84006310763,2.462105392747393,0.01570625282968003
mp-1504268,LaCoO3,0.0551452460000003,0.9444999999999996,74,Imma,False,700,38.503196716308594,4.430882453918457,0.3612988293170929,0.03415888547897339,False,38.503196716308594,37263.84006310763,2.462105392747393,0.01570625282968003
mp-18841,LaCrO3,0.0914568244999998,2.1156999999999995,221,Pm-3m,False,700,154.8057098388672,3.2317745685577393,0.28358715772628784,0.03649604320526123,False,154.8057098388672,2356.0240634245233,2.058709022135499,0.01919803346146745
mp-19281,LaCrO3,0.0,2.3706000000000005,62,Pnma,True,700,154.8057098388672,3.2317745685577393,0.28358715772628784,0.03649604320526123,False,154.8057098388672,2356.0240634245233,2.058709022135499,0.01919803346146745
mp-22590,LaFeO3,0.0277720220000148,1.4333999999999998,62,Pnma,False,700,-109.5933837890625,3.5640010833740234,0.3302088677883148,0.028821587562561035,True,109.5933837890625,5062.980289477571,2.292010895764811,0.018571897218966512
mp-1078634,LaFeO3,0.0,1.9509,167,R-3c,True,700,-109.5933837890625,3.5640010833740234,0.3302088677883148,0.028821587562561035,True,109.5933837890625,5062.980289477571,2.292010895764811,0.018571897218966512
mp-11623,LaInO3,0.0067064522499986,2.7459,62,Pnma,False,700,-63.67005920410156,4.14831018447876,0.3168776333332062,0.1006479561328888,False,-63.67005920410156,19440.85395575517,2.222723511465217,0.024819809382435873
mp-1106374,LaLuS3,0.0,2.2322,62,Pnma,True,700,-91.86260986328125,4.305201530456543,0.10344499349594116,0.1822790801525116,False,-91.86260986328125,27900.159350567817,1.3597303881532907,0.12120749612096962
mp-989552,LaMoN3,0.0293490240000071,1.1509,161,R3c,False,700,25.9634952545166,4.350352764129639,0.2818029522895813,0.06843060255050659,True,-25.9634952545166,30956.932299751617,2.0502686087496325,0.007124780846496973
mp-1284950,LaNiO3,0.020568577999998,0.3559999999999998,2,P-1,False,700,-12.476211547851562,4.28695821762085,0.4169602394104004,0.0401153564453125,False,-12.476211547851562,26752.43828739299,2.798775409485925,0.001041498914436911
mp-5163,LaRhO3,0.0,0.5951000000000004,62,Pnma,True,700,419.8880615234375,3.3947372436523438,0.21595636010169983,0.04089418053627014,False,419.8880615234375,3428.8019203511194,1.7618306871857297,0.24018358355181965
mp-1190131,LaScS3,0.0,1.6446000000000005,62,Pnma,True,700,-134.19029235839844,4.201356887817383,0.18685781955718994,0.15643620491027832,False,-134.19029235839844,21966.559498861374,1.6476525302193852,0.16804927751061785
mp-989524,LaWN3,0.0,1.1797000000000004,161,R3c,True,700,-7.418190002441406,4.3739423751831055,0.314978688955307,0.10654756426811218,False,-7.418190002441406,32684.927687243548,2.2130259118408486,0.000568924943349897
mp-989601,LaWN3,0.0233291480000055,0.7063999999999995,160,R3m,False,700,-7.418190002441406,4.3739423751831055,0.314978688955307,0.10654756426811218,False,-7.418190002441406,32684.927687243548,2.2130259118408486,0.000568924943349897
mp-756821,LiAgF3,0.0935238429999998,0.1235999999999999,14,P2_1/c,False,700,3.9088211059570312,4.069757461547852,0.3134862184524536,0.2755337357521057,True,-3.9088211059570312,16224.174726754542,2.2054338117907055,7.867888842963155e-05
mp-760151,LiAgF3,0.0769721754999999,0.1695999999999999,178,P6_122,False,700,3.9088211059570312,4.069757461547852,0.3134862184524536,0.2755337357521057,True,-3.9088211059570312,16224.174726754542,2.2054338117907055,7.867888842963155e-05
mp-1079935,LiCaH3,0.0214807280000002,2.5159,167,R-3c,False,700,57.79722595214844,4.490235328674316,0.4745585322380066,0.19264866411685944,True,-57.79722595214844,42720.90871213614,3.1957024991719214,0.031259798089042765
mp-28327,LiGaBr3,0.0,2.956,11,P2_1/m,True,700,-14.713521957397461,4.143891334533691,0.028990179300308228,0.6629558205604553,True,14.713521957397461,19244.05049601014,1.1455076381165628,0.0025458324735734674
mp-29345,LiGaI3,0.0,2.2473,11,P2_1/m,True,700,4.667757034301758,4.113523960113525,-0.06311416625976562,0.8615629076957703,False,4.667757034301758,17944.407099245804,0.9266028759249175,0.0002953588536819942
mp-760095,LiMnF3,0.0939407181666664,2.4534,147,P-3,False,700,-117.29208374023438,3.864980697631836,0.35615599155426025,0.2659645080566406,False,-117.29208374023438,10124.78595997198,2.4331215295687367,0.040073520086232085
mp-764783,LiMnF3,0.0907112249999997,2.712,62,Pnma,False,700,-117.29208374023438,3.864980697631836,0.35615599155426025,0.2659645080566406,False,-117.29208374023438,10124.78595997198,2.4331215295687367,0.040073520086232085
mp-765457,LiMnF3,0.0397923609999999,2.9514,62,Pnma,False,700,-117.29208374023438,3.864980697631836,0.35615599155426025,0.2659645080566406,False,-117.29208374023438,10124.78595997198,2.4331215295687367,0.040073520086232085
mp-8180,LiNO3,0.0,2.9369,167,R-3c,True,700,-24.940431594848633,4.092716217041016,0.35198891162872314,0.20480985939502716,True,24.940431594848633,17104.932721387602,2.4098872373750377,0.003090513307823266
mp-552588,LiNbO3,0.0330080320000032,2.281952667388917,167,R-3c,False,700,-56.95982360839844,4.202873706817627,0.538503110408783,0.14106938242912292,False,-56.95982360839844,22043.41414374502,3.702635156749044,0.013520826846947557
mp-674361,LiNbO3,0.010056417400003,2.9621,1,P1,False,700,-56.95982360839844,4.202873706817627,0.538503110408783,0.14106938242912292,False,-56.95982360839844,22043.41414374502,3.702635156749044,0.013520826846947557
mp-676694,LiNbO3,0.0080152856666693,2.9835000000000003,1,P1,False,700,-56.95982360839844,4.202873706817627,0.538503110408783,0.14106938242912292,False,-56.95982360839844,22043.41414374502,3.702635156749044,0.013520826846947557
mp-776108,LiNbO3,0.0298365945000043,2.7432,57,Pbcm,False,700,-56.95982360839844,4.202873706817627,0.538503110408783,0.14106938242912292,False,-56.95982360839844,22043.41414374502,3.702635156749044,0.013520826846947557
mp-752636,LiSbO3,0.088810487499999,1.1944999999999997,198,P2_13,False,700,-63.56294250488281,3.9125547409057617,0.34075692296028137,0.14765337109565735,False,-63.56294250488281,11296.915861663856,2.348360317204618,0.013605082779540345
mp-754345,LiTaO3,0.0886449690000059,2.3884,127,P4/mbm,False,700,-21.544187545776367,4.272397041320801,0.25799256563186646,0.14219984412193298,False,-21.544187545776367,25870.343463671863,1.940887556588674,0.004330719953871572
mp-752764,LiVF3,0.0185087989999983,2.5687999999999995,161,R3c,False,700,-13.45588493347168,4.2306227684021,0.37314772605895996,0.26047778129577637,True,13.45588493347168,23497.838884048142,2.5302039891949564,0.0011770501170972464
mp-752911,LiVF3,0.0357912984999995,2.426,62,Pnma,False,700,-13.45588493347168,4.2306227684021,0.37314772605895996,0.26047778129577637,True,13.45588493347168,23497.838884048142,2.5302039891949564,0.0011770501170972464
mp-777551,LiVF3,0.0371581029999985,2.6788,198,P2_13,False,700,-13.45588493347168,4.2306227684021,0.37314772605895996,0.26047778129577637,True,13.45588493347168,23497.838884048142,2.5302039891949564,0.0011770501170972464
mp-778509,LiVF3,0.0711593504999994,2.6116,198,P2_13,False,700,-13.45588493347168,4.2306227684021,0.37314772605895996,0.26047778129577637,True,13.45588493347168,23497.838884048142,2.5302039891949564,0.0011770501170972464
mp-755471,LuCrO3,0.0,2.7252,62,Pnma,True,700,63.70463562011719,3.779442548751831,0.26399537920951843,0.04497659206390381,False,63.70463562011719,8314.721401238081,1.96790074106741,0.01200285679762755
mp-22588,LuFeO3,0.0360391231249987,1.6083000000000005,62,Pnma,False,700,94.14120483398438,3.947840452194214,0.27839431166648865,0.0352453887462616,False,94.14120483398438,12253.089492691184,2.0342396813834327,0.03736810099998124
mp-21125,LuMnO3,0.0503064981666696,0.4485081876543422,62,Pnma,False,700,79.48574829101562,3.8082950115203857,0.2847931683063507,0.05007442831993103,False,79.48574829101562,8885.874287743478,2.0644338827752144,0.019036002828326938
mp-1205366,LuRhO3,0.0,1.0887000000000002,62,Pnma,True,700,109.98692321777344,3.983825445175171,0.04029349982738495,0.04228201508522034,False,109.98692321777344,13311.610403508637,1.1757129718953343,0.09587589586831795
mp-754597,LuTlO3,0.0837613916249973,0.6919000000000004,62,Pnma,False,700,-88.57196044921875,4.296483993530273,0.24756594002246857,0.36578941345214844,False,-88.57196044921875,27345.70641054335,1.8948452617850762,0.0792512191100312
mp-755583,LuVO3,0.0057737502499968,1.5724999999999998,62,Pnma,False,700,29.582752227783203,4.211464881896973,0.06107185781002045,0.06995365023612976,False,29.582752227783203,22483.81665543223,1.2333310572609508,0.011167746815187988
mp-2767717,LuVO3,0.0,0.2610999999999999,14,P2_1/c,True,700,29.582752227783203,4.211464881896973,0.06107185781002045,0.06995365023612976,False,29.582752227783203,22483.81665543223,1.2333310572609508,0.011167746815187988
mp-998358,MgAgF3,0.0331789360000014,2.1127,221,Pm-3m,False,700,-11.710834503173828,4.030536651611328,0.29972898960113525,0.2728014588356018,False,-11.710834503173828,14823.194422280221,2.136666788992417,0.0006660069058867737
mp-998418,MgAgF3,0.0181428880000016,2.6793,167,R-3c,False,700,-11.710834503173828,4.030536651611328,0.29972898960113525,0.2728014588356018,False,-11.710834503173828,14823.194422280221,2.136666788992417,0.0006660069058867737
mp-770581,MgMnO3,0.0767369350000004,0.536,62,Pnma,False,700,-173.7665557861328,3.6425113677978516,0.4577682912349701,0.10370555520057678,False,-173.7665557861328,6066.19715562141,3.074511354620108,0.04170334068787854
mp-769348,MgSnO3,0.0730104979999959,2.0089999999999995,62,Pnma,False,700,-106.54691314697266,4.153448104858398,0.4735080599784851,0.10788458585739136,False,-106.54691314697266,19672.214815359162,3.1879820691842404,0.04903624113490184
mp-1345923,MgTiO3,0.0829077269999984,2.3299,62,Pnma,False,700,-139.03402709960938,4.130234718322754,0.560778021812439,0.14440646767616272,False,-139.03402709960938,18648.32681241079,3.89749737961686,0.06474321835514564
mp-1370061,MgVO3,0.0928165374999991,0.6976000000000004,62,Pnma,False,700,-139.2907257080078,4.207286357879639,0.513848066329956,0.12077668309211731,False,-139.2907257080078,22268.528052380017,3.4982905458723463,0.08645260358948097
mp-1326513,MgWO3,0.0817830849999978,2.4380000000000006,62,Pnma,False,700,-38.259246826171875,4.315932750701904,0.15732721984386444,0.08254477381706238,False,-38.259246826171875,28598.14764490138,1.5393416842269307,0.019035914546129525
mp-1278986,MnBO3,0.0323374645520715,0.5985999999999998,2,P-1,False,700,-54.72534942626953,3.8380496501922607,0.32717832922935486,0.11004310846328735,False,-54.72534942626953,9516.00810953398,2.276072750069533,0.008764835926245934
mp-1289597,MnBO3,0.0203677105520725,0.1516999999999999,15,C2/c,False,700,-54.72534942626953,3.8380496501922607,0.32717832922935486,0.11004310846328735,False,-54.72534942626953,9516.00810953398,2.276072750069533,0.008764835926245934
mp-23477,MnBiO3,0.0281614210999983,1.4751000000000003,15,C2/c,False,700,-108.99510192871094,4.055947303771973,0.4381333589553833,0.07556802034378052,False,-108.99510192871094,15716.377689486277,2.938604700987479,0.04447575116570797
mp-1194603,MnBiO3,0.0262128320999979,1.90163571702498,14,P2_1/c,False,700,-108.99510192871094,4.055947303771973,0.4381333589553833,0.07556802034378052,False,-108.99510192871094,15716.377689486277,2.938604700987479,0.04447575116570797
mp-998241,MnInF3,0.0323595836111119,2.4765,1,P1,False,700,-67.19872283935547,4.154023170471191,0.3634340167045593,0.09873813390731812,False,-67.19872283935547,19698.280786508476,2.474240017603264,0.025165558612763452
mp-1422819,MnInF3,0.0323525176111134,2.4617000000000004,221,Pm-3m,False,700,-67.19872283935547,4.154023170471191,0.3634340167045593,0.09873813390731812,False,-67.19872283935547,19698.280786508476,2.474240017603264,0.025165558612763452
mp-22224,MnSeO3,0.0202544244999876,2.8433,62,Pnma,False,700,-92.26608276367188,3.819502830505371,0.4588106870651245,0.059989333152770996,False,-92.26608276367188,9118.176273756519,3.0818996756478807,0.017630786727496527
mp-691106,MnSnO3,0.0223195970000018,0.2294,161,R3c,False,700,-67.80802917480469,3.8656058311462402,0.47589045763015747,0.02300238609313965,False,-67.80802917480469,10139.370304884134,3.205518352545305,0.010180591241094102
mp-30528,MnTlCl3,0.0243922364999997,1.2858,62,Pnma,False,700,-36.28020477294922,4.161371231079102,0.16230106353759766,0.3684854507446289,False,-36.28020477294922,20034.402023185463,1.5570726400236081,0.011855094223117623
mp-570290,MnTlCl3,0.0293077779999997,1.1477,221,Pm-3m,False,700,-36.28020477294922,4.161371231079102,0.16230106353759766,0.3684854507446289,False,-36.28020477294922,20034.402023185463,1.5570726400236081,0.011855094223117623
mp-998762,MnTlF3,0.0,2.6304,221,Pm-3m,True,700,-38.232704162597656,4.1966986656188965,0.31323346495628357,0.24033278226852417,False,-38.232704162597656,21732.206291756713,2.2041506526613235,0.010088593342613576
mp-1106224,MnVO3,0.0417526665000043,0.3157000000000005,62,Pnma,False,700,-60.222145080566406,3.6982061862945557,0.5214899778366089,0.05439478158950806,False,-60.222145080566406,6896.223681975544,3.5603917652714423,0.004917269749285958
mp-772528,MnZnO3,0.098382452,0.1149,62,Pnma,False,700,-107.46353149414062,3.59536075592041,0.5063541531562805,0.0409030020236969,False,-107.46353149414062,5442.092373801318,3.4384440601071153,0.012794526045661883
mp-1120755,NaCO3,0.0,0.6623,167,R-3c,True,700,-15.49168586730957,4.1436448097229,0.2879507839679718,0.15477889776229858,True,15.49168586730957,19233.129819214166,2.0794984166718784,0.0015537701470058223
mp-21404,NaCoF3,0.0,2.0659,62,Pnma,True,700,51.24024200439453,4.0175580978393555,0.26450759172439575,0.2318287491798401,False,51.24024200439453,14386.768359713129,1.9702230778174707,0.013420485704577078
mp-505085,NaCuF3,0.0043112520000008,0.6678000000000001,14,P2_1/c,False,700,43.18867111206055,4.176748275756836,0.401792049407959,0.28604286909103394,False,43.18867111206055,20756.466794763965,2.7027125573906514,0.01002746817168414
mp-505066,NaFeF3,0.0004148375000001,1.8013,62,Pnma,False,700,6.408745765686035,4.057850360870361,0.3666914701461792,0.24430608749389648,False,6.408745765686035,15785.39719454124,2.492867985350991,0.00018205405679704985
mp-560242,NaMnF3,0.0,2.7474000000000003,62,Pnma,True,700,-195.3747100830078,3.8508565425872803,0.32302093505859375,0.23517894744873047,False,-195.3747100830078,9800.803814067789,2.254388420867971,0.11616296373563904
mp-4531,NaNO3,0.0,2.9451,167,R-3c,True,700,37.96754455566406,4.148467063903809,0.363878071308136,0.157957524061203,False,37.96754455566406,19447.87780946283,2.4767711562709103,0.007923360177123587
mp-1220986,NaNO3,0.0110834510000001,2.8579,155,R32,False,700,37.96754455566406,4.148467063903809,0.363878071308136,0.157957524061203,False,37.96754455566406,19447.87780946283,2.4767711562709103,0.007923360177123587
mp-3136,NaNbO3,0.0443390239999974,1.5312,221,Pm-3m,False,700,-60.66106414794922,4.350368499755859,0.4375392198562622,0.15301060676574707,True,60.66106414794922,30958.053970785793,2.934587274344549,0.027173445718245988
mp-3671,NaNbO3,0.001741106999999,2.3565000000000005,57,Pbcm,False,700,-60.66106414794922,4.350368499755859,0.4375392198562622,0.15301060676574707,True,60.66106414794922,30958.053970785793,2.934587274344549,0.027173445718245988
mp-4419,NaNbO3,0.030859024999998,1.5628,127,P4/mbm,False,700,-60.66106414794922,4.350368499755859,0.4375392198562622,0.15301060676574707,True,60.66106414794922,30958.053970785793,2.934587274344549,0.027173445718245988
mp-4514,NaNbO3,0.0,2.7818,161,R3c,True,700,-60.66106414794922,4.350368499755859,0.4375392198562622,0.15301060676574707,True,60.66106414794922,30958.053970785793,2.934587274344549,0.027173445718245988
mp-4681,NaNbO3,0.0024077749999982,2.3684000000000003,26,Pmc2_1,False,700,-60.66106414794922,4.350368499755859,0.4375392198562622,0.15301060676574707,True,60.66106414794922,30958.053970785793,2.934587274344549,0.027173445718245988
mp-4748,NaNbO3,0.0267007389999989,1.6833000000000002,63,Cmcm,False,700,-60.66106414794922,4.350368499755859,0.4375392198562622,0.15301060676574707,True,60.66106414794922,30958.053970785793,2.934587274344549,0.027173445718245988
mp-558920,NaNbO3,0.0018151994999993,2.4098,29,Pca2_1,False,700,-60.66106414794922,4.350368499755859,0.4375392198562622,0.15301060676574707,True,60.66106414794922,30958.053970785793,2.934587274344549,0.027173445718245988
mp-559354,NaNbO3,0.0391677254999986,1.8833,63,Cmcm,False,700,-60.66106414794922,4.350368499755859,0.4375392198562622,0.15301060676574707,True,60.66106414794922,30958.053970785793,2.934587274344549,0.027173445718245988
mp-1105765,NaNbO3,0.025218161999998,1.865,62,Pnma,False,700,-60.66106414794922,4.350368499755859,0.4375392198562622,0.15301060676574707,True,60.66106414794922,30958.053970785793,2.934587274344549,0.027173445718245988
mp-1188528,NaNbO3,0.0028805844999979,2.853,33,Pna2_1,False,700,-60.66106414794922,4.350368499755859,0.4375392198562622,0.15301060676574707,True,60.66106414794922,30958.053970785793,2.934587274344549,0.027173445718245988
mp-1189194,NaNbO3,0.029542810499997,1.6606999999999998,62,Pnma,False,700,-60.66106414794922,4.350368499755859,0.4375392198562622,0.15301060676574707,True,60.66106414794922,30958.053970785793,2.934587274344549,0.027173445718245988
mp-1190015,NaNbO3,0.0036448904999986,2.2326,31,Pmn2_1,False,700,-60.66106414794922,4.350368499755859,0.4375392198562622,0.15301060676574707,True,60.66106414794922,30958.053970785793,2.934587274344549,0.027173445718245988
mp-1194823,NaNbO3,0.0250339659999969,1.7153000000000005,62,Pnma,False,700,-60.66106414794922,4.350368499755859,0.4375392198562622,0.15301060676574707,True,60.66106414794922,30958.053970785793,2.934587274344549,0.027173445718245988
mp-1195803,NaNbO3,0.0253544346666654,1.6547999999999998,62,Pnma,False,700,-60.66106414794922,4.350368499755859,0.4375392198562622,0.15301060676574707,True,60.66106414794922,30958.053970785793,2.934587274344549,0.027173445718245988
mp-1198142,NaNbO3,0.0283619004999966,1.7341,59,Pmmn,False,700,-60.66106414794922,4.350368499755859,0.4375392198562622,0.15301060676574707,True,60.66106414794922,30958.053970785793,2.934587274344549,0.027173445718245988
mp-1199037,NaNbO3,0.0424806867499985,1.7575,17,P222_1,False,700,-60.66106414794922,4.350368499755859,0.4375392198562622,0.15301060676574707,True,60.66106414794922,30958.053970785793,2.934587274344549,0.027173445718245988
mp-1199593,NaNbO3,0.0327036768749984,1.6316000000000002,59,Pmmn,False,700,-60.66106414794922,4.350368499755859,0.4375392198562622,0.15301060676574707,True,60.66106414794922,30958.053970785793,2.934587274344549,0.027173445718245988
mp-1203293,NaNbO3,0.0245707684999985,1.7941,62,Pnma,False,700,-60.66106414794922,4.350368499755859,0.4375392198562622,0.15301060676574707,True,60.66106414794922,30958.053970785793,2.934587274344549,0.027173445718245988
mp-1977728,NaNbO3,0.0294082129999981,1.6644,74,Imma,False,700,-60.66106414794922,4.350368499755859,0.4375392198562622,0.15301060676574707,True,60.66106414794922,30958.053970785793,2.934587274344549,0.027173445718245988
mp-20011,NaSbO3,0.0551372470000011,1.4696000000000002,227,Fd-3m,False,700,78.28976440429688,3.845839023590088,0.3300173282623291,0.17838969826698303,False,78.28976440429688,9688.224119543402,2.291000259196126,0.018143749903509074
mp-22212,NaSbO3,0.0918956150000003,1.2824000000000004,62,Pnma,False,700,78.28976440429688,3.845839023590088,0.3300173282623291,0.17838969826698303,False,78.28976440429688,9688.224119543402,2.291000259196126,0.018143749903509074
mp-3858,NaTaO3,0.0,2.5926,62,Pnma,True,700,-43.67803192138672,4.338478088378906,0.17345885932445526,0.12879034876823425,False,-43.67803192138672,30121.960983885012,1.5975949144163268,0.025179130863993027
mp-4170,NaTaO3,0.0277541294999981,2.2596,221,Pm-3m,False,700,-43.67803192138672,4.338478088378906,0.17345885932445526,0.12879034876823425,False,-43.67803192138672,30121.960983885012,1.5975949144163268,0.025179130863993027
mp-4675,NaTaO3,0.0093388935000007,2.2808,127,P4/mbm,False,700,-43.67803192138672,4.338478088378906,0.17345885932445526,0.12879034876823425,False,-43.67803192138672,30121.960983885012,1.5975949144163268,0.025179130863993027
mp-4699,NaTaO3,0.0033295580000007,2.3891,63,Cmcm,False,700,-43.67803192138672,4.338478088378906,0.17345885932445526,0.12879034876823425,False,-43.67803192138672,30121.960983885012,1.5975949144163268,0.025179130863993027
mp-754818,NaTaO3,0.0867578065000014,2.7139,227,Fd-3m,False,700,-43.67803192138672,4.338478088378906,0.17345885932445526,0.12879034876823425,False,-43.67803192138672,30121.960983885012,1.5975949144163268,0.025179130863993027
mp-20572,NaVF3,0.0913499079999997,0.6978,221,Pm-3m,False,700,-55.65233612060547,4.274449348449707,0.30717140436172485,0.24141563475131989,False,-55.65233612060547,25992.885980182175,2.1735979430555203,0.025926275175673016
mp-1120756,NaVF3,0.0,1.5126999999999995,62,Pnma,True,700,-55.65233612060547,4.274449348449707,0.30717140436172485,0.24141563475131989,False,-55.65233612060547,25992.885980182175,2.1735979430555203,0.025926275175673016
mp-5537,NbAgO3,0.0594938496730765,1.7871,57,Pbcm,False,700,2.175262451171875,4.007394790649414,0.643140435218811,0.07652217149734497,False,2.175262451171875,14053.999829354056,4.711381207118636,9.880366741579405e-06
mp-12725,NbAgO3,0.0919056189230769,1.3336,221,Pm-3m,False,700,2.175262451171875,4.007394790649414,0.643140435218811,0.07652217149734497,False,2.175262451171875,14053.999829354056,4.711381207118636,9.880366741579405e-06
mp-1203481,NbAgO3,0.0605651891730776,1.7362135447607383,26,Pmc2_1,False,700,2.175262451171875,4.007394790649414,0.643140435218811,0.07652217149734497,False,2.175262451171875,14053.999829354056,4.711381207118636,9.880366741579405e-06
mp-1205362,NbAgO3,0.0718574189230762,0.9892,63,Cmcm,False,700,2.175262451171875,4.007394790649414,0.643140435218811,0.07652217149734497,False,2.175262451171875,14053.999829354056,4.711381207118636,9.880366741579405e-06
mp-1220387,NbAgO3,0.074483993923077,1.0242999999999998,127,P4/mbm,False,700,2.175262451171875,4.007394790649414,0.643140435218811,0.07652217149734497,False,2.175262451171875,14053.999829354056,4.711381207118636,9.880366741579405e-06
mp-33932,NbHO3,0.0336375535357174,2.6276,1,P1,False,700,-97.49860382080078,4.219451427459717,0.3995363712310791,0.2759649157524109,False,-97.49860382080078,22901.11252866046,2.6887113549473276,0.05667704938835483
mp-626528,NbHO3,0.0450807430357169,2.5171,1,P1,False,700,-97.49860382080078,4.219451427459717,0.3995363712310791,0.2759649157524109,False,-97.49860382080078,22901.11252866046,2.6887113549473276,0.05667704938835483
mp-757636,NbTlO3,0.0,0.7458,1,P1,True,700,-29.020837783813477,4.245538711547852,0.1126219779253006,0.11093834042549133,False,-29.020837783813477,24318.896523950312,1.3887682783812583,0.01032361994871489
mp-977408,NbTlO3,0.0906740972499937,0.1116000000000001,221,Pm-3m,False,700,-29.020837783813477,4.245538711547852,0.1126219779253006,0.11093834042549133,False,-29.020837783813477,24318.896523950312,1.3887682783812583,0.01032361994871489
mp-1101462,NbTlO3,0.0013711412499954,0.946658554294193,9,Cc,False,700,-29.020837783813477,4.245538711547852,0.1126219779253006,0.11093834042549133,False,-29.020837783813477,24318.896523950312,1.3887682783812583,0.01032361994871489
mp-14254,NdAlO3,0.0274909169999926,2.863600000000001,221,Pm-3m,False,700,-87.47746276855469,4.057798862457275,0.6318251490592957,0.11016279458999634,False,-87.47746276855469,15783.525481352977,4.5902142737825375,0.018418805118292806
mp-20031,NdCoO3,0.0781587439998885,0.791412993383716,221,Pm-3m,False,700,101.74361419677734,4.327836036682129,0.3457878828048706,0.05428066849708557,False,101.74361419677734,29392.815593771033,2.375722401777309,0.08965156160705372
mp-22599,NdCoO3,0.0,1.2315999999999994,62,Pnma,True,700,101.74361419677734,4.327836036682129,0.3457878828048706,0.05428066849708557,False,101.74361419677734,29392.815593771033,2.375722401777309,0.08965156160705372
mp-19269,NdCrO3,0.0,2.54,62,Pnma,True,700,211.5138702392578,3.5989792346954346,0.2442956268787384,0.06537511944770813,False,211.5138702392578,5487.624520141259,1.8806303343137054,0.0913811659391362
mp-20407,NdFeO3,0.0,1.7311,62,Pnma,True,700,87.45623016357422,3.565943717956543,0.32590174674987793,0.04370439052581787,False,87.45623016357422,5085.678139414967,2.269392194624776,0.011998276344137927
mp-755138,NdInO3,0.0147230442500001,2.6533,62,Pnma,False,700,-59.5745849609375,4.124317169189453,0.3542015254497528,0.0607185959815979,False,-59.5745849609375,18395.95431936462,2.4221962950856604,0.01886831325294921
mp-20852,NdMnO3,0.0,1.898,62,Pnma,True,700,71.92481231689453,3.709721803665161,0.2717404067516327,0.04777523875236511,False,71.92481231689453,7081.527678370036,2.0033102670719196,0.012800715776876994
mp-4582,NdRhO3,0.0,0.6487000000000007,62,Pnma,True,700,148.93858337402344,3.8283333778381348,0.3148490786552429,0.05864524841308594,False,148.93858337402344,9305.474666334243,2.2123655577079817,0.06531217096969759
mp-1105614,NdScS3,0.0,1.8593,62,Pnma,True,700,-159.89678955078125,4.141079902648926,0.03138396143913269,0.18779399991035461,False,-159.89678955078125,19119.875319840678,1.1518389796446675,0.2970782194934956
mp-541129,NdVO3,0.0,1.5603999999999996,62,Pnma,True,700,-20.35841178894043,4.163924694061279,0.20474188029766083,0.07965761423110962,True,20.35841178894043,20152.542575348718,1.7169185400540288,0.003405383176361634
mp-25096,NiBiO3,0.0322425907500036,0.3548,11,P2_1/m,False,700,-4.435150146484375,3.930844306945801,0.26322805881500244,0.05219089984893799,True,4.435150146484375,11782.825886949766,1.964426883437387,8.259015576494176e-05
mp-1209810,NiTeO3,0.0463462223333346,2.5735,62,Pnma,False,700,24.831851959228516,3.7764315605163574,0.264164537191391,-0.0017716288566589355,False,24.831851959228516,8257.274338910554,1.9686673889753514,0.0018104253723161112
mp-8218,PrAlO3,0.0180234129999909,2.8792,221,Pm-3m,False,700,-99.654052734375,4.148721694946289,0.5662823915481567,0.12286531925201416,False,-99.654052734375,19459.283631096052,3.9472097201195218,0.034270829570466156
mp-20090,PrCoO3,0.0,1.1319000000000004,62,Pnma,True,700,77.2688980102539,4.363126277923584,0.2312733232975006,0.042789191007614136,False,77.2688980102539,31880.962994956706,1.8250767533011754,0.07300586900554583
mp-1105822,PrCrO3,0.0,2.0419,62,Pnma,True,700,277.39642333984375,3.529094696044922,0.14670515060424805,0.055571943521499634,False,277.39642333984375,4671.967890799747,1.5021488189627648,0.16752770649499807
mp-22341,PrFeO3,0.0,1.0793000000000004,62,Pnma,True,700,105.39336395263672,3.501192569732666,0.17834120988845825,0.03420478105545044,False,105.39336395263672,4381.24684946046,1.6156564545255976,0.021084984020863128
mp-22564,PrMnO3,0.0,1.402,62,Pnma,True,700,70.9450454711914,3.530705213546753,0.08769431710243225,0.051701366901397705,False,70.9450454711914,4689.325363639885,1.31130019914266,0.012599416203805362
mp-4789,PrRhO3,0.0,0.6036999999999999,62,Pnma,True,700,138.69476318359375,3.7589497566223145,0.24864915013313293,0.051929593086242676,False,138.69476318359375,7931.492353897085,1.8995772522568117,0.05622327199846451
mp-1189962,PrScS3,0.0,1.8377,62,Pnma,True,700,-119.17181396484375,4.197368621826172,0.0669318437576294,0.18098154664039612,False,-119.17181396484375,21765.75694218823,1.2500853160241236,0.17309290282641732
mp-1209329,PrVO3,0.0,1.3015999999999996,62,Pnma,True,700,16.992334365844727,4.228100299835205,0.14240436255931854,0.07284575700759888,False,16.992334365844727,23361.75435657106,1.4873465575489013,0.003174661396806357
mp-1206325,RbCrF3,0.0103533537499957,0.9717000000000002,123,P4/mmm,False,700,-5.483848571777344,4.29460334777832,0.31464260816574097,0.1822347342967987,True,5.483848571777344,27227.54603862354,2.211314013988888,0.0002591952453579157
mp-1206801,RbEuCl3,0.0383723899999992,0.4541999999999997,221,Pm-3m,False,700,25.607362747192383,4.409003257751465,0.10047726333141327,0.32781651616096497,False,25.607362747192383,35433.03971685055,1.3504704116830561,0.012043454740681261
mp-571458,RbGeI3,0.013385509333331,0.5181,221,Pm-3m,False,700,102.38566589355469,4.114778518676758,-0.1906319558620453,0.5897478461265564,False,102.38566589355469,17996.31855064171,0.6908374209689682,0.19115434589107722
mp-7482,RbHgF3,0.0,0.6454,221,Pm-3m,True,700,-10.022298812866211,4.291828155517578,0.3220228850841522,0.3021503686904907,False,-10.022298812866211,27054.113569045763,2.2492135705514893,0.0008457370327009658
mp-1110737,RbInBr3,0.0251928204999982,1.3264041792853,225,Fm-3m,False,700,0.1855030059814453,4.017243385314941,-0.08752515912055969,0.48205843567848206,False,0.1855030059814453,14376.346730448755,0.875956724491477,3.953355147683274e-07
mp-1114001,RbInCl3,0.0,1.677311796494664,225,Fm-3m,True,700,-78.81475067138672,4.088168621063232,-0.021109312772750854,0.35916292667388916,True,78.81475067138672,16926.75757723286,1.020700899012814,0.07210881009383385
mp-1110662,RbInF3,0.0091613249603108,2.4848,225,Fm-3m,False,700,-93.29163360595703,4.214239120483398,0.19981738924980164,0.22791405022144318,False,-93.29163360595703,22627.901197158353,1.6975602580389713,0.08120869104104993
mp-1114161,RbInI3,0.0563835451666636,0.7159,225,Fm-3m,False,700,17.439180374145508,3.850052833557129,-0.1664760410785675,0.6157740354537964,False,17.439180374145508,9782.683136200965,0.7303512366870802,0.002851519836694868
mp-558749,RbMnF3,0.0,2.9437,221,Pm-3m,True,700,-45.470672607421875,4.026026248931885,0.2920018136501312,0.1946404129266739,False,-45.470672607421875,14670.043519718498,2.098986395419644,0.010115388685977724
mp-752446,RbNO3,0.0210339020000001,2.9815,155,R32,False,700,87.88677978515625,4.122795581817627,0.36061590909957886,0.14488235116004944,False,87.88677978515625,18331.61531516687,2.4582368189787918,0.040320151934458384
mp-1075911,RbNbO3,0.082736542000001,1.3578,221,Pm-3m,False,700,-102.65818786621094,4.363586902618408,0.4058789908885956,0.060739487409591675,False,-102.65818786621094,31914.79476109373,2.728266566229705,0.0862959635958165
mp-998157,RbSnBr3,0.0446438260000023,0.6010000000000002,1,P1,False,700,36.92781448364258,3.993211030960083,-0.1817956268787384,0.48170238733291626,False,36.92781448364258,13602.42012127587,0.7050374448619101,0.01841659135992845
mp-998156,RbSnCl3,0.0227385199999998,0.9861,8,Cm,False,700,10.079181671142578,4.016352653503418,-0.009927093982696533,0.36731600761413574,False,10.079181671142578,14346.891264273887,1.0473231808838959,0.0009741496460215437
mp-998611,RbSnCl3,0.0,2.326613151723183,161,R3c,True,700,10.079181671142578,4.016352653503418,-0.009927093982696533,0.36731600761413574,False,10.079181671142578,14346.891264273887,1.0473231808838959,0.0009741496460215437
mp-755018,RbTaO3,0.0525669795000158,2.5106,160,R3m,False,700,-90.04366302490234,4.408114910125732,0.1969197690486908,0.05761373043060303,False,-90.04366302490234,35360.63565218499,1.686271807247033,0.11901366580798442
mp-1076534,RbTaO3,0.0566622735000148,2.0076,221,Pm-3m,False,700,-90.04366302490234,4.408114910125732,0.1969197690486908,0.05761373043060303,False,-90.04366302490234,35360.63565218499,1.686271807247033,0.11901366580798442
mp-1114101,RbTlBr3,0.0253148957499997,0.9634037051434756,225,Fm-3m,False,700,19.25897979736328,4.180419445037842,-0.12184548377990723,0.540976881980896,False,19.25897979736328,20932.66862131584,0.8093983715386784,0.006714703915415163
mp-1113994,RbTlCl3,0.0306932017291674,1.1539100733397554,225,Fm-3m,False,700,-51.967613220214844,4.202518939971924,0.048338472843170166,0.49778151512145996,True,51.967613220214844,22025.41465357379,1.1976951279303036,0.03476493263516556
mp-1113914,RbTlF3,0.0,2.0588124041671416,225,Fm-3m,True,700,-79.51964569091797,4.244900226593018,0.298254132270813,0.31318166851997375,False,-79.51964569091797,24283.169979013914,2.129423008533517,0.0504766297776137
mp-1114149,RbTlI3,0.0912211314999997,0.4939,225,Fm-3m,False,700,82.18321990966797,4.122211456298828,-0.15817055106163025,0.6146550178527832,False,82.18321990966797,18306.975889890724,0.74445295649739,0.11626358119236675
mp-556424,RbVF3,0.0,2.4507000000000003,221,Pm-3m,True,700,57.36475372314453,4.435605049133301,0.25662535429000854,0.19634254276752472,False,57.36475372314453,37671.26485838745,1.9347870164274366,0.04485029923272891
mp-626182,SbHO3,0.0279537947499868,1.0685,141,I4_1/amd,False,700,37.78019714355469,4.103328227996826,0.3735494315624237,1.0417275428771973,True,-37.78019714355469,17528.041034682454,2.532545412165926,0.006915166149599227
mp-626218,SbHO3,0.0157999897499871,1.1867,43,Fdd2,False,700,37.78019714355469,4.103328227996826,0.3735494315624237,1.0417275428771973,True,-37.78019714355469,17528.041034682454,2.532545412165926,0.006915166149599227
mp-555313,ScBiO3,0.0337337538750013,2.6897,9,Cc,False,700,-76.08914184570312,4.229785919189453,0.2824363112449646,0.12595438957214355,False,-76.08914184570312,23452.604105885406,2.053260825740265,0.04629033920941534
mp-555769,ScBiO3,0.0344824253750006,2.6784,15,C2/c,False,700,-76.08914184570312,4.229785919189453,0.2824363112449646,0.12595438957214355,False,-76.08914184570312,23452.604105885406,2.053260825740265,0.04629033920941534
mp-756205,ScBiO3,0.0321571613750002,2.7215,62,Pnma,False,700,-76.08914184570312,4.229785919189453,0.2824363112449646,0.12595438957214355,False,-76.08914184570312,23452.604105885406,2.053260825740265,0.04629033920941534
mp-1643785,ScCoO3,0.0691988195892872,0.8961999999999994,14,P2_1/c,False,700,43.297210693359375,3.9329915046691895,0.5643093585968018,0.05122193694114685,False,43.297210693359375,11841.225669244963,3.9293179180236923,0.003954552698140232
mp-18961,ScCrO3,0.0368469178749997,2.3991,62,Pnma,False,700,8.8999605178833,4.054585933685303,0.5035514831542969,0.079531729221344,True,-8.8999605178833,15667.189159678892,3.416325898055003,0.0002542763646814098
mp-769734,ScFeO3,0.0839461803749976,1.5712000000000002,62,Pnma,False,700,-8.656784057617188,3.6772966384887695,0.5386792421340942,0.056599557399749756,False,-8.656784057617188,6572.064117157763,3.7041370956548816,9.307347906623791e-05
mp-1105811,ScMnO3,0.0499739205624987,1.7893999999999997,14,P2_1/c,False,700,28.443193435668945,3.8651537895202637,0.4430696368217468,0.08576774597167969,True,-28.443193435668945,10128.822086798322,2.9721960103686107,0.0019299063967872846
mp-1188449,ScRhO3,0.0511400981249963,1.0496999999999996,62,Pnma,False,700,40.300777435302734,4.026607990264893,0.4459877014160156,0.041750967502593994,False,40.300777435302734,14689.707340881667,2.9922337111010573,0.005581391932753541
mp-1196890,ScRhO3,0.0246142638749962,1.1204903046814725,14,P2_1/c,False,700,40.300777435302734,4.026607990264893,0.4459877014160156,0.041750967502593994,False,40.300777435302734,14689.707340881667,2.9922337111010573,0.005581391932753541
mp-752429,ScTlO3,0.0787690023749974,0.9279999999999996,62,Pnma,False,700,-26.1002254486084,4.237952709197998,0.2857477068901062,0.1413363516330719,False,-26.1002254486084,23897.796713053063,2.068976305121016,0.00550793622398923
mp-756546,ScVO3,0.0493919894999983,1.5053,62,Pnma,False,700,47.501277923583984,4.584804058074951,0.45273131132125854,0.09149789810180664,False,47.501277923583984,53114.02471804421,3.0390589291116057,0.02760442575755307
mp-20016,SmCoO3,0.0,1.3174,62,Pnma,True,700,201.42811584472656,4.859484672546387,0.3405448794364929,0.04814818501472473,False,201.42811584472656,99974.63467622024,2.347214014236058,1.2096935278585463
mp-1105788,SmCrO3,0.0,2.4786,62,Pnma,True,700,145.9735107421875,3.934645891189575,0.15524838864803314,0.051092326641082764,False,145.9735107421875,11886.419253421975,1.531990946236707,0.11572867800461292
mp-20243,SmFeO3,0.0,1.545,62,Pnma,True,700,101.93824005126953,3.679462432861328,0.2711722254753113,0.03272846341133118,False,101.93824005126953,6604.920371262605,2.0006910785198704,0.024013742711206723
mp-752437,SmInO3,0.0303930866249988,2.6396999999999995,62,Pnma,False,700,-89.82083892822266,4.339928150177002,0.317059725522995,0.0936715304851532,False,-89.82083892822266,30222.703008396365,2.22365565652025,0.07675700525790054
mp-22203,SmMnO3,0.0,1.4644000000000004,62,Pnma,True,700,52.84173583984375,3.9478254318237305,0.2981303930282593,0.04596632719039917,True,-52.84173583984375,12252.66571857299,2.128816379466288,0.011249794087653515
mp-3317,SmRhO3,0.0,0.7331000000000003,62,Pnma,True,700,114.41227722167969,4.014503002166748,0.16477571427822113,0.054224878549575806,False,114.41227722167969,14285.918081064021,1.5659703119552797,0.08359261870551175
mp-1188840,SmScS3,0.0,1.8487000000000005,62,Pnma,True,700,-149.52870178222656,4.1731061935424805,0.004417598247528076,0.23996450006961823,False,-149.52870178222656,20583.12667417556,1.0824937768320728,0.2976001214012922
mp-754787,SmTlO3,0.0731567521249978,0.8895,62,Pnma,False,700,-79.58341217041016,4.385525703430176,0.1978907436132431,0.3095301687717438,False,-79.58341217041016,33568.41662789574,1.6900461096964317,0.08805934576701308
mp-1188225,SmVO3,0.0,1.5136000000000005,62,Pnma,True,700,-23.952245712280273,4.379571437835693,0.08636024594306946,0.08112114667892456,True,23.952245712280273,33111.327368109145,1.3072783113821373,0.010171829022000244
mp-29164,SrBiO3,0.0,0.3106,14,P2_1/c,True,700,-132.6717529296875,3.645326852798462,0.3169747591018677,0.20401154458522797,False,-132.6717529296875,6105.651418217789,2.2232206577116593,0.033837978608762795
mp-22428,SrCeO3,0.0085144779999968,2.5055000000000005,62,Pnma,False,700,-99.09718322753906,4.266911506652832,0.2091594636440277,0.17687180638313293,False,-99.09718322753906,25545.632489189124,1.734471921688857,0.10124417515348501
mp-1208643,SrHfS3,0.0,1.4955999999999996,62,Pnma,True,700,-136.56883239746094,4.288177967071533,0.15604864060878754,0.2350219190120697,False,-136.56883239746094,26827.68017950851,1.5348164690734138,0.2282064433749238
mp-1542758,SrMoO3,0.0,1.3088000000000006,12,C2/m,True,700,-24.8853816986084,4.583757400512695,0.3560452163219452,0.02739819884300232,True,24.8853816986084,52986.17308135436,2.4325009938666633,0.009442699743708427
mp-2879,SrSnO3,0.0,1.7406,62,Pnma,True,700,-76.82117462158203,3.8096065521240234,0.5633195638656616,0.08416420221328735,False,-76.82117462158203,8912.749600636069,3.9203728593904015,0.009391701013202703
mp-12866,SrSnO3,0.0036590239999982,1.6169000000000002,74,Imma,False,700,-76.82117462158203,3.8096065521240234,0.5633195638656616,0.08416420221328735,False,-76.82117462158203,8912.749600636069,3.9203728593904015,0.009391701013202703
mp-12867,SrSnO3,0.0067069569999995,1.5614,140,I4/mcm,False,700,-76.82117462158203,3.8096065521240234,0.5633195638656616,0.08416420221328735,False,-76.82117462158203,8912.749600636069,3.9203728593904015,0.009391701013202703
mp-546973,SrSnO3,0.0477347734999993,0.9749,221,Pm-3m,False,700,-76.82117462158203,3.8096065521240234,0.5633195638656616,0.08416420221328735,False,-76.82117462158203,8912.749600636069,3.9203728593904015,0.009391701013202703
mp-4651,SrTiO3,0.0,1.8559,140,I4/mcm,True,700,-294.9432067871094,3.8315353393554688,0.6379021406173706,0.13487574458122253,False,-294.9432067871094,9374.335502549111,4.654895660121704,0.1226324423117734
mp-5229,SrTiO3,0.0004700539999991,1.7658999999999998,221,Pm-3m,False,700,-294.9432067871094,3.8315353393554688,0.6379021406173706,0.13487574458122253,False,-294.9432067871094,9374.335502549111,4.654895660121704,0.1226324423117734
mp-551830,SrTiO3,8.474800000080052e-05,1.7869999999999997,140,I4/mcm,False,700,-294.9432067871094,3.8315353393554688,0.6379021406173706,0.13487574458122253,False,-294.9432067871094,9374.335502549111,4.654895660121704,0.1226324423117734
mp-5193,SrZrS3,0.0064128314999978,1.1777000000000002,62,Pnma,False,700,-166.7901611328125,4.148998260498047,0.26767081022262573,0.20719653367996216,False,-166.7901611328125,19471.679555289076,1.984625742555888,0.19105732373170556
mp-9890,TaAgO3,0.0315954175000001,1.9158,167,R-3c,False,700,19.901975631713867,4.3347697257995605,0.3907195031642914,0.10861897468566895,True,-19.901975631713867,29865.849968208873,2.6346765937725194,0.0031429537205933237
mp-1187189,TaAgO3,0.0450003925000004,1.7306000000000004,221,Pm-3m,False,700,19.901975631713867,4.3347697257995605,0.3907195031642914,0.10861897468566895,True,-19.901975631713867,29865.849968208873,2.6346765937725194,0.0031429537205933237
mp-33753,TaHO3,0.0770895237500024,2.7443,141,I4_1/amd,False,700,-44.641822814941406,4.284180164337158,0.16615965962409973,0.19844560325145721,False,-44.641822814941406,26581.85701689346,1.5709684737324663,0.0236047674802551
mp-676262,TaTlO3,0.0,0.9695,15,C2/c,True,700,-133.7445526123047,4.425765514373779,0.1031160056591034,0.3237355053424835,False,-133.7445526123047,36827.366821458614,1.3587007518410206,0.3393884798487617
mp-756933,TaTlO3,0.004274724750001,0.4457999999999997,227,Fd-3m,False,700,-133.7445526123047,4.425765514373779,0.1031160056591034,0.3237355053424835,False,-133.7445526123047,36827.366821458614,1.3587007518410206,0.3393884798487617
mp-19802,TbCoO3,0.0,1.4160999999999997,62,Pnma,True,700,123.35505676269531,3.9108192920684814,0.036682963371276855,0.05683228373527527,False,123.35505676269531,11251.863250991466,1.1659791204135697,0.10278875997994162
mp-756124,TbCrO3,0.0,2.5095,62,Pnma,True,700,124.51110076904297,3.8543996810913086,0.3127067983150482,0.052460938692092896,False,124.51110076904297,9881.08953062033,2.2014793108095225,0.048708461391649624
mp-19853,TbFeO3,6.255587500092474e-05,1.6263,62,Pnma,False,700,80.7791748046875,3.7233686447143555,0.3930504620075226,0.047780901193618774,False,80.7791748046875,7307.5836930865,2.6488555286571605,0.012601214104363056
mp-769263,TbInO3,0.0560910488750003,2.5935,62,Pnma,False,700,-36.15967559814453,4.275997161865234,0.33695998787879944,0.06696656346321106,False,-36.15967559814453,26085.689176314023,2.32791864079562,0.010256084926937827
mp-22055,TbMnO3,0.0,1.4940000000000009,62,Pnma,True,700,206.06263732910156,3.886050224304199,0.48211878538131714,0.050589531660079956,False,206.06263732910156,10628.093772830185,3.251820730985556,0.09714609100159795
mp-5692,TbRhO3,0.0,0.8749000000000002,62,Pnma,True,700,138.44468688964844,4.180852890014648,0.07923601567745209,0.05893862247467041,False,138.44468688964844,20953.57077332607,1.2860084604073034,0.21860739265484425
mp-1188262,TbScS3,0.0,1.7696,62,Pnma,True,700,-138.66790771484375,4.184489727020264,0.08583956956863403,0.18734239041805267,False,-138.66790771484375,21129.775379407736,1.3057119523899052,0.21781985581017432
mp-554811,TbVO3,0.0,1.4395999999999995,62,Pnma,True,700,-30.142892837524414,4.378077030181885,0.06268028914928436,0.08040565252304077,False,-30.142892837524414,32997.58706705395,1.237907229339207,0.01695360199547306
mp-5052,TiCdO3,0.0387445740000007,2.4156,33,Pna2_1,False,700,-70.26605224609375,4.121057033538818,0.4310331344604492,0.09770232439041138,False,-70.26605224609375,18258.37769981961,2.8909524234426622,0.021827821361469036
mp-14550,TiCdO3,0.0425426290000006,2.1213,62,Pnma,False,700,-70.26605224609375,4.121057033538818,0.4310331344604492,0.09770232439041138,False,-70.26605224609375,18258.37769981961,2.8909524234426622,0.021827821361469036
mp-20940,TiCdO3,0.0395681674999996,2.4636,26,Pmc2_1,False,700,-70.26605224609375,4.121057033538818,0.4310331344604492,0.09770232439041138,False,-70.26605224609375,18258.37769981961,2.8909524234426622,0.021827821361469036
mp-19270,TiFeO3,0.0317737499999992,2.5309,161,R3c,False,700,-46.214569091796875,3.80418062210083,0.5209861993789673,0.04803568124771118,False,-46.214569091796875,8802.08940284154,3.556264131052736,0.003700391050615678
mp-20073,TiFeO3,0.0718263530000005,1.4865000000000004,62,Pnma,False,700,-46.214569091796875,3.80418062210083,0.5209861993789673,0.04803568124771118,False,-46.214569091796875,8802.08940284154,3.556264131052736,0.003700391050615678
mp-19376,TiMnO3,0.0363191124999993,1.7771999999999997,161,R3c,False,700,-23.339174270629883,3.743990421295166,0.556689977645874,0.06191980838775635,False,-23.339174270629883,7662.942637563709,3.86098209575805,0.0007567750414934127
mp-556925,TiMnO3,0.0599898020000004,1.5349000000000004,62,Pnma,False,700,-23.339174270629883,3.743990421295166,0.556689977645874,0.06191980838775635,False,-23.339174270629883,7662.942637563709,3.86098209575805,0.0007567750414934127
mp-1078470,TiZnO3,0.055374115500002,2.828,161,R3c,False,700,-107.1821060180664,4.029788017272949,0.5264794826507568,0.061112672090530396,False,-107.1821060180664,14797.664295371798,3.6015321229771278,0.03304064298719871
mp-1105306,TlCrO3,0.039864296500002,0.4300999999999995,62,Pnma,False,700,-21.35795021057129,3.892584800720215,0.28124287724494934,0.07977688312530518,True,21.35795021057129,10789.217645680716,2.047626244616029,0.0016825053203782985
mp-505819,TlFeO3,0.0472809699999992,0.7036999999999995,62,Pnma,False,700,106.61846160888672,3.9342002868652344,0.4768185019493103,0.05073246359825134,False,106.61846160888672,11874.229544174372,3.212375551935007,0.029413180751359902
mp-756909,TlGaO3,0.0695921199999984,0.2334000000000005,62,Pnma,False,700,-1.2616100311279297,4.493200778961182,0.4235369563102722,0.19281962513923645,False,-1.2616100311279297,43013.61387808698,2.8414810651553646,1.6865898125605413e-05
mp-998153,TlGeBr3,0.0279997379999996,0.7555999999999998,8,Cm,False,700,20.734838485717773,4.28617525100708,0.01279798150062561,0.9270871877670288,True,-20.734838485717773,26704.251177561764,1.103585006795561,0.007282390551987029
mp-998744,TlGeCl3,0.0327651060000011,1.3779,8,Cm,False,700,20.454710006713867,4.308196544647217,0.10852068662643433,0.30476653575897217,True,-20.454710006713867,28093.23149691985,1.3757150763020913,0.005980780927219946
mp-998710,TlHgF3,0.0145253994999992,1.805,1,P1,False,700,-42.284019470214844,4.313286781311035,0.15201711654663086,0.39019575715065,False,-42.284019470214844,28424.44113460394,1.5206348050307774,0.023394705162377682
mp-998758,TlHgF3,0.0,2.1963,55,Pbam,True,700,-42.284019470214844,4.313286781311035,0.15201711654663086,0.39019575715065,False,-42.284019470214844,28424.44113460394,1.5206348050307774,0.023394705162377682
mp-998713,TlInCl3,0.0070095394999989,1.5597,1,P1,False,700,-29.541353225708008,4.235681056976318,0.04938282072544098,0.3772667646408081,False,-29.541353225708008,23773.1215157934,1.2005786909057006,0.012096351285870922
mp-2767078,TlInCl3,0.0,2.5745,2,P-1,True,700,-29.541353225708008,4.235681056976318,0.04938282072544098,0.3772667646408081,False,-29.541353225708008,23773.1215157934,1.2005786909057006,0.012096351285870922
mp-1178989,TlNiO3,0.0754351371666661,0.1478000000000001,14,P2_1/c,False,700,46.831024169921875,4.145137786865234,0.20629239082336426,0.0650789737701416,True,-46.831024169921875,19299.3614597935,1.723059207576591,0.017195234014602434
mp-561954,TmCoO3,0.0226815634642871,1.1885999999999997,62,Pnma,False,700,170.6365203857422,3.771132469177246,0.004728555679321289,0.04711490869522095,False,170.6365203857422,8157.13448435564,1.0832691263581895,0.15347698871182208
mp-777295,TmCrO3,0.0,2.6809,62,Pnma,True,700,98.5547103881836,3.9961211681365967,0.3501468002796173,0.06035616993904114,False,98.5547103881836,13693.873807453492,2.399687063885997,0.03879935654297941
mp-20651,TmFeO3,0.0243056352500001,1.6096,62,Pnma,False,700,166.3006134033203,3.7194249629974365,0.21341395378112793,0.03712382912635803,False,166.3006134033203,7241.526366244946,1.7515468726577619,0.08003760686592432
mp-1101263,TmInO3,0.0863472772499998,2.5259,62,Pnma,False,700,2.248472213745117,4.381009101867676,0.32671087980270386,0.13274940848350525,True,-2.248472213745117,33221.118867880294,2.2736242351442093,5.170929959701509e-05
mp-554270,TmMnO3,0.0410788485000015,2.0076,62,Pnma,False,700,88.99911499023438,3.9668211936950684,0.3876766264438629,0.03378570079803467,True,-88.99911499023438,12800.482699482696,2.616281296542149,0.027127597092499067
mp-1207705,TmRhO3,0.0,1.3457,62,Pnma,True,700,135.145263671875,4.154332637786865,0.05126239359378815,0.06098145246505737,False,135.145263671875,19712.32228776468,1.2057859071363526,0.20901010685447352
mp-1101279,TmTlO3,0.0884914422499987,0.7359999999999998,62,Pnma,False,700,-55.24787139892578,4.388937473297119,0.16746988892555237,0.32842496037483215,False,-55.24787139892578,33833.16498651784,1.5757151077279523,0.045876900398841916
mp-18946,VBO3,0.0,1.8527,167,R-3c,True,700,-37.04742431640625,4.142796993255615,0.344143271446228,0.1439565122127533,False,-37.04742431640625,19195.620113219073,2.3667428921418487,0.007792290664467221
mp-756282,VBiO3,0.010364148125002,1.2434000000000005,62,Pnma,False,700,-177.7476348876953,4.290609359741211,-0.0034244954586029053,0.07620581984519958,False,-177.7476348876953,26978.295855585682,1.0631225120347012,0.5612248594539204
mp-22649,VCdO3,0.0701796605000009,0.4319000000000002,62,Pnma,False,700,-113.52488708496094,4.013256072998047,0.5339227318763733,0.08427491784095764,False,-113.52488708496094,14244.959744253309,3.663789738375328,0.03507606624157537
mp-1216392,VCrO3,0.0075114801250038,1.6132999999999995,161,R3c,False,700,-9.694059371948242,4.326500415802002,0.5102273225784302,0.054401129484176636,False,-9.694059371948242,29302.56035089163,3.4692462908874893,0.000555622503517763
mp-755580,VGaO3,0.0920560701249986,1.4157000000000002,62,Pnma,False,700,-75.74200439453125,4.100132465362549,0.4013518691062927,0.0905606746673584,False,-75.74200439453125,17399.534064875636,2.6999746038131422,0.025879123743881117
mp-1273178,YCoO3,0.0116558665892867,0.3085,2,P-1,False,700,258.8418884277344,3.880018711090088,0.4284416735172272,0.03847965598106384,False,258.8418884277344,10481.510274062692,2.8737533039074497,0.17105727137011953
mp-1288734,YCoO3,0.0154647095892865,0.1141,14,P2_1/c,False,700,258.8418884277344,3.880018711090088,0.4284416735172272,0.03847965598106384,False,258.8418884277344,10481.510274062692,2.8737533039074497,0.17105727137011953
mp-18725,YCrO3,0.0,2.3271,62,Pnma,True,700,87.63945770263672,3.740497350692749,0.4224892854690552,0.047566354274749756,False,87.63945770263672,7601.556082451722,2.8346346759916776,0.014417926643979468
mp-20783,YFeO3,0.0118179143749994,1.5888,62,Pnma,False,700,135.67103576660156,3.6781129837036133,0.4617377519607544,0.04829701781272888,False,135.67103576660156,6584.429272263057,3.10274126773008,0.02734292027388246
mp-20699,YMnO3,0.0230952568333329,1.5091,62,Pnma,False,700,46.78651428222656,3.73848819732666,0.4174521267414093,0.061560630798339844,False,46.78651428222656,7566.470629099158,2.8019471331475296,0.004137831814688264
mp-1379411,YMoO3,0.0295691505937529,2.2163160966916937,62,Pnma,False,700,52.562461853027344,4.152606010437012,0.3317442238330841,0.030237048864364624,False,52.562461853027344,19634.107464556884,2.30012815421419,0.0165085361754135
mp-1207629,YRhO3,0.0,1.1799999999999995,62,Pnma,True,700,104.94332885742188,4.0009307861328125,0.3404057025909424,0.03219461441040039,False,104.94332885742188,13846.370218342556,2.3464619312212434,0.04549148762823532
mp-7792,YScS3,0.0018075120000027,1.7758000000000005,62,Pnma,False,700,-104.03749084472656,4.3068013191223145,0.1528007835149765,0.17033261060714722,False,-104.03749084472656,28003.123284646073,1.5233812066679229,0.1392757987041592
mp-989576,YWN3,0.0459397585000047,1.5404,161,R3c,False,700,13.807488441467285,4.405165672302246,0.296917587518692,0.10917693376541138,True,-13.807488441467285,35121.31963708226,2.122879765747139,0.0022078666765269856
mp-14099,ZnAgF3,0.0535718940000014,1.5852,221,Pm-3m,False,700,3.350889205932617,4.102011680603027,0.31561383605003357,0.18471388518810272,True,-3.350889205932617,17474.98589524499,2.2162647863078617,6.197454754770729e-05
mp-1378105,ZnBiO3,0.0806278960000002,0.8814050363816994,14,P2_1/c,False,700,-81.81179809570312,4.213510990142822,0.3059612810611725,0.15031403303146362,False,-81.81179809570312,22589.99544870372,2.16754983411532,0.048828903070770556
mp-13334,ZnSnO3,0.041423655,1.0809999999999995,161,R3c,False,700,-99.09671783447266,4.250746250152588,0.4825354218482971,0.04550495743751526,False,-99.09671783447266,24612.254852671413,3.2549418325318453,0.05197862090064534
mp-1337169,ZnSnO3,0.0828422335,1.1063178585305646,62,Pnma,False,700,-99.09671783447266,4.250746250152588,0.4825354218482971,0.04550495743751526,False,-99.09671783447266,24612.254852671413,3.2549418325318453,0.05197862090064534
mp-1340971,ZnWO3,0.0889550014999995,1.8923,62,Pnma,False,700,21.155677795410156,4.124791145324707,0.3733882009983063,0.0950937569141388,True,-21.155677795410156,18416.04207868339,2.53160538654426,0.002279041406041338
mp-756665,ZrCoO3,0.0785098070000032,1.7275,62,Pnma,False,700,10.206229209899902,3.850383758544922,0.4692276418209076,0.03221884369850159,False,10.206229209899902,9790.140214617739,3.156715566555736,0.00022614247179127763
mp-754513,ZrMnO3,0.0428264210000044,2.6175,161,R3c,False,700,13.234254837036133,4.016544818878174,0.43501919507980347,0.059396058320999146,True,-13.234254837036133,14353.24084017368,2.9176084300268808,0.0006031425853305394
mp-776165,AgAuO3,0.0594244018333327,0.2423000000000001,227,Fd-3m,False,800,142.36062622070312,4.101938724517822,0.39531683921813965,0.23791079223155975,False,142.36062622070312,17472.05056096191,2.662714782098398,0.10638710595660529
mp-775761,AgClO3,0.0315841524999971,2.925,198,P2_13,False,800,-30.61745262145996,4.113255500793457,0.22138771414756775,0.25757449865341187,False,-30.61745262145996,17933.318183970823,1.7840027693621983,0.0075386438410329866
mp-849271,AgIO3,0.0274698735000002,1.9765,62,Pnma,False,800,70.2952880859375,3.9622890949249268,0.2051554024219513,0.19738999009132385,False,70.2952880859375,12667.59728266404,1.7185541167224372,0.029138920121509294
mp-552185,AgNO3,0.0,1.8635,161,R3c,True,800,-65.45907592773438,4.1030144691467285,0.42015528678894043,0.204685240983963,True,65.45907592773438,17515.382361583648,2.819441557894717,0.021295422109305986
mp-551918,AlBiO3,0.0533350642499836,2.8716,161,R3c,False,800,23.074934005737305,4.1424689292907715,0.32571762800216675,0.1831420511007309,True,-23.074934005737305,19181.125309362393,2.2684302917963546,0.0036017997760327586
mp-776154,AlFeO3,0.0803160834999996,2.1089,62,Pnma,False,800,-160.91842651367188,3.8584506511688232,0.6328315138816833,0.12029886245727539,False,-160.91842651367188,9973.688599097632,4.600863238176998,0.0449074114419468
mp-5168,AlSiP3,0.0072239124999988,0.2885999999999997,62,Pnma,False,800,165.39041137695312,3.962813377380371,0.6364948749542236,0.3727837800979614,False,165.39041137695312,12682.898903254214,4.639836585418524,0.05981725610253922
mp-768539,AlTlO3,0.0753195514999998,0.7376999999999994,62,Pnma,False,800,59.37187957763672,4.345593452453613,0.5194609761238098,0.16083365678787231,True,-59.37187957763672,30619.536035165118,3.54379659226391,0.024365840802520387
mp-756082,AlVO3,0.0864430801249973,2.1442,62,Pnma,False,800,-69.6258316040039,4.214585304260254,0.5366166830062866,0.10658451914787292,False,-69.6258316040039,22645.94548629954,3.6865870489369224,0.02382301598941417
mp-3187,BaCeO3,0.0,2.4469,62,Pnma,True,800,-142.9170684814453,4.306375503540039,0.07596738636493683,0.14005935192108154,False,-142.9170684814453,27975.680332984015,1.2763659104880192,0.35814892018896405
mp-3316,BaCeO3,0.0006426110000017,2.4637,74,Imma,False,800,-142.9170684814453,4.306375503540039,0.07596738636493683,0.14005935192108154,False,-142.9170684814453,27975.680332984015,1.2763659104880192,0.35814892018896405
mp-4900,BaCeO3,0.0025211640000009,2.4505,167,R-3c,False,800,-142.9170684814453,4.306375503540039,0.07596738636493683,0.14005935192108154,False,-142.9170684814453,27975.680332984015,1.2763659104880192,0.35814892018896405
mp-5663,BaCeO3,0.0403338960000017,2.2990000000000004,221,Pm-3m,False,800,-142.9170684814453,4.306375503540039,0.07596738636493683,0.14005935192108154,False,-142.9170684814453,27975.680332984015,1.2763659104880192,0.35814892018896405
mp-998352,BaHfS3,0.0283550604999991,0.8438999999999997,160,R3m,False,800,-108.45437622070312,4.220819473266602,0.10964053869247437,0.2861347198486328,False,-108.45437622070312,22973.36573282154,1.3792670103016196,0.15673299278880845
mp-1105549,BaHfS3,0.0,1.2523999999999995,62,Pnma,True,800,-108.45437622070312,4.220819473266602,0.10964053869247437,0.2861347198486328,False,-108.45437622070312,22973.36573282154,1.3792670103016196,0.15673299278880845
mp-1383356,BaHfS3,0.0282627044999985,0.7077999999999998,221,Pm-3m,False,800,-108.45437622070312,4.220819473266602,0.10964053869247437,0.2861347198486328,False,-108.45437622070312,22973.36573282154,1.3792670103016196,0.15673299278880845
mp-23818,BaLiH3,0.0,2.2146,221,Pm-3m,True,800,-40.623565673828125,4.2745890617370605,0.43113988637924194,0.26371878385543823,False,-40.623565673828125,26001.24928181345,2.891663122435831,0.011871144356735936
mp-3163,BaSnO3,0.0,0.3730000000000002,221,Pm-3m,True,800,-74.40353393554688,4.3405022621154785,0.7961962223052979,0.103229820728302,False,-74.40353393554688,30262.6820756769,6.701993964078981,0.019997720648491386
mp-1178513,BaSnO3,0.0006460229999962,0.6650999999999998,74,Imma,False,800,-74.40353393554688,4.3405022621154785,0.7961962223052979,0.103229820728302,False,-74.40353393554688,30262.6820756769,6.701993964078981,0.019997720648491386
mp-2998,BaTiO3,0.014779579999999,1.6675,221,Pm-3m,False,800,-318.7575378417969,3.8763866424560547,0.46184250712394714,0.08574914932250977,False,-318.7575378417969,10394.217392272083,3.1034897630119405,0.27224028622247853
mp-5020,BaTiO3,4.098999999868624e-05,2.5527,160,R3m,False,800,-318.7575378417969,3.8763866424560547,0.46184250712394714,0.08574914932250977,False,-318.7575378417969,10394.217392272083,3.1034897630119405,0.27224028622247853
mp-5777,BaTiO3,0.0,2.2934,38,Amm2,True,800,-318.7575378417969,3.8763866424560547,0.46184250712394714,0.08574914932250977,False,-318.7575378417969,10394.217392272083,3.1034897630119405,0.27224028622247853
mp-5986,BaTiO3,0.0019565740000011,1.7236999999999996,99,P4mm,False,800,-318.7575378417969,3.8763866424560547,0.46184250712394714,0.08574914932250977,False,-318.7575378417969,10394.217392272083,3.1034897630119405,0.27224028622247853
mp-540771,BaZrS3,0.0,0.9900000000000002,62,Pnma,True,800,-162.94839477539062,4.1331400871276855,0.21724766492843628,0.21501052379608154,False,-162.94839477539062,18773.49971519944,1.7670770031837109,0.22567316795022255
mp-998350,BaZrSe3,0.0775039104999999,0.2023999999999999,1,P1,False,800,-36.370506286621094,4.20328950881958,0.18429604172706604,0.3440398871898651,False,-36.370506286621094,22064.5290443976,1.6379621119734462,0.014255402709691426
mp-573119,BiRhO3,0.0619841773750007,0.3772999999999999,62,Pnma,False,800,30.170875549316406,4.376810073852539,0.28156086802482605,0.10241925716400146,False,30.170875549316406,32901.46431565638,2.0491260672694365,0.011692634194309505
mp-755893,CaBiO3,0.0,0.6655289785034206,14,P2_1/c,True,800,-70.975341796875,3.8414642810821533,0.25779569149017334,0.25372326374053955,False,-70.975341796875,9591.122421068252,1.9400079138767568,0.01992374180855682
mp-756365,CaCeO3,0.0590747670000126,2.3372999999999995,62,Pnma,False,800,-94.86078643798828,4.212797164916992,0.24072875082492828,0.22960954904556274,False,-94.86078643798828,22552.89605093621,1.8652479050578346,0.0870420650403589
mp-20772,CaCrO3,0.0651140580000015,0.3943000000000003,62,Pnma,False,800,-12.378625869750977,3.833026885986328,0.25890958309173584,0.07475435733795166,True,12.378625869750977,9406.586192012981,1.944990091244897,0.0005928563927852943
mp-1190098,CaHfS3,0.037140437999998,1.5238,62,Pnma,False,800,-120.89219665527344,4.404690265655518,0.1918604075908661,0.2352827936410904,False,-120.89219665527344,35082.89461887046,1.6667413796911714,0.24610119706000255
mp-19201,CaMnO3,0.0350749438333366,0.4685999999999999,62,Pnma,False,800,-289.148681640625,3.3092727661132812,0.5458634495735168,0.07864627242088318,False,-289.148681640625,2816.29354259134,3.76592147099969,0.050019469315669966
mp-607467,CaMoO3,0.0,1.1050000000000004,14,P2_1/c,True,800,-13.600202560424805,4.911943435668945,0.4654073119163513,0.057610780000686646,True,13.600202560424805,112810.25708536536,3.129068870122205,0.005334751663328855
mp-1045305,CaMoO3,0.0096948095000026,1.0948000000000002,2,P-1,False,800,-13.600202560424805,4.911943435668945,0.4654073119163513,0.057610780000686646,True,13.600202560424805,112810.25708536536,3.129068870122205,0.005334751663328855
mp-4438,CaSnO3,0.0,2.3327,62,Pnma,True,800,-53.42253875732422,3.942556381225586,0.43597912788391113,0.14037805795669556,False,-53.42253875732422,12104.909155282467,2.92406443092113,0.00945178053864708
mp-3442,CaTiO3,0.017396585500002,2.2417,140,I4/mcm,False,800,-207.88034057617188,4.076765537261963,0.5560973882675171,0.12619823217391968,False,-207.88034057617188,16488.102952706,3.8557174266751724,0.14783672003122855
mp-4019,CaTiO3,0.0,2.3053,62,Pnma,True,800,-207.88034057617188,4.076765537261963,0.5560973882675171,0.12619823217391968,False,-207.88034057617188,16488.102952706,3.8557174266751724,0.14783672003122855
mp-5827,CaTiO3,0.0644675975000002,1.8272,221,Pm-3m,False,800,-207.88034057617188,4.076765537261963,0.5560973882675171,0.12619823217391968,False,-207.88034057617188,16488.102952706,3.8557174266751724,0.14783672003122855
mp-556003,CaTiO3,0.0114118105000002,2.1586,74,Imma,False,800,-207.88034057617188,4.076765537261963,0.5560973882675171,0.12619823217391968,False,-207.88034057617188,16488.102952706,3.8557174266751724,0.14783672003122855
mp-1205364,CaTiO3,0.0114495924999999,2.1378,63,Cmcm,False,800,-207.88034057617188,4.076765537261963,0.5560973882675171,0.12619823217391968,False,-207.88034057617188,16488.102952706,3.8557174266751724,0.14783672003122855
mp-22608,CaVO3,0.0011566264107081,0.4338999999999999,62,Pnma,False,800,-82.3125991821289,4.765594005584717,0.4620823860168457,0.10788598656654358,False,-82.3125991821289,80537.6881352479,3.105204422893491,0.14058260320193736
mp-1435359,CaVO3,0.0088146909107074,0.2606000000000001,14,P2_1/c,False,800,-82.3125991821289,4.765594005584717,0.4620823860168457,0.10788598656654358,False,-82.3125991821289,80537.6881352479,3.105204422893491,0.14058260320193736
mp-1342410,CaWO3,0.0536462823333376,1.9784000000000008,62,Pnma,False,800,-91.17857360839844,4.5547099113464355,0.13486284017562866,0.07137235999107361,False,-91.17857360839844,49558.147578665405,1.4617417461570095,0.22548621107726965
mp-7781,CaZrS3,0.0365724824999942,1.1878000000000002,62,Pnma,False,800,-111.26708984375,4.255585670471191,0.25132864713668823,0.1881856471300125,False,-111.26708984375,24888.04731529896,1.9113334359101954,0.1289667668183765
mp-4385,CdCO3,0.0,2.6293,167,R-3c,True,800,-22.395158767700195,4.188299655914307,0.31550219655036926,0.23732374608516693,True,22.395158767700195,21315.955709711223,2.215695147724527,0.0038600513394194246
mp-849371,CdSnO3,0.0303832525000018,0.6937000000000002,62,Pnma,False,800,-75.34609985351562,4.23807430267334,0.3222442865371704,0.10479077696800232,False,-75.34609985351562,23904.488538758065,2.2503605022506212,0.04824351024426248
mp-756062,CeFeO3,0.0797908600000028,0.6735999999999995,62,Pnma,False,800,-5.733198165893555,3.8594846725463867,0.215974360704422,0.03615787625312805,True,5.733198165893555,9997.463467622025,1.7619037129155841,0.00014920780743188732
mp-1213810,CeLuO3,0.0570241827499984,0.1122000000000005,62,Pnma,False,800,-104.6829605102539,4.310357093811035,0.12077851593494415,0.13132897019386292,False,-104.6829605102539,28233.339280319626,1.4150973771018798,0.17491131332062
mp-776207,CeNiO3,0.0952567235000039,0.9323000000000006,62,Pnma,False,800,-35.69530487060547,4.44482421875,0.337632417678833,0.03640797734260559,False,-35.69530487060547,38479.49573104878,2.3315258115126802,0.01682291778299648
mp-1188346,CoBiO3,0.0822287949999989,0.3878000000000003,62,Pnma,False,800,92.24811553955078,3.9080824851989746,0.2597278356552124,0.05053415894508362,False,92.24811553955078,11181.17998627187,1.9486580939470888,0.03906222577947569
mp-22616,CoSeO3,0.029257131125,1.852,62,Pnma,False,800,68.35576629638672,3.766169548034668,0.25143834948539734,0.07349467277526855,False,68.35576629638672,8064.449028925584,1.9118162977936644,0.0157677178980076
mp-752613,CoSnO3,0.0762659565000021,0.9832,62,Pnma,False,800,59.686256408691406,3.8788015842437744,0.26841840147972107,0.030245155096054077,False,59.686256408691406,10452.176565450274,1.9880450044947278,0.014983704293353425
mp-23456,CrBiO3,0.0226827880000008,1.3450000000000006,15,C2/c,False,800,-59.9822998046875,3.96502947807312,0.349444180727005,0.0776943564414978,True,59.9822998046875,12747.78209869903,2.3958078898181694,0.015315065337625031
mp-546027,CrBiO3,0.0147050410000026,1.9845999999999997,161,R3c,False,800,-59.9822998046875,3.96502947807312,0.349444180727005,0.0776943564414978,True,59.9822998046875,12747.78209869903,2.3958078898181694,0.015315065337625031
mp-559851,CrBiO3,0.0112026899999992,1.7904999999999998,62,Pnma,False,800,-59.9822998046875,3.96502947807312,0.349444180727005,0.0776943564414978,True,59.9822998046875,12747.78209869903,2.3958078898181694,0.015315065337625031
mp-756147,CrInO3,0.0512829044999998,1.4521000000000006,62,Pnma,False,800,-31.97617530822754,3.6869044303894043,0.40903913974761963,0.07470229268074036,False,-31.97617530822754,6719.076467404392,2.7481912328160174,0.001999887902759699
mp-570231,CsCdBr3,0.0326752270000021,0.6965999999999999,221,Pm-3m,False,800,62.94873809814453,4.168059825897217,-0.07542622089385986,0.6049496531486511,False,62.94873809814453,20345.341276019106,0.9007029583205286,0.07160567349406889
mp-568544,CsCdCl3,0.0026339560000003,1.7417,221,Pm-3m,False,800,-0.5273265838623047,4.132968425750732,0.0689179003238678,0.39744240045547485,True,0.5273265838623047,18766.080675533107,1.2558151278971748,3.3242768649022155e-06
mp-638685,CsEuBr3,0.0,1.0355000000000003,62,Pnma,True,800,51.40367126464844,4.334975719451904,0.04269282519817352,0.5770778656005859,False,51.40367126464844,29880.019235942993,1.1822263510498703,0.053426718395793694
mp-1068377,CsEuCl3,0.0105377620000037,0.8369,221,Pm-3m,False,800,30.343067169189453,4.436779499053955,0.09679952263832092,0.35935789346694946,False,30.343067169189453,37773.27603370538,1.3390824946466742,0.020777163797453344
mp-570223,CsGeBr3,0.0168454720000017,0.7484000000000002,221,Pm-3m,False,800,34.885169982910156,4.0829620361328125,-0.11591482162475586,0.47327032685279846,False,34.885169982910156,16725.040935863173,0.8205272117127973,0.01984476109466892
mp-1068340,CsGeBr3,0.0,1.1965,160,R3m,True,800,34.885169982910156,4.0829620361328125,-0.11591482162475586,0.47327032685279846,False,34.885169982910156,16725.040935863173,0.8205272117127973,0.01984476109466892
mp-1546519,CsHgCl3,0.0071816991111135,1.0764,64,Cmce,False,800,40.535438537597656,4.265142440795898,0.06256678700447083,0.5490579605102539,False,40.535438537597656,25441.785928741632,1.2375837466041684,0.027022948632653296
mp-561947,CsHgF3,0.0,0.7167,221,Pm-3m,True,800,-4.376249313354492,4.322901725769043,0.07984127104282379,0.3600042760372162,False,-4.376249313354492,29060.75405948856,1.2878019581122375,0.0003457418059773791
mp-1112338,CsInBr3,0.0,1.3782043565395825,225,Fm-3m,True,800,14.445318222045898,4.069196701049805,-0.09879276156425476,0.5680104494094849,False,14.445318222045898,16203.23961101421,0.853522646041424,0.003169064072604682
mp-1112961,CsInCl3,0.0,1.7757115012201825,225,Fm-3m,True,800,-56.293174743652344,4.152963638305664,-0.01159977912902832,0.4323176145553589,True,56.293174743652344,19650.282194304244,1.0432971738347037,0.047748774738198205
mp-1112643,CsInI3,0.02183132625,0.7619999999999998,225,Fm-3m,False,800,80.93254852294922,3.9097490310668945,-0.14190810918807983,0.6067417860031128,False,80.93254852294922,11224.168669016997,0.7728579895434322,0.07610109452899465
mp-27214,CsSnBr3,0.0111951395000025,0.5984,221,Pm-3m,False,800,38.0009765625,4.008480072021484,-0.204107403755188,0.5707186460494995,False,38.0009765625,14089.164028836809,0.6697310071120083,0.024303248122202456
mp-1247749,CsSnBr3,0.0,1.0107,62,Pnma,True,800,38.0009765625,4.008480072021484,-0.204107403755188,0.5707186460494995,False,38.0009765625,14089.164028836809,0.6697310071120083,0.024303248122202456
mp-1070375,CsSnCl3,0.0226868215000015,0.9752999999999998,221,Pm-3m,False,800,-0.9359855651855469,4.074073314666748,-0.09623360633850098,0.4097460210323334,True,0.9359855651855469,16386.208174529118,0.8585670234498356,1.3376193830445748e-05
mp-568570,CsSnI3,0.0110591610000034,0.6097000000000001,62,Pnma,False,800,144.09661865234375,3.8249764442443848,-0.23537808656692505,0.5773439407348633,False,144.09661865234375,9233.824107107877,0.6232032700639945,0.2461214362257516
mp-614013,CsSnI3,0.0,0.4499999999999997,221,Pm-3m,True,800,144.09661865234375,3.8249764442443848,-0.23537808656692505,0.5773439407348633,False,144.09661865234375,9233.824107107877,0.6232032700639945,0.2461214362257516
mp-616378,CsSnI3,0.0118439939999976,0.5435000000000003,127,P4/mbm,False,800,144.09661865234375,3.8249764442443848,-0.23537808656692505,0.5773439407348633,False,144.09661865234375,9233.824107107877,0.6232032700639945,0.2461214362257516
mp-1112177,CsTlBr3,0.0122417697499979,0.9985047740444736,225,Fm-3m,False,800,7.623747825622559,4.194308757781982,-0.11346930265426636,0.5980608463287354,False,7.623747825622559,21612.94314746501,0.8251606464096822,0.0012178742150525251
mp-1112176,CsTlCl3,0.0003620809999995,1.2584148670507165,225,Fm-3m,False,800,-45.434349060058594,4.2175726890563965,0.004897117614746094,0.5637394189834595,True,45.434349060058594,22802.257321225014,1.0836896552583368,0.034748136766784656
mp-1078203,CsTlF3,0.0,2.1858244764135537,225,Fm-3m,True,800,-100.23455810546875,4.265081405639648,0.0464307963848114,0.37002983689308167,True,100.23455810546875,25438.21062596436,1.1924456851904712,0.17146397973766622
mp-1112542,CsTlI3,0.0602546797499998,0.4982999999999999,225,Fm-3m,False,800,111.3127212524414,4.162184238433838,-0.1480002999305725,0.6122969388961792,False,111.3127212524414,20071.94192345648,0.7620921885552332,0.2610727048159197
mp-2763763,CuAgF3,0.0,1.2735,14,P2_1/c,True,800,160.1552276611328,4.303929328918457,0.35868027806282043,0.21137380599975586,False,160.1552276611328,27818.549544985126,2.4473049472049606,0.23324837099819928
mp-22137,DyCoO3,0.0093079522142867,1.1903999999999997,62,Pnma,False,800,117.7016372680664,3.6256542205810547,-0.08272084593772888,0.05810931324958801,False,117.7016372680664,5835.248744693327,0.8857006514786417,0.07301757490476157
mp-19381,DyCrO3,0.0,2.5405999999999995,62,Pnma,True,800,102.93232727050781,3.9070558547973633,0.37549933791160583,0.059892505407333374,False,102.93232727050781,11154.77996760348,2.543941663054962,0.03716613768285495
mp-22283,DyFeO3,0.006325670999999,0.9134000000000002,62,Pnma,False,800,104.78504180908203,3.582859754562378,0.353293776512146,0.06253281235694885,False,104.78504180908203,5287.6768735754795,2.4171387824311394,0.01921550888031576
mp-1178360,DyInO3,0.0640329069999996,2.623,62,Pnma,False,800,-31.295042037963867,4.363551616668701,0.295329749584198,0.07868197560310364,False,-31.295042037963867,31912.201824406675,2.1151324085027885,0.01182116490651409
mp-22103,DyMnO3,0.022302571166664,0.9994999999999998,62,Pnma,False,800,154.72573852539062,3.889831066131592,0.4269599914550781,0.054645389318466187,False,154.72573852539062,10721.02279503743,2.8639656283467154,0.07169411918838865
mp-1212884,DyRhO3,0.0,0.8884318524889769,62,Pnma,True,800,120.38261413574219,4.234594345092773,0.0689617246389389,0.05827179551124573,False,120.38261413574219,23713.70966625111,1.2559418576093957,0.21890087142086856
mp-1184176,DyScS3,0.0,1.7736999999999994,62,Pnma,True,800,-142.45729064941406,4.225787162780762,0.06832581758499146,0.20764705538749695,False,-142.45729064941406,23237.655879381502,1.254104215427751,0.3008278474514095
mp-22789,DyVO3,0.0,1.6567999999999996,62,Pnma,True,800,-33.507301330566406,4.304071426391602,0.0774676650762558,0.08708259463310242,False,-33.507301330566406,27827.65302779993,1.2807827659461897,0.019515064637346296
mp-562779,ErCoO3,0.0,1.4471000000000005,62,Pnma,True,800,146.6500701904297,3.7349252700805664,-0.052494436502456665,0.05852276086807251,False,146.6500701904297,7504.6496686630335,0.9495402386644664,0.13597891988904504
mp-19063,ErCrO3,0.0,0.2483000000000004,62,Pnma,True,800,88.30243682861328,3.9133527278900146,0.2915599048137665,0.06008186936378479,False,88.30243682861328,11317.692268706498,2.0968516943756312,0.033668636643047894
mp-19935,ErFeO3,0.0179546204999994,1.5929000000000002,62,Pnma,False,800,135.8037109375,3.5797393321990967,0.22732116281986237,0.06301730871200562,False,135.8037109375,5249.820875465991,1.8085435574197097,0.04282809670583933
mp-754208,ErInO3,0.0797644929999998,2.5532,62,Pnma,False,800,0.6821575164794922,4.344464302062988,0.2653525471687317,0.09184366464614868,True,-0.6821575164794922,30540.02971913102,1.974060039350997,5.759283044525706e-06
mp-19319,ErMnO3,0.0344051806666669,1.0455,62,Pnma,False,800,133.8996124267578,3.903277635574341,0.3584229350090027,0.0498887300491333,True,-133.8996124267578,11058.157948195867,2.4458552157499454,0.06484860985776691
mp-1189736,ErNiO3,0.0015767070000007,0.3726000000000002,14,P2_1/c,False,800,15.123733520507812,4.008352279663086,0.01806318759918213,0.06611675024032593,True,-15.123733520507812,14085.018863054427,1.1170458454493069,0.002307248940828609
mp-1213022,ErRhO3,0.0,0.9643714818411082,62,Pnma,True,800,130.53074645996094,4.169491767883301,0.04251834750175476,0.06276565790176392,False,130.53074645996094,20412.53400172976,1.1817514873119441,0.23544333119007738
mp-1190244,ErScS3,0.0172591825833308,1.7554999999999996,33,Pna2_1,False,800,-135.18185424804688,4.205971717834473,0.07359682023525238,0.19862404465675354,False,-135.18185424804688,22201.221568594032,1.2694179359828692,0.2556813356080264
mp-2763526,ErScS3,0.0125358623333333,2.152,62,Pnma,False,800,-135.18185424804688,4.205971717834473,0.07359682023525238,0.19862404465675354,False,-135.18185424804688,22201.221568594032,1.2694179359828692,0.2556813356080264
mp-19205,ErVO3,0.0,1.5838,62,Pnma,True,800,-42.03944396972656,4.307282447814941,0.058876797556877136,0.08565846085548401,False,-42.03944396972656,28034.1634484868,1.2271131429234556,0.03230032610145374
mp-753781,EuHfO3,0.0,0.5973000000000006,221,Pm-3m,True,800,-130.7372589111328,4.566797256469727,0.05966326594352722,0.12033158540725708,False,-130.7372589111328,50956.83080166519,1.229337348165697,0.5667872485238928
mp-1190059,EuHfS3,0.0,0.1287000000000002,62,Pnma,True,800,-68.01071166992188,4.346796989440918,0.15295317769050598,0.20110078155994415,False,-68.01071166992188,30704.507996638673,1.5239158557804615,0.07455654609391917
mp-771055,EuZrO3,0.0933191865000111,0.3877000000000006,221,Pm-3m,False,800,-168.6410675048828,4.524718761444092,-0.07797801494598389,0.07159653306007385,False,-168.6410675048828,46251.296871406725,0.8954261948632177,1.1751973186370788
mp-1106293,EuZrO3,0.0,0.5096999999999996,62,Pnma,True,800,-168.6410675048828,4.524718761444092,-0.07797801494598389,0.07159653306007385,False,-168.6410675048828,46251.296871406725,0.8954261948632177,1.1751973186370788
mp-1178354,EuZrO3,0.0843929492500112,0.4662999999999995,198,P2_13,False,800,-168.6410675048828,4.524718761444092,-0.07797801494598389,0.07159653306007385,False,-168.6410675048828,46251.296871406725,0.8954261948632177,1.1751973186370788
mp-1189927,EuZrS3,0.0,0.1452999999999997,62,Pnma,True,800,-136.4709014892578,4.244526386260986,0.06554128229618073,0.16375622153282166,False,-136.4709014892578,24262.276040345463,1.246089086387087,0.29010322378860515
mp-19097,FeBO3,0.0,1.4815999999999998,167,R-3c,True,800,-8.30123519897461,3.810227870941162,0.3405664563179016,0.1312563121318817,True,8.30123519897461,8925.509657133809,2.34733063284085,0.0002096207075890683
mp-22949,FeBiO3,0.0335794110000016,1.8064,160,R3m,False,800,340.5955810546875,3.808354616165161,0.4826749563217163,0.07371911406517029,False,340.5955810546875,8887.093911177093,3.2559877808055484,0.253305726575785
mp-23501,FeBiO3,0.0016325030000015,1.2984,161,R3c,False,800,340.5955810546875,3.808354616165161,0.4826749563217163,0.07371911406517029,False,340.5955810546875,8887.093911177093,3.2559877808055484,0.253305726575785
mp-645159,FeBiO3,0.0116057660000015,1.5419999999999998,62,Pnma,False,800,340.5955810546875,3.808354616165161,0.4826749563217163,0.07371911406517029,False,340.5955810546875,8887.093911177093,3.2559877808055484,0.253305726575785
mp-1193035,FeBiO3,0.0564112610000018,1.6586,12,C2/m,False,800,340.5955810546875,3.808354616165161,0.4826749563217163,0.07371911406517029,False,340.5955810546875,8887.093911177093,3.2559877808055484,0.253305726575785
mp-1178214,FeSnO3,0.0351845345000008,0.989703830709586,62,Pnma,False,800,63.85502624511719,3.780639171600342,0.45837676525115967,0.06346181035041809,False,63.85502624511719,8337.662759685936,3.0788219583434286,0.00883364438686496
mp-1178268,GdAlO3,0.0851176094000027,1.8885,221,Pm-3m,False,800,-90.17448425292969,4.04507303237915,0.3406825661659241,0.09628066420555115,False,-90.17448425292969,15327.742141316568,2.3479582821684524,0.04246636914298015
mp-18331,GdCrO3,0.0,2.6309,62,Pnma,True,800,95.49151611328125,3.8708369731903076,0.30452150106430054,0.05879482626914978,False,95.49151611328125,10262.239038576563,2.1603758365616894,0.034652325057481705
mp-1212778,GdInO3,0.052235792166666,2.5270116208736253,62,Pnma,False,800,-34.844139099121094,4.242378234863281,0.25469207763671875,0.07689094543457031,False,-34.844139099121094,24142.563821173168,1.9261933878421946,0.012173990682272593
mp-510490,GdScS3,0.0,1.1773999999999996,62,Pnma,True,800,-141.55496215820312,4.140909194946289,0.08089083433151245,0.17625749111175537,False,-141.55496215820312,19112.36136619947,1.2909179641377537,0.23733177473074732
mp-541177,GdVO3,0.0,1.4525999999999994,62,Pnma,True,800,-1.763397216796875,4.306666374206543,0.018204987049102783,0.09771713614463806,True,1.763397216796875,27994.423445618635,1.117410626385936,6.232309598455377e-05
mp-753534,HfCoO3,0.0948615120000031,2.4865,62,Pnma,False,800,31.235557556152344,4.128767967224121,0.21330419182777405,0.04716479778289795,False,31.235557556152344,18585.45169437895,1.751104249227084,0.008284181982207848
mp-753790,HfFeO3,0.0961925840000041,2.1447000000000003,62,Pnma,False,800,10.992497444152832,4.066975116729736,0.2213251143693924,0.04012078046798706,True,-10.992497444152832,16120.565406303831,1.783745639387155,0.0008736351097693416
mp-753856,HfFeO3,0.0626525855000021,2.9099000000000004,62,Pnma,False,800,10.992497444152832,4.066975116729736,0.2213251143693924,0.04012078046798706,True,-10.992497444152832,16120.565406303831,1.783745639387155,0.0008736351097693416
mp-1178219,HfNiO3,0.0968432885000023,2.7983,14,P2_1/c,False,800,-26.886629104614258,4.116368293762207,0.2021326869726181,0.05369246006011963,False,-26.886629104614258,18062.31645981505,1.7066344068211923,0.00612062327481439
mp-770830,HoBiO3,0.0358601403750018,2.7472,62,Pnma,False,800,-53.304290771484375,4.134585857391357,0.15736563503742218,0.30327746272087097,False,-53.304290771484375,18836.101008105066,1.5394778515664298,0.027811978897664125
mp-20570,HoCoO3,0.0,1.1622,62,Pnma,True,800,144.1683349609375,3.7068159580230713,-0.046975284814834595,0.05810582637786865,False,144.1683349609375,7034.303645349553,0.9616842982901211,0.12162373562021654
mp-756834,HoCrO3,0.0,2.3515999999999995,62,Pnma,True,800,97.52826690673828,3.8702125549316406,0.33600693941116333,0.058979421854019165,False,97.52826690673828,10247.494837763206,2.322815682289426,0.03357020237253452
mp-19785,HoFeO3,0.0122662793749999,1.5034,62,Pnma,False,800,107.97273254394531,3.5051653385162354,0.28496456146240234,0.05841323733329773,False,107.97273254394531,4421.508780443464,2.065248766872436,0.01996715973682631
mp-776984,HoInO3,0.0717123543750002,2.5765,62,Pnma,False,800,-20.79034996032715,4.323139667510986,0.299150288105011,0.08826950192451477,False,-20.79034996032715,29076.680260055804,2.133821556400285,0.0047119460489907375
mp-22081,HoMnO3,0.0288150980000008,1.9915000000000005,62,Pnma,False,800,155.2371368408203,3.925494909286499,0.4320102334022522,0.04997578263282776,False,155.2371368408203,11638.581780112077,2.8974639650092664,0.07743962733108525
mp-1212108,HoRhO3,0.0,0.9606739563708188,62,Pnma,True,800,115.09271240234375,4.2119550704956055,0.072662353515625,0.059052348136901855,False,115.09271240234375,22509.208488072196,1.2666894796453905,0.1883110034896406
mp-1189393,HoScS3,0.0129002495833354,1.7663000000000002,33,Pna2_1,False,800,-150.80043029785156,4.255805969238281,0.07556936144828796,0.20098958909511566,False,-150.80043029785156,24900.67514548671,1.2751966745703704,0.35524592062882415
mp-2755772,HoScS3,0.0073478716666688,2.1681,62,Pnma,False,800,-150.80043029785156,4.255805969238281,0.07556936144828796,0.20098958909511566,False,-150.80043029785156,24900.67514548671,1.2751966745703704,0.35524592062882415
mp-7027,InBO3,0.0,2.6556,167,R-3c,True,800,-82.09314727783203,4.279550075531006,0.3369687795639038,0.2031579166650772,False,-82.09314727783203,26299.968529229114,2.3279657667335467,0.06090913585440787
mp-556892,InBiO3,0.0289430770000009,2.7352000000000007,33,Pna2_1,False,800,-94.342529296875,4.163443565368652,0.3717360198497772,0.1528564989566803,False,-94.342529296875,20130.229149642415,2.5219927276060257,0.05683422031767057
mp-561102,InBiO3,0.0399234685000013,2.388399999999999,62,Pnma,False,800,-94.342529296875,4.163443565368652,0.3717360198497772,0.1528564989566803,False,-94.342529296875,20130.229149642415,2.5219927276060257,0.05683422031767057
mp-1105819,InRhO3,0.0739175047499953,0.3223000000000002,62,Pnma,False,800,2.062715530395508,4.088730812072754,0.37435704469680786,0.07752671837806702,False,2.062715530395508,16948.683328600873,2.5372593100775305,2.2737346202477946e-05
mp-1203220,InRhO3,0.0406221204999948,1.039908569021823,14,P2_1/c,False,800,2.062715530395508,4.088730812072754,0.37435704469680786,0.07752671837806702,False,2.062715530395508,16948.683328600873,2.5372593100775305,2.2737346202477946e-05
mp-998398,InSnBr3,0.0303007139999991,1.0975,1,P1,False,800,-93.97124481201172,4.077315807342529,-0.039942651987075806,1.051260232925415,False,-93.97124481201172,16509.007340013108,0.9773838488207669,0.11932618317464648
mp-998555,InSnBr3,0.0200280839999988,1.7591923284557722,161,R3c,False,800,-93.97124481201172,4.077315807342529,-0.039942651987075806,1.051260232925415,False,-93.97124481201172,16509.007340013108,0.9773838488207669,0.11932618317464648
mp-2762335,InSnBr3,0.0586802459999979,1.7073,8,Cm,False,800,-93.97124481201172,4.077315807342529,-0.039942651987075806,1.051260232925415,False,-93.97124481201172,16509.007340013108,0.9773838488207669,0.11932618317464648
mp-998560,InSnCl3,0.0200971269999996,2.0788,8,Cm,False,800,-63.18634033203125,4.144565582275391,0.06551097333431244,0.3658502995967865,False,-63.18634033203125,19273.950334645673,1.2460021261554357,0.04940698402307292
mp-29799,KBiO3,0.0,0.4914,201,Pn-3,True,800,-83.02685546875,3.97353458404541,0.27564024925231934,0.16591918468475342,False,-83.02685546875,12999.891790975338,2.0213804418784105,0.03546654184885715
mp-556365,KCrF3,0.0,1.4898000000000002,12,C2/m,True,800,-28.803552627563477,4.247675895690918,0.3097992539405823,0.20959141850471497,True,28.803552627563477,24438.865935065223,2.1867899233079076,0.007417474906607757
mp-560547,KCrF3,0.0036048639999997,1.968,87,I4/m,False,800,-28.803552627563477,4.247675895690918,0.3097992539405823,0.20959141850471497,True,28.803552627563477,24438.865935065223,2.1867899233079076,0.007417474906607757
mp-566131,KCrF3,0.0268132479999998,1.1574000000000004,123,P4/mmm,False,800,-28.803552627563477,4.247675895690918,0.3097992539405823,0.20959141850471497,True,28.803552627563477,24438.865935065223,2.1867899233079076,0.007417474906607757
mp-1180767,KCrF3,0.0021807369999997,1.5720000000000005,140,I4/mcm,False,800,-28.803552627563477,4.247675895690918,0.3097992539405823,0.20959141850471497,True,28.803552627563477,24438.865935065223,2.1867899233079076,0.007417474906607757
mp-1180782,KCrF3,0.0020262390000009,0.1573999999999999,72,Ibam,False,800,-28.803552627563477,4.247675895690918,0.3097992539405823,0.20959141850471497,True,28.803552627563477,24438.865935065223,2.1867899233079076,0.007417474906607757
mp-998412,KGeBr3,0.0252311680000052,0.9083,8,Cm,False,800,-18.117971420288086,4.007950305938721,-0.11858466267585754,0.43383920192718506,True,18.117971420288086,14071.988100956476,0.8154984640132138,0.004531494313453554
mp-998231,KGeCl3,0.0282228930000036,1.4859,8,Cm,False,800,-8.161527633666992,4.074555397033691,0.17270882427692413,0.32251226902008057,True,8.161527633666992,16404.407549235882,1.5948382179341005,0.0005481214700201869
mp-7483,KHgF3,0.0,0.6082000000000001,221,Pm-3m,True,800,-15.921918869018555,4.246540069580078,0.3276454508304596,0.3699217438697815,False,-15.921918869018555,24375.033590469233,2.278522181918838,0.0021695654801052004
mp-1110931,KInBr3,0.0977900804999989,0.8797156481034303,225,Fm-3m,False,800,-22.3825740814209,3.976855754852295,-0.11821237206459045,0.6080176830291748,True,22.3825740814209,13099.686675849513,0.8161978341414972,0.006432436658225693
mp-1112170,KInCl3,0.0538268714666649,1.597115636649624,225,Fm-3m,False,800,-64.44447326660156,4.0478363037109375,-0.006970584392547607,0.3682892322540283,True,64.44447326660156,15425.578385871942,1.0544772773231395,0.04860327959092225
mp-1112296,KInF3,0.0751867520079416,2.2085,225,Fm-3m,False,800,-81.8490219116211,4.183901786804199,0.21236348152160645,0.24893686175346375,False,-81.8490219116211,21101.189615684805,1.7473153476631793,0.06472210348114975
mp-1112169,KInI3,0.0766823449999996,0.6694999999999998,225,Fm-3m,False,800,50.828704833984375,3.874142646789551,-0.196835458278656,0.7357996702194214,False,50.828704833984375,10340.649077540342,0.681039578792362,0.03138220987072216
mp-23737,KMgH3,0.0,2.458,221,Pm-3m,True,800,8.22181224822998,4.269637584686279,0.39711958169937134,0.31023502349853516,False,8.22181224822998,25706.4874221099,2.673790597629809,0.0005199246921897685
mp-555123,KMnF3,0.0017114100000004,2.6628000000000003,221,Pm-3m,False,800,-50.55393981933594,3.9967684745788574,0.2739273011684418,0.22975844144821167,False,-50.55393981933594,13714.299445554041,2.0134233979435794,0.01392638886740208
mp-555359,KMnF3,0.0002445739999998,2.1006,140,I4/mcm,False,800,-50.55393981933594,3.9967684745788574,0.2739273011684418,0.22975844144821167,False,-50.55393981933594,13714.299445554041,2.0134233979435794,0.01392638886740208
mp-560382,KMnF3,0.000924576,2.6774,127,P4/mbm,False,800,-50.55393981933594,3.9967684745788574,0.2739273011684418,0.22975844144821167,False,-50.55393981933594,13714.299445554041,2.0134233979435794,0.01392638886740208
mp-644332,KMnF3,0.0020342784999982,2.6922,11,P2_1/m,False,800,-50.55393981933594,3.9967684745788574,0.2739273011684418,0.22975844144821167,False,-50.55393981933594,13714.299445554041,2.0134233979435794,0.01392638886740208
mp-1180746,KMnF3,0.0016044339999989,1.7405,140,I4/mcm,False,800,-50.55393981933594,3.9967684745788574,0.2739273011684418,0.22975844144821167,False,-50.55393981933594,13714.299445554041,2.0134233979435794,0.01392638886740208
mp-1205353,KMnF3,0.0,2.4058,74,Imma,True,800,-50.55393981933594,3.9967684745788574,0.2739273011684418,0.22975844144821167,False,-50.55393981933594,13714.299445554041,2.0134233979435794,0.01392638886740208
mp-2759521,KMnF3,4.164199999934226e-05,2.1486,11,P2_1/m,False,800,-50.55393981933594,3.9967684745788574,0.2739273011684418,0.22975844144821167,False,-50.55393981933594,13714.299445554041,2.0134233979435794,0.01392638886740208
mp-4342,KNbO3,0.0011901640000004,1.4744,99,P4mm,False,800,15.079507827758789,4.393664360046387,0.42045220732688904,0.10199567675590515,True,-15.079507827758789,34203.41842423649,2.8213698263337865,0.0022053311762569583
mp-5246,KNbO3,0.0003534000000016,2.0587,38,Amm2,False,800,15.079507827758789,4.393664360046387,0.42045220732688904,0.10199567675590515,True,-15.079507827758789,34203.41842423649,2.8213698263337865,0.0022053311762569583
mp-7375,KNbO3,0.0,2.3108,160,R3m,True,800,15.079507827758789,4.393664360046387,0.42045220732688904,0.10199567675590515,True,-15.079507827758789,34203.41842423649,2.8213698263337865,0.0022053311762569583
mp-935811,KNbO3,0.0077302279999997,1.4215999999999998,221,Pm-3m,False,800,15.079507827758789,4.393664360046387,0.42045220732688904,0.10199567675590515,True,-15.079507827758789,34203.41842423649,2.8213698263337865,0.0022053311762569583
mp-16293,KSbO3,0.0447229700000013,1.1212999999999995,227,Fd-3m,False,800,2.985525131225586,3.868553400039673,0.2820444405078888,0.1359453797340393,False,2.985525131225586,10208.420554956561,2.051408971829016,3.548442337671382e-05
mp-3614,KTaO3,0.0,2.0976,221,Pm-3m,True,800,-77.45328521728516,4.395146369934082,0.16330139338970184,0.09389251470565796,False,-77.45328521728516,34320.33538539113,1.560663248506301,0.10553876147989974
mp-1111155,KTlBr3,0.0772356732500005,0.9246039538087512,225,Fm-3m,False,800,-15.478937149047852,4.121456623077393,-0.11659154295921326,0.6159400343894958,True,15.478937149047852,18275.18476155404,0.8192496548808685,0.00427580380976304
mp-1111296,KTlCl3,0.0590743205000001,1.097012712683471,225,Fm-3m,False,800,-65.1260986328125,4.1632184982299805,0.018613845109939575,0.5454162359237671,True,65.1260986328125,20119.79963811803,1.1184630861349683,0.06103825490577551
mp-1111295,KTlF3,0.0542841867083332,1.9647115283785197,225,Fm-3m,False,800,-88.30159759521484,4.246863842010498,0.2552420198917389,0.34399282932281494,False,-88.30159759521484,24393.212284213678,1.9286340499953425,0.07889441760131172
mp-557257,KVF3,0.0,2.0758999999999994,221,Pm-3m,True,800,66.25745391845703,4.36215877532959,0.22648002207279205,0.21972575783729553,False,66.25745391845703,31810.01900719742,1.805044163515698,0.06189215006232806
mp-19051,LaCoO3,0.0033163850000006,1.0014000000000003,167,R-3c,False,800,35.42579650878906,4.444736480712891,0.38131624460220337,0.03880605101585388,False,35.42579650878906,38471.72272319499,2.578244231030096,0.014981207302657496
mp-573180,LaCoO3,0.0765487460000002,0.6210999999999993,221,Pm-3m,False,800,35.42579650878906,4.444736480712891,0.38131624460220337,0.03880605101585388,False,35.42579650878906,38471.72272319499,2.578244231030096,0.014981207302657496
mp-1185232,LaCoO3,0.0474867225000004,0.973,62,Pnma,False,800,35.42579650878906,4.444736480712891,0.38131624460220337,0.03880605101585388,False,35.42579650878906,38471.72272319499,2.578244231030096,0.014981207302657496
mp-1272753,LaCoO3,0.0304298195000001,0.6738999999999997,1,P1,False,800,35.42579650878906,4.444736480712891,0.38131624460220337,0.03880605101585388,False,35.42579650878906,38471.72272319499,2.578244231030096,0.014981207302657496
mp-1273989,LaCoO3,0.0179204554999996,0.8045999999999998,14,P2_1/c,False,800,35.42579650878906,4.444736480712891,0.38131624460220337,0.03880605101585388,False,35.42579650878906,38471.72272319499,2.578244231030096,0.014981207302657496
mp-1288145,LaCoO3,0.0,0.2793000000000001,148,R-3,True,800,35.42579650878906,4.444736480712891,0.38131624460220337,0.03880605101585388,False,35.42579650878906,38471.72272319499,2.578244231030096,0.014981207302657496
mp-1504268,LaCoO3,0.0551452460000003,0.9444999999999996,74,Imma,False,800,35.42579650878906,4.444736480712891,0.38131624460220337,0.03880605101585388,False,35.42579650878906,38471.72272319499,2.578244231030096,0.014981207302657496
mp-18841,LaCrO3,0.0914568244999998,2.1156999999999995,221,Pm-3m,False,800,153.89649963378906,3.238795280456543,0.2840598523616791,0.04215914011001587,False,153.89649963378906,2394.4205641984295,2.0609509813039453,0.022013051122892428
mp-19281,LaCrO3,0.0,2.3706000000000005,62,Pnma,True,800,153.89649963378906,3.238795280456543,0.2840598523616791,0.04215914011001587,False,153.89649963378906,2394.4205641984295,2.0609509813039453,0.022013051122892428
mp-22590,LaFeO3,0.0277720220000148,1.4333999999999998,62,Pnma,False,800,-112.64439392089844,3.586038112640381,0.3290897607803345,0.03551763296127319,True,112.64439392089844,5326.516368048778,2.286112355497343,0.023651290771445278
mp-1078634,LaFeO3,0.0,1.9509,167,R-3c,True,800,-112.64439392089844,3.586038112640381,0.3290897607803345,0.03551763296127319,True,112.64439392089844,5326.516368048778,2.286112355497343,0.023651290771445278
mp-11623,LaInO3,0.0067064522499986,2.7459,62,Pnma,False,800,-63.427711486816406,4.134111404418945,0.317987322807312,0.11259055137634277,False,-63.427711486816406,18815.53440030394,2.2284101753748344,0.02717499644375498
mp-1106374,LaLuS3,0.0,2.2322,62,Pnma,True,800,-93.76641845703125,4.295546054840088,0.1015256941318512,0.2015732377767563,False,-93.76641845703125,27286.712063109673,1.3537345221940023,0.14177587834840993
mp-989552,LaMoN3,0.0293490240000071,1.1509,161,R3c,False,800,26.049713134765625,4.340854167938232,0.2814338803291321,0.09124022722244263,True,-26.049713134765625,30287.21365574188,2.048526990447685,0.008026265249200186
mp-1284950,LaNiO3,0.020568577999998,0.3559999999999998,2,P-1,False,800,-11.690361022949219,4.295775890350342,0.42664074897766113,0.044793516397476196,False,-11.690361022949219,27301.156444562937,2.861861149565957,0.0010429856139320217
mp-5163,LaRhO3,0.0,0.5951000000000004,62,Pnma,True,800,421.4407958984375,3.402656078338623,0.2274257391691208,0.04644519090652466,False,421.4407958984375,3491.895445942402,1.8089790998071775,0.27427790040714867
mp-1190131,LaScS3,0.0,1.6446000000000005,62,Pnma,True,800,-135.6380615234375,4.188476085662842,0.19081920385360718,0.15866702795028687,False,-135.6380615234375,21324.616958844388,1.6627502197979085,0.188758866549033
mp-989524,LaWN3,0.0,1.1797000000000004,161,R3c,True,800,-6.009624481201172,4.358142375946045,0.31485870480537415,0.13059869408607483,False,-6.009624481201172,31517.19285754124,2.2124145953999452,0.0004115908127736666
mp-989601,LaWN3,0.0233291480000055,0.7063999999999995,160,R3m,False,800,-6.009624481201172,4.358142375946045,0.31485870480537415,0.13059869408607483,False,-6.009624481201172,31517.19285754124,2.2124145953999452,0.0004115908127736666
mp-756821,LiAgF3,0.0935238429999998,0.1235999999999999,14,P2_1/c,False,800,6.776705741882324,4.07153844833374,0.31047818064689636,0.3306666910648346,True,-6.776705741882324,16290.844625945123,2.190211176004547,0.000273265530841514
mp-760151,LiAgF3,0.0769721754999999,0.1695999999999999,178,P6_122,False,800,6.776705741882324,4.07153844833374,0.31047818064689636,0.3306666910648346,True,-6.776705741882324,16290.844625945123,2.190211176004547,0.000273265530841514
mp-1079935,LiCaH3,0.0214807280000002,2.5159,167,R-3c,False,800,54.64323425292969,4.483092308044434,0.4630502462387085,0.22669927775859833,True,-54.64323425292969,42024.00711484162,3.1121323378185375,0.03225538168708952
mp-28327,LiGaBr3,0.0,2.956,11,P2_1/m,True,800,-23.902936935424805,4.134169101715088,0.02472555637359619,0.7220652103424072,True,23.902936935424805,18818.034265307393,1.1343141936532528,0.007582866443573246
mp-29345,LiGaI3,0.0,2.2473,11,P2_1/m,True,800,-4.084632873535156,4.108066558837891,-0.06364312767982483,0.9133585691452026,True,4.084632873535156,17720.326195722402,0.9254749803924506,0.00025556599860244967
mp-760095,LiMnF3,0.0939407181666664,2.4534,147,P-3,False,800,-126.20608520507812,3.8714396953582764,0.3555189371109009,0.3110797107219696,False,-126.20608520507812,10276.491057033492,2.429555067977919,0.05389750723994816
mp-764783,LiMnF3,0.0907112249999997,2.712,62,Pnma,False,800,-126.20608520507812,3.8714396953582764,0.3555189371109009,0.3110797107219696,False,-126.20608520507812,10276.491057033492,2.429555067977919,0.05389750723994816
mp-765457,LiMnF3,0.0397923609999999,2.9514,62,Pnma,False,800,-126.20608520507812,3.8714396953582764,0.3555189371109009,0.3110797107219696,False,-126.20608520507812,10276.491057033492,2.429555067977919,0.05389750723994816
mp-8180,LiNO3,0.0,2.9369,167,R-3c,True,800,-27.886430740356445,4.101329803466797,0.351088285446167,0.24515117704868317,True,27.886430740356445,17447.570295110374,2.404894867619355,0.0045135131367328146
mp-552588,LiNbO3,0.0330080320000032,2.281952667388917,167,R-3c,False,800,-58.336585998535156,4.182281494140625,0.5275288820266724,0.1675918698310852,False,-58.336585998535156,21022.610669556467,3.6102451405178138,0.015853383349892367
mp-674361,LiNbO3,0.010056417400003,2.9621,1,P1,False,800,-58.336585998535156,4.182281494140625,0.5275288820266724,0.1675918698310852,False,-58.336585998535156,21022.610669556467,3.6102451405178138,0.015853383349892367
mp-676694,LiNbO3,0.0080152856666693,2.9835000000000003,1,P1,False,800,-58.336585998535156,4.182281494140625,0.5275288820266724,0.1675918698310852,False,-58.336585998535156,21022.610669556467,3.6102451405178138,0.015853383349892367
mp-776108,LiNbO3,0.0298365945000043,2.7432,57,Pbcm,False,800,-58.336585998535156,4.182281494140625,0.5275288820266724,0.1675918698310852,False,-58.336585998535156,21022.610669556467,3.6102451405178138,0.015853383349892367
mp-752636,LiSbO3,0.088810487499999,1.1944999999999997,198,P2_13,False,800,-62.74481201171875,3.912646532058716,0.3325071930885315,0.17763222754001617,False,-62.74481201171875,11299.303795581336,2.304172574695983,0.015444800897968779
mp-754345,LiTaO3,0.0886449690000059,2.3884,127,P4/mbm,False,800,-25.011857986450195,4.261638164520264,0.25392135977745056,0.16975635290145874,False,-25.011857986450195,25237.324843686678,1.9227781127001506,0.006568951316634766
mp-752764,LiVF3,0.0185087989999983,2.5687999999999995,161,R3c,False,800,-28.320775985717773,4.234338283538818,0.37095245718955994,0.279445618391037,True,28.320775985717773,23699.732100645997,2.517446600980322,0.006040646954642734
mp-752911,LiVF3,0.0357912984999995,2.426,62,Pnma,False,800,-28.320775985717773,4.234338283538818,0.37095245718955994,0.279445618391037,True,28.320775985717773,23699.732100645997,2.517446600980322,0.006040646954642734
mp-777551,LiVF3,0.0371581029999985,2.6788,198,P2_13,False,800,-28.320775985717773,4.234338283538818,0.37095245718955994,0.279445618391037,True,28.320775985717773,23699.732100645997,2.517446600980322,0.006040646954642734
mp-778509,LiVF3,0.0711593504999994,2.6116,198,P2_13,False,800,-28.320775985717773,4.234338283538818,0.37095245718955994,0.279445618391037,True,28.320775985717773,23699.732100645997,2.517446600980322,0.006040646954642734
mp-755471,LuCrO3,0.0,2.7252,62,Pnma,True,800,60.10051727294922,3.7883989810943604,0.2643815875053406,0.05313250422477722,False,60.10051727294922,8487.97583305625,1.9696515292021453,0.012452631701244327
mp-22588,LuFeO3,0.0360391231249987,1.6083000000000005,62,Pnma,False,800,89.03347778320312,3.953153371810913,0.2853772044181824,0.04346480965614319,False,89.03347778320312,12403.90767674224,2.0672119862576523,0.03805135911055319
mp-21125,LuMnO3,0.0503064981666696,0.4485081876543422,62,Pnma,False,800,70.5052261352539,3.817570686340332,0.2837074100971222,0.06456688046455383,False,70.5052261352539,9077.700283162774,2.059279139713549,0.01753045652991649
mp-1205366,LuRhO3,0.0,1.0887000000000002,62,Pnma,True,800,108.52714538574219,3.9920005798339844,0.0436989963054657,0.05381706357002258,False,108.52714538574219,13564.560693396654,1.1849685019409022,0.1078613057220938
mp-754597,LuTlO3,0.0837613916249973,0.6919000000000004,62,Pnma,False,800,-90.09803771972656,4.276228904724121,0.23761633038520813,0.3876531720161438,False,-90.09803771972656,26099.61241411626,1.851928181007419,0.09152306788069454
mp-755583,LuVO3,0.0057737502499968,1.5724999999999998,62,Pnma,False,800,27.42778205871582,4.211352825164795,0.05869302153587341,0.08467879891395569,False,27.42778205871582,22478.01612579603,1.2265939876667926,0.011028806411914864
mp-2767717,LuVO3,0.0,0.2610999999999999,14,P2_1/c,True,800,27.42778205871582,4.211352825164795,0.05869302153587341,0.08467879891395569,False,27.42778205871582,22478.01612579603,1.2265939876667926,0.011028806411914864
mp-998358,MgAgF3,0.0331789360000014,2.1127,221,Pm-3m,False,800,-1.2623138427734375,4.030029296875,0.29513120651245117,0.3257962465286255,False,-1.2623138427734375,14805.887670698421,2.114165670664368,8.927299604770385e-06
mp-998418,MgAgF3,0.0181428880000016,2.6793,167,R-3c,False,800,-1.2623138427734375,4.030029296875,0.29513120651245117,0.3257962465286255,False,-1.2623138427734375,14805.887670698421,2.114165670664368,8.927299604770385e-06
mp-770581,MgMnO3,0.0767369350000004,0.536,62,Pnma,False,800,-168.5513153076172,3.6566977500915527,0.4529695510864258,0.12024253606796265,False,-168.5513153076172,6267.62354512391,3.0407265149093576,0.04684678819103407
mp-769348,MgSnO3,0.0730104979999959,2.0089999999999995,62,Pnma,False,800,-106.3602523803711,4.150975704193115,0.44996529817581177,0.1305595338344574,False,-106.3602523803711,19560.540786421334,3.0197647290551637,0.058621436246711775
mp-1345923,MgTiO3,0.0829077269999984,2.3299,62,Pnma,False,800,-142.95025634765625,4.136142730712891,0.5526819229125977,0.16332995891571045,False,-142.95025634765625,18903.7464666793,3.8255134477943344,0.08078263499142808
mp-1370061,MgVO3,0.0928165374999991,0.6976000000000004,62,Pnma,False,800,-133.93325805664062,4.214447021484375,0.5083072781562805,0.14535650610923767,False,-133.93325805664062,22638.735987138294,3.453942379954611,0.09405977612570873
mp-1326513,MgWO3,0.0817830849999978,2.4380000000000006,62,Pnma,False,800,-37.40122985839844,4.30828857421875,0.1561862975358963,0.09090432524681091,False,-37.40122985839844,28099.185249768143,1.5353030320283332,0.020481481777760543
mp-1278986,MnBO3,0.0323374645520715,0.5985999999999998,2,P-1,False,800,-54.56645965576172,3.8352818489074707,0.33281415700912476,0.1404833197593689,False,-54.56645965576172,9455.554500489441,2.3058017638715933,0.0097680208129252
mp-1289597,MnBO3,0.0203677105520725,0.1516999999999999,15,C2/c,False,800,-54.56645965576172,3.8352818489074707,0.33281415700912476,0.1404833197593689,False,-54.56645965576172,9455.554500489441,2.3058017638715933,0.0097680208129252
mp-23477,MnBiO3,0.0281614210999983,1.4751000000000003,15,C2/c,False,800,-109.58061218261719,4.059927940368652,0.4333055317401886,0.1028912365436554,False,-109.58061218261719,15861.092345199062,2.906118651700182,0.0524296771582462
mp-1194603,MnBiO3,0.0262128320999979,1.90163571702498,14,P2_1/c,False,800,-109.58061218261719,4.059927940368652,0.4333055317401886,0.1028912365436554,False,-109.58061218261719,15861.092345199062,2.906118651700182,0.0524296771582462
mp-998241,MnInF3,0.0323595836111119,2.4765,1,P1,False,800,-69.62947845458984,4.1503424644470215,0.36370620131492615,0.17690080404281616,False,-69.62947845458984,19532.040571775357,2.475791179688876,0.030599186295981292
mp-1422819,MnInF3,0.0323525176111134,2.4617000000000004,221,Pm-3m,False,800,-69.62947845458984,4.1503424644470215,0.36370620131492615,0.17690080404281616,False,-69.62947845458984,19532.040571775357,2.475791179688876,0.030599186295981292
mp-22224,MnSeO3,0.0202544244999876,2.8433,62,Pnma,False,800,-98.12090301513672,3.82281756401062,0.4499965310096741,0.10575723648071289,False,-98.12090301513672,9188.036616424288,3.0199819070427214,0.023433191194962667
mp-691106,MnSnO3,0.0223195970000018,0.2294,161,R3c,False,800,-67.09519958496094,3.866469383239746,0.47366470098495483,0.04311200976371765,False,-67.09519958496094,10159.55150840239,3.189132115541105,0.011472944974744931
mp-30528,MnTlCl3,0.0243922364999997,1.2858,62,Pnma,False,800,-38.82160949707031,4.167029857635498,0.15979956090450287,0.4387144446372986,False,-38.82160949707031,20297.147647280508,1.5481298017736318,0.015807554959634876
mp-570290,MnTlCl3,0.0293077779999997,1.1477,221,Pm-3m,False,800,-38.82160949707031,4.167029857635498,0.15979956090450287,0.4387144446372986,False,-38.82160949707031,20297.147647280508,1.5481298017736318,0.015807554959634876
mp-998762,MnTlF3,0.0,2.6304,221,Pm-3m,True,800,-42.20183563232422,4.17777156829834,0.313073068857193,0.32897523045539856,False,-42.20183563232422,20805.431221375973,2.203336753558099,0.013453909840062265
mp-1106224,MnVO3,0.0417526665000043,0.3157000000000005,62,Pnma,False,800,-60.47523498535156,3.698719024658203,0.5300255417823792,0.06164786219596863,False,-60.47523498535156,6904.37192509282,3.6310593858663194,0.005563344352913884
mp-772528,MnZnO3,0.098382452,0.1149,62,Pnma,False,800,-98.77266693115234,3.5991482734680176,0.5090277194976807,0.05481085181236267,False,-98.77266693115234,5489.760862882431,3.4596768022681506,0.012384584610018566
mp-1120755,NaCO3,0.0,0.6623,167,R-3c,True,800,-12.200904846191406,4.1489458084106445,0.29133090376853943,0.1895238161087036,True,12.200904846191406,19469.327997516273,2.0957463276866326,0.0011063341418515236
mp-21404,NaCoF3,0.0,2.0659,62,Pnma,True,800,42.53518295288086,4.012187957763672,0.2659349739551544,0.2890234589576721,False,42.53518295288086,14209.968363805689,1.9767092020553167,0.010404876369306957
mp-505085,NaCuF3,0.0043112520000008,0.6678000000000001,14,P2_1/c,False,800,42.46853256225586,4.175736904144287,0.3983168601989746,0.3379995822906494,False,42.46853256225586,20708.18601343973,2.6811719687425453,0.011144020025668272
mp-505066,NaFeF3,0.0004148375000001,1.8013,62,Pnma,False,800,0.9299392700195312,4.049233913421631,0.3648931682109833,0.2949775457382202,False,0.9299392700195312,15475.299636914226,2.4825670007050302,4.312580858120574e-06
mp-560242,NaMnF3,0.0,2.7474000000000003,62,Pnma,True,800,-204.7013702392578,3.8495867252349854,0.3215675950050354,0.2827196717262268,False,-204.7013702392578,9772.189463863144,2.246856856204274,0.1457967892392533
mp-4531,NaNO3,0.0,2.9451,167,R-3c,True,800,35.235206604003906,4.1543192863464355,0.3635871112346649,0.19694024324417114,False,35.235206604003906,19711.71628455213,2.4751123735764367,0.007909939286326127
mp-1220986,NaNO3,0.0110834510000001,2.8579,155,R32,False,800,35.235206604003906,4.1543192863464355,0.3635871112346649,0.19694024324417114,False,35.235206604003906,19711.71628455213,2.4751123735764367,0.007909939286326127
mp-3136,NaNbO3,0.0443390239999974,1.5312,221,Pm-3m,False,800,-60.8768310546875,4.325023174285889,0.4266032576560974,0.1832510530948639,True,60.8768310546875,29203.057768791758,2.861614104461749,0.03025598673639077
mp-3671,NaNbO3,0.001741106999999,2.3565000000000005,57,Pbcm,False,800,-60.8768310546875,4.325023174285889,0.4266032576560974,0.1832510530948639,True,60.8768310546875,29203.057768791758,2.861614104461749,0.03025598673639077
mp-4419,NaNbO3,0.030859024999998,1.5628,127,P4/mbm,False,800,-60.8768310546875,4.325023174285889,0.4266032576560974,0.1832510530948639,True,60.8768310546875,29203.057768791758,2.861614104461749,0.03025598673639077
mp-4514,NaNbO3,0.0,2.7818,161,R3c,True,800,-60.8768310546875,4.325023174285889,0.4266032576560974,0.1832510530948639,True,60.8768310546875,29203.057768791758,2.861614104461749,0.03025598673639077
mp-4681,NaNbO3,0.0024077749999982,2.3684000000000003,26,Pmc2_1,False,800,-60.8768310546875,4.325023174285889,0.4266032576560974,0.1832510530948639,True,60.8768310546875,29203.057768791758,2.861614104461749,0.03025598673639077
mp-4748,NaNbO3,0.0267007389999989,1.6833000000000002,63,Cmcm,False,800,-60.8768310546875,4.325023174285889,0.4266032576560974,0.1832510530948639,True,60.8768310546875,29203.057768791758,2.861614104461749,0.03025598673639077
mp-558920,NaNbO3,0.0018151994999993,2.4098,29,Pca2_1,False,800,-60.8768310546875,4.325023174285889,0.4266032576560974,0.1832510530948639,True,60.8768310546875,29203.057768791758,2.861614104461749,0.03025598673639077
mp-559354,NaNbO3,0.0391677254999986,1.8833,63,Cmcm,False,800,-60.8768310546875,4.325023174285889,0.4266032576560974,0.1832510530948639,True,60.8768310546875,29203.057768791758,2.861614104461749,0.03025598673639077
mp-1105765,NaNbO3,0.025218161999998,1.865,62,Pnma,False,800,-60.8768310546875,4.325023174285889,0.4266032576560974,0.1832510530948639,True,60.8768310546875,29203.057768791758,2.861614104461749,0.03025598673639077
mp-1188528,NaNbO3,0.0028805844999979,2.853,33,Pna2_1,False,800,-60.8768310546875,4.325023174285889,0.4266032576560974,0.1832510530948639,True,60.8768310546875,29203.057768791758,2.861614104461749,0.03025598673639077
mp-1189194,NaNbO3,0.029542810499997,1.6606999999999998,62,Pnma,False,800,-60.8768310546875,4.325023174285889,0.4266032576560974,0.1832510530948639,True,60.8768310546875,29203.057768791758,2.861614104461749,0.03025598673639077
mp-1190015,NaNbO3,0.0036448904999986,2.2326,31,Pmn2_1,False,800,-60.8768310546875,4.325023174285889,0.4266032576560974,0.1832510530948639,True,60.8768310546875,29203.057768791758,2.861614104461749,0.03025598673639077
mp-1194823,NaNbO3,0.0250339659999969,1.7153000000000005,62,Pnma,False,800,-60.8768310546875,4.325023174285889,0.4266032576560974,0.1832510530948639,True,60.8768310546875,29203.057768791758,2.861614104461749,0.03025598673639077
mp-1195803,NaNbO3,0.0253544346666654,1.6547999999999998,62,Pnma,False,800,-60.8768310546875,4.325023174285889,0.4266032576560974,0.1832510530948639,True,60.8768310546875,29203.057768791758,2.861614104461749,0.03025598673639077
mp-1198142,NaNbO3,0.0283619004999966,1.7341,59,Pmmn,False,800,-60.8768310546875,4.325023174285889,0.4266032576560974,0.1832510530948639,True,60.8768310546875,29203.057768791758,2.861614104461749,0.03025598673639077
mp-1199037,NaNbO3,0.0424806867499985,1.7575,17,P222_1,False,800,-60.8768310546875,4.325023174285889,0.4266032576560974,0.1832510530948639,True,60.8768310546875,29203.057768791758,2.861614104461749,0.03025598673639077
mp-1199593,NaNbO3,0.0327036768749984,1.6316000000000002,59,Pmmn,False,800,-60.8768310546875,4.325023174285889,0.4266032576560974,0.1832510530948639,True,60.8768310546875,29203.057768791758,2.861614104461749,0.03025598673639077
mp-1203293,NaNbO3,0.0245707684999985,1.7941,62,Pnma,False,800,-60.8768310546875,4.325023174285889,0.4266032576560974,0.1832510530948639,True,60.8768310546875,29203.057768791758,2.861614104461749,0.03025598673639077
mp-1977728,NaNbO3,0.0294082129999981,1.6644,74,Imma,False,800,-60.8768310546875,4.325023174285889,0.4266032576560974,0.1832510530948639,True,60.8768310546875,29203.057768791758,2.861614104461749,0.03025598673639077
mp-20011,NaSbO3,0.0551372470000011,1.4696000000000002,227,Fd-3m,False,800,79.0320816040039,3.8436734676361084,0.31335535645484924,0.20835913717746735,False,79.0320816040039,9640.035226838567,2.2047693686332246,0.02184802998096243
mp-22212,NaSbO3,0.0918956150000003,1.2824000000000004,62,Pnma,False,800,79.0320816040039,3.8436734676361084,0.31335535645484924,0.20835913717746735,False,79.0320816040039,9640.035226838567,2.2047693686332246,0.02184802998096243
mp-3858,NaTaO3,0.0,2.5926,62,Pnma,True,800,-45.25852966308594,4.317904472351074,0.172038733959198,0.159108966588974,False,-45.25852966308594,28728.280042501614,1.592379375702305,0.029563370761171267
mp-4170,NaTaO3,0.0277541294999981,2.2596,221,Pm-3m,False,800,-45.25852966308594,4.317904472351074,0.172038733959198,0.159108966588974,False,-45.25852966308594,28728.280042501614,1.592379375702305,0.029563370761171267
mp-4675,NaTaO3,0.0093388935000007,2.2808,127,P4/mbm,False,800,-45.25852966308594,4.317904472351074,0.172038733959198,0.159108966588974,False,-45.25852966308594,28728.280042501614,1.592379375702305,0.029563370761171267
mp-4699,NaTaO3,0.0033295580000007,2.3891,63,Cmcm,False,800,-45.25852966308594,4.317904472351074,0.172038733959198,0.159108966588974,False,-45.25852966308594,28728.280042501614,1.592379375702305,0.029563370761171267
mp-754818,NaTaO3,0.0867578065000014,2.7139,227,Fd-3m,False,800,-45.25852966308594,4.317904472351074,0.172038733959198,0.159108966588974,False,-45.25852966308594,28728.280042501614,1.592379375702305,0.029563370761171267
mp-20572,NaVF3,0.0913499079999997,0.6978,221,Pm-3m,False,800,-64.32359313964844,4.268703937530518,0.3048967719078064,0.26109808683395386,False,-64.32359313964844,25651.2829240784,2.1622434090696583,0.03926766600172044
mp-1120756,NaVF3,0.0,1.5126999999999995,62,Pnma,True,800,-64.32359313964844,4.268703937530518,0.3048967719078064,0.26109808683395386,False,-64.32359313964844,25651.2829240784,2.1622434090696583,0.03926766600172044
mp-5537,NbAgO3,0.0594938496730765,1.7871,57,Pbcm,False,800,1.8100528717041016,3.9914584159851074,0.6436281204223633,0.08064079284667969,False,1.8100528717041016,13547.637554309013,4.716674761495433,7.528355993452746e-06
mp-12725,NbAgO3,0.0919056189230769,1.3336,221,Pm-3m,False,800,1.8100528717041016,3.9914584159851074,0.6436281204223633,0.08064079284667969,False,1.8100528717041016,13547.637554309013,4.716674761495433,7.528355993452746e-06
mp-1203481,NbAgO3,0.0605651891730776,1.7362135447607383,26,Pmc2_1,False,800,1.8100528717041016,3.9914584159851074,0.6436281204223633,0.08064079284667969,False,1.8100528717041016,13547.637554309013,4.716674761495433,7.528355993452746e-06
mp-1205362,NbAgO3,0.0718574189230762,0.9892,63,Cmcm,False,800,1.8100528717041016,3.9914584159851074,0.6436281204223633,0.08064079284667969,False,1.8100528717041016,13547.637554309013,4.716674761495433,7.528355993452746e-06
mp-1220387,NbAgO3,0.074483993923077,1.0242999999999998,127,P4/mbm,False,800,1.8100528717041016,3.9914584159851074,0.6436281204223633,0.08064079284667969,False,1.8100528717041016,13547.637554309013,4.716674761495433,7.528355993452746e-06
mp-33932,NbHO3,0.0336375535357174,2.6276,1,P1,False,800,-92.4533920288086,4.2194647789001465,0.402515709400177,0.32737454771995544,False,-92.4533920288086,22901.81658443942,2.7072198109626955,0.0578471675699734
mp-626528,NbHO3,0.0450807430357169,2.5171,1,P1,False,800,-92.4533920288086,4.2194647789001465,0.402515709400177,0.32737454771995544,False,-92.4533920288086,22901.81658443942,2.7072198109626955,0.0578471675699734
mp-757636,NbTlO3,0.0,0.7458,1,P1,True,800,-29.667051315307617,4.24418830871582,0.11227332055568695,0.1402432918548584,False,-29.667051315307617,24243.396364792865,1.3876538042069393,0.012301302094339757
mp-977408,NbTlO3,0.0906740972499937,0.1116000000000001,221,Pm-3m,False,800,-29.667051315307617,4.24418830871582,0.11227332055568695,0.1402432918548584,False,-29.667051315307617,24243.396364792865,1.3876538042069393,0.012301302094339757
mp-1101462,NbTlO3,0.0013711412499954,0.946658554294193,9,Cc,False,800,-29.667051315307617,4.24418830871582,0.11227332055568695,0.1402432918548584,False,-29.667051315307617,24243.396364792865,1.3876538042069393,0.012301302094339757
mp-14254,NdAlO3,0.0274909169999926,2.863600000000001,221,Pm-3m,False,800,-88.15428924560547,4.047948360443115,0.6244423389434814,0.1224621832370758,False,-88.15428924560547,15429.559009610353,4.512842211861042,0.02125593670472658
mp-20031,NdCoO3,0.0781587439998885,0.791412993383716,221,Pm-3m,False,800,94.14511108398438,4.343344688415527,0.36342090368270874,0.058863312005996704,False,94.14511108398438,30461.398747698437,2.4741653119025124,0.08729847544064792
mp-22599,NdCoO3,0.0,1.2315999999999994,62,Pnma,True,800,94.14511108398438,4.343344688415527,0.36342090368270874,0.058863312005996704,False,94.14511108398438,30461.398747698437,2.4741653119025124,0.08729847544064792
mp-19269,NdCrO3,0.0,2.54,62,Pnma,True,800,211.94281005859375,3.6087727546691895,0.24255694448947906,0.06932958960533142,False,211.94281005859375,5612.778554010218,1.8731163492100742,0.10768135621146002
mp-20407,NdFeO3,0.0,1.7311,62,Pnma,True,800,88.29632568359375,3.5892345905303955,0.3262631297111511,0.05024179816246033,False,88.29632568359375,5365.865021829419,2.2712813758540658,0.01473479350353634
mp-755138,NdInO3,0.0147230442500001,2.6533,62,Pnma,False,800,-61.22905731201172,4.111657619476318,0.33177080750465393,0.07853347063064575,False,-61.22905731201172,17867.458117308084,2.300268952049324,0.023296425412019595
mp-20852,NdMnO3,0.0,1.898,62,Pnma,True,800,66.51534271240234,3.7208757400512695,0.270737886428833,0.05685454607009888,False,66.51534271240234,7265.757407297722,1.9986911823603644,0.012866749622222791
mp-4582,NdRhO3,0.0,0.6487000000000007,62,Pnma,True,800,146.78956604003906,3.838972806930542,0.33080917596817017,0.06484338641166687,False,146.78956604003906,9536.257296778735,2.295181242890666,0.07162115729200318
mp-1105614,NdScS3,0.0,1.8593,62,Pnma,True,800,-161.0057830810547,4.124335289001465,0.026590675115585327,0.189779132604599,False,-161.0057830810547,18396.721858906847,1.1391960886542944,0.33489980533733466
mp-541129,NdVO3,0.0,1.5603999999999996,62,Pnma,True,800,-21.3710880279541,4.154425621032715,0.20218122005462646,0.08939391374588013,True,21.3710880279541,19716.5431839889,1.706825136520371,0.004220704987542387
mp-25096,NiBiO3,0.0322425907500036,0.3548,11,P2_1/m,False,800,-7.128902435302734,3.9368221759796143,0.26032328605651855,0.0639653205871582,True,7.128902435302734,11946.132551227116,1.951331683194553,0.0002489038202315552
mp-1209810,NiTeO3,0.0463462223333346,2.5735,62,Pnma,False,800,30.369783401489258,3.7867512702941895,0.25536400079727173,0.04208680987358093,False,30.369783401489258,8455.83351335113,1.9291758242503112,0.0032341338411559545
mp-8218,PrAlO3,0.0180234129999909,2.8792,221,Pm-3m,False,800,-101.08003234863281,4.135509014129639,0.5617272257804871,0.13134312629699707,False,-101.08003234863281,18876.182493102133,3.9060251550257856,0.03950025170182778
mp-20090,PrCoO3,0.0,1.1319000000000004,62,Pnma,True,800,69.34271240234375,4.370635032653809,0.24934454262256622,0.04825666546821594,False,69.34271240234375,32436.963037851794,1.902621292483682,0.06558121692574542
mp-1105822,PrCrO3,0.0,2.0419,62,Pnma,True,800,279.0372619628906,3.540797233581543,0.14858992397785187,0.06067726016044617,False,279.0372619628906,4799.57062743938,1.5086820875799285,0.19816139156938692
mp-22341,PrFeO3,0.0,1.0793000000000004,62,Pnma,True,800,102.58169555664062,3.5196197032928467,0.17684057354927063,0.04248574376106262,False,102.58169555664062,4571.143515184228,1.6100834414042051,0.023900457062709973
mp-22564,PrMnO3,0.0,1.402,62,Pnma,True,800,63.23472595214844,3.5485196113586426,0.08924101293087006,0.0582314133644104,False,63.23472595214844,4885.677145802115,1.3159785879022694,0.011876191999836137
mp-4789,PrRhO3,0.0,0.6036999999999999,62,Pnma,True,800,139.58322143554688,3.7649130821228027,0.2646092474460602,0.05915150046348572,False,139.58322143554688,8041.151330508903,1.9706843037813653,0.06360007081732313
mp-1189962,PrScS3,0.0,1.8377,62,Pnma,True,800,-120.03697204589844,4.179130554199219,0.0647873729467392,0.19086132943630219,False,-120.03697204589844,20870.63714207633,1.2439278264153042,0.19340182812907802
mp-1209329,PrVO3,0.0,1.3015999999999996,62,Pnma,True,800,16.55368423461914,4.203611850738525,0.14214499294757843,0.08770781755447388,False,16.55368423461914,22080.911851537425,1.4864585487380333,0.0032564433041049486
mp-1206325,RbCrF3,0.0103533537499957,0.9717000000000002,123,P4/mmm,False,800,5.649025917053223,4.297577381134033,0.30369433760643005,0.19502854347229004,False,5.649025917053223,27414.63918994363,2.1562650699183137,0.00032457682538579647
mp-1206801,RbEuCl3,0.0383723899999992,0.4541999999999997,221,Pm-3m,False,800,16.590797424316406,4.413669586181641,0.09327560663223267,0.3537038564682007,False,16.590797424316406,35815.806864205195,1.3282609861923287,0.005937666908762555
mp-571458,RbGeI3,0.013385509333331,0.5181,221,Pm-3m,False,800,100.24559783935547,4.116556167602539,-0.1921822428703308,0.6067349910736084,False,100.24559783935547,18070.1318270339,0.6883757571782042,0.21103590985370074
mp-7482,RbHgF3,0.0,0.6454,221,Pm-3m,True,800,-9.068441390991211,4.279306888580322,0.30369484424591064,0.3428894579410553,False,-9.068441390991211,26285.24575687993,2.1562675853765976,0.0008019821009320327
mp-1110737,RbInBr3,0.0251928204999982,1.3264041792853,225,Fm-3m,False,800,-11.499382019042969,4.0312395095825195,-0.0880255401134491,0.5348430871963501,True,11.499382019042969,14847.203558991378,0.8749480547852106,0.0017951526461124617
mp-1114001,RbInCl3,0.0,1.677311796494664,225,Fm-3m,True,800,-86.7748031616211,4.09212589263916,-0.026594191789627075,0.3883417248725891,True,86.7748031616211,17081.698256966087,1.007891118593408,0.10209269987680868
mp-1110662,RbInF3,0.0091613249603108,2.4848,225,Fm-3m,False,800,-89.68021392822266,4.212916374206543,0.19710499048233032,0.2735970616340637,False,-89.68021392822266,22559.08743453864,1.6869911355079998,0.08603833256132194
mp-1114161,RbInI3,0.0563835451666636,0.7159,225,Fm-3m,False,800,13.326330184936523,3.8627099990844727,-0.16186493635177612,0.6633648872375488,False,13.326330184936523,10071.986902837118,0.7381470249673259,0.0019385785574148253
mp-558749,RbMnF3,0.0,2.9437,221,Pm-3m,True,800,-38.4908447265625,4.028061866760254,0.28913816809654236,0.2297738790512085,False,-38.4908447265625,14738.966102429209,2.0851916548051634,0.008377721392474374
mp-752446,RbNO3,0.0210339020000001,2.9815,155,R32,False,800,87.93801879882812,4.1136298179626465,0.3585248589515686,0.19651101529598236,False,87.93801879882812,17948.781522459896,2.446429297328478,0.045388480426076
mp-1075911,RbNbO3,0.082736542000001,1.3578,221,Pm-3m,False,800,-100.90350341796875,4.329720497131348,0.39492067694664,0.07174047827720642,False,-100.90350341796875,29520.631962943597,2.66028696824598,0.09038568239553767
mp-998157,RbSnBr3,0.0446438260000023,0.6010000000000002,1,P1,False,800,30.322383880615234,4.004351615905762,-0.1817702054977417,0.5467175245285034,False,30.322383880615234,13955.865304360757,0.7050787153611244,0.014559143774866504
mp-998156,RbSnCl3,0.0227385199999998,0.9861,8,Cm,False,800,-1.0788230895996094,4.015894412994385,-0.013548702001571655,0.40443098545074463,True,1.0788230895996094,14331.761300990609,1.0386258037508833,1.2847863415468919e-05
mp-998611,RbSnCl3,0.0,2.326613151723183,161,R3c,True,800,-1.0788230895996094,4.015894412994385,-0.013548702001571655,0.40443098545074463,True,1.0788230895996094,14331.761300990609,1.0386258037508833,1.2847863415468919e-05
mp-755018,RbTaO3,0.0525669795000158,2.5106,160,R3m,False,800,-86.51497650146484,4.374380111694336,0.19291523098945618,0.07243543863296509,False,-86.51497650146484,32717.88826957974,1.6707945157222979,0.11725592558649271
mp-1076534,RbTaO3,0.0566622735000148,2.0076,221,Pm-3m,False,800,-86.51497650146484,4.374380111694336,0.19291523098945618,0.07243543863296509,False,-86.51497650146484,32717.88826957974,1.6707945157222979,0.11725592558649271
mp-1114101,RbTlBr3,0.0253148957499997,0.9634037051434756,225,Fm-3m,False,800,4.399645805358887,4.187572956085205,-0.12272542715072632,0.5911440849304199,False,4.399645805358887,21280.317797251766,0.807760073763798,0.0004079633442730661
mp-1113994,RbTlCl3,0.0306932017291674,1.1539100733397554,225,Fm-3m,False,800,-55.2757568359375,4.203099727630615,0.03161314129829407,0.5436728000640869,True,55.2757568359375,22054.889231007837,1.15244697253859,0.0467781790472473
mp-1113914,RbTlF3,0.0,2.0588124041671416,225,Fm-3m,True,800,-82.74410247802734,4.2340240478515625,0.2797054350376129,0.3558351993560791,False,-82.74410247802734,23682.590257264656,2.040390275888636,0.06357407385658533
mp-1114149,RbTlI3,0.0912211314999997,0.4939,225,Fm-3m,False,800,79.43507385253906,4.140469551086426,-0.1528216302394867,0.6814478635787964,False,79.43507385253906,19093.02338001398,0.7536785926446273,0.12788014464768419
mp-556424,RbVF3,0.0,2.4507000000000003,221,Pm-3m,True,800,70.3857421875,4.43471097946167,0.2471192479133606,0.20884746313095093,False,70.3857421875,37593.79187220601,1.892897327091999,0.07871335986999543
mp-626182,SbHO3,0.0279537947499868,1.0685,141,I4_1/amd,False,800,34.95099639892578,4.1056227684021,0.35736092925071716,1.0637125968933105,True,-34.95099639892578,17620.89331097472,2.439881529475413,0.00705778284856605
mp-626218,SbHO3,0.0157999897499871,1.1867,43,Fdd2,False,800,34.95099639892578,4.1056227684021,0.35736092925071716,1.0637125968933105,True,-34.95099639892578,17620.89331097472,2.439881529475413,0.00705778284856605
mp-555313,ScBiO3,0.0337337538750013,2.6897,9,Cc,False,800,-78.44129180908203,4.218979358673096,0.2781270146369934,0.13675186038017273,False,-78.44129180908203,22876.23303473687,2.032988044647955,0.05538971731427782
mp-555769,ScBiO3,0.0344824253750006,2.6784,15,C2/c,False,800,-78.44129180908203,4.218979358673096,0.2781270146369934,0.13675186038017273,False,-78.44129180908203,22876.23303473687,2.032988044647955,0.05538971731427782
mp-756205,ScBiO3,0.0321571613750002,2.7215,62,Pnma,False,800,-78.44129180908203,4.218979358673096,0.2781270146369934,0.13675186038017273,False,-78.44129180908203,22876.23303473687,2.032988044647955,0.05538971731427782
mp-1643785,ScCoO3,0.0691988195892872,0.8961999999999994,14,P2_1/c,False,800,30.059471130371094,3.9379615783691406,0.5788583755493164,0.06349250674247742,False,30.059471130371094,11977.515226974947,4.063181155373821,0.0021308515933430587
mp-18961,ScCrO3,0.0368469178749997,2.3991,62,Pnma,False,800,6.388791084289551,4.06752347946167,0.5103824734687805,0.08533751964569092,True,-6.388791084289551,16140.932923906996,3.4704858940377687,0.00015186780282809947
mp-769734,ScFeO3,0.0839461803749976,1.5712000000000002,62,Pnma,False,800,-16.541780471801758,3.6840660572052,0.5497246980667114,0.06963276863098145,False,-16.541780471801758,6675.3064868324445,3.7995530110425406,0.0003845857561024506
mp-1105811,ScMnO3,0.0499739205624987,1.7893999999999997,14,P2_1/c,False,800,13.106988906860352,3.8640079498291016,0.4403972327709198,0.0967153012752533,True,-13.106988906860352,10102.13349252474,2.9539629428531455,0.0004700065507548023
mp-1188449,ScRhO3,0.0511400981249963,1.0496999999999996,62,Pnma,False,800,38.55513381958008,4.03196907043457,0.45560288429260254,0.05323648452758789,False,38.55513381958008,14872.165980076537,3.0592198908110144,0.005781199361363135
mp-1196890,ScRhO3,0.0246142638749962,1.1204903046814725,14,P2_1/c,False,800,38.55513381958008,4.03196907043457,0.45560288429260254,0.05323648452758789,False,38.55513381958008,14872.165980076537,3.0592198908110144,0.005781199361363135
mp-752429,ScTlO3,0.0787690023749974,0.9279999999999996,62,Pnma,False,800,-31.54673957824707,4.2228240966796875,0.2668530344963074,0.15451672673225403,False,-31.54673957824707,23079.65167112836,1.980892212080003,0.009276141262329743
mp-756546,ScVO3,0.0493919894999983,1.5053,62,Pnma,False,800,45.813804626464844,4.5860209465026855,0.4633679986000061,0.10987532138824463,False,45.813804626464844,53263.05833698981,3.1144101683900165,0.02871659855563293
mp-20016,SmCoO3,0.0,1.3174,62,Pnma,True,800,190.23838806152344,4.863325595855713,0.35733234882354736,0.055443793535232544,False,190.23838806152344,100862.73704285108,2.4397209689230874,1.1969524335470256
mp-1105788,SmCrO3,0.0,2.4786,62,Pnma,True,800,145.16845703125,3.929314374923706,0.15400679409503937,0.05919453501701355,False,145.16845703125,11741.390390924043,1.5276174270446563,0.1295804347427925
mp-20243,SmFeO3,0.0,1.545,62,Pnma,True,800,97.56755065917969,3.6800365447998047,0.27265870571136475,0.04249963164329529,False,97.56755065917969,6613.657463898955,2.007550671000897,0.025088573834372508
mp-752437,SmInO3,0.0303930866249988,2.6396999999999995,62,Pnma,False,800,-96.01689147949219,4.331506252288818,0.28815844655036926,0.1081412136554718,False,-96.01689147949219,29642.266368137098,2.080492988992722,0.10508250553506356
mp-22203,SmMnO3,0.0,1.4644000000000004,62,Pnma,True,800,45.042640686035156,3.952576160430908,0.299398273229599,0.05714285373687744,True,-45.042640686035156,12387.432862561222,2.1350403310593693,0.009417007250476665
mp-3317,SmRhO3,0.0,0.7331000000000003,62,Pnma,True,800,109.66254425048828,4.018698215484619,0.17843428254127502,0.05959996581077576,False,109.66254425048828,14424.586380003762,1.6160027392535266,0.08587522706011211
mp-1188840,SmScS3,0.0,1.8487000000000005,62,Pnma,True,800,-150.59356689453125,4.153262138366699,-0.0024740993976593018,0.24299688637256622,False,-150.59356689453125,19663.79290402242,1.0654515625901582,0.3348392864960611
mp-754787,SmTlO3,0.0731567521249978,0.8895,62,Pnma,False,800,-85.08904266357422,4.360778331756592,0.17524534463882446,0.32937175035476685,False,-85.08904266357422,31709.068562250966,1.6041802112767212,0.11449000971034867
mp-1188225,SmVO3,0.0,1.5136000000000005,62,Pnma,True,800,-27.699705123901367,4.345077037811279,0.08135239779949188,0.09570324420928955,True,27.699705123901367,30583.148330566564,1.2922906670752665,0.014526542594545685
mp-29164,SrBiO3,0.0,0.3106,14,P2_1/c,True,800,-133.5500946044922,3.639643669128418,0.3104637861251831,0.21364469826221466,False,-133.5500946044922,6026.2732827273785,2.190138583509884,0.03926048074344409
mp-22428,SrCeO3,0.0085144779999968,2.5055000000000005,62,Pnma,False,800,-108.05509948730469,4.240207195281982,0.20404380559921265,0.18143989145755768,False,-108.05509948730469,24022.17622283372,1.7141610224995831,0.13090048478951508
mp-1208643,SrHfS3,0.0,1.4955999999999996,62,Pnma,True,800,-137.2038116455078,4.26013708114624,0.14549405872821808,0.2670506536960602,False,-137.2038116455078,25150.24583111529,1.4979656988490246,0.2528498532362344
mp-1542758,SrMoO3,0.0,1.3088000000000006,12,C2/m,True,800,-23.754331588745117,4.5682268142700195,0.36275672912597656,0.03407016396522522,True,23.754331588745117,51124.84067058501,2.470384417116496,0.009342068435947598
mp-2879,SrSnO3,0.0,1.7406,62,Pnma,True,800,-76.82117462158203,3.7979674339294434,0.535407543182373,0.10456740856170654,False,-76.82117462158203,8677.05973413083,3.6763373224287164,0.011143179020751378
mp-12866,SrSnO3,0.0036590239999982,1.6169000000000002,74,Imma,False,800,-76.82117462158203,3.7979674339294434,0.535407543182373,0.10456740856170654,False,-76.82117462158203,8677.05973413083,3.6763373224287164,0.011143179020751378
mp-12867,SrSnO3,0.0067069569999995,1.5614,140,I4/mcm,False,800,-76.82117462158203,3.7979674339294434,0.535407543182373,0.10456740856170654,False,-76.82117462158203,8677.05973413083,3.6763373224287164,0.011143179020751378
mp-546973,SrSnO3,0.0477347734999993,0.9749,221,Pm-3m,False,800,-76.82117462158203,3.7979674339294434,0.535407543182373,0.10456740856170654,False,-76.82117462158203,8677.05973413083,3.6763373224287164,0.011143179020751378
mp-4651,SrTiO3,0.0,1.8559,140,I4/mcm,True,800,-297.18096923828125,3.79813289642334,0.6241943836212158,0.14433082938194275,False,-297.18096923828125,8680.366249727787,4.510266393108519,0.13597774433186352
mp-5229,SrTiO3,0.0004700539999991,1.7658999999999998,221,Pm-3m,False,800,-297.18096923828125,3.79813289642334,0.6241943836212158,0.14433082938194275,False,-297.18096923828125,8680.366249727787,4.510266393108519,0.13597774433186352
mp-551830,SrTiO3,8.474800000080052e-05,1.7869999999999997,140,I4/mcm,False,800,-297.18096923828125,3.79813289642334,0.6241943836212158,0.14433082938194275,False,-297.18096923828125,8680.366249727787,4.510266393108519,0.13597774433186352
mp-5193,SrZrS3,0.0064128314999978,1.1777000000000002,62,Pnma,False,800,-167.00338745117188,4.129249095916748,0.26497289538383484,0.21807949244976044,False,-167.00338745117188,18606.05280589724,1.9723351085392746,0.21048157819442617
mp-9890,TaAgO3,0.0315954175000001,1.9158,167,R-3c,False,800,19.7586669921875,4.319860935211182,0.39225825667381287,0.12921762466430664,True,-19.7586669921875,28857.99065826372,2.644028102043423,0.003408829600061802
mp-1187189,TaAgO3,0.0450003925000004,1.7306000000000004,221,Pm-3m,False,800,19.7586669921875,4.319860935211182,0.39225825667381287,0.12921762466430664,True,-19.7586669921875,28857.99065826372,2.644028102043423,0.003408829600061802
mp-33753,TaHO3,0.0770895237500024,2.7443,141,I4_1/amd,False,800,-46.893890380859375,4.2887420654296875,0.16177713871002197,0.2396426945924759,False,-46.893890380859375,26862.548876974935,1.5551953489921744,0.030386787216482202
mp-676262,TaTlO3,0.0,0.9695,15,C2/c,True,800,-134.35768127441406,4.4271697998046875,0.10327905416488647,0.35100802779197693,False,-134.35768127441406,36946.64035302164,1.359210948786755,0.3925573166476783
mp-756933,TaTlO3,0.004274724750001,0.4457999999999997,227,Fd-3m,False,800,-134.35768127441406,4.4271697998046875,0.10327905416488647,0.35100802779197693,False,-134.35768127441406,36946.64035302164,1.359210948786755,0.3925573166476783
mp-19802,TbCoO3,0.0,1.4160999999999997,62,Pnma,True,800,110.06371307373047,3.9334511756896973,0.05775396525859833,0.06132236123085022,False,110.06371307373047,11853.765432214053,1.2239446415643214,0.09385833818609503
mp-756124,TbCrO3,0.0,2.5095,62,Pnma,True,800,122.63958740234375,3.8624653816223145,0.311448335647583,0.05514821410179138,False,122.63958740234375,10066.315428200176,2.1951092796851017,0.05517797240820717
mp-19853,TbFeO3,6.255587500092474e-05,1.6263,62,Pnma,False,800,77.22732543945312,3.7401068210601807,0.39976707100868225,0.05384382605552673,False,77.22732543945312,7594.723625008728,2.6901399936157904,0.013470045701706327
mp-769263,TbInO3,0.0560910488750003,2.5935,62,Pnma,False,800,-40.552215576171875,4.265699863433838,0.31426936388015747,0.08124902844429016,False,-40.552215576171875,25474.461758606092,2.209414368041375,0.015168652551680331
mp-22055,TbMnO3,0.0,1.4940000000000009,62,Pnma,True,800,196.28424072265625,3.888430595397949,0.4818045496940613,0.05599299073219299,False,196.28424072265625,10686.506362830125,3.249468712767036,0.1013641167871282
mp-5692,TbRhO3,0.0,0.8749000000000002,62,Pnma,True,800,135.44287109375,4.185425758361816,0.0890672504901886,0.06579306721687317,False,135.44287109375,21175.365323475347,1.315452166495457,0.23624256029059393
mp-1188262,TbScS3,0.0,1.7696,62,Pnma,True,800,-140.2898712158203,4.16239070892334,0.07950988411903381,0.1950606256723404,False,-140.2898712158203,20081.48671190629,1.2868196800281937,0.24570884367532284
mp-554811,TbVO3,0.0,1.4395999999999995,62,Pnma,True,800,-31.49339485168457,4.352086067199707,0.06170763075351715,0.09119930863380432,False,-31.49339485168457,31080.730705549224,1.2351378790681582,0.01996662783795837
mp-5052,TiCdO3,0.0387445740000007,2.4156,33,Pna2_1,False,800,-65.46248626708984,4.109823703765869,0.4288068413734436,0.11327159404754639,False,-65.46248626708984,17792.167441178975,2.8761706582262887,0.021207485766992256
mp-14550,TiCdO3,0.0425426290000006,2.1213,62,Pnma,False,800,-65.46248626708984,4.109823703765869,0.4288068413734436,0.11327159404754639,False,-65.46248626708984,17792.167441178975,2.8761706582262887,0.021207485766992256
mp-20940,TiCdO3,0.0395681674999996,2.4636,26,Pmc2_1,False,800,-65.46248626708984,4.109823703765869,0.4288068413734436,0.11327159404754639,False,-65.46248626708984,17792.167441178975,2.8761706582262887,0.021207485766992256
mp-19270,TiFeO3,0.0317737499999992,2.5309,161,R3c,False,800,-44.960289001464844,3.8091487884521484,0.52854323387146,0.05847322940826416,False,-44.960289001464844,8903.360157060364,3.618687197491864,0.003978790507629533
mp-20073,TiFeO3,0.0718263530000005,1.4865000000000004,62,Pnma,False,800,-44.960289001464844,3.8091487884521484,0.52854323387146,0.05847322940826416,False,-44.960289001464844,8903.360157060364,3.618687197491864,0.003978790507629533
mp-19376,TiMnO3,0.0363191124999993,1.7771999999999997,161,R3c,False,800,-25.532804489135742,3.7519869804382324,0.5654256343841553,0.07330268621444702,False,-25.532804489135742,7805.345536824259,3.93943051314138,0.00103334588833857
mp-556925,TiMnO3,0.0599898020000004,1.5349000000000004,62,Pnma,False,800,-25.532804489135742,3.7519869804382324,0.5654256343841553,0.07330268621444702,False,-25.532804489135742,7805.345536824259,3.93943051314138,0.00103334588833857
mp-1078470,TiZnO3,0.055374115500002,2.828,161,R3c,False,800,-101.249267578125,4.024589538574219,0.5265581011772156,0.07042375206947327,False,-101.249267578125,14621.59303162775,3.6021841523957012,0.03328913789454062
mp-1105306,TlCrO3,0.039864296500002,0.4300999999999995,62,Pnma,False,800,-22.073274612426758,3.8909778594970703,0.2743419110774994,0.10176357626914978,True,22.073274612426758,10749.37002342453,2.015346479925294,0.0020790111156649034
mp-505819,TlFeO3,0.0472809699999992,0.7036999999999995,62,Pnma,False,800,105.38018035888672,3.936245918273926,0.47569239139556885,0.07019230723381042,False,105.38018035888672,11930.29194979463,3.204056763186723,0.03307948443369041
mp-756909,TlGaO3,0.0695921199999984,0.2334000000000005,62,Pnma,False,800,-4.667938232421875,4.46973180770874,0.3943249583244324,0.21365995705127716,False,-4.667938232421875,40750.87712715502,2.656640373290679,0.00026738951960322106
mp-998153,TlGeBr3,0.0279997379999996,0.7555999999999998,8,Cm,False,800,17.675617218017578,4.279877662658691,0.015183120965957642,1.008224606513977,True,-17.675617218017578,26319.814006573775,1.109662554469365,0.005928311942766013
mp-998744,TlGeCl3,0.0327651060000011,1.3779,8,Cm,False,800,17.782608032226562,4.304884433746338,0.10538884997367859,0.3573518991470337,True,-17.782608032226562,27879.79570309571,1.3658300390441536,0.005163852463713815
mp-998710,TlHgF3,0.0145253994999992,1.805,1,P1,False,800,-45.42933654785156,4.294334888458252,0.1470033973455429,0.4726610481739044,False,-45.42933654785156,27210.720520260187,1.503180756685413,0.029887639082935256
mp-998758,TlHgF3,0.0,2.1963,55,Pbam,True,800,-45.42933654785156,4.294334888458252,0.1470033973455429,0.4726610481739044,False,-45.42933654785156,27210.720520260187,1.503180756685413,0.029887639082935256
mp-998713,TlInCl3,0.0070095394999989,1.5597,1,P1,False,800,-34.37696838378906,4.235036373138428,0.045268043875694275,0.45052194595336914,False,-34.37696838378906,23737.85793747536,1.189257376712753,0.01887082159956205
mp-2767078,TlInCl3,0.0,2.5745,2,P-1,True,800,-34.37696838378906,4.235036373138428,0.045268043875694275,0.45052194595336914,False,-34.37696838378906,23737.85793747536,1.189257376712753,0.01887082159956205
mp-1178989,TlNiO3,0.0754351371666661,0.1478000000000001,14,P2_1/c,False,800,46.439208984375,4.1395134925842285,0.2098289132118225,0.08501836657524109,True,-46.439208984375,19051.038112999562,1.7371476104576504,0.018920888953659565
mp-561954,TmCoO3,0.0226815634642871,1.1885999999999997,62,Pnma,False,800,151.45274353027344,3.7947120666503906,0.007236093282699585,0.06429451704025269,False,151.45274353027344,8612.261733923495,1.0895418171669455,0.14504995330808854
mp-777295,TmCrO3,0.0,2.6809,62,Pnma,True,800,96.93151092529297,3.996626377105713,0.34822797775268555,0.06508311629295349,False,96.93151092529297,13709.812977033145,2.389108028995983,0.043133598782564946
mp-20651,TmFeO3,0.0243056352500001,1.6096,62,Pnma,False,800,162.40988159179688,3.72537899017334,0.21264012157917023,0.044197291135787964,False,162.40988159179688,7341.488848578291,1.748428719865299,0.08860354500534176
mp-1101263,TmInO3,0.0863472772499998,2.5259,62,Pnma,False,800,-3.1251983642578125,4.356882572174072,0.2989974021911621,0.15182572603225708,False,-3.1251983642578125,31425.900090058407,2.1330705133709267,0.0001151138758800452
mp-554270,TmMnO3,0.0410788485000015,2.0076,62,Pnma,False,800,81.97799682617188,3.9667041301727295,0.3853525221347809,0.04466322064399719,True,-81.97799682617188,12797.032810714281,2.6023177991844846,0.026438300959677828
mp-1207705,TmRhO3,0.0,1.3457,62,Pnma,True,800,129.92771911621094,4.157214164733887,0.0559920072555542,0.07319778203964233,False,129.92771911621094,19843.547633347887,1.21898908616606,0.21984324033520505
mp-1101279,TmTlO3,0.0884914422499987,0.7359999999999998,62,Pnma,False,800,-59.43383026123047,4.370866298675537,0.1435481756925583,0.35815051198005676,False,-59.43383026123047,32454.240634953872,1.4912689854746162,0.06149968515509477
mp-18946,VBO3,0.0,1.8527,167,R-3c,True,800,-38.633460998535156,4.150179386138916,0.3457154333591461,0.17030584812164307,False,-38.633460998535156,19524.707634554008,2.3753261144133737,0.009814733592208816
mp-756282,VBiO3,0.010364148125002,1.2434000000000005,62,Pnma,False,800,-177.25637817382812,4.304539203643799,-0.0047438740730285645,0.10409712791442871,False,-177.25637817382812,27857.642255135706,1.0598976664703406,0.6606541241477727
mp-22649,VCdO3,0.0701796605000009,0.4319000000000002,62,Pnma,False,800,-105.91277313232422,4.011385917663574,0.5286924839019775,0.09736105799674988,False,-105.91277313232422,14183.750100305111,3.619931012487368,0.035162313586167934
mp-1216392,VCrO3,0.0075114801250038,1.6132999999999995,161,R3c,False,800,-9.45033073425293,4.331252574920654,0.5171480178833008,0.06541767716407776,False,-9.45033073425293,29624.956969291794,3.524973268992619,0.0006004625177132746
mp-755580,VGaO3,0.0920560701249986,1.4157000000000002,62,Pnma,False,800,-71.6462631225586,4.103043079376221,0.397228866815567,0.10939571261405945,False,-71.6462631225586,17516.53626898171,2.6744635103571244,0.02689605784578481
mp-1273178,YCoO3,0.0116558665892867,0.3085,2,P-1,False,800,208.14431762695312,3.8931021690368652,0.4461665749549866,0.04986342787742615,False,208.14431762695312,10802.07833307052,2.9934663808541235,0.12506968108564762
mp-1288734,YCoO3,0.0154647095892865,0.1141,14,P2_1/c,False,800,208.14431762695312,3.8931021690368652,0.4461665749549866,0.04986342787742615,False,208.14431762695312,10802.07833307052,2.9934663808541235,0.12506968108564762
mp-18725,YCrO3,0.0,2.3271,62,Pnma,True,800,85.46253204345703,3.748591184616089,0.42150676250457764,0.060297608375549316,False,85.46253204345703,7744.552673286313,2.8282290094745672,0.01600012088251615
mp-20783,YFeO3,0.0118179143749994,1.5888,62,Pnma,False,800,121.1149673461914,3.7028894424438477,0.471017450094223,0.06110551953315735,False,121.1149673461914,6970.992182784124,3.16975182204437,0.025808035973576386
mp-20699,YMnO3,0.0230952568333329,1.5091,62,Pnma,False,800,32.87839889526367,3.741812229156494,0.4154192805290222,0.07517886161804199,False,32.87839889526367,7624.605577198797,2.788862422482305,0.0023642946487176133
mp-1379411,YMoO3,0.0295691505937529,2.2163160966916937,62,Pnma,False,800,53.97944641113281,4.144255638122559,0.3416700065135956,0.039223670959472656,False,53.97944641113281,19260.19994803565,2.353302827284731,0.019077866896279598
mp-1207629,YRhO3,0.0,1.1799999999999995,62,Pnma,True,800,101.9159164428711,4.001944541931152,0.34786248207092285,0.04181751608848572,False,101.9159164428711,13878.728984670075,2.387098237557983,0.048311822191386744
mp-7792,YScS3,0.0018075120000027,1.7758000000000005,62,Pnma,False,800,-107.08590698242188,4.290786266326904,0.15317866206169128,0.1822158247232437,False,-107.08590698242188,26989.287499706574,1.5247072736806764,0.16239010895410977
mp-989576,YWN3,0.0459397585000047,1.5404,161,R3c,False,800,15.97033977508545,4.3908915519714355,0.29742228984832764,0.13407322764396667,True,-15.97033977508545,33985.738014746334,2.125348240963668,0.0032627583093161987
mp-14099,ZnAgF3,0.0535718940000014,1.5852,221,Pm-3m,False,800,8.218059539794922,4.105605125427246,0.30860400199890137,0.24185852706432343,True,-8.218059539794922,17620.177486399793,2.1807797814658048,0.0004365429917241976
mp-1378105,ZnBiO3,0.0806278960000002,0.8814050363816994,14,P2_1/c,False,800,-82.2712173461914,4.218679428100586,0.3059164583683014,0.15253767371177673,False,-82.2712173461914,22860.439803996444,2.167326137036249,0.05711446945707622
mp-13334,ZnSnO3,0.041423655,1.0809999999999995,161,R3c,False,800,-100.01443481445312,4.2439165115356445,0.4673868715763092,0.06450191140174866,False,-100.01443481445312,24228.228718028953,3.1433640479267835,0.06167971244326873
mp-1337169,ZnSnO3,0.0828422335,1.1063178585305646,62,Pnma,False,800,-100.01443481445312,4.2439165115356445,0.4673868715763092,0.06450191140174866,False,-100.01443481445312,24228.228718028953,3.1433640479267835,0.06167971244326873
mp-1340971,ZnWO3,0.0889550014999995,1.8923,62,Pnma,False,800,19.737546920776367,4.118639945983887,0.37436333298683167,0.11809900403022766,True,-19.737546920776367,18157.042045855487,2.5372960481402544,0.0022302332898659727
mp-756665,ZrCoO3,0.0785098070000032,1.7275,62,Pnma,False,800,3.226840019226074,3.8519651889801025,0.4749300479888916,0.045051783323287964,False,3.226840019226074,9825.854802935302,3.1984374217280425,2.5590415656129765e-05
mp-754513,ZrMnO3,0.0428264210000044,2.6175,161,R3c,False,800,5.808315277099609,4.028134822845459,0.4362742304801941,0.071775883436203,True,-5.808315277099609,14741.442273863508,2.9260520045079064,0.00013597162458185415
